{"nodes": 2134, "object_boundaries": ["on_boundary && x[0]>0.2906 && x[0]< 0.47227 && x[1]>0.15114 && x[1]< 0.33281"], "height": 0.41, "width": 1.6, "inflow_peak": 1.4}