{"nodes": 2082, "object_boundaries": ["on_boundary && x[0]>0.30752 && x[0]< 0.50965 && x[1]>0.06474 && x[1]< 0.26686"], "height": 0.41, "width": 1.6, "inflow_peak": 0.29}