{"nodes": 1731, "object_boundaries": ["on_boundary && x[0]>0.10367 && x[0]< 0.29497 && x[1]>0.04647 && x[1]< 0.23878"], "height": 0.41, "width": 1.6, "inflow_peak": 0.76}