{"nodes": 1697, "object_boundaries": ["on_boundary && x[0]>0.33133 && x[0]< 0.53359 && x[1]>0.16539 && x[1]< 0.36765"], "height": 0.41, "width": 1.6, "inflow_peak": 1.91}