{"nodes": 1988, "object_boundaries": ["on_boundary && x[0]>0.14827 && x[0]< 0.35399 && x[1]>0.15096 && x[1]< 0.35668"], "height": 0.41, "width": 1.6, "inflow_peak": 1.75}