{"nodes": 2083, "object_boundaries": ["on_boundary && x[0]>0.32243 && x[0]< 0.51495 && x[1]>0.08477 && x[1]< 0.31026"], "height": 0.41, "width": 1.6, "inflow_peak": 2.35}