{"nodes": 1722, "object_boundaries": ["on_boundary && x[0]>0.14634 && x[0]< 0.32639 && x[1]>0.18771 && x[1]< 0.36982"], "height": 0.41, "width": 1.6, "inflow_peak": 1.05}