{"nodes": 1739, "object_boundaries": ["on_boundary && x[0]>0.23349 && x[0]< 0.46285 && x[1]>0.07564 && x[1]< 0.286", "on_boundary && x[0]>0.72563 && x[0]< 0.94862 && x[1]>0.16648 && x[1]< 0.34947"], "height": 0.41, "width": 1.6, "inflow_peak": 1.08}