{"nodes": 2186, "object_boundaries": ["on_boundary && x[0]>0.37603 && x[0]< 0.70384 && x[1]>0.12372 && x[1]< 0.39532", "on_boundary && x[0]>0.76916 && x[0]< 0.95965 && x[1]>0.05552 && x[1]< 0.19237"], "height": 0.41, "width": 1.6, "inflow_peak": 1.3}