{"nodes": 2020, "cells": 3831, "object_boundaries": ["on_boundary && x[0]>0.20334 && x[0]< 0.3979 && x[1]>0.05026 && x[1]< 0.22732"], "height": 0.41, "width": 1.6, "inflow_peak": 1.23}