{"nodes": 2595, "cells": 4938, "object_boundaries": ["on_boundary && x[0]>0.39587 && x[0]< 0.4557 && x[1]>0.19066 && x[1]< 0.35048", "on_boundary && x[0]>0.92191 && x[0]< 1.03721 && x[1]>0.16813 && x[1]< 0.29822"], "height": 0.41, "width": 1.6, "inflow_peak": 2.113}