{"nodes": 1983, "object_boundaries": ["on_boundary && x[0]>0.21739 && x[0]< 0.43332 && x[1]>0.03587 && x[1]< 0.25181"], "height": 0.41, "width": 1.6, "inflow_peak": 1.6}