{"nodes": 2522, "object_boundaries": ["on_boundary && x[0]>0.30255 && x[0]< 0.42491 && x[1]>0.21272 && x[1]< 0.33508"], "height": 0.41, "width": 1.6, "inflow_peak": 1.193}