{"nodes": 2049, "cells": 3876, "object_boundaries": ["on_boundary && x[0]>0.23301 && x[0]< 0.37044 && x[1]>0.08348 && x[1]< 0.2209"], "height": 0.41, "width": 1.6, "inflow_peak": 1.954}