{"nodes": 1951, "object_boundaries": ["on_boundary && x[0]>0.05159 && x[0]< 0.25013 && x[1]>0.01822 && x[1]< 0.22231"], "height": 0.41, "width": 1.6, "inflow_peak": 2.16}