{"nodes": 2285, "object_boundaries": ["on_boundary && x[0]>0.32758 && x[0]< 0.58085 && x[1]>0.07203 && x[1]< 0.23877"], "height": 0.41, "width": 1.6, "inflow_peak": 0.72}