{"nodes": 2100, "cells": 3984, "object_boundaries": ["on_boundary && x[0]>0.32939 && x[0]< 0.44286 && x[1]>0.23092 && x[1]< 0.34678"], "height": 0.41, "width": 1.6, "inflow_peak": 1.615}