{"nodes": 1794, "object_boundaries": ["on_boundary && x[0]>0.28742 && x[0]< 0.45839 && x[1]>0.07032 && x[1]< 0.27359"], "height": 0.41, "width": 1.6, "inflow_peak": 0.9}