{"nodes": 2036, "object_boundaries": ["on_boundary && x[0]>0.06887 && x[0]< 0.29831 && x[1]>0.09094 && x[1]< 0.27261"], "height": 0.41, "width": 1.6, "inflow_peak": 0.32}