{"nodes": 2102, "object_boundaries": ["on_boundary && x[0]>0.23007 && x[0]< 0.48353 && x[1]>0.06757 && x[1]< 0.28161"], "height": 0.41, "width": 1.6, "inflow_peak": 0.97}