{"nodes": 2124, "cells": 4030, "object_boundaries": ["on_boundary && x[0]>0.38265 && x[0]< 0.53522 && x[1]>0.19725 && x[1]< 0.28523"], "height": 0.41, "width": 1.6, "inflow_peak": 0.434}