{"nodes": 2321, "cells": 4400, "object_boundaries": ["on_boundary && x[0]>0.08881 && x[0]< 0.28463 && x[1]>0.05374 && x[1]< 0.2904", "on_boundary && x[0]>0.90662 && x[0]< 1.07568 && x[1]>0.05109 && x[1]< 0.2422"], "height": 0.41, "width": 1.6, "inflow_peak": 1.58}