{"nodes": 2260, "object_boundaries": ["on_boundary && x[0]>0.09176 && x[0]< 0.24271 && x[1]>0.0787 && x[1]< 0.22201"], "height": 0.41, "width": 1.6, "inflow_peak": 1.91}