{"nodes": 2299, "cells": 4369, "object_boundaries": ["on_boundary && x[0]>0.12675 && x[0]< 0.2155 && x[1]>0.20938 && x[1]< 0.29812", "on_boundary && x[0]>0.8355 && x[0]< 0.92091 && x[1]>0.07715 && x[1]< 0.16256"], "height": 0.41, "width": 1.6, "inflow_peak": 2.066}