{"nodes": 1770, "object_boundaries": ["on_boundary && x[0]>0.04723 && x[0]< 0.3072 && x[1]>0.00931 && x[1]< 0.26928"], "height": 0.41, "width": 1.6, "inflow_peak": 0.46}