{"nodes": 2268, "object_boundaries": ["on_boundary && x[0]>0.27079 && x[0]< 0.50355 && x[1]>0.02877 && x[1]< 0.26153", "on_boundary && x[0]>0.8174 && x[0]< 1.02224 && x[1]>0.03821 && x[1]< 0.24306"], "height": 0.41, "width": 1.6, "inflow_peak": 1.75}