{"nodes": 2333, "object_boundaries": ["on_boundary && x[0]>0.21924 && x[0]< 0.3707 && x[1]>0.11816 && x[1]< 0.26963"], "height": 0.41, "width": 1.6, "inflow_peak": 1.86}