{"nodes": 2123, "object_boundaries": ["on_boundary && x[0]>0.09546 && x[0]< 0.26623 && x[1]>0.18658 && x[1]< 0.35735"], "height": 0.41, "width": 1.6, "inflow_peak": 2.18}