{"nodes": 2100, "object_boundaries": ["on_boundary && x[0]>0.23254 && x[0]< 0.42157 && x[1]>0.06263 && x[1]< 0.25167"], "height": 0.41, "width": 1.6, "inflow_peak": 1.7}