{"nodes": 2057, "cells": 3908, "object_boundaries": ["on_boundary && x[0]>0.2928 && x[0]< 0.37845 && x[1]>0.09895 && x[1]< 0.1846"], "height": 0.41, "width": 1.6, "inflow_peak": 1.502}