{"nodes": 2092, "cells": 3960, "object_boundaries": ["on_boundary && x[0]>0.13357 && x[0]< 0.36414 && x[1]>0.1403 && x[1]< 0.36901"], "height": 0.41, "width": 1.6, "inflow_peak": 1.83}