{"nodes": 2101, "object_boundaries": ["on_boundary && x[0]>0.22125 && x[0]< 0.40334 && x[1]>0.0127 && x[1]< 0.19479"], "height": 0.41, "width": 1.6, "inflow_peak": 1.7}