{"nodes": 2152, "object_boundaries": ["on_boundary && x[0]>0.15235 && x[0]< 0.32261 && x[1]>0.01884 && x[1]< 0.1891"], "height": 0.41, "width": 1.6, "inflow_peak": 1.0}