{"nodes": 2321, "cells": 4437, "object_boundaries": ["on_boundary && x[0]>0.34903 && x[0]< 0.49076 && x[1]>0.16892 && x[1]< 0.31064", "on_boundary && x[0]>0.63271 && x[0]< 0.77309 && x[1]>0.22513 && x[1]< 0.36551"], "height": 0.41, "width": 1.6, "inflow_peak": 1.81}