{"nodes": 1872, "object_boundaries": ["on_boundary && x[0]>0.15176 && x[0]< 0.30896 && x[1]>0.13763 && x[1]< 0.29483"], "height": 0.41, "width": 1.6, "inflow_peak": 1.52}