{"nodes": 2295, "object_boundaries": ["on_boundary && x[0]>0.28554 && x[0]< 0.54409 && x[1]>-0.00199 && x[1]< 0.25656", "on_boundary && x[0]>0.90751 && x[0]< 1.08931 && x[1]>0.12375 && x[1]< 0.30555"], "height": 0.41, "width": 1.6, "inflow_peak": 1.52}