{"nodes": 2294, "object_boundaries": ["on_boundary && x[0]>0.20937 && x[0]< 0.3595 && x[1]>0.0545 && x[1]< 0.20463"], "height": 0.41, "width": 1.6, "inflow_peak": 1.66}