{"nodes": 2059, "cells": 3904, "object_boundaries": ["on_boundary && x[0]>0.10502 && x[0]< 0.31179 && x[1]>0.04884 && x[1]< 0.25569"], "height": 0.41, "width": 1.6, "inflow_peak": 1.29}