{"nodes": 2319, "object_boundaries": ["on_boundary && x[0]>0.33603 && x[0]< 0.48441 && x[1]>0.21939 && x[1]< 0.36776"], "height": 0.41, "width": 1.6, "inflow_peak": 1.998}