{"nodes": 2013, "cells": 3817, "object_boundaries": ["on_boundary && x[0]>0.25599 && x[0]< 0.35214 && x[1]>0.23419 && x[1]< 0.33034"], "height": 0.41, "width": 1.6, "inflow_peak": 1.685}