{"nodes": 1839, "object_boundaries": ["on_boundary && x[0]>0.31446 && x[0]< 0.56993 && x[1]>0.12882 && x[1]< 0.3843"], "height": 0.41, "width": 1.6, "inflow_peak": 1.869}