{"nodes": 2002, "object_boundaries": ["on_boundary && x[0]>0.03837 && x[0]< 0.22163 && x[1]>0.09955 && x[1]< 0.28282"], "height": 0.41, "width": 1.6, "inflow_peak": 1.01}