{"nodes": 2246, "object_boundaries": ["on_boundary && x[0]>0.21895 && x[0]< 0.37849 && x[1]>0.07646 && x[1]< 0.23601"], "height": 0.41, "width": 1.6, "inflow_peak": 0.167}