{"nodes": 2070, "object_boundaries": ["on_boundary && x[0]>0.2123 && x[0]< 0.41705 && x[1]>0.13877 && x[1]< 0.34351"], "height": 0.41, "width": 1.6, "inflow_peak": 1.37}