{"nodes": 2252, "object_boundaries": ["on_boundary && x[0]>0.11656 && x[0]< 0.25854 && x[1]>0.20922 && x[1]< 0.3512"], "height": 0.41, "width": 1.6, "inflow_peak": 1.179}