{"nodes": 2020, "cells": 3815, "object_boundaries": ["on_boundary && x[0]>0.14974 && x[0]< 0.29581 && x[1]>0.19809 && x[1]< 0.34416"], "height": 0.41, "width": 1.6, "inflow_peak": 0.256}