{"nodes": 1914, "object_boundaries": ["on_boundary && x[0]>0.10149 && x[0]< 0.32638 && x[1]>0.08289 && x[1]< 0.30778"], "height": 0.41, "width": 1.6, "inflow_peak": 0.343}