{"nodes": 1907, "object_boundaries": ["on_boundary && x[0]>0.25294 && x[0]< 0.48446 && x[1]>0.04984 && x[1]< 0.29493"], "height": 0.41, "width": 1.6, "inflow_peak": 1.14}