{"nodes": 2092, "object_boundaries": ["on_boundary && x[0]>0.13602 && x[0]< 0.38611 && x[1]>0.13786 && x[1]< 0.30024"], "height": 0.41, "width": 1.6, "inflow_peak": 0.89}