{"nodes": 2094, "cells": 3962, "object_boundaries": ["on_boundary && x[0]>0.20755 && x[0]< 0.46017 && x[1]>0.14118 && x[1]< 0.36809"], "height": 0.41, "width": 1.6, "inflow_peak": 1.5}