{"nodes": 2035, "object_boundaries": ["on_boundary && x[0]>0.1279 && x[0]< 0.29305 && x[1]>0.18616 && x[1]< 0.40989"], "height": 0.41, "width": 1.6, "inflow_peak": 0.47}