{"nodes": 2085, "cells": 3944, "object_boundaries": ["on_boundary && x[0]>0.23334 && x[0]< 0.48612 && x[1]>0.16269 && x[1]< 0.38655"], "height": 0.41, "width": 1.6, "inflow_peak": 0.29}