{"nodes": 2139, "cells": 4051, "object_boundaries": ["on_boundary && x[0]>0.37282 && x[0]< 0.52657 && x[1]>0.11159 && x[1]< 0.26292"], "height": 0.41, "width": 1.6, "inflow_peak": 0.501}