{"nodes": 2024, "object_boundaries": ["on_boundary && x[0]>0.19761 && x[0]< 0.38005 && x[1]>0.0454 && x[1]< 0.25838"], "height": 0.41, "width": 1.6, "inflow_peak": 1.1}