{"nodes": 2435, "cells": 4612, "object_boundaries": ["on_boundary && x[0]>0.33358 && x[0]< 0.4558 && x[1]>0.2343 && x[1]< 0.35651", "on_boundary && x[0]>0.58107 && x[0]< 0.72742 && x[1]>0.0435 && x[1]< 0.18984"], "height": 0.41, "width": 1.6, "inflow_peak": 0.787}