{"nodes": 2421, "object_boundaries": ["on_boundary && x[0]>0.29043 && x[0]< 0.42771 && x[1]>0.14565 && x[1]< 0.28292"], "height": 0.41, "width": 1.6, "inflow_peak": 0.62}