{"nodes": 2127, "cells": 4033, "object_boundaries": ["on_boundary && x[0]>0.28012 && x[0]< 0.53488 && x[1]>0.06274 && x[1]< 0.25185"], "height": 0.41, "width": 1.6, "inflow_peak": 0.36}