{"nodes": 2096, "object_boundaries": ["on_boundary && x[0]>0.28559 && x[0]< 0.47939 && x[1]>0.16239 && x[1]< 0.35619"], "height": 0.41, "width": 1.6, "inflow_peak": 1.24}