{"nodes": 2143, "cells": 4056, "object_boundaries": ["on_boundary && x[0]>0.23883 && x[0]< 0.39965 && x[1]>0.08513 && x[1]< 0.23151"], "height": 0.41, "width": 1.6, "inflow_peak": 1.856}