{"nodes": 2155, "cells": 4080, "object_boundaries": ["on_boundary && x[0]>0.31121 && x[0]< 0.55562 && x[1]>0.07528 && x[1]< 0.32633"], "height": 0.41, "width": 1.6, "inflow_peak": 1.47}