{"nodes": 1945, "object_boundaries": ["on_boundary && x[0]>0.08301 && x[0]< 0.29293 && x[1]>0.06668 && x[1]< 0.2766"], "height": 0.41, "width": 1.6, "inflow_peak": 1.02}