{"nodes": 2027, "object_boundaries": ["on_boundary && x[0]>0.35094 && x[0]< 0.54423 && x[1]>0.00228 && x[1]< 0.21302"], "height": 0.41, "width": 1.6, "inflow_peak": 1.25}