{"nodes": 2124, "cells": 4008, "object_boundaries": ["on_boundary && x[0]>0.0374 && x[0]< 0.33858 && x[1]>0.07047 && x[1]< 0.30427"], "height": 0.41, "width": 1.6, "inflow_peak": 2.09}