{"nodes": 1948, "object_boundaries": ["on_boundary && x[0]>0.18985 && x[0]< 0.42204 && x[1]>0.08114 && x[1]< 0.30519"], "height": 0.41, "width": 1.6, "inflow_peak": 1.31}