{"nodes": 1727, "object_boundaries": ["on_boundary && x[0]>0.33002 && x[0]< 0.52386 && x[1]>0.06737 && x[1]< 0.24359"], "height": 0.41, "width": 1.6, "inflow_peak": 2.16}