{"nodes": 2026, "object_boundaries": ["on_boundary && x[0]>0.28516 && x[0]< 0.45907 && x[1]>0.16526 && x[1]< 0.39237"], "height": 0.41, "width": 1.6, "inflow_peak": 2.16}