{"nodes": 2067, "object_boundaries": ["on_boundary && x[0]>0.33315 && x[0]< 0.52878 && x[1]>0.20209 && x[1]< 0.39772"], "height": 0.41, "width": 1.6, "inflow_peak": 1.259}