{"nodes": 1945, "object_boundaries": ["on_boundary && x[0]>0.09237 && x[0]< 0.30513 && x[1]>0.07539 && x[1]< 0.28816"], "height": 0.41, "width": 1.6, "inflow_peak": 1.358}