{"nodes": 2064, "cells": 3911, "object_boundaries": ["on_boundary && x[0]>0.37622 && x[0]< 0.58786 && x[1]>0.16405 && x[1]< 0.37569"], "height": 0.41, "width": 1.6, "inflow_peak": 1.607}