{"nodes": 2056, "object_boundaries": ["on_boundary && x[0]>0.26132 && x[0]< 0.51686 && x[1]>0.03284 && x[1]< 0.21964"], "height": 0.41, "width": 1.6, "inflow_peak": 1.49}