{"nodes": 1938, "object_boundaries": ["on_boundary && x[0]>0.08302 && x[0]< 0.26824 && x[1]>-0.00155 && x[1]< 0.22858"], "height": 0.41, "width": 1.6, "inflow_peak": 0.61}