{"nodes": 1736, "object_boundaries": ["on_boundary && x[0]>0.15677 && x[0]< 0.34709 && x[1]>0.1912 && x[1]< 0.38345"], "height": 0.41, "width": 1.6, "inflow_peak": 1.4}