{"nodes": 1728, "object_boundaries": ["on_boundary && x[0]>0.34915 && x[0]< 0.52681 && x[1]>0.01658 && x[1]< 0.19424"], "height": 0.41, "width": 1.6, "inflow_peak": 1.26}