{"nodes": 1689, "object_boundaries": ["on_boundary && x[0]>0.27568 && x[0]< 0.51804 && x[1]>0.01285 && x[1]< 0.25753"], "height": 0.41, "width": 1.6, "inflow_peak": 2.04}