{"nodes": 1659, "object_boundaries": ["on_boundary && x[0]>0.34219 && x[0]< 0.61912 && x[1]>0.06036 && x[1]< 0.32006"], "height": 0.41, "width": 1.6, "inflow_peak": 0.76}