{"nodes": 2107, "cells": 4000, "object_boundaries": ["on_boundary && x[0]>0.16828 && x[0]< 0.27258 && x[1]>0.13627 && x[1]< 0.24057"], "height": 0.41, "width": 1.6, "inflow_peak": 1.257}