{"nodes": 2853, "object_boundaries": ["on_boundary && x[0]>0.27017 && x[0]< 0.45993 && x[1]>0.05075 && x[1]< 0.24051", "on_boundary && x[0]>0.81928 && x[0]< 0.95603 && x[1]>0.11831 && x[1]< 0.25507"], "height": 0.41, "width": 1.6, "inflow_peak": 0.88}