{"nodes": 2573, "object_boundaries": ["on_boundary && x[0]>0.15585 && x[0]< 0.37027 && x[1]>0.13397 && x[1]< 0.34839", "on_boundary && x[0]>0.61279 && x[0]< 0.79003 && x[1]>0.1609 && x[1]< 0.33814"], "height": 0.41, "width": 1.6, "inflow_peak": 2.14}