{"nodes": 1872, "object_boundaries": ["on_boundary && x[0]>0.28326 && x[0]< 0.44344 && x[1]>0.18083 && x[1]< 0.34101"], "height": 0.41, "width": 1.6, "inflow_peak": 1.04}