{"nodes": 1930, "object_boundaries": ["on_boundary && x[0]>0.18359 && x[0]< 0.41012 && x[1]>0.0388 && x[1]< 0.26533"], "height": 0.41, "width": 1.6, "inflow_peak": 2.23}