{"nodes": 1697, "object_boundaries": ["on_boundary && x[0]>0.16624 && x[0]< 0.43961 && x[1]>0.09169 && x[1]< 0.36919"], "height": 0.41, "width": 1.6, "inflow_peak": 2.35}