{"nodes": 1961, "cells": 3691, "object_boundaries": ["on_boundary && x[0]>0.03235 && x[0]< 0.28755 && x[1]>0.0153 && x[1]< 0.2705"], "height": 0.41, "width": 1.6, "inflow_peak": 0.65}