{"nodes": 2077, "object_boundaries": ["on_boundary && x[0]>0.39203 && x[0]< 0.58601 && x[1]>0.08795 && x[1]< 0.28192"], "height": 0.41, "width": 1.6, "inflow_peak": 0.59}