{"nodes": 2039, "object_boundaries": ["on_boundary && x[0]>0.21165 && x[0]< 0.4127 && x[1]>0.02098 && x[1]< 0.22202"], "height": 0.41, "width": 1.6, "inflow_peak": 1.08}