{"nodes": 2241, "object_boundaries": ["on_boundary && x[0]>0.1961 && x[0]< 0.35749 && x[1]>0.10723 && x[1]< 0.26862"], "height": 0.41, "width": 1.6, "inflow_peak": 1.58}