{"nodes": 2627, "object_boundaries": ["on_boundary && x[0]>0.2344 && x[0]< 0.38242 && x[1]>0.18722 && x[1]< 0.33524", "on_boundary && x[0]>0.778 && x[0]< 0.99053 && x[1]>0.13954 && x[1]< 0.35207"], "height": 0.41, "width": 1.6, "inflow_peak": 0.6}