{"nodes": 2023, "cells": 3838, "object_boundaries": ["on_boundary && x[0]>0.332 && x[0]< 0.51595 && x[1]>0.13328 && x[1]< 0.31722"], "height": 0.41, "width": 1.6, "inflow_peak": 0.52}