{"nodes": 1952, "object_boundaries": ["on_boundary && x[0]>0.05221 && x[0]< 0.25972 && x[1]>0.15961 && x[1]< 0.36713"], "height": 0.41, "width": 1.6, "inflow_peak": 1.62}