{"nodes": 1712, "object_boundaries": ["on_boundary && x[0]>0.36557 && x[0]< 0.57931 && x[1]>0.19237 && x[1]< 0.40612"], "height": 0.41, "width": 1.6, "inflow_peak": 2.05}