{"nodes": 2164, "object_boundaries": ["on_boundary && x[0]>0.06267 && x[0]< 0.21311 && x[1]>0.03995 && x[1]< 0.19039"], "height": 0.41, "width": 1.6, "inflow_peak": 0.72}