{"nodes": 2129, "cells": 4048, "object_boundaries": ["on_boundary && x[0]>0.33022 && x[0]< 0.50183 && x[1]>0.13266 && x[1]< 0.30427"], "height": 0.41, "width": 1.6, "inflow_peak": 1.74}