{"nodes": 2113, "cells": 3998, "object_boundaries": ["on_boundary && x[0]>0.28457 && x[0]< 0.43902 && x[1]>0.12751 && x[1]< 0.28195"], "height": 0.41, "width": 1.6, "inflow_peak": 1.548}