{"nodes": 1998, "cells": 3788, "object_boundaries": ["on_boundary && x[0]>0.22256 && x[0]< 0.31629 && x[1]>0.20907 && x[1]< 0.3028"], "height": 0.41, "width": 1.6, "inflow_peak": 1.437}