{"nodes": 2047, "cells": 3870, "object_boundaries": ["on_boundary && x[0]>0.10028 && x[0]< 0.3331 && x[1]>0.12795 && x[1]< 0.36076"], "height": 0.41, "width": 1.6, "inflow_peak": 1.04}