{"nodes": 2262, "cells": 4296, "object_boundaries": ["on_boundary && x[0]>0.11091 && x[0]< 0.19208 && x[1]>0.07975 && x[1]< 0.16092", "on_boundary && x[0]>0.6411 && x[0]< 0.7352 && x[1]>0.24469 && x[1]< 0.33879"], "height": 0.41, "width": 1.6, "inflow_peak": 1.959}