{"nodes": 2010, "object_boundaries": ["on_boundary && x[0]>0.36047 && x[0]< 0.57518 && x[1]>0.1568 && x[1]< 0.37151"], "height": 0.41, "width": 1.6, "inflow_peak": 1.09}