{"nodes": 2203, "cells": 4167, "object_boundaries": ["on_boundary && x[0]>0.30611 && x[0]< 0.48603 && x[1]>0.04264 && x[1]< 0.22375"], "height": 0.41, "width": 1.6, "inflow_peak": 1.481}