{"nodes": 1700, "object_boundaries": ["on_boundary && x[0]>0.17796 && x[0]< 0.33744 && x[1]>0.11091 && x[1]< 0.27039"], "height": 0.41, "width": 1.6, "inflow_peak": 1.24}