{"nodes": 2226, "object_boundaries": ["on_boundary && x[0]>0.08312 && x[0]< 0.22042 && x[1]>0.17839 && x[1]< 0.31568"], "height": 0.41, "width": 1.6, "inflow_peak": 1.38}