{"nodes": 1881, "object_boundaries": ["on_boundary && x[0]>0.22025 && x[0]< 0.3639 && x[1]>0.09612 && x[1]< 0.23976"], "height": 0.41, "width": 1.6, "inflow_peak": 0.78}