{"nodes": 2019, "cells": 3813, "object_boundaries": ["on_boundary && x[0]>0.15965 && x[0]< 0.30472 && x[1]>0.16184 && x[1]< 0.3069"], "height": 0.41, "width": 1.6, "inflow_peak": 0.95}