{"nodes": 2312, "object_boundaries": ["on_boundary && x[0]>0.27005 && x[0]< 0.41359 && x[1]>0.20781 && x[1]< 0.35135"], "height": 0.41, "width": 1.6, "inflow_peak": 1.355}