{"nodes": 2059, "object_boundaries": ["on_boundary && x[0]>0.24148 && x[0]< 0.43812 && x[1]>0.03281 && x[1]< 0.22946"], "height": 0.41, "width": 1.6, "inflow_peak": 2.07}