{"nodes": 2139, "object_boundaries": ["on_boundary && x[0]>0.24355 && x[0]< 0.36355 && x[1]>0.08578 && x[1]< 0.27884"], "height": 0.41, "width": 1.6, "inflow_peak": 1.71}