{"nodes": 1855, "object_boundaries": ["on_boundary && x[0]>0.33831 && x[0]< 0.54664 && x[1]>0.07837 && x[1]< 0.35837"], "height": 0.41, "width": 1.6, "inflow_peak": 1.53}