{"nodes": 2108, "object_boundaries": ["on_boundary && x[0]>0.20206 && x[0]< 0.39355 && x[1]>0.16221 && x[1]< 0.34926"], "height": 0.41, "width": 1.6, "inflow_peak": 0.42}