{"nodes": 2024, "cells": 3826, "object_boundaries": ["on_boundary && x[0]>0.09829 && x[0]< 0.34406 && x[1]>0.17901 && x[1]< 0.38454"], "height": 0.41, "width": 1.6, "inflow_peak": 0.68}