{"nodes": 1847, "object_boundaries": ["on_boundary && x[0]>0.37064 && x[0]< 0.57702 && x[1]>0.06798 && x[1]< 0.34798"], "height": 0.41, "width": 1.6, "inflow_peak": 1.47}