{"nodes": 2012, "object_boundaries": ["on_boundary && x[0]>0.14793 && x[0]< 0.30938 && x[1]>0.06803 && x[1]< 0.31084"], "height": 0.41, "width": 1.6, "inflow_peak": 0.3}