{"nodes": 2184, "object_boundaries": ["on_boundary && x[0]>0.1561 && x[0]< 0.40504 && x[1]>0.02176 && x[1]< 0.28888"], "height": 0.41, "width": 1.6, "inflow_peak": 0.47}