{"nodes": 1777, "object_boundaries": ["on_boundary && x[0]>0.32559 && x[0]< 0.52493 && x[1]>0.17929 && x[1]< 0.38383", "on_boundary && x[0]>0.65781 && x[0]< 0.8385 && x[1]>0.13757 && x[1]< 0.34608"], "height": 0.41, "width": 1.6, "inflow_peak": 1.15}