{"nodes": 1726, "object_boundaries": ["on_boundary && x[0]>0.10852 && x[0]< 0.34154 && x[1]>0.03185 && x[1]< 0.2716", "on_boundary && x[0]>0.73237 && x[0]< 0.94651 && x[1]>0.11092 && x[1]< 0.29255"], "height": 0.41, "width": 1.6, "inflow_peak": 1.6}