{"nodes": 1694, "object_boundaries": ["on_boundary && x[0]>0.35465 && x[0]< 0.63562 && x[1]>0.10028 && x[1]< 0.41459"], "height": 0.41, "width": 1.6, "inflow_peak": 2.13}