{"nodes": 1720, "object_boundaries": ["on_boundary && x[0]>0.18814 && x[0]< 0.42792 && x[1]>0.01704 && x[1]< 0.24141"], "height": 0.41, "width": 1.6, "inflow_peak": 0.74}