{"nodes": 1653, "object_boundaries": ["on_boundary && x[0]>0.21798 && x[0]< 0.48762 && x[1]>0.08146 && x[1]< 0.35516"], "height": 0.41, "width": 1.6, "inflow_peak": 1.65}