{"nodes": 1966, "cells": 3730, "object_boundaries": ["on_boundary && x[0]>0.16749 && x[0]< 0.24302 && x[1]>0.16928 && x[1]< 0.24481"], "height": 0.41, "width": 1.6, "inflow_peak": 1.501}