{"nodes": 1671, "object_boundaries": ["on_boundary && x[0]>0.34084 && x[0]< 0.59564 && x[1]>0.03172 && x[1]< 0.30218"], "height": 0.41, "width": 1.6, "inflow_peak": 1.21}