{"nodes": 1794, "object_boundaries": ["on_boundary && x[0]>0.319 && x[0]< 0.59182 && x[1]>0.04813 && x[1]< 0.32095"], "height": 0.41, "width": 1.6, "inflow_peak": 1.6}