{"nodes": 2113, "cells": 4020, "object_boundaries": ["on_boundary && x[0]>0.31553 && x[0]< 0.39987 && x[1]>0.12387 && x[1]< 0.20821"], "height": 0.41, "width": 1.6, "inflow_peak": 0.48}