{"nodes": 1794, "object_boundaries": ["on_boundary && x[0]>0.22826 && x[0]< 0.39518 && x[1]>0.07362 && x[1]< 0.24055"], "height": 0.41, "width": 1.6, "inflow_peak": 2.08}