{"nodes": 2136, "object_boundaries": ["on_boundary && x[0]>0.2967 && x[0]< 0.47442 && x[1]>0.18286 && x[1]< 0.36059"], "height": 0.41, "width": 1.6, "inflow_peak": 1.13}