{"nodes": 1823, "object_boundaries": ["on_boundary && x[0]>0.12653 && x[0]< 0.28846 && x[1]>0.19732 && x[1]< 0.36365"], "height": 0.41, "width": 1.6, "inflow_peak": 1.02}