{"nodes": 2344, "object_boundaries": ["on_boundary && x[0]>0.22065 && x[0]< 0.45021 && x[1]>0.06996 && x[1]< 0.29952"], "height": 0.41, "width": 1.6, "inflow_peak": 1.28}