{"nodes": 1838, "object_boundaries": ["on_boundary && x[0]>0.03038 && x[0]< 0.22962 && x[1]>0.01485 && x[1]< 0.21409"], "height": 0.41, "width": 1.6, "inflow_peak": 2.0}