{"nodes": 1893, "object_boundaries": ["on_boundary && x[0]>0.0434 && x[0]< 0.26739 && x[1]>0.0209 && x[1]< 0.24489"], "height": 0.41, "width": 1.6, "inflow_peak": 0.327}