{"nodes": 2280, "object_boundaries": ["on_boundary && x[0]>0.12127 && x[0]< 0.2649 && x[1]>0.07266 && x[1]< 0.21629"], "height": 0.41, "width": 1.6, "inflow_peak": 1.24}