{"nodes": 2114, "cells": 4006, "object_boundaries": ["on_boundary && x[0]>0.35251 && x[0]< 0.57984 && x[1]>0.03392 && x[1]< 0.26125"], "height": 0.41, "width": 1.6, "inflow_peak": 1.888}