{"nodes": 2081, "object_boundaries": ["on_boundary && x[0]>0.22102 && x[0]< 0.42286 && x[1]>0.05964 && x[1]< 0.26149"], "height": 0.41, "width": 1.6, "inflow_peak": 0.78}