{"nodes": 2063, "cells": 3897, "object_boundaries": ["on_boundary && x[0]>0.11733 && x[0]< 0.36516 && x[1]>0.04166 && x[1]< 0.28794"], "height": 0.41, "width": 1.6, "inflow_peak": 0.76}