{"nodes": 1901, "object_boundaries": ["on_boundary && x[0]>0.27623 && x[0]< 0.50228 && x[1]>-0.01608 && x[1]< 0.2298"], "height": 0.41, "width": 1.6, "inflow_peak": 0.77}