{"nodes": 2092, "cells": 3963, "object_boundaries": ["on_boundary && x[0]>0.29065 && x[0]< 0.43039 && x[1]>0.06594 && x[1]< 0.19026"], "height": 0.41, "width": 1.6, "inflow_peak": 0.651}