{"nodes": 1962, "object_boundaries": ["on_boundary && x[0]>0.31311 && x[0]< 0.54141 && x[1]>0.03271 && x[1]< 0.26101"], "height": 0.41, "width": 1.6, "inflow_peak": 0.53}