{"nodes": 1747, "object_boundaries": ["on_boundary && x[0]>0.20246 && x[0]< 0.40296 && x[1]>0.0425 && x[1]< 0.243"], "height": 0.41, "width": 1.6, "inflow_peak": 0.75}