{"nodes": 2117, "cells": 4010, "object_boundaries": ["on_boundary && x[0]>0.19194 && x[0]< 0.41987 && x[1]>0.02573 && x[1]< 0.25294"], "height": 0.41, "width": 1.6, "inflow_peak": 1.08}