{"nodes": 1771, "object_boundaries": ["on_boundary && x[0]>0.15341 && x[0]< 0.34844 && x[1]>0.07841 && x[1]< 0.25458", "on_boundary && x[0]>0.59089 && x[0]< 0.77957 && x[1]>0.13844 && x[1]< 0.38533"], "height": 0.41, "width": 1.6, "inflow_peak": 0.33}