{"nodes": 1717, "object_boundaries": ["on_boundary && x[0]>0.33236 && x[0]< 0.53003 && x[1]>0.01645 && x[1]< 0.21876"], "height": 0.41, "width": 1.6, "inflow_peak": 1.0}