{"nodes": 1689, "object_boundaries": ["on_boundary && x[0]>0.14658 && x[0]< 0.29493 && x[1]>0.04823 && x[1]< 0.23733"], "height": 0.41, "width": 1.6, "inflow_peak": 0.27}