{"nodes": 2471, "cells": 4703, "object_boundaries": ["on_boundary && x[0]>0.18375 && x[0]< 0.36215 && x[1]>0.10525 && x[1]< 0.31162", "on_boundary && x[0]>0.72916 && x[0]< 0.94819 && x[1]>0.10515 && x[1]< 0.26817"], "height": 0.41, "width": 1.6, "inflow_peak": 2.04}