{"nodes": 1986, "cells": 3763, "object_boundaries": ["on_boundary && x[0]>0.08424 && x[0]< 0.26443 && x[1]>0.04559 && x[1]< 0.22086"], "height": 0.41, "width": 1.6, "inflow_peak": 1.4}