{"nodes": 1751, "object_boundaries": ["on_boundary && x[0]>0.26286 && x[0]< 0.46191 && x[1]>0.02585 && x[1]< 0.216"], "height": 0.41, "width": 1.6, "inflow_peak": 1.58}