{"nodes": 1823, "object_boundaries": ["on_boundary && x[0]>0.34142 && x[0]< 0.50919 && x[1]>0.08614 && x[1]< 0.26785"], "height": 0.41, "width": 1.6, "inflow_peak": 1.59}