{"nodes": 1754, "object_boundaries": ["on_boundary && x[0]>0.10496 && x[0]< 0.2789 && x[1]>0.04145 && x[1]< 0.22243"], "height": 0.41, "width": 1.6, "inflow_peak": 0.98}