{"nodes": 1996, "object_boundaries": ["on_boundary && x[0]>0.17253 && x[0]< 0.39547 && x[1]>0.03586 && x[1]< 0.24945"], "height": 0.41, "width": 1.6, "inflow_peak": 1.1}