{"nodes": 2007, "object_boundaries": ["on_boundary && x[0]>0.17409 && x[0]< 0.38818 && x[1]>0.06599 && x[1]< 0.27654"], "height": 0.41, "width": 1.6, "inflow_peak": 1.2}