{"nodes": 2150, "object_boundaries": ["on_boundary && x[0]>0.1603 && x[0]< 0.34026 && x[1]>0.09311 && x[1]< 0.27307"], "height": 0.41, "width": 1.6, "inflow_peak": 1.834}