{"nodes": 1893, "object_boundaries": ["on_boundary && x[0]>0.09515 && x[0]< 0.32174 && x[1]>0.10279 && x[1]< 0.32939"], "height": 0.41, "width": 1.6, "inflow_peak": 0.51}