{"nodes": 1974, "object_boundaries": ["on_boundary && x[0]>0.05102 && x[0]< 0.25075 && x[1]>0.06779 && x[1]< 0.26751"], "height": 0.41, "width": 1.6, "inflow_peak": 1.097}