{"nodes": 2042, "cells": 3880, "object_boundaries": ["on_boundary && x[0]>0.32109 && x[0]< 0.4019 && x[1]>0.17805 && x[1]< 0.25885"], "height": 0.41, "width": 1.6, "inflow_peak": 0.575}