{"nodes": 2037, "cells": 3871, "object_boundaries": ["on_boundary && x[0]>0.26125 && x[0]< 0.44661 && x[1]>0.09895 && x[1]< 0.24718"], "height": 0.41, "width": 1.6, "inflow_peak": 0.4}