{"nodes": 2046, "cells": 3876, "object_boundaries": ["on_boundary && x[0]>0.41503 && x[0]< 0.54451 && x[1]>0.04855 && x[1]< 0.15621"], "height": 0.41, "width": 1.6, "inflow_peak": 0.747}