{"nodes": 2053, "object_boundaries": ["on_boundary && x[0]>0.11202 && x[0]< 0.38242 && x[1]>0.07031 && x[1]< 0.24909", "on_boundary && x[0]>0.85347 && x[0]< 1.07377 && x[1]>0.06325 && x[1]< 0.27971"], "height": 0.41, "width": 1.6, "inflow_peak": 0.96}