{"nodes": 2019, "cells": 3818, "object_boundaries": ["on_boundary && x[0]>0.05844 && x[0]< 0.24244 && x[1]>0.20273 && x[1]< 0.39176"], "height": 0.41, "width": 1.6, "inflow_peak": 1.14}