{"nodes": 1786, "object_boundaries": ["on_boundary && x[0]>0.2081 && x[0]< 0.41438 && x[1]>0.05507 && x[1]< 0.26234", "on_boundary && x[0]>0.77523 && x[0]< 0.94907 && x[1]>0.14773 && x[1]< 0.40946"], "height": 0.41, "width": 1.6, "inflow_peak": 0.96}