{"nodes": 2099, "cells": 3973, "object_boundaries": ["on_boundary && x[0]>0.12293 && x[0]< 0.2889 && x[1]>0.1062 && x[1]< 0.22939"], "height": 0.41, "width": 1.6, "inflow_peak": 0.607}