{"nodes": 2006, "object_boundaries": ["on_boundary && x[0]>0.09868 && x[0]< 0.21947 && x[1]>0.06466 && x[1]< 0.28283"], "height": 0.41, "width": 1.6, "inflow_peak": 1.35}