{"nodes": 2029, "cells": 3844, "object_boundaries": ["on_boundary && x[0]>0.20174 && x[0]< 0.31272 && x[1]>0.15793 && x[1]< 0.26891"], "height": 0.41, "width": 1.6, "inflow_peak": 0.648}