{"nodes": 1906, "object_boundaries": ["on_boundary && x[0]>0.21251 && x[0]< 0.44102 && x[1]>-0.01108 && x[1]< 0.21743"], "height": 0.41, "width": 1.6, "inflow_peak": 1.182}