{"nodes": 2386, "object_boundaries": ["on_boundary && x[0]>0.31335 && x[0]< 0.46936 && x[1]>0.14945 && x[1]< 0.30545"], "height": 0.41, "width": 1.6, "inflow_peak": 1.017}