{"nodes": 2025, "cells": 3839, "object_boundaries": ["on_boundary && x[0]>0.19233 && x[0]< 0.38534 && x[1]>0.18014 && x[1]< 0.37315"], "height": 0.41, "width": 1.6, "inflow_peak": 1.18}