{"nodes": 2222, "object_boundaries": ["on_boundary && x[0]>0.37219 && x[0]< 0.54205 && x[1]>0.06742 && x[1]< 0.23727"], "height": 0.41, "width": 1.6, "inflow_peak": 0.373}