{"nodes": 1982, "object_boundaries": ["on_boundary && x[0]>0.1124 && x[0]< 0.31549 && x[1]>0.05529 && x[1]< 0.25837"], "height": 0.41, "width": 1.6, "inflow_peak": 1.193}