{"nodes": 2198, "object_boundaries": ["on_boundary && x[0]>0.30474 && x[0]< 0.48533 && x[1]>0.08389 && x[1]< 0.26448"], "height": 0.41, "width": 1.6, "inflow_peak": 2.19}