{"nodes": 1888, "object_boundaries": ["on_boundary && x[0]>0.14834 && x[0]< 0.29461 && x[1]>0.13583 && x[1]< 0.2821"], "height": 0.41, "width": 1.6, "inflow_peak": 0.15}