{"nodes": 1897, "object_boundaries": ["on_boundary && x[0]>0.35506 && x[0]< 0.50618 && x[1]>0.22444 && x[1]< 0.37556"], "height": 0.41, "width": 1.6, "inflow_peak": 1.2}