{"nodes": 2198, "object_boundaries": ["on_boundary && x[0]>0.17861 && x[0]< 0.38399 && x[1]>0.1375 && x[1]< 0.34289", "on_boundary && x[0]>0.80456 && x[0]< 1.05166 && x[1]>0.05875 && x[1]< 0.30586"], "height": 0.41, "width": 1.6, "inflow_peak": 2.02}