{"nodes": 2297, "object_boundaries": ["on_boundary && x[0]>0.14773 && x[0]< 0.28931 && x[1]>0.17704 && x[1]< 0.31861"], "height": 0.41, "width": 1.6, "inflow_peak": 1.83}