{"nodes": 2685, "object_boundaries": ["on_boundary && x[0]>0.35591 && x[0]< 0.54326 && x[1]>0.06236 && x[1]< 0.24972", "on_boundary && x[0]>0.80399 && x[0]< 0.99903 && x[1]>0.06448 && x[1]< 0.25952"], "height": 0.41, "width": 1.6, "inflow_peak": 1.52}