{"nodes": 2018, "cells": 3804, "object_boundaries": ["on_boundary && x[0]>0.07832 && x[0]< 0.33695 && x[1]>0.15623 && x[1]< 0.41485"], "height": 0.41, "width": 1.6, "inflow_peak": 0.34}