{"nodes": 2572, "object_boundaries": ["on_boundary && x[0]>0.40693 && x[0]< 0.56378 && x[1]>0.02158 && x[1]< 0.17842", "on_boundary && x[0]>0.533 && x[0]< 0.727 && x[1]>0.12625 && x[1]< 0.32026"], "height": 0.41, "width": 1.6, "inflow_peak": 1.25}