{"nodes": 1977, "cells": 3734, "object_boundaries": ["on_boundary && x[0]>0.05523 && x[0]< 0.2768 && x[1]>0.08916 && x[1]< 0.31073"], "height": 0.41, "width": 1.6, "inflow_peak": 1.17}