{"nodes": 2047, "object_boundaries": ["on_boundary && x[0]>0.28155 && x[0]< 0.50216 && x[1]>0.0698 && x[1]< 0.29041"], "height": 0.41, "width": 1.6, "inflow_peak": 1.58}