{"nodes": 2473, "object_boundaries": ["on_boundary && x[0]>0.30143 && x[0]< 0.55683 && x[1]>0.13455 && x[1]< 0.38996", "on_boundary && x[0]>0.95763 && x[0]< 1.10237 && x[1]>0.21176 && x[1]< 0.3565"], "height": 0.41, "width": 1.6, "inflow_peak": 1.93}