{"nodes": 2519, "object_boundaries": ["on_boundary && x[0]>0.18791 && x[0]< 0.36259 && x[1]>0.20774 && x[1]< 0.38243", "on_boundary && x[0]>0.74499 && x[0]< 0.95695 && x[1]>0.08014 && x[1]< 0.2921"], "height": 0.41, "width": 1.6, "inflow_peak": 1.86}