{"nodes": 2044, "cells": 3878, "object_boundaries": ["on_boundary && x[0]>0.43472 && x[0]< 0.53328 && x[1]>0.23274 && x[1]< 0.3313"], "height": 0.41, "width": 1.6, "inflow_peak": 1.253}