{"nodes": 1986, "object_boundaries": ["on_boundary && x[0]>0.21128 && x[0]< 0.42967 && x[1]>0.12752 && x[1]< 0.34591"], "height": 0.41, "width": 1.6, "inflow_peak": 0.95}