{"nodes": 1873, "object_boundaries": ["on_boundary && x[0]>0.43518 && x[0]< 0.61877 && x[1]>0.04789 && x[1]< 0.22553"], "height": 0.41, "width": 1.6, "inflow_peak": 2.35}