{"nodes": 1833, "object_boundaries": ["on_boundary && x[0]>0.26648 && x[0]< 0.5235 && x[1]>0.07381 && x[1]< 0.33083"], "height": 0.41, "width": 1.6, "inflow_peak": 1.34}