{"nodes": 1702, "object_boundaries": ["on_boundary && x[0]>0.1825 && x[0]< 0.39759 && x[1]>0.12512 && x[1]< 0.34946"], "height": 0.41, "width": 1.6, "inflow_peak": 1.05}