{"nodes": 1720, "object_boundaries": ["on_boundary && x[0]>0.06657 && x[0]< 0.24836 && x[1]>0.12523 && x[1]< 0.30702"], "height": 0.41, "width": 1.6, "inflow_peak": 1.82}