{"nodes": 1698, "object_boundaries": ["on_boundary && x[0]>0.11891 && x[0]< 0.29263 && x[1]>0.0132 && x[1]< 0.18692"], "height": 0.41, "width": 1.6, "inflow_peak": 2.24}