{"nodes": 2132, "object_boundaries": ["on_boundary && x[0]>0.16676 && x[0]< 0.44676 && x[1]>0.00042 && x[1]< 0.28042"], "height": 0.41, "width": 1.6, "inflow_peak": 0.98}