{"nodes": 1661, "object_boundaries": ["on_boundary && x[0]>0.15066 && x[0]< 0.37232 && x[1]>0.02352 && x[1]< 0.24519"], "height": 0.41, "width": 1.6, "inflow_peak": 1.76}