{"nodes": 1818, "object_boundaries": ["on_boundary && x[0]>0.40921 && x[0]< 0.57136 && x[1]>0.18044 && x[1]< 0.34259"], "height": 0.41, "width": 1.6, "inflow_peak": 0.55}