{"nodes": 2062, "cells": 3910, "object_boundaries": ["on_boundary && x[0]>0.14659 && x[0]< 0.25588 && x[1]>0.14794 && x[1]< 0.25951"], "height": 0.41, "width": 1.6, "inflow_peak": 0.359}