{"nodes": 2114, "object_boundaries": ["on_boundary && x[0]>0.18024 && x[0]< 0.34357 && x[1]>0.06074 && x[1]< 0.24266", "on_boundary && x[0]>0.72705 && x[0]< 0.99707 && x[1]>0.09778 && x[1]< 0.29935"], "height": 0.41, "width": 1.6, "inflow_peak": 1.08}