{"nodes": 2043, "object_boundaries": ["on_boundary && x[0]>0.25463 && x[0]< 0.44713 && x[1]>0.14263 && x[1]< 0.33911"], "height": 0.41, "width": 1.6, "inflow_peak": 1.03}