{"nodes": 2046, "cells": 3884, "object_boundaries": ["on_boundary && x[0]>0.15237 && x[0]< 0.31674 && x[1]>0.0358 && x[1]< 0.19839"], "height": 0.41, "width": 1.6, "inflow_peak": 1.01}