{"nodes": 2024, "cells": 3852, "object_boundaries": ["on_boundary && x[0]>0.45965 && x[0]< 0.5124 && x[1]>0.1791 && x[1]< 0.23706"], "height": 0.41, "width": 1.6, "inflow_peak": 0.57}