{"nodes": 2041, "cells": 3856, "object_boundaries": ["on_boundary && x[0]>0.11638 && x[0]< 0.35631 && x[1]>0.0313 && x[1]< 0.27122"], "height": 0.41, "width": 1.6, "inflow_peak": 2.22}