{"nodes": 2425, "object_boundaries": ["on_boundary && x[0]>0.33689 && x[0]< 0.47907 && x[1]>0.18063 && x[1]< 0.32281"], "height": 0.41, "width": 1.6, "inflow_peak": 1.81}