{"nodes": 1991, "cells": 3779, "object_boundaries": ["on_boundary && x[0]>0.4209 && x[0]< 0.49879 && x[1]>0.08447 && x[1]< 0.16236"], "height": 0.41, "width": 1.6, "inflow_peak": 0.624}