{"nodes": 2113, "object_boundaries": ["on_boundary && x[0]>0.35804 && x[0]< 0.54376 && x[1]>0.1945 && x[1]< 0.38023"], "height": 0.41, "width": 1.6, "inflow_peak": 0.857}