{"nodes": 2423, "object_boundaries": ["on_boundary && x[0]>0.27013 && x[0]< 0.40652 && x[1]>0.08389 && x[1]< 0.22028"], "height": 0.41, "width": 1.6, "inflow_peak": 0.996}