{"nodes": 2126, "object_boundaries": ["on_boundary && x[0]>0.17388 && x[0]< 0.43998 && x[1]>-0.03305 && x[1]< 0.23305"], "height": 0.41, "width": 1.6, "inflow_peak": 1.174}