{"nodes": 2063, "object_boundaries": ["on_boundary && x[0]>0.07316 && x[0]< 0.31449 && x[1]>0.09461 && x[1]< 0.34964"], "height": 0.41, "width": 1.6, "inflow_peak": 1.66}