{"nodes": 2041, "cells": 3882, "object_boundaries": ["on_boundary && x[0]>0.46015 && x[0]< 0.52774 && x[1]>0.17069 && x[1]< 0.23829"], "height": 0.41, "width": 1.6, "inflow_peak": 1.611}