{"nodes": 1964, "object_boundaries": ["on_boundary && x[0]>0.31861 && x[0]< 0.54172 && x[1]>0.18845 && x[1]< 0.41155"], "height": 0.41, "width": 1.6, "inflow_peak": 1.07}