{"nodes": 1928, "object_boundaries": ["on_boundary && x[0]>0.15404 && x[0]< 0.37969 && x[1]>0.16938 && x[1]< 0.39504"], "height": 0.41, "width": 1.6, "inflow_peak": 0.926}