{"nodes": 2193, "object_boundaries": ["on_boundary && x[0]>0.14728 && x[0]< 0.3152 && x[1]>0.16072 && x[1]< 0.32865"], "height": 0.41, "width": 1.6, "inflow_peak": 1.304}