{"nodes": 2073, "cells": 3933, "object_boundaries": ["on_boundary && x[0]>0.23457 && x[0]< 0.46225 && x[1]>0.08937 && x[1]< 0.25463"], "height": 0.41, "width": 1.6, "inflow_peak": 1.82}