{"nodes": 2085, "object_boundaries": ["on_boundary && x[0]>0.23295 && x[0]< 0.42319 && x[1]>0.04376 && x[1]< 0.234"], "height": 0.41, "width": 1.6, "inflow_peak": 1.454}