{"nodes": 2137, "object_boundaries": ["on_boundary && x[0]>0.09549 && x[0]< 0.26525 && x[1]>0.06482 && x[1]< 0.23458"], "height": 0.41, "width": 1.6, "inflow_peak": 1.506}