{"nodes": 2066, "object_boundaries": ["on_boundary && x[0]>0.06845 && x[0]< 0.2514 && x[1]>0.10954 && x[1]< 0.29249"], "height": 0.41, "width": 1.6, "inflow_peak": 1.199}