{"nodes": 1837, "object_boundaries": ["on_boundary && x[0]>0.26187 && x[0]< 0.51913 && x[1]>0.05427 && x[1]< 0.31153"], "height": 0.41, "width": 1.6, "inflow_peak": 0.564}