{"nodes": 2004, "cells": 3808, "object_boundaries": ["on_boundary && x[0]>0.25869 && x[0]< 0.32516 && x[1]>0.22251 && x[1]< 0.28897"], "height": 0.41, "width": 1.6, "inflow_peak": 1.742}