{"nodes": 2280, "object_boundaries": ["on_boundary && x[0]>0.32425 && x[0]< 0.48905 && x[1]>0.06816 && x[1]< 0.23297"], "height": 0.41, "width": 1.6, "inflow_peak": 0.63}