{"nodes": 1947, "cells": 3689, "object_boundaries": ["on_boundary && x[0]>0.11864 && x[0]< 0.29137 && x[1]>0.0521 && x[1]< 0.22484"], "height": 0.41, "width": 1.6, "inflow_peak": 2.07}