{"nodes": 2143, "cells": 4066, "object_boundaries": ["on_boundary && x[0]>0.36736 && x[0]< 0.54362 && x[1]>0.0453 && x[1]< 0.29412"], "height": 0.41, "width": 1.6, "inflow_peak": 1.36}