{"nodes": 3167, "object_boundaries": ["on_boundary && x[0]>0.2409 && x[0]< 0.46687 && x[1]>0.0371 && x[1]< 0.32843", "on_boundary && x[0]>0.70012 && x[0]< 0.9495 && x[1]>0.14104 && x[1]< 0.36545"], "height": 0.41, "width": 1.6, "inflow_peak": 1.75}