{"nodes": 2169, "object_boundaries": ["on_boundary && x[0]>0.2673 && x[0]< 0.43213 && x[1]>0.11449 && x[1]< 0.30631"], "height": 0.41, "width": 1.6, "inflow_peak": 2.21}