{"nodes": 2577, "cells": 4894, "object_boundaries": ["on_boundary && x[0]>0.31171 && x[0]< 0.45728 && x[1]>0.055 && x[1]< 0.18343", "on_boundary && x[0]>0.92269 && x[0]< 1.02825 && x[1]>0.09195 && x[1]< 0.19289"], "height": 0.41, "width": 1.6, "inflow_peak": 1.007}