{"nodes": 1997, "object_boundaries": ["on_boundary && x[0]>0.17039 && x[0]< 0.37082 && x[1]>0.04048 && x[1]< 0.24839"], "height": 0.41, "width": 1.6, "inflow_peak": 1.85}