{"nodes": 2013, "cells": 3812, "object_boundaries": ["on_boundary && x[0]>0.14385 && x[0]< 0.2747 && x[1]>0.22701 && x[1]< 0.32019"], "height": 0.41, "width": 1.6, "inflow_peak": 1.201}