{"nodes": 2170, "object_boundaries": ["on_boundary && x[0]>0.14087 && x[0]< 0.34734 && x[1]>0.07423 && x[1]< 0.3162"], "height": 0.41, "width": 1.6, "inflow_peak": 1.64}