{"nodes": 2062, "object_boundaries": ["on_boundary && x[0]>0.14896 && x[0]< 0.36245 && x[1]>0.13804 && x[1]< 0.32673"], "height": 0.41, "width": 1.6, "inflow_peak": 1.63}