{"nodes": 1930, "object_boundaries": ["on_boundary && x[0]>0.31425 && x[0]< 0.59425 && x[1]>0.13719 && x[1]< 0.35877"], "height": 0.41, "width": 1.6, "inflow_peak": 0.15}