{"nodes": 2076, "cells": 3926, "object_boundaries": ["on_boundary && x[0]>0.42223 && x[0]< 0.56993 && x[1]>0.05247 && x[1]< 0.20016"], "height": 0.41, "width": 1.6, "inflow_peak": 0.698}