{"nodes": 1770, "object_boundaries": ["on_boundary && x[0]>0.42758 && x[0]< 0.63242 && x[1]>0.10957 && x[1]< 0.31441"], "height": 0.41, "width": 1.6, "inflow_peak": 1.61}