{"nodes": 2008, "cells": 3801, "object_boundaries": ["on_boundary && x[0]>0.11192 && x[0]< 0.31692 && x[1]>0.19255 && x[1]< 0.39755"], "height": 0.41, "width": 1.6, "inflow_peak": 1.11}