{"nodes": 1665, "object_boundaries": ["on_boundary && x[0]>0.17847 && x[0]< 0.40161 && x[1]>0.00026 && x[1]< 0.2234"], "height": 0.41, "width": 1.6, "inflow_peak": 0.7}