{"nodes": 1847, "object_boundaries": ["on_boundary && x[0]>0.04796 && x[0]< 0.26451 && x[1]>-0.00853 && x[1]< 0.23722"], "height": 0.41, "width": 1.6, "inflow_peak": 0.87}