{"nodes": 2055, "object_boundaries": ["on_boundary && x[0]>0.21638 && x[0]< 0.33638 && x[1]>0.1558 && x[1]< 0.37384"], "height": 0.41, "width": 1.6, "inflow_peak": 1.17}