{"nodes": 2100, "cells": 3987, "object_boundaries": ["on_boundary && x[0]>0.2277 && x[0]< 0.3745 && x[1]>0.14961 && x[1]< 0.20948"], "height": 0.41, "width": 1.6, "inflow_peak": 1.721}