{"nodes": 2053, "cells": 3896, "object_boundaries": ["on_boundary && x[0]>0.21629 && x[0]< 0.43161 && x[1]>0.18163 && x[1]< 0.34024"], "height": 0.41, "width": 1.6, "inflow_peak": 0.34}