{"nodes": 1862, "object_boundaries": ["on_boundary && x[0]>0.09233 && x[0]< 0.28251 && x[1]>0.12993 && x[1]< 0.40993"], "height": 0.41, "width": 1.6, "inflow_peak": 1.96}