{"nodes": 2031, "object_boundaries": ["on_boundary && x[0]>0.43465 && x[0]< 0.55465 && x[1]>0.20985 && x[1]< 0.32985"], "height": 0.41, "width": 1.6, "inflow_peak": 0.99}