{"nodes": 2140, "cells": 4055, "object_boundaries": ["on_boundary && x[0]>0.38821 && x[0]< 0.54644 && x[1]>0.1409 && x[1]< 0.27085"], "height": 0.41, "width": 1.6, "inflow_peak": 0.904}