{"nodes": 2030, "object_boundaries": ["on_boundary && x[0]>0.12975 && x[0]< 0.31415 && x[1]>0.10982 && x[1]< 0.31546"], "height": 0.41, "width": 1.6, "inflow_peak": 2.01}