{"nodes": 2095, "object_boundaries": ["on_boundary && x[0]>0.1101 && x[0]< 0.34777 && x[1]>0.17839 && x[1]< 0.39674"], "height": 0.41, "width": 1.6, "inflow_peak": 0.15}