{"nodes": 2185, "object_boundaries": ["on_boundary && x[0]>0.31859 && x[0]< 0.51144 && x[1]>0.13641 && x[1]< 0.31639"], "height": 0.41, "width": 1.6, "inflow_peak": 1.5}