{"nodes": 2061, "cells": 3895, "object_boundaries": ["on_boundary && x[0]>0.24028 && x[0]< 0.47336 && x[1]>0.03471 && x[1]< 0.28791"], "height": 0.41, "width": 1.6, "inflow_peak": 1.17}