{"nodes": 2236, "object_boundaries": ["on_boundary && x[0]>0.11748 && x[0]< 0.26632 && x[1]>0.05495 && x[1]< 0.19649"], "height": 0.41, "width": 1.6, "inflow_peak": 1.5}