{"nodes": 2077, "object_boundaries": ["on_boundary && x[0]>0.16727 && x[0]< 0.40156 && x[1]>0.08176 && x[1]< 0.26283"], "height": 0.41, "width": 1.6, "inflow_peak": 1.02}