{"nodes": 2147, "cells": 4072, "object_boundaries": ["on_boundary && x[0]>0.30754 && x[0]< 0.51554 && x[1]>0.05207 && x[1]< 0.26007"], "height": 0.41, "width": 1.6, "inflow_peak": 1.92}