{"nodes": 1995, "cells": 3784, "object_boundaries": ["on_boundary && x[0]>0.12036 && x[0]< 0.19301 && x[1]>0.06389 && x[1]< 0.13653"], "height": 0.41, "width": 1.6, "inflow_peak": 1.415}