{"nodes": 2083, "object_boundaries": ["on_boundary && x[0]>0.38585 && x[0]< 0.58312 && x[1]>0.108 && x[1]< 0.30527"], "height": 0.41, "width": 1.6, "inflow_peak": 1.28}