{"nodes": 2246, "object_boundaries": ["on_boundary && x[0]>0.26849 && x[0]< 0.44359 && x[1]>0.09201 && x[1]< 0.26711"], "height": 0.41, "width": 1.6, "inflow_peak": 2.25}