{"nodes": 2023, "cells": 3818, "object_boundaries": ["on_boundary && x[0]>0.11302 && x[0]< 0.35928 && x[1]>0.01413 && x[1]< 0.26039"], "height": 0.41, "width": 1.6, "inflow_peak": 1.01}