{"nodes": 2142, "object_boundaries": ["on_boundary && x[0]>0.19237 && x[0]< 0.37747 && x[1]>0.12967 && x[1]< 0.31477"], "height": 0.41, "width": 1.6, "inflow_peak": 1.51}