{"nodes": 2592, "object_boundaries": ["on_boundary && x[0]>0.29241 && x[0]< 0.50429 && x[1]>0.09941 && x[1]< 0.31129", "on_boundary && x[0]>0.68866 && x[0]< 0.86685 && x[1]>0.06636 && x[1]< 0.24455"], "height": 0.41, "width": 1.6, "inflow_peak": 1.38}