{"nodes": 1988, "cells": 3760, "object_boundaries": ["on_boundary && x[0]>0.09203 && x[0]< 0.20891 && x[1]>0.15373 && x[1]< 0.27062"], "height": 0.41, "width": 1.6, "inflow_peak": 0.337}