{"nodes": 2157, "object_boundaries": ["on_boundary && x[0]>0.30142 && x[0]< 0.4766 && x[1]>0.1594 && x[1]< 0.33457"], "height": 0.41, "width": 1.6, "inflow_peak": 1.941}