{"nodes": 2201, "object_boundaries": ["on_boundary && x[0]>0.14861 && x[0]< 0.31063 && x[1]>0.18575 && x[1]< 0.34777"], "height": 0.41, "width": 1.6, "inflow_peak": 1.319}