{"nodes": 2070, "object_boundaries": ["on_boundary && x[0]>0.16811 && x[0]< 0.36184 && x[1]>0.06937 && x[1]< 0.2631"], "height": 0.41, "width": 1.6, "inflow_peak": 1.744}