{"nodes": 2059, "object_boundaries": ["on_boundary && x[0]>0.21514 && x[0]< 0.41685 && x[1]>0.05063 && x[1]< 0.25235"], "height": 0.41, "width": 1.6, "inflow_peak": 1.814}