{"nodes": 2123, "object_boundaries": ["on_boundary && x[0]>0.37544 && x[0]< 0.57068 && x[1]>0.12261 && x[1]< 0.31784"], "height": 0.41, "width": 1.6, "inflow_peak": 1.963}