{"nodes": 2147, "object_boundaries": ["on_boundary && x[0]>0.31223 && x[0]< 0.49599 && x[1]>0.00812 && x[1]< 0.19188"], "height": 0.41, "width": 1.6, "inflow_peak": 1.856}