{"nodes": 2195, "object_boundaries": ["on_boundary && x[0]>0.3548 && x[0]< 0.52731 && x[1]>0.03963 && x[1]< 0.21214"], "height": 0.41, "width": 1.6, "inflow_peak": 0.558}