{"nodes": 2103, "cells": 3984, "object_boundaries": ["on_boundary && x[0]>0.38144 && x[0]< 0.60842 && x[1]>0.04922 && x[1]< 0.2762"], "height": 0.41, "width": 1.6, "inflow_peak": 0.961}