{"nodes": 1751, "object_boundaries": ["on_boundary && x[0]>0.24827 && x[0]< 0.52487 && x[1]>0.0139 && x[1]< 0.29051"], "height": 0.41, "width": 1.6, "inflow_peak": 0.655}