{"nodes": 2023, "cells": 3849, "object_boundaries": ["on_boundary && x[0]>0.31481 && x[0]< 0.37173 && x[1]>0.16135 && x[1]< 0.21827"], "height": 0.41, "width": 1.6, "inflow_peak": 1.873}