{"nodes": 2055, "object_boundaries": ["on_boundary && x[0]>0.31511 && x[0]< 0.513 && x[1]>0.1895 && x[1]< 0.38739"], "height": 0.41, "width": 1.6, "inflow_peak": 1.09}