{"nodes": 2072, "object_boundaries": ["on_boundary && x[0]>0.11456 && x[0]< 0.30276 && x[1]>0.10404 && x[1]< 0.29224"], "height": 0.41, "width": 1.6, "inflow_peak": 1.67}