{"nodes": 1803, "object_boundaries": ["on_boundary && x[0]>0.39787 && x[0]< 0.66213 && x[1]>0.14461 && x[1]< 0.40888"], "height": 0.41, "width": 1.6, "inflow_peak": 1.75}