{"nodes": 1990, "cells": 3783, "object_boundaries": ["on_boundary && x[0]>0.28159 && x[0]< 0.33891 && x[1]>0.09861 && x[1]< 0.15593"], "height": 0.41, "width": 1.6, "inflow_peak": 0.662}