{"nodes": 2303, "object_boundaries": ["on_boundary && x[0]>0.259 && x[0]< 0.51342 && x[1]>0.1016 && x[1]< 0.35602"], "height": 0.41, "width": 1.6, "inflow_peak": 1.752}