{"nodes": 2069, "object_boundaries": ["on_boundary && x[0]>0.32306 && x[0]< 0.52307 && x[1]>0.18684 && x[1]< 0.38684"], "height": 0.41, "width": 1.6, "inflow_peak": 0.543}