{"nodes": 2030, "cells": 3848, "object_boundaries": ["on_boundary && x[0]>0.28169 && x[0]< 0.47673 && x[1]>0.03992 && x[1]< 0.23496"], "height": 0.41, "width": 1.6, "inflow_peak": 0.754}