{"nodes": 2047, "object_boundaries": ["on_boundary && x[0]>0.24969 && x[0]< 0.39894 && x[1]>0.02926 && x[1]< 0.2274"], "height": 0.41, "width": 1.6, "inflow_peak": 2.34}