{"nodes": 2074, "object_boundaries": ["on_boundary && x[0]>0.01133 && x[0]< 0.24867 && x[1]>0.08964 && x[1]< 0.23276"], "height": 0.41, "width": 1.6, "inflow_peak": 1.9}