{"nodes": 2072, "cells": 3919, "object_boundaries": ["on_boundary && x[0]>0.17468 && x[0]< 0.34323 && x[1]>0.1562 && x[1]< 0.27406"], "height": 0.41, "width": 1.6, "inflow_peak": 1.552}