{"nodes": 2013, "object_boundaries": ["on_boundary && x[0]>0.20841 && x[0]< 0.40379 && x[1]>0.15139 && x[1]< 0.3609"], "height": 0.41, "width": 1.6, "inflow_peak": 0.82}