{"nodes": 2026, "object_boundaries": ["on_boundary && x[0]>0.20056 && x[0]< 0.36254 && x[1]>0.0853 && x[1]< 0.32614"], "height": 0.41, "width": 1.6, "inflow_peak": 2.19}