{"nodes": 1736, "object_boundaries": ["on_boundary && x[0]>0.07104 && x[0]< 0.26446 && x[1]>0.08848 && x[1]< 0.28191"], "height": 0.41, "width": 1.6, "inflow_peak": 0.89}