{"nodes": 2051, "cells": 3891, "object_boundaries": ["on_boundary && x[0]>0.23258 && x[0]< 0.42467 && x[1]>0.05132 && x[1]< 0.24342"], "height": 0.41, "width": 1.6, "inflow_peak": 1.23}