{"nodes": 1674, "object_boundaries": ["on_boundary && x[0]>0.10409 && x[0]< 0.3523 && x[1]>0.08886 && x[1]< 0.3299"], "height": 0.41, "width": 1.6, "inflow_peak": 1.43}