{"nodes": 1651, "object_boundaries": ["on_boundary && x[0]>0.08069 && x[0]< 0.37329 && x[1]>0.03179 && x[1]< 0.32375"], "height": 0.41, "width": 1.6, "inflow_peak": 0.73}