{"nodes": 2546, "object_boundaries": ["on_boundary && x[0]>0.27251 && x[0]< 0.39251 && x[1]>0.2067 && x[1]< 0.3267"], "height": 0.41, "width": 1.6, "inflow_peak": 0.9}