{"nodes": 1881, "object_boundaries": ["on_boundary && x[0]>0.0627 && x[0]< 0.24069 && x[1]>-0.00913 && x[1]< 0.20913"], "height": 0.41, "width": 1.6, "inflow_peak": 1.17}