{"nodes": 2011, "cells": 3811, "object_boundaries": ["on_boundary && x[0]>0.10803 && x[0]< 0.23411 && x[1]>0.17086 && x[1]< 0.24458"], "height": 0.41, "width": 1.6, "inflow_peak": 0.803}