{"nodes": 1958, "object_boundaries": ["on_boundary && x[0]>0.18291 && x[0]< 0.3721 && x[1]>0.12523 && x[1]< 0.36563"], "height": 0.41, "width": 1.6, "inflow_peak": 1.0}