{"nodes": 2014, "object_boundaries": ["on_boundary && x[0]>0.13625 && x[0]< 0.35096 && x[1]>0.03276 && x[1]< 0.22677"], "height": 0.41, "width": 1.6, "inflow_peak": 1.82}