{"nodes": 2059, "object_boundaries": ["on_boundary && x[0]>0.42185 && x[0]< 0.63815 && x[1]>0.09045 && x[1]< 0.29201"], "height": 0.41, "width": 1.6, "inflow_peak": 2.02}