{"nodes": 2107, "cells": 3984, "object_boundaries": ["on_boundary && x[0]>0.34391 && x[0]< 0.49711 && x[1]>0.10964 && x[1]< 0.27732"], "height": 0.41, "width": 1.6, "inflow_peak": 1.481}