{"nodes": 3080, "object_boundaries": ["on_boundary && x[0]>0.0774 && x[0]< 0.36952 && x[1]>0.10876 && x[1]< 0.31115", "on_boundary && x[0]>0.54297 && x[0]< 0.77268 && x[1]>0.10537 && x[1]< 0.31041"], "height": 0.41, "width": 1.6, "inflow_peak": 1.01}