{"nodes": 2074, "cells": 3940, "object_boundaries": ["on_boundary && x[0]>0.2246 && x[0]< 0.41021 && x[1]>0.1677 && x[1]< 0.35352"], "height": 0.41, "width": 1.6, "inflow_peak": 0.77}