{"nodes": 1812, "object_boundaries": ["on_boundary && x[0]>0.21852 && x[0]< 0.35697 && x[1]>0.1449 && x[1]< 0.2857"], "height": 0.41, "width": 1.6, "inflow_peak": 0.83}