{"nodes": 1957, "object_boundaries": ["on_boundary && x[0]>0.20177 && x[0]< 0.36443 && x[1]>0.05711 && x[1]< 0.32671"], "height": 0.41, "width": 1.6, "inflow_peak": 1.78}