{"nodes": 2504, "object_boundaries": ["on_boundary && x[0]>0.2025 && x[0]< 0.3225 && x[1]>0.15991 && x[1]< 0.27991"], "height": 0.41, "width": 1.6, "inflow_peak": 1.64}