{"nodes": 2001, "cells": 3803, "object_boundaries": ["on_boundary && x[0]>0.27664 && x[0]< 0.43044 && x[1]>0.06251 && x[1]< 0.21631"], "height": 0.41, "width": 1.6, "inflow_peak": 2.15}