{"nodes": 2707, "object_boundaries": ["on_boundary && x[0]>0.33748 && x[0]< 0.52879 && x[1]>0.15695 && x[1]< 0.34826", "on_boundary && x[0]>0.85998 && x[0]< 1.03452 && x[1]>0.08351 && x[1]< 0.25805"], "height": 0.41, "width": 1.6, "inflow_peak": 0.73}