{"nodes": 2447, "object_boundaries": ["on_boundary && x[0]>0.17424 && x[0]< 0.42265 && x[1]>0.00081 && x[1]< 0.24922", "on_boundary && x[0]>0.83645 && x[0]< 0.99228 && x[1]>0.18444 && x[1]< 0.34028"], "height": 0.41, "width": 1.6, "inflow_peak": 2.19}