{"nodes": 1979, "cells": 3759, "object_boundaries": ["on_boundary && x[0]>0.16642 && x[0]< 0.32185 && x[1]>0.08018 && x[1]< 0.23561"], "height": 0.41, "width": 1.6, "inflow_peak": 0.8}