{"nodes": 2076, "cells": 3935, "object_boundaries": ["on_boundary && x[0]>0.34075 && x[0]< 0.46286 && x[1]>0.12038 && x[1]< 0.24248"], "height": 0.41, "width": 1.6, "inflow_peak": 1.975}