{"nodes": 2622, "object_boundaries": ["on_boundary && x[0]>0.23061 && x[0]< 0.38293 && x[1]>0.16102 && x[1]< 0.31334", "on_boundary && x[0]>0.68426 && x[0]< 0.92852 && x[1]>0.07424 && x[1]< 0.31851"], "height": 0.41, "width": 1.6, "inflow_peak": 1.2}