{"nodes": 2260, "object_boundaries": ["on_boundary && x[0]>0.32769 && x[0]< 0.49369 && x[1]>0.1471 && x[1]< 0.3131"], "height": 0.41, "width": 1.6, "inflow_peak": 1.82}