{"nodes": 1916, "object_boundaries": ["on_boundary && x[0]>0.13019 && x[0]< 0.35412 && x[1]>0.13746 && x[1]< 0.3614"], "height": 0.41, "width": 1.6, "inflow_peak": 1.37}