{"nodes": 2224, "object_boundaries": ["on_boundary && x[0]>0.15165 && x[0]< 0.30701 && x[1]>0.1981 && x[1]< 0.35346"], "height": 0.41, "width": 1.6, "inflow_peak": 1.83}