{"nodes": 2559, "object_boundaries": ["on_boundary && x[0]>0.11939 && x[0]< 0.33523 && x[1]>0.06896 && x[1]< 0.2848", "on_boundary && x[0]>0.81431 && x[0]< 0.97967 && x[1]>0.13567 && x[1]< 0.30103"], "height": 0.41, "width": 1.6, "inflow_peak": 0.71}