{"nodes": 2128, "object_boundaries": ["on_boundary && x[0]>0.26032 && x[0]< 0.44723 && x[1]>0.19534 && x[1]< 0.38225"], "height": 0.41, "width": 1.6, "inflow_peak": 1.11}