{"nodes": 2026, "cells": 3832, "object_boundaries": ["on_boundary && x[0]>0.09934 && x[0]< 0.3192 && x[1]>0.04662 && x[1]< 0.26648"], "height": 0.41, "width": 1.6, "inflow_peak": 1.6}