{"nodes": 2414, "object_boundaries": ["on_boundary && x[0]>0.22369 && x[0]< 0.36968 && x[1]>0.14995 && x[1]< 0.29594"], "height": 0.41, "width": 1.6, "inflow_peak": 0.39}