{"nodes": 2061, "object_boundaries": ["on_boundary && x[0]>0.30149 && x[0]< 0.50203 && x[1]>0.03656 && x[1]< 0.23709"], "height": 0.41, "width": 1.6, "inflow_peak": 1.77}