{"nodes": 2016, "object_boundaries": ["on_boundary && x[0]>0.192 && x[0]< 0.43435 && x[1]>0.15573 && x[1]< 0.38186"], "height": 0.41, "width": 1.6, "inflow_peak": 1.18}