{"nodes": 2280, "object_boundaries": ["on_boundary && x[0]>0.05896 && x[0]< 0.30276 && x[1]>0.10935 && x[1]< 0.35315", "on_boundary && x[0]>0.63812 && x[0]< 0.83658 && x[1]>0.18727 && x[1]< 0.38573"], "height": 0.41, "width": 1.6, "inflow_peak": 0.33}