{"nodes": 1996, "object_boundaries": ["on_boundary && x[0]>0.07074 && x[0]< 0.27212 && x[1]>0.13219 && x[1]< 0.33357"], "height": 0.41, "width": 1.6, "inflow_peak": 2.35}