{"nodes": 2061, "cells": 3901, "object_boundaries": ["on_boundary && x[0]>0.16273 && x[0]< 0.385 && x[1]>0.03393 && x[1]< 0.25619"], "height": 0.41, "width": 1.6, "inflow_peak": 1.13}