{"nodes": 2148, "object_boundaries": ["on_boundary && x[0]>0.31071 && x[0]< 0.50233 && x[1]>0.082 && x[1]< 0.27362"], "height": 0.41, "width": 1.6, "inflow_peak": 1.25}