{"nodes": 2039, "object_boundaries": ["on_boundary && x[0]>0.25289 && x[0]< 0.42658 && x[1]>0.11147 && x[1]< 0.34305"], "height": 0.41, "width": 1.6, "inflow_peak": 1.35}