{"nodes": 2013, "cells": 3804, "object_boundaries": ["on_boundary && x[0]>0.12608 && x[0]< 0.33646 && x[1]>0.1437 && x[1]< 0.38792"], "height": 0.41, "width": 1.6, "inflow_peak": 1.77}