{"nodes": 2037, "object_boundaries": ["on_boundary && x[0]>0.21218 && x[0]< 0.42557 && x[1]>0.00454 && x[1]< 0.21038"], "height": 0.41, "width": 1.6, "inflow_peak": 1.43}