{"nodes": 1984, "cells": 3765, "object_boundaries": ["on_boundary && x[0]>0.42134 && x[0]< 0.49994 && x[1]>0.11442 && x[1]< 0.19302"], "height": 0.41, "width": 1.6, "inflow_peak": 1.363}