{"nodes": 2089, "object_boundaries": ["on_boundary && x[0]>0.14183 && x[0]< 0.32598 && x[1]>0.11293 && x[1]< 0.29709"], "height": 0.41, "width": 1.6, "inflow_peak": 0.469}