{"nodes": 2086, "cells": 3956, "object_boundaries": ["on_boundary && x[0]>0.30808 && x[0]< 0.51572 && x[1]>0.06721 && x[1]< 0.27485"], "height": 0.41, "width": 1.6, "inflow_peak": 1.288}