{"nodes": 1893, "object_boundaries": ["on_boundary && x[0]>0.2274 && x[0]< 0.45569 && x[1]>0.00489 && x[1]< 0.24856"], "height": 0.41, "width": 1.6, "inflow_peak": 0.37}