{"nodes": 2023, "cells": 3831, "object_boundaries": ["on_boundary && x[0]>0.16215 && x[0]< 0.31617 && x[1]>0.08114 && x[1]< 0.14348"], "height": 0.41, "width": 1.6, "inflow_peak": 0.598}