{"nodes": 2227, "object_boundaries": ["on_boundary && x[0]>0.30339 && x[0]< 0.53325 && x[1]>0.19768 && x[1]< 0.35308"], "height": 0.41, "width": 1.6, "inflow_peak": 1.75}