{"nodes": 2066, "object_boundaries": ["on_boundary && x[0]>0.27472 && x[0]< 0.43154 && x[1]>0.05416 && x[1]< 0.29258"], "height": 0.41, "width": 1.6, "inflow_peak": 1.69}