{"nodes": 1964, "cells": 3725, "object_boundaries": ["on_boundary && x[0]>0.07465 && x[0]< 0.24183 && x[1]>0.15412 && x[1]< 0.32072"], "height": 0.41, "width": 1.6, "inflow_peak": 1.57}