{"nodes": 1957, "cells": 3706, "object_boundaries": ["on_boundary && x[0]>0.11511 && x[0]< 0.21113 && x[1]>0.14545 && x[1]< 0.23662"], "height": 0.41, "width": 1.6, "inflow_peak": 0.726}