{"nodes": 2145, "object_boundaries": ["on_boundary && x[0]>0.13284 && x[0]< 0.29076 && x[1]>0.10525 && x[1]< 0.2894"], "height": 0.41, "width": 1.6, "inflow_peak": 1.82}