{"nodes": 2188, "object_boundaries": ["on_boundary && x[0]>0.15855 && x[0]< 0.3726 && x[1]>0.15566 && x[1]< 0.27566"], "height": 0.41, "width": 1.6, "inflow_peak": 0.96}