{"nodes": 1955, "cells": 3711, "object_boundaries": ["on_boundary && x[0]>0.41995 && x[0]< 0.5611 && x[1]>0.02385 && x[1]< 0.19209"], "height": 0.41, "width": 1.6, "inflow_peak": 0.83}