{"nodes": 2064, "object_boundaries": ["on_boundary && x[0]>0.29951 && x[0]< 0.45664 && x[1]>0.07726 && x[1]< 0.31179"], "height": 0.41, "width": 1.6, "inflow_peak": 1.62}