{"nodes": 2174, "object_boundaries": ["on_boundary && x[0]>0.24817 && x[0]< 0.41762 && x[1]>0.02348 && x[1]< 0.19292"], "height": 0.41, "width": 1.6, "inflow_peak": 1.66}