{"nodes": 1717, "object_boundaries": ["on_boundary && x[0]>0.26368 && x[0]< 0.46526 && x[1]>0.0355 && x[1]< 0.22117"], "height": 0.41, "width": 1.6, "inflow_peak": 0.7}