{"nodes": 1751, "object_boundaries": ["on_boundary && x[0]>0.34157 && x[0]< 0.52482 && x[1]>0.16554 && x[1]< 0.36369"], "height": 0.41, "width": 1.6, "inflow_peak": 0.57}