{"nodes": 1767, "object_boundaries": ["on_boundary && x[0]>0.20752 && x[0]< 0.38942 && x[1]>0.17054 && x[1]< 0.34863"], "height": 0.41, "width": 1.6, "inflow_peak": 1.29}