{"nodes": 1753, "object_boundaries": ["on_boundary && x[0]>0.19 && x[0]< 0.39465 && x[1]>0.13514 && x[1]< 0.33662"], "height": 0.41, "width": 1.6, "inflow_peak": 1.04}