{"nodes": 3149, "object_boundaries": ["on_boundary && x[0]>0.27267 && x[0]< 0.54687 && x[1]>-0.04999 && x[1]< 0.22857", "on_boundary && x[0]>0.74289 && x[0]< 1.02001 && x[1]>0.06804 && x[1]< 0.29206"], "height": 0.41, "width": 1.6, "inflow_peak": 2.02}