{"nodes": 2143, "cells": 4060, "object_boundaries": ["on_boundary && x[0]>0.25413 && x[0]< 0.4523 && x[1]>0.12198 && x[1]< 0.38968"], "height": 0.41, "width": 1.6, "inflow_peak": 0.91}