{"nodes": 2126, "cells": 4028, "object_boundaries": ["on_boundary && x[0]>0.3063 && x[0]< 0.45843 && x[1]>0.11513 && x[1]< 0.24845"], "height": 0.41, "width": 1.6, "inflow_peak": 1.989}