{"nodes": 1353, "object_boundaries": ["on_boundary && x[0]>0.1805 && x[0]< 0.45545 && x[1]>0.11091 && x[1]< 0.36269"], "height": 0.41, "width": 1.6, "inflow_peak": 1.01}