{"nodes": 2201, "object_boundaries": ["on_boundary && x[0]>0.19103 && x[0]< 0.48336 && x[1]>0.05404 && x[1]< 0.3326"], "height": 0.41, "width": 1.6, "inflow_peak": 1.64}