{"nodes": 1964, "object_boundaries": ["on_boundary && x[0]>0.3028 && x[0]< 0.51386 && x[1]>0.19062 && x[1]< 0.39024"], "height": 0.41, "width": 1.6, "inflow_peak": 1.46}