{"nodes": 2031, "object_boundaries": ["on_boundary && x[0]>0.10754 && x[0]< 0.33339 && x[1]>0.06936 && x[1]< 0.30495"], "height": 0.41, "width": 1.6, "inflow_peak": 1.21}