{"nodes": 2050, "cells": 3878, "object_boundaries": ["on_boundary && x[0]>0.38035 && x[0]< 0.60658 && x[1]>-0.00484 && x[1]< 0.22139"], "height": 0.41, "width": 1.6, "inflow_peak": 1.754}