{"nodes": 1707, "object_boundaries": ["on_boundary && x[0]>0.21234 && x[0]< 0.42816 && x[1]>0.06973 && x[1]< 0.28554"], "height": 0.41, "width": 1.6, "inflow_peak": 0.72}