{"nodes": 2105, "cells": 3992, "object_boundaries": ["on_boundary && x[0]>0.27709 && x[0]< 0.49473 && x[1]>0.15161 && x[1]< 0.36925"], "height": 0.41, "width": 1.6, "inflow_peak": 1.53}