{"nodes": 2356, "object_boundaries": ["on_boundary && x[0]>0.28612 && x[0]< 0.44409 && x[1]>0.12841 && x[1]< 0.28638"], "height": 0.41, "width": 1.6, "inflow_peak": 1.02}