{"nodes": 2266, "object_boundaries": ["on_boundary && x[0]>0.08334 && x[0]< 0.2286 && x[1]>0.15567 && x[1]< 0.30093"], "height": 0.41, "width": 1.6, "inflow_peak": 1.87}