{"nodes": 2035, "cells": 3859, "object_boundaries": ["on_boundary && x[0]>0.17067 && x[0]< 0.30067 && x[1]>0.18947 && x[1]< 0.25773"], "height": 0.41, "width": 1.6, "inflow_peak": 0.383}