{"nodes": 1995, "object_boundaries": ["on_boundary && x[0]>0.23561 && x[0]< 0.4468 && x[1]>0.02264 && x[1]< 0.22597"], "height": 0.41, "width": 1.6, "inflow_peak": 1.0}