{"nodes": 1747, "object_boundaries": ["on_boundary && x[0]>0.30326 && x[0]< 0.48132 && x[1]>0.16846 && x[1]< 0.34653"], "height": 0.41, "width": 1.6, "inflow_peak": 1.33}