{"nodes": 1685, "object_boundaries": ["on_boundary && x[0]>0.06473 && x[0]< 0.24678 && x[1]>0.19162 && x[1]< 0.37575"], "height": 0.41, "width": 1.6, "inflow_peak": 2.14}