{"nodes": 1690, "object_boundaries": ["on_boundary && x[0]>0.19406 && x[0]< 0.41834 && x[1]>0.08885 && x[1]< 0.30632"], "height": 0.41, "width": 1.6, "inflow_peak": 1.91}