{"nodes": 1727, "object_boundaries": ["on_boundary && x[0]>0.23655 && x[0]< 0.41478 && x[1]>0.13518 && x[1]< 0.31098"], "height": 0.41, "width": 1.6, "inflow_peak": 1.53}