{"nodes": 1979, "object_boundaries": ["on_boundary && x[0]>0.22372 && x[0]< 0.4423 && x[1]>0.08665 && x[1]< 0.30601"], "height": 0.41, "width": 1.6, "inflow_peak": 1.07}