{"nodes": 1976, "object_boundaries": ["on_boundary && x[0]>0.13969 && x[0]< 0.33137 && x[1]>0.1054 && x[1]< 0.33576"], "height": 0.41, "width": 1.6, "inflow_peak": 0.77}