{"nodes": 2057, "cells": 3904, "object_boundaries": ["on_boundary && x[0]>0.40056 && x[0]< 0.48425 && x[1]>0.16539 && x[1]< 0.28011"], "height": 0.41, "width": 1.6, "inflow_peak": 0.596}