{"nodes": 2028, "object_boundaries": ["on_boundary && x[0]>0.43107 && x[0]< 0.62893 && x[1]>0.00224 && x[1]< 0.19776"], "height": 0.41, "width": 1.6, "inflow_peak": 1.45}