{"nodes": 2077, "cells": 3928, "object_boundaries": ["on_boundary && x[0]>0.2391 && x[0]< 0.37884 && x[1]>0.14849 && x[1]< 0.30517"], "height": 0.41, "width": 1.6, "inflow_peak": 0.741}