{"nodes": 1959, "cells": 3711, "object_boundaries": ["on_boundary && x[0]>0.09793 && x[0]< 0.29425 && x[1]>0.01836 && x[1]< 0.18278"], "height": 0.41, "width": 1.6, "inflow_peak": 1.52}