{"nodes": 1927, "object_boundaries": ["on_boundary && x[0]>0.35861 && x[0]< 0.5711 && x[1]>0.10491 && x[1]< 0.35033"], "height": 0.41, "width": 1.6, "inflow_peak": 1.24}