{"nodes": 2165, "object_boundaries": ["on_boundary && x[0]>0.12505 && x[0]< 0.31424 && x[1]>0.11731 && x[1]< 0.28627"], "height": 0.41, "width": 1.6, "inflow_peak": 1.34}