{"nodes": 2686, "object_boundaries": ["on_boundary && x[0]>0.27788 && x[0]< 0.44047 && x[1]>0.06374 && x[1]< 0.22633", "on_boundary && x[0]>0.73161 && x[0]< 0.94725 && x[1]>0.03417 && x[1]< 0.24982"], "height": 0.41, "width": 1.6, "inflow_peak": 2.23}