{"nodes": 2170, "object_boundaries": ["on_boundary && x[0]>0.29576 && x[0]< 0.52857 && x[1]>0.02764 && x[1]< 0.26045", "on_boundary && x[0]>0.87126 && x[0]< 1.09856 && x[1]>-0.00253 && x[1]< 0.22476"], "height": 0.41, "width": 1.6, "inflow_peak": 2.01}