{"nodes": 2022, "cells": 3840, "object_boundaries": ["on_boundary && x[0]>0.20603 && x[0]< 0.37549 && x[1]>0.10592 && x[1]< 0.27538"], "height": 0.41, "width": 1.6, "inflow_peak": 1.12}