{"nodes": 2052, "cells": 3877, "object_boundaries": ["on_boundary && x[0]>0.20906 && x[0]< 0.43942 && x[1]>0.02784 && x[1]< 0.2838"], "height": 0.41, "width": 1.6, "inflow_peak": 0.88}