{"nodes": 2026, "cells": 3834, "object_boundaries": ["on_boundary && x[0]>0.14846 && x[0]< 0.36893 && x[1]>0.00819 && x[1]< 0.21432"], "height": 0.41, "width": 1.6, "inflow_peak": 1.09}