{"nodes": 1705, "object_boundaries": ["on_boundary && x[0]>0.24102 && x[0]< 0.48576 && x[1]>0.10895 && x[1]< 0.32679"], "height": 0.41, "width": 1.6, "inflow_peak": 0.76}