{"nodes": 2056, "cells": 3884, "object_boundaries": ["on_boundary && x[0]>0.02071 && x[0]< 0.25222 && x[1]>0.02448 && x[1]< 0.27028"], "height": 0.41, "width": 1.6, "inflow_peak": 1.4}