{"nodes": 1736, "object_boundaries": ["on_boundary && x[0]>0.33178 && x[0]< 0.55409 && x[1]>0.15672 && x[1]< 0.38026"], "height": 0.41, "width": 1.6, "inflow_peak": 0.87}