{"nodes": 1778, "object_boundaries": ["on_boundary && x[0]>0.36635 && x[0]< 0.55758 && x[1]>0.00391 && x[1]< 0.19609"], "height": 0.41, "width": 1.6, "inflow_peak": 1.24}