{"nodes": 2052, "cells": 3882, "object_boundaries": ["on_boundary && x[0]>0.15145 && x[0]< 0.31223 && x[1]>0.24074 && x[1]< 0.34754"], "height": 0.41, "width": 1.6, "inflow_peak": 1.957}