{"nodes": 2176, "object_boundaries": ["on_boundary && x[0]>0.16678 && x[0]< 0.46434 && x[1]>0.14523 && x[1]< 0.42901"], "height": 0.41, "width": 1.6, "inflow_peak": 1.39}