{"nodes": 1724, "object_boundaries": ["on_boundary && x[0]>0.04068 && x[0]< 0.25369 && x[1]>0.10432 && x[1]< 0.31351"], "height": 0.41, "width": 1.6, "inflow_peak": 1.51}