{"nodes": 1708, "object_boundaries": ["on_boundary && x[0]>0.18155 && x[0]< 0.43688 && x[1]>0.1171 && x[1]< 0.36824"], "height": 0.41, "width": 1.6, "inflow_peak": 0.18}