{"nodes": 1868, "object_boundaries": ["on_boundary && x[0]>0.22303 && x[0]< 0.46777 && x[1]>-0.00357 && x[1]< 0.24116"], "height": 0.41, "width": 1.6, "inflow_peak": 1.58}