{"nodes": 1996, "object_boundaries": ["on_boundary && x[0]>0.19431 && x[0]< 0.38215 && x[1]>0.03913 && x[1]< 0.22697"], "height": 0.41, "width": 1.6, "inflow_peak": 1.11}