{"nodes": 1955, "cells": 3710, "object_boundaries": ["on_boundary && x[0]>0.13876 && x[0]< 0.22022 && x[1]>0.22111 && x[1]< 0.2751"], "height": 0.41, "width": 1.6, "inflow_peak": 1.965}