{"nodes": 2215, "object_boundaries": ["on_boundary && x[0]>0.25897 && x[0]< 0.40909 && x[1]>0.07749 && x[1]< 0.25972"], "height": 0.41, "width": 1.6, "inflow_peak": 1.34}