{"nodes": 2138, "object_boundaries": ["on_boundary && x[0]>0.3291 && x[0]< 0.48714 && x[1]>0.18327 && x[1]< 0.37463"], "height": 0.41, "width": 1.6, "inflow_peak": 0.56}