{"nodes": 2224, "object_boundaries": ["on_boundary && x[0]>0.13398 && x[0]< 0.40958 && x[1]>0.10339 && x[1]< 0.34743"], "height": 0.41, "width": 1.6, "inflow_peak": 1.15}