{"nodes": 2144, "object_boundaries": ["on_boundary && x[0]>0.36396 && x[0]< 0.57839 && x[1]>0.01592 && x[1]< 0.18443"], "height": 0.41, "width": 1.6, "inflow_peak": 2.03}