{"nodes": 1977, "cells": 3742, "object_boundaries": ["on_boundary && x[0]>0.19501 && x[0]< 0.38761 && x[1]>0.00132 && x[1]< 0.20038"], "height": 0.41, "width": 1.6, "inflow_peak": 2.05}