{"nodes": 2693, "object_boundaries": ["on_boundary && x[0]>0.11349 && x[0]< 0.30118 && x[1]>0.05449 && x[1]< 0.24218", "on_boundary && x[0]>0.70459 && x[0]< 0.85233 && x[1]>0.20265 && x[1]< 0.35039"], "height": 0.41, "width": 1.6, "inflow_peak": 1.23}