{"nodes": 2290, "object_boundaries": ["on_boundary && x[0]>0.32146 && x[0]< 0.55922 && x[1]>0.09306 && x[1]< 0.33082", "on_boundary && x[0]>0.76676 && x[0]< 0.96952 && x[1]>0.09222 && x[1]< 0.29499"], "height": 0.41, "width": 1.6, "inflow_peak": 1.36}