{"nodes": 2139, "object_boundaries": ["on_boundary && x[0]>0.0686 && x[0]< 0.28788 && x[1]>0.15824 && x[1]< 0.37752", "on_boundary && x[0]>0.82096 && x[0]< 1.05453 && x[1]>0.14215 && x[1]< 0.37572"], "height": 0.41, "width": 1.6, "inflow_peak": 0.66}