{"nodes": 1753, "object_boundaries": ["on_boundary && x[0]>0.2575 && x[0]< 0.4525 && x[1]>0.15583 && x[1]< 0.36484"], "height": 0.41, "width": 1.6, "inflow_peak": 0.97}