{"nodes": 2103, "cells": 3989, "object_boundaries": ["on_boundary && x[0]>0.36915 && x[0]< 0.62124 && x[1]>0.16862 && x[1]< 0.33188"], "height": 0.41, "width": 1.6, "inflow_peak": 1.3}