{"nodes": 1754, "object_boundaries": ["on_boundary && x[0]>0.15809 && x[0]< 0.3661 && x[1]>0.16625 && x[1]< 0.37018"], "height": 0.41, "width": 1.6, "inflow_peak": 2.35}