{"nodes": 1677, "object_boundaries": ["on_boundary && x[0]>0.04049 && x[0]< 0.25057 && x[1]>0.06573 && x[1]< 0.33264"], "height": 0.41, "width": 1.6, "inflow_peak": 2.04}