{"nodes": 2163, "object_boundaries": ["on_boundary && x[0]>0.30526 && x[0]< 0.5269 && x[1]>0.12162 && x[1]< 0.35109"], "height": 0.41, "width": 1.6, "inflow_peak": 1.27}