{"nodes": 2100, "cells": 3968, "object_boundaries": ["on_boundary && x[0]>0.1418 && x[0]< 0.27888 && x[1]>0.10105 && x[1]< 0.28623"], "height": 0.41, "width": 1.6, "inflow_peak": 1.181}