{"nodes": 2021, "cells": 3817, "object_boundaries": ["on_boundary && x[0]>0.06305 && x[0]< 0.31721 && x[1]>0.15537 && x[1]< 0.3731"], "height": 0.41, "width": 1.6, "inflow_peak": 0.77}