{"nodes": 2068, "object_boundaries": ["on_boundary && x[0]>0.40158 && x[0]< 0.6032 && x[1]>0.14081 && x[1]< 0.37313"], "height": 0.41, "width": 1.6, "inflow_peak": 1.17}