{"nodes": 2007, "object_boundaries": ["on_boundary && x[0]>0.36578 && x[0]< 0.55543 && x[1]>0.12116 && x[1]< 0.27763", "on_boundary && x[0]>0.62219 && x[0]< 0.84253 && x[1]>0.06422 && x[1]< 0.28732"], "height": 0.41, "width": 1.6, "inflow_peak": 1.48}