{"nodes": 1756, "object_boundaries": ["on_boundary && x[0]>0.14536 && x[0]< 0.29507 && x[1]>0.16955 && x[1]< 0.34325"], "height": 0.41, "width": 1.6, "inflow_peak": 0.63}