{"nodes": 2188, "cells": 4143, "object_boundaries": ["on_boundary && x[0]>0.38724 && x[0]< 0.54386 && x[1]>0.14611 && x[1]< 0.31947"], "height": 0.41, "width": 1.6, "inflow_peak": 2.234}