{"nodes": 2106, "cells": 4006, "object_boundaries": ["on_boundary && x[0]>0.29667 && x[0]< 0.4722 && x[1]>0.14769 && x[1]< 0.31492"], "height": 0.41, "width": 1.6, "inflow_peak": 0.88}