{"nodes": 2223, "cells": 4207, "object_boundaries": ["on_boundary && x[0]>0.35952 && x[0]< 0.55589 && x[1]>0.07434 && x[1]< 0.25257"], "height": 0.41, "width": 1.6, "inflow_peak": 0.866}