{"nodes": 1723, "object_boundaries": ["on_boundary && x[0]>0.24849 && x[0]< 0.45345 && x[1]>0.15257 && x[1]< 0.35573"], "height": 0.41, "width": 1.6, "inflow_peak": 1.83}