{"nodes": 2052, "object_boundaries": ["on_boundary && x[0]>0.4026 && x[0]< 0.58609 && x[1]>0.00825 && x[1]< 0.19175"], "height": 0.41, "width": 1.6, "inflow_peak": 2.16}