{"nodes": 1993, "cells": 3757, "object_boundaries": ["on_boundary && x[0]>0.02889 && x[0]< 0.27641 && x[1]>0.05097 && x[1]< 0.29849"], "height": 0.41, "width": 1.6, "inflow_peak": 0.32}