{"nodes": 2334, "object_boundaries": ["on_boundary && x[0]>0.10616 && x[0]< 0.28186 && x[1]>0.14205 && x[1]< 0.31775", "on_boundary && x[0]>0.75979 && x[0]< 0.99822 && x[1]>-0.00149 && x[1]< 0.23695"], "height": 0.41, "width": 1.6, "inflow_peak": 2.16}