{"nodes": 2039, "object_boundaries": ["on_boundary && x[0]>0.2792 && x[0]< 0.46185 && x[1]>0.19083 && x[1]< 0.40754"], "height": 0.41, "width": 1.6, "inflow_peak": 0.39}