{"nodes": 1694, "object_boundaries": ["on_boundary && x[0]>0.28843 && x[0]< 0.47402 && x[1]>0.05793 && x[1]< 0.24352"], "height": 0.41, "width": 1.6, "inflow_peak": 2.17}