{"nodes": 2130, "cells": 4030, "object_boundaries": ["on_boundary && x[0]>0.36909 && x[0]< 0.62107 && x[1]>-0.02435 && x[1]< 0.22669"], "height": 0.41, "width": 1.6, "inflow_peak": 0.78}