{"nodes": 2189, "object_boundaries": ["on_boundary && x[0]>0.35507 && x[0]< 0.52866 && x[1]>0.20566 && x[1]< 0.37925"], "height": 0.41, "width": 1.6, "inflow_peak": 1.77}