{"nodes": 2138, "cells": 4048, "object_boundaries": ["on_boundary && x[0]>0.3699 && x[0]< 0.61478 && x[1]>0.08652 && x[1]< 0.3314"], "height": 0.41, "width": 1.6, "inflow_peak": 0.87}