{"nodes": 2538, "object_boundaries": ["on_boundary && x[0]>0.34002 && x[0]< 0.53537 && x[1]>0.0261 && x[1]< 0.22145", "on_boundary && x[0]>0.66425 && x[0]< 0.85827 && x[1]>0.19448 && x[1]< 0.3885"], "height": 0.41, "width": 1.6, "inflow_peak": 0.71}