{"nodes": 2178, "object_boundaries": ["on_boundary && x[0]>0.26592 && x[0]< 0.43478 && x[1]>0.08495 && x[1]< 0.27023"], "height": 0.41, "width": 1.6, "inflow_peak": 0.97}