{"nodes": 2054, "cells": 3896, "object_boundaries": ["on_boundary && x[0]>0.14698 && x[0]< 0.37252 && x[1]>0.1089 && x[1]< 0.26671"], "height": 0.41, "width": 1.6, "inflow_peak": 0.31}