{"nodes": 2266, "object_boundaries": ["on_boundary && x[0]>0.26006 && x[0]< 0.50335 && x[1]>0.06199 && x[1]< 0.20414"], "height": 0.41, "width": 1.6, "inflow_peak": 1.06}