{"nodes": 1819, "object_boundaries": ["on_boundary && x[0]>0.1308 && x[0]< 0.28494 && x[1]>0.02777 && x[1]< 0.18191"], "height": 0.41, "width": 1.6, "inflow_peak": 1.324}