{"nodes": 1942, "object_boundaries": ["on_boundary && x[0]>0.18812 && x[0]< 0.40995 && x[1]>0.05697 && x[1]< 0.27881"], "height": 0.41, "width": 1.6, "inflow_peak": 2.12}