{"nodes": 2062, "cells": 3901, "object_boundaries": ["on_boundary && x[0]>0.33691 && x[0]< 0.47802 && x[1]>0.0633 && x[1]< 0.2044"], "height": 0.41, "width": 1.6, "inflow_peak": 1.95}