{"nodes": 2473, "object_boundaries": ["on_boundary && x[0]>0.27825 && x[0]< 0.46968 && x[1]>0.06265 && x[1]< 0.25407", "on_boundary && x[0]>0.72797 && x[0]< 0.95161 && x[1]>0.06407 && x[1]< 0.2877"], "height": 0.41, "width": 1.6, "inflow_peak": 1.25}