{"nodes": 2647, "object_boundaries": ["on_boundary && x[0]>0.30013 && x[0]< 0.45054 && x[1]>0.20259 && x[1]< 0.35299", "on_boundary && x[0]>0.62394 && x[0]< 0.84478 && x[1]>0.16331 && x[1]< 0.38415"], "height": 0.41, "width": 1.6, "inflow_peak": 1.6}