{"nodes": 2058, "cells": 3894, "object_boundaries": ["on_boundary && x[0]>0.38495 && x[0]< 0.61076 && x[1]>0.01859 && x[1]< 0.2444"], "height": 0.41, "width": 1.6, "inflow_peak": 0.8}