{"nodes": 1987, "object_boundaries": ["on_boundary && x[0]>0.0355 && x[0]< 0.2245 && x[1]>0.12098 && x[1]< 0.30999"], "height": 0.41, "width": 1.6, "inflow_peak": 1.019}