{"nodes": 2302, "object_boundaries": ["on_boundary && x[0]>0.36752 && x[0]< 0.53198 && x[1]>0.11919 && x[1]< 0.28365"], "height": 0.41, "width": 1.6, "inflow_peak": 1.562}