{"nodes": 1965, "object_boundaries": ["on_boundary && x[0]>0.17557 && x[0]< 0.39929 && x[1]>0.06034 && x[1]< 0.28406"], "height": 0.41, "width": 1.6, "inflow_peak": 1.628}