{"nodes": 1983, "cells": 3739, "object_boundaries": ["on_boundary && x[0]>0.1359 && x[0]< 0.28906 && x[1]>0.21864 && x[1]< 0.3718"], "height": 0.41, "width": 1.6, "inflow_peak": 1.936}