{"nodes": 2300, "object_boundaries": ["on_boundary && x[0]>0.32699 && x[0]< 0.44699 && x[1]>0.07134 && x[1]< 0.27457"], "height": 0.41, "width": 1.6, "inflow_peak": 1.6}