{"nodes": 2046, "cells": 3879, "object_boundaries": ["on_boundary && x[0]>0.37235 && x[0]< 0.54101 && x[1]>0.04271 && x[1]< 0.26895"], "height": 0.41, "width": 1.6, "inflow_peak": 1.18}