{"nodes": 2099, "cells": 3993, "object_boundaries": ["on_boundary && x[0]>0.42779 && x[0]< 0.52703 && x[1]>0.18009 && x[1]< 0.24263"], "height": 0.41, "width": 1.6, "inflow_peak": 1.033}