{"nodes": 2347, "object_boundaries": ["on_boundary && x[0]>0.26369 && x[0]< 0.38369 && x[1]>0.07936 && x[1]< 0.26986"], "height": 0.41, "width": 1.6, "inflow_peak": 0.59}