{"nodes": 2050, "object_boundaries": ["on_boundary && x[0]>0.18949 && x[0]< 0.41798 && x[1]>0.17786 && x[1]< 0.40635"], "height": 0.41, "width": 1.6, "inflow_peak": 0.66}