{"nodes": 1718, "object_boundaries": ["on_boundary && x[0]>0.11397 && x[0]< 0.27798 && x[1]>0.12727 && x[1]< 0.32089"], "height": 0.41, "width": 1.6, "inflow_peak": 2.24}