{"nodes": 1726, "object_boundaries": ["on_boundary && x[0]>0.05514 && x[0]< 0.25486 && x[1]>0.19612 && x[1]< 0.36608"], "height": 0.41, "width": 1.6, "inflow_peak": 1.37}