{"nodes": 2062, "cells": 3904, "object_boundaries": ["on_boundary && x[0]>0.13087 && x[0]< 0.34495 && x[1]>0.13668 && x[1]< 0.35171"], "height": 0.41, "width": 1.6, "inflow_peak": 1.98}