{"nodes": 1714, "object_boundaries": ["on_boundary && x[0]>0.32846 && x[0]< 0.51781 && x[1]>0.2041 && x[1]< 0.38593"], "height": 0.41, "width": 1.6, "inflow_peak": 0.34}