{"nodes": 1887, "object_boundaries": ["on_boundary && x[0]>0.04633 && x[0]< 0.24583 && x[1]>0.09467 && x[1]< 0.32542"], "height": 0.41, "width": 1.6, "inflow_peak": 2.18}