{"nodes": 1769, "object_boundaries": ["on_boundary && x[0]>0.42844 && x[0]< 0.60407 && x[1]>0.05723 && x[1]< 0.23286"], "height": 0.41, "width": 1.6, "inflow_peak": 0.94}