{"nodes": 1777, "object_boundaries": ["on_boundary && x[0]>0.18298 && x[0]< 0.36851 && x[1]>0.16737 && x[1]< 0.3529"], "height": 0.41, "width": 1.6, "inflow_peak": 1.66}