{"nodes": 2066, "cells": 3918, "object_boundaries": ["on_boundary && x[0]>0.38554 && x[0]< 0.45626 && x[1]>0.09809 && x[1]< 0.24408"], "height": 0.41, "width": 1.6, "inflow_peak": 1.549}