{"nodes": 1705, "object_boundaries": ["on_boundary && x[0]>0.23774 && x[0]< 0.48606 && x[1]>0.07197 && x[1]< 0.33226"], "height": 0.41, "width": 1.6, "inflow_peak": 1.55}