{"nodes": 2466, "cells": 4690, "object_boundaries": ["on_boundary && x[0]>0.10797 && x[0]< 0.28959 && x[1]>0.06577 && x[1]< 0.26411", "on_boundary && x[0]>0.70167 && x[0]< 0.92024 && x[1]>0.17332 && x[1]< 0.3422"], "height": 0.41, "width": 1.6, "inflow_peak": 0.99}