{"nodes": 1737, "object_boundaries": ["on_boundary && x[0]>0.10069 && x[0]< 0.31146 && x[1]>0.12405 && x[1]< 0.32818"], "height": 0.41, "width": 1.6, "inflow_peak": 2.15}