{"nodes": 2091, "object_boundaries": ["on_boundary && x[0]>0.34424 && x[0]< 0.57819 && x[1]>0.12574 && x[1]< 0.35332", "on_boundary && x[0]>0.89857 && x[0]< 1.05757 && x[1]>0.19148 && x[1]< 0.37873"], "height": 0.41, "width": 1.6, "inflow_peak": 2.19}