{"nodes": 2328, "object_boundaries": ["on_boundary && x[0]>0.2442 && x[0]< 0.41069 && x[1]>0.02278 && x[1]< 0.23528", "on_boundary && x[0]>0.73682 && x[0]< 0.94565 && x[1]>0.02029 && x[1]< 0.27367"], "height": 0.41, "width": 1.6, "inflow_peak": 1.51}