{"nodes": 1739, "object_boundaries": ["on_boundary && x[0]>0.25928 && x[0]< 0.46153 && x[1]>0.07185 && x[1]< 0.26202"], "height": 0.41, "width": 1.6, "inflow_peak": 1.59}