{"nodes": 2094, "cells": 3984, "object_boundaries": ["on_boundary && x[0]>0.36652 && x[0]< 0.43754 && x[1]>0.18716 && x[1]< 0.26202"], "height": 0.41, "width": 1.6, "inflow_peak": 2.137}