{"nodes": 3035, "object_boundaries": ["on_boundary && x[0]>0.25444 && x[0]< 0.3963 && x[1]>0.10934 && x[1]< 0.32263", "on_boundary && x[0]>0.83155 && x[0]< 1.02451 && x[1]>0.16084 && x[1]< 0.28084"], "height": 0.41, "width": 1.6, "inflow_peak": 0.4}