{"nodes": 1992, "cells": 3758, "object_boundaries": ["on_boundary && x[0]>0.04223 && x[0]< 0.28036 && x[1]>0.16756 && x[1]< 0.40568"], "height": 0.41, "width": 1.6, "inflow_peak": 1.71}