{"nodes": 2075, "cells": 3941, "object_boundaries": ["on_boundary && x[0]>0.21302 && x[0]< 0.30456 && x[1]>0.12953 && x[1]< 0.21832"], "height": 0.41, "width": 1.6, "inflow_peak": 1.13}