{"nodes": 2530, "object_boundaries": ["on_boundary && x[0]>0.24147 && x[0]< 0.37239 && x[1]>0.17062 && x[1]< 0.30155"], "height": 0.41, "width": 1.6, "inflow_peak": 0.88}