{"nodes": 1706, "object_boundaries": ["on_boundary && x[0]>0.13423 && x[0]< 0.29282 && x[1]>0.04396 && x[1]< 0.20254"], "height": 0.41, "width": 1.6, "inflow_peak": 1.62}