{"nodes": 2005, "object_boundaries": ["on_boundary && x[0]>0.17999 && x[0]< 0.38356 && x[1]>0.11849 && x[1]< 0.32206"], "height": 0.41, "width": 1.6, "inflow_peak": 0.35}