{"nodes": 2057, "cells": 3896, "object_boundaries": ["on_boundary && x[0]>0.18056 && x[0]< 0.39511 && x[1]>0.07526 && x[1]< 0.28981"], "height": 0.41, "width": 1.6, "inflow_peak": 1.62}