{"nodes": 2123, "cells": 4037, "object_boundaries": ["on_boundary && x[0]>0.43918 && x[0]< 0.52397 && x[1]>0.17556 && x[1]< 0.26747"], "height": 0.41, "width": 1.6, "inflow_peak": 1.018}