{"nodes": 1723, "object_boundaries": ["on_boundary && x[0]>0.0688 && x[0]< 0.25036 && x[1]>0.08183 && x[1]< 0.26339"], "height": 0.41, "width": 1.6, "inflow_peak": 2.18}