{"nodes": 2043, "object_boundaries": ["on_boundary && x[0]>0.09042 && x[0]< 0.27967 && x[1]>0.05966 && x[1]< 0.24891"], "height": 0.41, "width": 1.6, "inflow_peak": 1.92}