{"nodes": 1680, "object_boundaries": ["on_boundary && x[0]>0.14337 && x[0]< 0.35851 && x[1]>0.02358 && x[1]< 0.25515"], "height": 0.41, "width": 1.6, "inflow_peak": 1.46}