{"nodes": 2103, "cells": 3987, "object_boundaries": ["on_boundary && x[0]>0.34602 && x[0]< 0.56366 && x[1]>0.06596 && x[1]< 0.2836"], "height": 0.41, "width": 1.6, "inflow_peak": 1.01}