{"nodes": 2056, "object_boundaries": ["on_boundary && x[0]>0.31618 && x[0]< 0.53744 && x[1]>-0.00747 && x[1]< 0.22863"], "height": 0.41, "width": 1.6, "inflow_peak": 0.15}