{"nodes": 2127, "cells": 4036, "object_boundaries": ["on_boundary && x[0]>0.36357 && x[0]< 0.57653 && x[1]>0.11701 && x[1]< 0.32997"], "height": 0.41, "width": 1.6, "inflow_peak": 0.46}