{"nodes": 2169, "object_boundaries": ["on_boundary && x[0]>0.24354 && x[0]< 0.4249 && x[1]>0.1189 && x[1]< 0.30026"], "height": 0.41, "width": 1.6, "inflow_peak": 0.74}