{"nodes": 2426, "object_boundaries": ["on_boundary && x[0]>0.25785 && x[0]< 0.49293 && x[1]>0.08154 && x[1]< 0.31662", "on_boundary && x[0]>0.73587 && x[0]< 0.92997 && x[1]>0.03499 && x[1]< 0.22909"], "height": 0.41, "width": 1.6, "inflow_peak": 1.57}