{"nodes": 2379, "cells": 4519, "object_boundaries": ["on_boundary && x[0]>0.40902 && x[0]< 0.54839 && x[1]>0.10458 && x[1]< 0.24395", "on_boundary && x[0]>0.72129 && x[0]< 0.78774 && x[1]>0.25586 && x[1]< 0.3223"], "height": 0.41, "width": 1.6, "inflow_peak": 0.496}