{"nodes": 1897, "object_boundaries": ["on_boundary && x[0]>0.05395 && x[0]< 0.27804 && x[1]>0.0764 && x[1]< 0.30048"], "height": 0.41, "width": 1.6, "inflow_peak": 0.79}