{"nodes": 1989, "cells": 3767, "object_boundaries": ["on_boundary && x[0]>0.15168 && x[0]< 0.34539 && x[1]>0.10721 && x[1]< 0.30092"], "height": 0.41, "width": 1.6, "inflow_peak": 2.23}