{"nodes": 2356, "cells": 4488, "object_boundaries": ["on_boundary && x[0]>0.18067 && x[0]< 0.26329 && x[1]>0.20602 && x[1]< 0.28864", "on_boundary && x[0]>0.75484 && x[0]< 0.8314 && x[1]>0.2028 && x[1]< 0.27936"], "height": 0.41, "width": 1.6, "inflow_peak": 1.837}