{"nodes": 2448, "object_boundaries": ["on_boundary && x[0]>0.27909 && x[0]< 0.52992 && x[1]>0.04486 && x[1]< 0.29569", "on_boundary && x[0]>0.91265 && x[0]< 1.0773 && x[1]>0.05349 && x[1]< 0.21813"], "height": 0.41, "width": 1.6, "inflow_peak": 1.04}