{"nodes": 3317, "object_boundaries": ["on_boundary && x[0]>0.35644 && x[0]< 0.53835 && x[1]>0.10231 && x[1]< 0.28421", "on_boundary && x[0]>0.72034 && x[0]< 0.93022 && x[1]>0.08329 && x[1]< 0.29317"], "height": 0.41, "width": 1.6, "inflow_peak": 0.67}