{"nodes": 1945, "object_boundaries": ["on_boundary && x[0]>0.10734 && x[0]< 0.3309 && x[1]>0.1145 && x[1]< 0.33805"], "height": 0.41, "width": 1.6, "inflow_peak": 1.48}