{"nodes": 2083, "object_boundaries": ["on_boundary && x[0]>0.09124 && x[0]< 0.27773 && x[1]>0.10818 && x[1]< 0.29468"], "height": 0.41, "width": 1.6, "inflow_peak": 1.064}