{"nodes": 2241, "object_boundaries": ["on_boundary && x[0]>0.09772 && x[0]< 0.24878 && x[1]>0.18179 && x[1]< 0.33285"], "height": 0.41, "width": 1.6, "inflow_peak": 1.102}