{"nodes": 2011, "cells": 3811, "object_boundaries": ["on_boundary && x[0]>0.21729 && x[0]< 0.32016 && x[1]>0.11512 && x[1]< 0.21799"], "height": 0.41, "width": 1.6, "inflow_peak": 1.359}