{"nodes": 2040, "cells": 3865, "object_boundaries": ["on_boundary && x[0]>0.25904 && x[0]< 0.42229 && x[1]>0.05042 && x[1]< 0.29156"], "height": 0.41, "width": 1.6, "inflow_peak": 0.77}