{"nodes": 2029, "cells": 3833, "object_boundaries": ["on_boundary && x[0]>0.14255 && x[0]< 0.2998 && x[1]>0.20604 && x[1]< 0.34048"], "height": 0.41, "width": 1.6, "inflow_peak": 1.533}