{"nodes": 2147, "object_boundaries": ["on_boundary && x[0]>0.23484 && x[0]< 0.48069 && x[1]>0.0621 && x[1]< 0.22143"], "height": 0.41, "width": 1.6, "inflow_peak": 0.79}