{"nodes": 1977, "object_boundaries": ["on_boundary && x[0]>0.11306 && x[0]< 0.28912 && x[1]>0.03888 && x[1]< 0.26873"], "height": 0.41, "width": 1.6, "inflow_peak": 1.73}