{"nodes": 1745, "object_boundaries": ["on_boundary && x[0]>0.13535 && x[0]< 0.31506 && x[1]>0.06889 && x[1]< 0.2217"], "height": 0.41, "width": 1.6, "inflow_peak": 0.71}