{"nodes": 1953, "object_boundaries": ["on_boundary && x[0]>0.17843 && x[0]< 0.39933 && x[1]>0.13915 && x[1]< 0.36005"], "height": 0.41, "width": 1.6, "inflow_peak": 0.45}