{"nodes": 1726, "object_boundaries": ["on_boundary && x[0]>0.20898 && x[0]< 0.41039 && x[1]>0.02655 && x[1]< 0.22796"], "height": 0.41, "width": 1.6, "inflow_peak": 2.08}