{"nodes": 2007, "cells": 3805, "object_boundaries": ["on_boundary && x[0]>0.10242 && x[0]< 0.28509 && x[1]>0.20114 && x[1]< 0.38092"], "height": 0.41, "width": 1.6, "inflow_peak": 1.42}