{"nodes": 1937, "cells": 3677, "object_boundaries": ["on_boundary && x[0]>0.20353 && x[0]< 0.26268 && x[1]>0.07952 && x[1]< 0.13867"], "height": 0.41, "width": 1.6, "inflow_peak": 0.718}