{"nodes": 2204, "object_boundaries": ["on_boundary && x[0]>0.30701 && x[0]< 0.47567 && x[1]>0.01567 && x[1]< 0.18433"], "height": 0.41, "width": 1.6, "inflow_peak": 1.257}