{"nodes": 2343, "object_boundaries": ["on_boundary && x[0]>0.22841 && x[0]< 0.37071 && x[1]>0.04541 && x[1]< 0.18771"], "height": 0.41, "width": 1.6, "inflow_peak": 1.121}