{"nodes": 2075, "object_boundaries": ["on_boundary && x[0]>0.2611 && x[0]< 0.45541 && x[1]>0.20285 && x[1]< 0.39715"], "height": 0.41, "width": 1.6, "inflow_peak": 1.162}