{"nodes": 1884, "object_boundaries": ["on_boundary && x[0]>0.36572 && x[0]< 0.6096 && x[1]>0.10423 && x[1]< 0.3481"], "height": 0.41, "width": 1.6, "inflow_peak": 0.946}