{"nodes": 1817, "object_boundaries": ["on_boundary && x[0]>0.39246 && x[0]< 0.56084 && x[1]>0.07696 && x[1]< 0.24533"], "height": 0.41, "width": 1.6, "inflow_peak": 0.48}