{"nodes": 2102, "cells": 3982, "object_boundaries": ["on_boundary && x[0]>0.14133 && x[0]< 0.37245 && x[1]>0.0729 && x[1]< 0.30403"], "height": 0.41, "width": 1.6, "inflow_peak": 0.52}