{"nodes": 1701, "object_boundaries": ["on_boundary && x[0]>0.24981 && x[0]< 0.46746 && x[1]>0.10367 && x[1]< 0.32644"], "height": 0.41, "width": 1.6, "inflow_peak": 1.55}