{"nodes": 1915, "object_boundaries": ["on_boundary && x[0]>0.28707 && x[0]< 0.52119 && x[1]>0.02356 && x[1]< 0.25767"], "height": 0.41, "width": 1.6, "inflow_peak": 2.19}