{"nodes": 2186, "object_boundaries": ["on_boundary && x[0]>0.34206 && x[0]< 0.51121 && x[1]>0.18426 && x[1]< 0.35982"], "height": 0.41, "width": 1.6, "inflow_peak": 1.75}