{"nodes": 1767, "object_boundaries": ["on_boundary && x[0]>0.35324 && x[0]< 0.56895 && x[1]>0.1315 && x[1]< 0.34761"], "height": 0.41, "width": 1.6, "inflow_peak": 0.91}