{"nodes": 2135, "cells": 4043, "object_boundaries": ["on_boundary && x[0]>0.37163 && x[0]< 0.52337 && x[1]>0.09507 && x[1]< 0.24681"], "height": 0.41, "width": 1.6, "inflow_peak": 1.765}