{"nodes": 2195, "object_boundaries": ["on_boundary && x[0]>0.23736 && x[0]< 0.41724 && x[1]>0.15482 && x[1]< 0.3347"], "height": 0.41, "width": 1.6, "inflow_peak": 0.84}