{"nodes": 2102, "object_boundaries": ["on_boundary && x[0]>0.3953 && x[0]< 0.58448 && x[1]>0.08199 && x[1]< 0.27118"], "height": 0.41, "width": 1.6, "inflow_peak": 1.645}