{"nodes": 2059, "cells": 3907, "object_boundaries": ["on_boundary && x[0]>0.27782 && x[0]< 0.46859 && x[1]>0.0992 && x[1]< 0.28997"], "height": 0.41, "width": 1.6, "inflow_peak": 0.651}