{"nodes": 2064, "object_boundaries": ["on_boundary && x[0]>0.15323 && x[0]< 0.35159 && x[1]>0.12835 && x[1]< 0.32671"], "height": 0.41, "width": 1.6, "inflow_peak": 0.681}