{"nodes": 2068, "object_boundaries": ["on_boundary && x[0]>0.39717 && x[0]< 0.59008 && x[1]>0.08288 && x[1]< 0.27579"], "height": 0.41, "width": 1.6, "inflow_peak": 1.611}