{"nodes": 2341, "object_boundaries": ["on_boundary && x[0]>0.43419 && x[0]< 0.58626 && x[1]>0.09544 && x[1]< 0.2475"], "height": 0.41, "width": 1.6, "inflow_peak": 1.575}