{"nodes": 2004, "object_boundaries": ["on_boundary && x[0]>0.17923 && x[0]< 0.39519 && x[1]>0.07449 && x[1]< 0.29045"], "height": 0.41, "width": 1.6, "inflow_peak": 1.376}