{"nodes": 1973, "object_boundaries": ["on_boundary && x[0]>0.06155 && x[0]< 0.26739 && x[1]>0.11832 && x[1]< 0.32416"], "height": 0.41, "width": 1.6, "inflow_peak": 0.348}