{"nodes": 2029, "cells": 3840, "object_boundaries": ["on_boundary && x[0]>0.1098 && x[0]< 0.303 && x[1]>0.18012 && x[1]< 0.41337"], "height": 0.41, "width": 1.6, "inflow_peak": 1.56}