{"nodes": 1872, "object_boundaries": ["on_boundary && x[0]>0.20351 && x[0]< 0.44492 && x[1]>0.09201 && x[1]< 0.34878", "on_boundary && x[0]>0.78132 && x[0]< 0.9726 && x[1]>0.17548 && x[1]< 0.36111"], "height": 0.41, "width": 1.6, "inflow_peak": 1.58}