{"nodes": 1689, "object_boundaries": ["on_boundary && x[0]>0.08988 && x[0]< 0.41887 && x[1]>0.04379 && x[1]< 0.24538"], "height": 0.41, "width": 1.6, "inflow_peak": 0.81}