{"nodes": 1987, "object_boundaries": ["on_boundary && x[0]>0.38027 && x[0]< 0.58915 && x[1]>0.01977 && x[1]< 0.22865"], "height": 0.41, "width": 1.6, "inflow_peak": 1.92}