{"nodes": 1688, "object_boundaries": ["on_boundary && x[0]>0.33047 && x[0]< 0.51375 && x[1]>0.03558 && x[1]< 0.22128"], "height": 0.41, "width": 1.6, "inflow_peak": 1.27}