{"nodes": 2352, "object_boundaries": ["on_boundary && x[0]>0.37901 && x[0]< 0.52042 && x[1]>0.12623 && x[1]< 0.26764"], "height": 0.41, "width": 1.6, "inflow_peak": 0.97}