{"nodes": 2381, "object_boundaries": ["on_boundary && x[0]>0.2305 && x[0]< 0.37076 && x[1]>0.12875 && x[1]< 0.26901"], "height": 0.41, "width": 1.6, "inflow_peak": 0.97}