{"nodes": 2137, "object_boundaries": ["on_boundary && x[0]>0.16795 && x[0]< 0.31127 && x[1]>0.027 && x[1]< 0.23825"], "height": 0.41, "width": 1.6, "inflow_peak": 0.75}