{"nodes": 1702, "object_boundaries": ["on_boundary && x[0]>0.10477 && x[0]< 0.28314 && x[1]>0.09579 && x[1]< 0.29897"], "height": 0.41, "width": 1.6, "inflow_peak": 1.08}