{"nodes": 1877, "object_boundaries": ["on_boundary && x[0]>0.1369 && x[0]< 0.35537 && x[1]>-0.02062 && x[1]< 0.22188"], "height": 0.41, "width": 1.6, "inflow_peak": 1.55}