{"nodes": 2113, "cells": 4012, "object_boundaries": ["on_boundary && x[0]>0.28004 && x[0]< 0.38331 && x[1]>0.21543 && x[1]< 0.32826"], "height": 0.41, "width": 1.6, "inflow_peak": 1.323}