{"nodes": 1945, "object_boundaries": ["on_boundary && x[0]>0.10562 && x[0]< 0.33481 && x[1]>0.1918 && x[1]< 0.40809"], "height": 0.41, "width": 1.6, "inflow_peak": 0.61}