{"nodes": 2121, "cells": 4032, "object_boundaries": ["on_boundary && x[0]>0.27643 && x[0]< 0.46852 && x[1]>0.04422 && x[1]< 0.23206"], "height": 0.41, "width": 1.6, "inflow_peak": 0.38}