{"nodes": 2077, "cells": 3925, "object_boundaries": ["on_boundary && x[0]>0.16978 && x[0]< 0.41723 && x[1]>0.13505 && x[1]< 0.3825"], "height": 0.41, "width": 1.6, "inflow_peak": 0.558}