{"nodes": 2088, "cells": 3970, "object_boundaries": ["on_boundary && x[0]>0.31565 && x[0]< 0.39683 && x[1]>0.2199 && x[1]< 0.30108"], "height": 0.41, "width": 1.6, "inflow_peak": 0.544}