{"nodes": 1649, "object_boundaries": ["on_boundary && x[0]>0.16913 && x[0]< 0.42594 && x[1]>0.06853 && x[1]< 0.31168"], "height": 0.41, "width": 1.6, "inflow_peak": 1.77}