{"nodes": 2010, "object_boundaries": ["on_boundary && x[0]>0.14666 && x[0]< 0.34194 && x[1]>0.06631 && x[1]< 0.26806"], "height": 0.41, "width": 1.6, "inflow_peak": 1.46}