{"nodes": 2072, "cells": 3931, "object_boundaries": ["on_boundary && x[0]>0.31911 && x[0]< 0.43971 && x[1]>0.16555 && x[1]< 0.2607"], "height": 0.41, "width": 1.6, "inflow_peak": 1.904}