{"nodes": 2243, "object_boundaries": ["on_boundary && x[0]>0.21624 && x[0]< 0.39669 && x[1]>0.14081 && x[1]< 0.31088", "on_boundary && x[0]>0.70969 && x[0]< 0.90762 && x[1]>0.00771 && x[1]< 0.19229"], "height": 0.41, "width": 1.6, "inflow_peak": 1.52}