{"nodes": 1992, "object_boundaries": ["on_boundary && x[0]>0.14908 && x[0]< 0.32446 && x[1]>0.1526 && x[1]< 0.39209"], "height": 0.41, "width": 1.6, "inflow_peak": 2.04}