{"nodes": 1932, "object_boundaries": ["on_boundary && x[0]>0.28604 && x[0]< 0.42658 && x[1]>0.2017 && x[1]< 0.34224"], "height": 0.41, "width": 1.6, "inflow_peak": 1.304}