{"nodes": 2069, "object_boundaries": ["on_boundary && x[0]>0.24945 && x[0]< 0.44809 && x[1]>0.07233 && x[1]< 0.27097"], "height": 0.41, "width": 1.6, "inflow_peak": 0.845}