{"nodes": 2268, "object_boundaries": ["on_boundary && x[0]>0.25606 && x[0]< 0.42505 && x[1]>0.13421 && x[1]< 0.3032"], "height": 0.41, "width": 1.6, "inflow_peak": 1.345}