{"nodes": 2504, "object_boundaries": ["on_boundary && x[0]>0.29587 && x[0]< 0.41587 && x[1]>0.23357 && x[1]< 0.35357"], "height": 0.41, "width": 1.6, "inflow_peak": 1.467}