{"nodes": 2068, "object_boundaries": ["on_boundary && x[0]>0.26334 && x[0]< 0.38334 && x[1]>0.10771 && x[1]< 0.22771"], "height": 0.41, "width": 1.6, "inflow_peak": 2.03}