{"nodes": 2372, "cells": 4497, "object_boundaries": ["on_boundary && x[0]>0.05149 && x[0]< 0.30956 && x[1]>-0.02175 && x[1]< 0.23631", "on_boundary && x[0]>0.7364 && x[0]< 0.89104 && x[1]>0.1462 && x[1]< 0.30084"], "height": 0.41, "width": 1.6, "inflow_peak": 0.94}