{"nodes": 1877, "object_boundaries": ["on_boundary && x[0]>0.24575 && x[0]< 0.49069 && x[1]>0.0487 && x[1]< 0.29364"], "height": 0.41, "width": 1.6, "inflow_peak": 1.46}