{"nodes": 2004, "object_boundaries": ["on_boundary && x[0]>0.41797 && x[0]< 0.64203 && x[1]>0.05318 && x[1]< 0.27725"], "height": 0.41, "width": 1.6, "inflow_peak": 0.15}