{"nodes": 2029, "cells": 3831, "object_boundaries": ["on_boundary && x[0]>0.13443 && x[0]< 0.37798 && x[1]>0.00634 && x[1]< 0.24989"], "height": 0.41, "width": 1.6, "inflow_peak": 2.19}