{"nodes": 2123, "object_boundaries": ["on_boundary && x[0]>0.12147 && x[0]< 0.29795 && x[1]>0.21155 && x[1]< 0.38802"], "height": 0.41, "width": 1.6, "inflow_peak": 1.1}