{"nodes": 2031, "cells": 3847, "object_boundaries": ["on_boundary && x[0]>0.19403 && x[0]< 0.30779 && x[1]>0.17744 && x[1]< 0.2912"], "height": 0.41, "width": 1.6, "inflow_peak": 1.93}