{"nodes": 2111, "object_boundaries": ["on_boundary && x[0]>0.18994 && x[0]< 0.37646 && x[1]>0.15096 && x[1]< 0.33748"], "height": 0.41, "width": 1.6, "inflow_peak": 0.95}