{"nodes": 2005, "cells": 3798, "object_boundaries": ["on_boundary && x[0]>0.19072 && x[0]< 0.29636 && x[1]>0.10579 && x[1]< 0.21144"], "height": 0.41, "width": 1.6, "inflow_peak": 1.832}