{"nodes": 1697, "object_boundaries": ["on_boundary && x[0]>0.11995 && x[0]< 0.34945 && x[1]>0.00244 && x[1]< 0.27489"], "height": 0.41, "width": 1.6, "inflow_peak": 1.6}