{"nodes": 2065, "object_boundaries": ["on_boundary && x[0]>0.25492 && x[0]< 0.4469 && x[1]>0.13835 && x[1]< 0.36385", "on_boundary && x[0]>0.73873 && x[0]< 0.95074 && x[1]>0.08286 && x[1]< 0.26418"], "height": 0.41, "width": 1.6, "inflow_peak": 0.95}