{"nodes": 2672, "object_boundaries": ["on_boundary && x[0]>0.17205 && x[0]< 0.34467 && x[1]>0.07914 && x[1]< 0.27459", "on_boundary && x[0]>0.73378 && x[0]< 0.91245 && x[1]>0.10852 && x[1]< 0.33297"], "height": 0.41, "width": 1.6, "inflow_peak": 0.92}