{"nodes": 2216, "object_boundaries": ["on_boundary && x[0]>0.16729 && x[0]< 0.3404 && x[1]>0.08537 && x[1]< 0.24558"], "height": 0.41, "width": 1.6, "inflow_peak": 0.54}