{"nodes": 2020, "cells": 3836, "object_boundaries": ["on_boundary && x[0]>0.35541 && x[0]< 0.49634 && x[1]>0.12868 && x[1]< 0.32212"], "height": 0.41, "width": 1.6, "inflow_peak": 2.04}