{"nodes": 2109, "object_boundaries": ["on_boundary && x[0]>0.26935 && x[0]< 0.42131 && x[1]>0.06548 && x[1]< 0.29506"], "height": 0.41, "width": 1.6, "inflow_peak": 0.43}