{"nodes": 2181, "object_boundaries": ["on_boundary && x[0]>0.18978 && x[0]< 0.34925 && x[1]>0.05439 && x[1]< 0.22841"], "height": 0.41, "width": 1.6, "inflow_peak": 1.73}