{"nodes": 1703, "object_boundaries": ["on_boundary && x[0]>0.17488 && x[0]< 0.43419 && x[1]>0.04949 && x[1]< 0.33198"], "height": 0.41, "width": 1.6, "inflow_peak": 0.98}