{"nodes": 2129, "cells": 4040, "object_boundaries": ["on_boundary && x[0]>0.37556 && x[0]< 0.58334 && x[1]>0.06878 && x[1]< 0.27656"], "height": 0.41, "width": 1.6, "inflow_peak": 1.66}