{"nodes": 1676, "object_boundaries": ["on_boundary && x[0]>0.17937 && x[0]< 0.45663 && x[1]>0.02604 && x[1]< 0.31581"], "height": 0.41, "width": 1.6, "inflow_peak": 0.84}