{"nodes": 2107, "object_boundaries": ["on_boundary && x[0]>0.05123 && x[0]< 0.26609 && x[1]>0.14147 && x[1]< 0.32276", "on_boundary && x[0]>0.64924 && x[0]< 0.863 && x[1]>0.04099 && x[1]< 0.24272"], "height": 0.41, "width": 1.6, "inflow_peak": 2.03}