{"nodes": 2101, "object_boundaries": ["on_boundary && x[0]>0.34593 && x[0]< 0.46593 && x[1]>0.07665 && x[1]< 0.34026"], "height": 0.41, "width": 1.6, "inflow_peak": 1.32}