{"nodes": 2564, "object_boundaries": ["on_boundary && x[0]>0.05916 && x[0]< 0.20084 && x[1]>0.10277 && x[1]< 0.28793", "on_boundary && x[0]>0.74295 && x[0]< 0.94403 && x[1]>0.00386 && x[1]< 0.19614"], "height": 0.41, "width": 1.6, "inflow_peak": 1.06}