{"nodes": 2204, "object_boundaries": ["on_boundary && x[0]>0.18325 && x[0]< 0.35522 && x[1]>0.13991 && x[1]< 0.31188"], "height": 0.41, "width": 1.6, "inflow_peak": 0.966}