{"nodes": 1924, "object_boundaries": ["on_boundary && x[0]>0.13646 && x[0]< 0.36068 && x[1]>0.02529 && x[1]< 0.2495"], "height": 0.41, "width": 1.6, "inflow_peak": 1.005}