{"nodes": 2177, "object_boundaries": ["on_boundary && x[0]>0.25019 && x[0]< 0.42283 && x[1]>0.04978 && x[1]< 0.22242"], "height": 0.41, "width": 1.6, "inflow_peak": 1.416}