{"nodes": 2039, "cells": 3876, "object_boundaries": ["on_boundary && x[0]>0.38597 && x[0]< 0.46077 && x[1]>0.1496 && x[1]< 0.2244"], "height": 0.41, "width": 1.6, "inflow_peak": 1.914}