{"nodes": 1992, "cells": 3774, "object_boundaries": ["on_boundary && x[0]>0.07516 && x[0]< 0.26756 && x[1]>0.02636 && x[1]< 0.21876"], "height": 0.41, "width": 1.6, "inflow_peak": 0.73}