{"nodes": 1628, "object_boundaries": ["on_boundary && x[0]>-0.04448 && x[0]< 0.34284 && x[1]>0.02374 && x[1]< 0.41106"], "height": 0.41, "width": 1.6, "inflow_peak": 0.35}