{"nodes": 1969, "object_boundaries": ["on_boundary && x[0]>0.1708 && x[0]< 0.38631 && x[1]>0.15154 && x[1]< 0.36705"], "height": 0.41, "width": 1.6, "inflow_peak": 1.807}