{"nodes": 2203, "object_boundaries": ["on_boundary && x[0]>0.2676 && x[0]< 0.43843 && x[1]>0.05422 && x[1]< 0.22505"], "height": 0.41, "width": 1.6, "inflow_peak": 0.559}