{"nodes": 1905, "object_boundaries": ["on_boundary && x[0]>0.25661 && x[0]< 0.49557 && x[1]>0.05532 && x[1]< 0.29428"], "height": 0.41, "width": 1.6, "inflow_peak": 1.877}