{"nodes": 1961, "cells": 3726, "object_boundaries": ["on_boundary && x[0]>0.30882 && x[0]< 0.36495 && x[1]>0.09605 && x[1]< 0.15218"], "height": 0.41, "width": 1.6, "inflow_peak": 1.903}