{"nodes": 2484, "object_boundaries": ["on_boundary && x[0]>0.22466 && x[0]< 0.34751 && x[1]>0.13877 && x[1]< 0.26161"], "height": 0.41, "width": 1.6, "inflow_peak": 1.6}