{"nodes": 1880, "object_boundaries": ["on_boundary && x[0]>0.25819 && x[0]< 0.39993 && x[1]>0.094 && x[1]< 0.23574"], "height": 0.41, "width": 1.6, "inflow_peak": 0.49}