{"nodes": 2214, "object_boundaries": ["on_boundary && x[0]>0.35997 && x[0]< 0.58615 && x[1]>0.00676 && x[1]< 0.23294", "on_boundary && x[0]>0.56177 && x[0]< 0.76072 && x[1]>0.02196 && x[1]< 0.2209"], "height": 0.41, "width": 1.6, "inflow_peak": 0.35}