{"nodes": 1968, "cells": 3739, "object_boundaries": ["on_boundary && x[0]>0.30726 && x[0]< 0.36715 && x[1]>0.25583 && x[1]< 0.31572"], "height": 0.41, "width": 1.6, "inflow_peak": 2.199}