{"nodes": 1987, "cells": 3754, "object_boundaries": ["on_boundary && x[0]>0.06473 && x[0]< 0.28633 && x[1]>0.042 && x[1]< 0.2636"], "height": 0.41, "width": 1.6, "inflow_peak": 2.02}