{"nodes": 2178, "object_boundaries": ["on_boundary && x[0]>0.20904 && x[0]< 0.46602 && x[1]>0.0811 && x[1]< 0.33807", "on_boundary && x[0]>0.66369 && x[0]< 0.87405 && x[1]>0.17283 && x[1]< 0.38319"], "height": 0.41, "width": 1.6, "inflow_peak": 1.62}