{"nodes": 2607, "object_boundaries": ["on_boundary && x[0]>0.24501 && x[0]< 0.43255 && x[1]>0.12019 && x[1]< 0.30774", "on_boundary && x[0]>0.82593 && x[0]< 1.00232 && x[1]>0.17821 && x[1]< 0.3546"], "height": 0.41, "width": 1.6, "inflow_peak": 1.47}