{"nodes": 2095, "object_boundaries": ["on_boundary && x[0]>0.38891 && x[0]< 0.60766 && x[1]>0.14402 && x[1]< 0.36277", "on_boundary && x[0]>0.57807 && x[0]< 0.81423 && x[1]>0.17554 && x[1]< 0.4117"], "height": 0.41, "width": 1.6, "inflow_peak": 0.65}