{"nodes": 2560, "object_boundaries": ["on_boundary && x[0]>0.16216 && x[0]< 0.36036 && x[1]>0.10182 && x[1]< 0.30003", "on_boundary && x[0]>0.63678 && x[0]< 0.83241 && x[1]>0.15271 && x[1]< 0.34835"], "height": 0.41, "width": 1.6, "inflow_peak": 1.83}