{"nodes": 2070, "object_boundaries": ["on_boundary && x[0]>0.36718 && x[0]< 0.54861 && x[1]>0.14435 && x[1]< 0.32579"], "height": 0.41, "width": 1.6, "inflow_peak": 1.02}