{"nodes": 1902, "object_boundaries": ["on_boundary && x[0]>0.30591 && x[0]< 0.53086 && x[1]>0.01372 && x[1]< 0.26559"], "height": 0.41, "width": 1.6, "inflow_peak": 1.63}