{"nodes": 2170, "cells": 4126, "object_boundaries": ["on_boundary && x[0]>0.25382 && x[0]< 0.49761 && x[1]>0.21719 && x[1]< 0.36098"], "height": 0.41, "width": 1.6, "inflow_peak": 0.31}