{"nodes": 2004, "cells": 3785, "object_boundaries": ["on_boundary && x[0]>0.14494 && x[0]< 0.26657 && x[1]>0.16496 && x[1]< 0.32077"], "height": 0.41, "width": 1.6, "inflow_peak": 1.008}