{"nodes": 1930, "object_boundaries": ["on_boundary && x[0]>0.22111 && x[0]< 0.403 && x[1]>-0.01268 && x[1]< 0.25692"], "height": 0.41, "width": 1.6, "inflow_peak": 1.71}