{"nodes": 2403, "cells": 4572, "object_boundaries": ["on_boundary && x[0]>0.28475 && x[0]< 0.47395 && x[1]>0.05593 && x[1]< 0.24513", "on_boundary && x[0]>0.74486 && x[0]< 0.92845 && x[1]>0.18634 && x[1]< 0.36993"], "height": 0.41, "width": 1.6, "inflow_peak": 1.64}