{"nodes": 1798, "object_boundaries": ["on_boundary && x[0]>0.1136 && x[0]< 0.37135 && x[1]>0.10408 && x[1]< 0.36184"], "height": 0.41, "width": 1.6, "inflow_peak": 1.19}