{"nodes": 2061, "object_boundaries": ["on_boundary && x[0]>0.14687 && x[0]< 0.34649 && x[1]>0.12248 && x[1]< 0.32211"], "height": 0.41, "width": 1.6, "inflow_peak": 1.51}