{"nodes": 2519, "object_boundaries": ["on_boundary && x[0]>0.39179 && x[0]< 0.60183 && x[1]>0.0429 && x[1]< 0.25294", "on_boundary && x[0]>0.57543 && x[0]< 0.72622 && x[1]>0.12209 && x[1]< 0.27288"], "height": 0.41, "width": 1.6, "inflow_peak": 0.99}