{"nodes": 2113, "cells": 4020, "object_boundaries": ["on_boundary && x[0]>0.45237 && x[0]< 0.52178 && x[1]>0.1747 && x[1]< 0.24412"], "height": 0.41, "width": 1.6, "inflow_peak": 0.511}