{"nodes": 1735, "object_boundaries": ["on_boundary && x[0]>0.16485 && x[0]< 0.37055 && x[1]>0.05306 && x[1]< 0.25877"], "height": 0.41, "width": 1.6, "inflow_peak": 0.42}