{"nodes": 1974, "object_boundaries": ["on_boundary && x[0]>0.34256 && x[0]< 0.56843 && x[1]>0.09682 && x[1]< 0.32268"], "height": 0.41, "width": 1.6, "inflow_peak": 0.97}