{"nodes": 1921, "object_boundaries": ["on_boundary && x[0]>0.01926 && x[0]< 0.24074 && x[1]>0.15724 && x[1]< 0.37873"], "height": 0.41, "width": 1.6, "inflow_peak": 2.35}