{"nodes": 2045, "cells": 3886, "object_boundaries": ["on_boundary && x[0]>0.34315 && x[0]< 0.51496 && x[1]>0.10364 && x[1]< 0.27011"], "height": 0.41, "width": 1.6, "inflow_peak": 1.45}