{"nodes": 2295, "object_boundaries": ["on_boundary && x[0]>0.10963 && x[0]< 0.25709 && x[1]>0.11286 && x[1]< 0.25776"], "height": 0.41, "width": 1.6, "inflow_peak": 2.17}