{"nodes": 2187, "object_boundaries": ["on_boundary && x[0]>0.17059 && x[0]< 0.4015 && x[1]>0.02277 && x[1]< 0.21098", "on_boundary && x[0]>0.75375 && x[0]< 0.92674 && x[1]>0.15037 && x[1]< 0.31924"], "height": 0.41, "width": 1.6, "inflow_peak": 1.38}