{"nodes": 2182, "object_boundaries": ["on_boundary && x[0]>0.14409 && x[0]< 0.31151 && x[1]>0.08415 && x[1]< 0.26368", "on_boundary && x[0]>0.59672 && x[0]< 0.78334 && x[1]>0.05227 && x[1]< 0.25088"], "height": 0.41, "width": 1.6, "inflow_peak": 1.26}