{"nodes": 1891, "object_boundaries": ["on_boundary && x[0]>0.16159 && x[0]< 0.39717 && x[1]>0.04387 && x[1]< 0.27944"], "height": 0.41, "width": 1.6, "inflow_peak": 0.599}