{"nodes": 1957, "object_boundaries": ["on_boundary && x[0]>0.26553 && x[0]< 0.4909 && x[1]>0.16084 && x[1]< 0.3862"], "height": 0.41, "width": 1.6, "inflow_peak": 1.007}