{"nodes": 2155, "object_boundaries": ["on_boundary && x[0]>0.05357 && x[0]< 0.28679 && x[1]>0.0853 && x[1]< 0.31852"], "height": 0.41, "width": 1.6, "inflow_peak": 0.15}