{"nodes": 2048, "cells": 3874, "object_boundaries": ["on_boundary && x[0]>0.10012 && x[0]< 0.3276 && x[1]>0.09219 && x[1]< 0.31966"], "height": 0.41, "width": 1.6, "inflow_peak": 1.724}