{"nodes": 2077, "object_boundaries": ["on_boundary && x[0]>0.04012 && x[0]< 0.29029 && x[1]>0.13295 && x[1]< 0.38312"], "height": 0.41, "width": 1.6, "inflow_peak": 1.22}