{"nodes": 2016, "object_boundaries": ["on_boundary && x[0]>0.23756 && x[0]< 0.44415 && x[1]>0.01237 && x[1]< 0.21896"], "height": 0.41, "width": 1.6, "inflow_peak": 0.818}