{"nodes": 2037, "cells": 3855, "object_boundaries": ["on_boundary && x[0]>0.18072 && x[0]< 0.39792 && x[1]>0.12282 && x[1]< 0.34003"], "height": 0.41, "width": 1.6, "inflow_peak": 0.558}