{"nodes": 2053, "object_boundaries": ["on_boundary && x[0]>0.11822 && x[0]< 0.30176 && x[1]>0.03382 && x[1]< 0.21736"], "height": 0.41, "width": 1.6, "inflow_peak": 1.692}