{"nodes": 2047, "cells": 3863, "object_boundaries": ["on_boundary && x[0]>0.18276 && x[0]< 0.34655 && x[1]>0.19202 && x[1]< 0.3558"], "height": 0.41, "width": 1.6, "inflow_peak": 0.77}