{"nodes": 1772, "object_boundaries": ["on_boundary && x[0]>0.22965 && x[0]< 0.4184 && x[1]>0.03218 && x[1]< 0.22093"], "height": 0.41, "width": 1.6, "inflow_peak": 1.34}