{"nodes": 1746, "object_boundaries": ["on_boundary && x[0]>0.2653 && x[0]< 0.47181 && x[1]>0.16799 && x[1]< 0.37449"], "height": 0.41, "width": 1.6, "inflow_peak": 0.98}