{"nodes": 2063, "cells": 3912, "object_boundaries": ["on_boundary && x[0]>0.30117 && x[0]< 0.49721 && x[1]>0.06689 && x[1]< 0.27173"], "height": 0.41, "width": 1.6, "inflow_peak": 1.88}