{"nodes": 2034, "cells": 3854, "object_boundaries": ["on_boundary && x[0]>0.25127 && x[0]< 0.31565 && x[1]>0.02739 && x[1]< 0.17589"], "height": 0.41, "width": 1.6, "inflow_peak": 2.219}