{"nodes": 2378, "object_boundaries": ["on_boundary && x[0]>0.33948 && x[0]< 0.52957 && x[1]>0.15231 && x[1]< 0.30083"], "height": 0.41, "width": 1.6, "inflow_peak": 0.41}