{"nodes": 2079, "object_boundaries": ["on_boundary && x[0]>0.33743 && x[0]< 0.53971 && x[1]>0.07269 && x[1]< 0.27498"], "height": 0.41, "width": 1.6, "inflow_peak": 0.26}