{"nodes": 2275, "object_boundaries": ["on_boundary && x[0]>0.32292 && x[0]< 0.48251 && x[1]>0.20004 && x[1]< 0.35962"], "height": 0.41, "width": 1.6, "inflow_peak": 1.41}