{"nodes": 2358, "cells": 4468, "object_boundaries": ["on_boundary && x[0]>0.06005 && x[0]< 0.26293 && x[1]>0.04768 && x[1]< 0.25056", "on_boundary && x[0]>0.56745 && x[0]< 0.78178 && x[1]>0.07053 && x[1]< 0.28487"], "height": 0.41, "width": 1.6, "inflow_peak": 1.87}