{"nodes": 1821, "object_boundaries": ["on_boundary && x[0]>0.12388 && x[0]< 0.37544 && x[1]>0.016 && x[1]< 0.26755"], "height": 0.41, "width": 1.6, "inflow_peak": 0.79}