{"nodes": 1919, "object_boundaries": ["on_boundary && x[0]>0.2186 && x[0]< 0.45308 && x[1]>0.08609 && x[1]< 0.32058"], "height": 0.41, "width": 1.6, "inflow_peak": 1.04}