{"nodes": 1975, "object_boundaries": ["on_boundary && x[0]>0.26926 && x[0]< 0.46855 && x[1]>0.0354 && x[1]< 0.26921"], "height": 0.41, "width": 1.6, "inflow_peak": 0.63}