{"nodes": 1818, "object_boundaries": ["on_boundary && x[0]>0.14411 && x[0]< 0.36361 && x[1]>0.11784 && x[1]< 0.39784"], "height": 0.41, "width": 1.6, "inflow_peak": 1.42}