{"nodes": 1949, "object_boundaries": ["on_boundary && x[0]>0.21665 && x[0]< 0.46722 && x[1]>0.17737 && x[1]< 0.38564"], "height": 0.41, "width": 1.6, "inflow_peak": 1.29}