{"nodes": 2131, "object_boundaries": ["on_boundary && x[0]>0.38945 && x[0]< 0.60289 && x[1]>0.19986 && x[1]< 0.37435"], "height": 0.41, "width": 1.6, "inflow_peak": 1.41}