{"nodes": 2046, "cells": 3863, "object_boundaries": ["on_boundary && x[0]>0.18337 && x[0]< 0.34143 && x[1]>0.18581 && x[1]< 0.34387"], "height": 0.41, "width": 1.6, "inflow_peak": 1.776}