{"nodes": 1677, "object_boundaries": ["on_boundary && x[0]>0.39902 && x[0]< 0.59365 && x[1]>0.095 && x[1]< 0.28963"], "height": 0.41, "width": 1.6, "inflow_peak": 1.04}