{"nodes": 1998, "cells": 3793, "object_boundaries": ["on_boundary && x[0]>0.36401 && x[0]< 0.4415 && x[1]>0.23728 && x[1]< 0.31477"], "height": 0.41, "width": 1.6, "inflow_peak": 1.448}