{"nodes": 2122, "cells": 4017, "object_boundaries": ["on_boundary && x[0]>0.12281 && x[0]< 0.3539 && x[1]>0.13101 && x[1]< 0.36537"], "height": 0.41, "width": 1.6, "inflow_peak": 2.11}