{"nodes": 1947, "object_boundaries": ["on_boundary && x[0]>0.0262 && x[0]< 0.2338 && x[1]>0.10508 && x[1]< 0.31268"], "height": 0.41, "width": 1.6, "inflow_peak": 2.31}