{"nodes": 1975, "object_boundaries": ["on_boundary && x[0]>0.3987 && x[0]< 0.58147 && x[1]>0.12736 && x[1]< 0.30897"], "height": 0.41, "width": 1.6, "inflow_peak": 0.44}