{"nodes": 2004, "cells": 3793, "object_boundaries": ["on_boundary && x[0]>0.09019 && x[0]< 0.29632 && x[1]>0.17403 && x[1]< 0.38017"], "height": 0.41, "width": 1.6, "inflow_peak": 0.9}