{"nodes": 1709, "object_boundaries": ["on_boundary && x[0]>0.37938 && x[0]< 0.56265 && x[1]>0.11629 && x[1]< 0.29956"], "height": 0.41, "width": 1.6, "inflow_peak": 0.38}