{"nodes": 1668, "object_boundaries": ["on_boundary && x[0]>0.26153 && x[0]< 0.4565 && x[1]>0.08466 && x[1]< 0.27963"], "height": 0.41, "width": 1.6, "inflow_peak": 0.95}