{"nodes": 2046, "cells": 3890, "object_boundaries": ["on_boundary && x[0]>0.24826 && x[0]< 0.316 && x[1]>0.09106 && x[1]< 0.1588"], "height": 0.41, "width": 1.6, "inflow_peak": 0.734}