{"nodes": 1692, "object_boundaries": ["on_boundary && x[0]>0.2817 && x[0]< 0.51963 && x[1]>0.121 && x[1]< 0.36883"], "height": 0.41, "width": 1.6, "inflow_peak": 2.09}