{"nodes": 2009, "cells": 3816, "object_boundaries": ["on_boundary && x[0]>0.24803 && x[0]< 0.32135 && x[1]>0.19626 && x[1]< 0.26958"], "height": 0.41, "width": 1.6, "inflow_peak": 1.296}