{"nodes": 2181, "object_boundaries": ["on_boundary && x[0]>0.39381 && x[0]< 0.66619 && x[1]>0.0626 && x[1]< 0.33499"], "height": 0.41, "width": 1.6, "inflow_peak": 1.4}