{"nodes": 3026, "object_boundaries": ["on_boundary && x[0]>0.34893 && x[0]< 0.48396 && x[1]>0.07847 && x[1]< 0.2135", "on_boundary && x[0]>0.69303 && x[0]< 0.90691 && x[1]>0.03141 && x[1]< 0.24529"], "height": 0.41, "width": 1.6, "inflow_peak": 0.75}