{"nodes": 2368, "object_boundaries": ["on_boundary && x[0]>0.22712 && x[0]< 0.37562 && x[1]>0.17519 && x[1]< 0.32369"], "height": 0.41, "width": 1.6, "inflow_peak": 1.14}