{"nodes": 2039, "object_boundaries": ["on_boundary && x[0]>0.36854 && x[0]< 0.56885 && x[1]>0.06024 && x[1]< 0.26055"], "height": 0.41, "width": 1.6, "inflow_peak": 1.6}