{"nodes": 1992, "cells": 3775, "object_boundaries": ["on_boundary && x[0]>0.08537 && x[0]< 0.26876 && x[1]>0.08582 && x[1]< 0.27062"], "height": 0.41, "width": 1.6, "inflow_peak": 1.3}