{"nodes": 1985, "cells": 3775, "object_boundaries": ["on_boundary && x[0]>0.27466 && x[0]< 0.32549 && x[1]>0.13131 && x[1]< 0.18213"], "height": 0.41, "width": 1.6, "inflow_peak": 1.314}