{"nodes": 1759, "object_boundaries": ["on_boundary && x[0]>0.3747 && x[0]< 0.6547 && x[1]>0.00411 && x[1]< 0.28411"], "height": 0.41, "width": 1.6, "inflow_peak": 1.39}