{"nodes": 1695, "object_boundaries": ["on_boundary && x[0]>0.06107 && x[0]< 0.29834 && x[1]>0.04892 && x[1]< 0.28664"], "height": 0.41, "width": 1.6, "inflow_peak": 0.2}