{"nodes": 1660, "object_boundaries": ["on_boundary && x[0]>0.05489 && x[0]< 0.29279 && x[1]>0.00829 && x[1]< 0.26375"], "height": 0.41, "width": 1.6, "inflow_peak": 1.25}