{"nodes": 2252, "object_boundaries": ["on_boundary && x[0]>0.33142 && x[0]< 0.5007 && x[1]>0.12041 && x[1]< 0.2897"], "height": 0.41, "width": 1.6, "inflow_peak": 1.79}