{"nodes": 1952, "cells": 3707, "object_boundaries": ["on_boundary && x[0]>0.16953 && x[0]< 0.22806 && x[1]>0.17235 && x[1]< 0.23087"], "height": 0.41, "width": 1.6, "inflow_peak": 2.056}