{"nodes": 1678, "object_boundaries": ["on_boundary && x[0]>0.22302 && x[0]< 0.4678 && x[1]>0.11201 && x[1]< 0.35637"], "height": 0.41, "width": 1.6, "inflow_peak": 2.06}