{"nodes": 2117, "cells": 4016, "object_boundaries": ["on_boundary && x[0]>0.29508 && x[0]< 0.51405 && x[1]>0.16742 && x[1]< 0.38639"], "height": 0.41, "width": 1.6, "inflow_peak": 1.34}