{"nodes": 2105, "object_boundaries": ["on_boundary && x[0]>0.15215 && x[0]< 0.33448 && x[1]>0.05173 && x[1]< 0.23406"], "height": 0.41, "width": 1.6, "inflow_peak": 2.35}