{"nodes": 1690, "object_boundaries": ["on_boundary && x[0]>0.2539 && x[0]< 0.53637 && x[1]>0.10717 && x[1]< 0.39322"], "height": 0.41, "width": 1.6, "inflow_peak": 1.14}