{"nodes": 1809, "object_boundaries": ["on_boundary && x[0]>0.30147 && x[0]< 0.49446 && x[1]>0.04659 && x[1]< 0.19703"], "height": 0.41, "width": 1.6, "inflow_peak": 0.36}