{"nodes": 1989, "object_boundaries": ["on_boundary && x[0]>0.30327 && x[0]< 0.43567 && x[1]>0.06204 && x[1]< 0.19444"], "height": 0.41, "width": 1.6, "inflow_peak": 2.33}