{"nodes": 1710, "object_boundaries": ["on_boundary && x[0]>0.22702 && x[0]< 0.46282 && x[1]>0.17688 && x[1]< 0.4126"], "height": 0.41, "width": 1.6, "inflow_peak": 0.74}