{"nodes": 1670, "object_boundaries": ["on_boundary && x[0]>0.23763 && x[0]< 0.46075 && x[1]>0.1719 && x[1]< 0.39502"], "height": 0.41, "width": 1.6, "inflow_peak": 1.45}