{"nodes": 2062, "cells": 3906, "object_boundaries": ["on_boundary && x[0]>0.17745 && x[0]< 0.29785 && x[1]>0.17443 && x[1]< 0.29482"], "height": 0.41, "width": 1.6, "inflow_peak": 0.463}