{"nodes": 1667, "object_boundaries": ["on_boundary && x[0]>0.0696 && x[0]< 0.30114 && x[1]>0.04598 && x[1]< 0.26239"], "height": 0.41, "width": 1.6, "inflow_peak": 1.86}