{"nodes": 1973, "object_boundaries": ["on_boundary && x[0]>0.14025 && x[0]< 0.35275 && x[1]>0.0577 && x[1]< 0.2702"], "height": 0.41, "width": 1.6, "inflow_peak": 1.492}