{"nodes": 2088, "object_boundaries": ["on_boundary && x[0]>0.2357 && x[0]< 0.43425 && x[1]>0.04619 && x[1]< 0.24473"], "height": 0.41, "width": 1.6, "inflow_peak": 1.51}