{"nodes": 1934, "object_boundaries": ["on_boundary && x[0]>0.11626 && x[0]< 0.33461 && x[1]>0.13095 && x[1]< 0.34929"], "height": 0.41, "width": 1.6, "inflow_peak": 1.074}