{"nodes": 2098, "object_boundaries": ["on_boundary && x[0]>0.26403 && x[0]< 0.45283 && x[1]>0.03175 && x[1]< 0.22055"], "height": 0.41, "width": 1.6, "inflow_peak": 1.751}