{"nodes": 2000, "object_boundaries": ["on_boundary && x[0]>0.30246 && x[0]< 0.44189 && x[1]>0.16165 && x[1]< 0.30108"], "height": 0.41, "width": 1.6, "inflow_peak": 1.306}