{"nodes": 2469, "object_boundaries": ["on_boundary && x[0]>0.32155 && x[0]< 0.49497 && x[1]>0.12245 && x[1]< 0.29586", "on_boundary && x[0]>0.80805 && x[0]< 1.04911 && x[1]>0.10704 && x[1]< 0.34811"], "height": 0.41, "width": 1.6, "inflow_peak": 0.36}