{"nodes": 3203, "object_boundaries": ["on_boundary && x[0]>0.22132 && x[0]< 0.36741 && x[1]>0.19782 && x[1]< 0.34391", "on_boundary && x[0]>0.51357 && x[0]< 0.74791 && x[1]>0.09142 && x[1]< 0.32576"], "height": 0.41, "width": 1.6, "inflow_peak": 1.52}