{"nodes": 2326, "cells": 4425, "object_boundaries": ["on_boundary && x[0]>0.14612 && x[0]< 0.19714 && x[1]>0.08888 && x[1]< 0.13989", "on_boundary && x[0]>0.63433 && x[0]< 0.75071 && x[1]>0.19935 && x[1]< 0.31573"], "height": 0.41, "width": 1.6, "inflow_peak": 2.043}