{"nodes": 2130, "object_boundaries": ["on_boundary && x[0]>0.17636 && x[0]< 0.38837 && x[1]>0.10541 && x[1]< 0.31743", "on_boundary && x[0]>0.63166 && x[0]< 0.90105 && x[1]>0.09172 && x[1]< 0.3611"], "height": 0.41, "width": 1.6, "inflow_peak": 2.14}