{"nodes": 1841, "object_boundaries": ["on_boundary && x[0]>0.24528 && x[0]< 0.49425 && x[1]>0.16782 && x[1]< 0.41679"], "height": 0.41, "width": 1.6, "inflow_peak": 1.92}