{"nodes": 1668, "object_boundaries": ["on_boundary && x[0]>0.33107 && x[0]< 0.55722 && x[1]>0.01202 && x[1]< 0.24448"], "height": 0.41, "width": 1.6, "inflow_peak": 0.83}