{"nodes": 2582, "cells": 4916, "object_boundaries": ["on_boundary && x[0]>0.35349 && x[0]< 0.46251 && x[1]>0.06195 && x[1]< 0.18788", "on_boundary && x[0]>0.68604 && x[0]< 0.7794 && x[1]>0.1461 && x[1]< 0.25059"], "height": 0.41, "width": 1.6, "inflow_peak": 0.311}