{"nodes": 1828, "object_boundaries": ["on_boundary && x[0]>0.08497 && x[0]< 0.23677 && x[1]>0.15037 && x[1]< 0.30217"], "height": 0.41, "width": 1.6, "inflow_peak": 1.59}