{"nodes": 2027, "cells": 3850, "object_boundaries": ["on_boundary && x[0]>0.43542 && x[0]< 0.51427 && x[1]>0.15812 && x[1]< 0.23696"], "height": 0.41, "width": 1.6, "inflow_peak": 1.051}