{"nodes": 2261, "object_boundaries": ["on_boundary && x[0]>0.34223 && x[0]< 0.51347 && x[1]>0.15492 && x[1]< 0.32615"], "height": 0.41, "width": 1.6, "inflow_peak": 1.98}