{"nodes": 2058, "cells": 3895, "object_boundaries": ["on_boundary && x[0]>0.2203 && x[0]< 0.44349 && x[1]>0.12352 && x[1]< 0.34671"], "height": 0.41, "width": 1.6, "inflow_peak": 1.43}