{"nodes": 2568, "object_boundaries": ["on_boundary && x[0]>0.2834 && x[0]< 0.44399 && x[1]>0.054 && x[1]< 0.2146", "on_boundary && x[0]>0.85021 && x[0]< 1.09096 && x[1]>0.04673 && x[1]< 0.28749"], "height": 0.41, "width": 1.6, "inflow_peak": 1.3}