{"nodes": 2182, "object_boundaries": ["on_boundary && x[0]>0.3145 && x[0]< 0.52259 && x[1]>0.15284 && x[1]< 0.32788"], "height": 0.41, "width": 1.6, "inflow_peak": 1.35}