{"nodes": 1977, "object_boundaries": ["on_boundary && x[0]>0.12991 && x[0]< 0.35205 && x[1]>0.17777 && x[1]< 0.38104"], "height": 0.41, "width": 1.6, "inflow_peak": 0.86}