{"nodes": 2190, "object_boundaries": ["on_boundary && x[0]>0.18628 && x[0]< 0.32393 && x[1]>0.20531 && x[1]< 0.39469"], "height": 0.41, "width": 1.6, "inflow_peak": 1.05}