{"nodes": 2043, "cells": 3860, "object_boundaries": ["on_boundary && x[0]>0.21958 && x[0]< 0.35731 && x[1]>0.17424 && x[1]< 0.33289"], "height": 0.41, "width": 1.6, "inflow_peak": 1.692}