{"nodes": 2254, "object_boundaries": ["on_boundary && x[0]>0.3142 && x[0]< 0.532 && x[1]>0.04303 && x[1]< 0.18647"], "height": 0.41, "width": 1.6, "inflow_peak": 2.14}