{"nodes": 2075, "cells": 3939, "object_boundaries": ["on_boundary && x[0]>0.28939 && x[0]< 0.50211 && x[1]>0.19716 && x[1]< 0.36908"], "height": 0.41, "width": 1.6, "inflow_peak": 1.05}