{"nodes": 2036, "object_boundaries": ["on_boundary && x[0]>0.12159 && x[0]< 0.31479 && x[1]>0.03045 && x[1]< 0.22365"], "height": 0.41, "width": 1.6, "inflow_peak": 2.067}