{"nodes": 2512, "object_boundaries": ["on_boundary && x[0]>0.30481 && x[0]< 0.42481 && x[1]>0.17631 && x[1]< 0.29631"], "height": 0.41, "width": 1.6, "inflow_peak": 1.117}