{"nodes": 2066, "cells": 3914, "object_boundaries": ["on_boundary && x[0]>0.36877 && x[0]< 0.58227 && x[1]>0.1228 && x[1]< 0.3363"], "height": 0.41, "width": 1.6, "inflow_peak": 2.236}