{"nodes": 2011, "cells": 3814, "object_boundaries": ["on_boundary && x[0]>0.3778 && x[0]< 0.54297 && x[1]>0.04447 && x[1]< 0.24441"], "height": 0.41, "width": 1.6, "inflow_peak": 0.62}