{"nodes": 1742, "object_boundaries": ["on_boundary && x[0]>0.30137 && x[0]< 0.49876 && x[1]>0.10234 && x[1]< 0.30062"], "height": 0.41, "width": 1.6, "inflow_peak": 2.06}