{"nodes": 2691, "object_boundaries": ["on_boundary && x[0]>0.03116 && x[0]< 0.28077 && x[1]>0.16336 && x[1]< 0.35776", "on_boundary && x[0]>0.81242 && x[0]< 1.02316 && x[1]>0.10174 && x[1]< 0.32245"], "height": 0.41, "width": 1.6, "inflow_peak": 0.75}