{"nodes": 2289, "object_boundaries": ["on_boundary && x[0]>0.28539 && x[0]< 0.44215 && x[1]>0.12981 && x[1]< 0.29179"], "height": 0.41, "width": 1.6, "inflow_peak": 1.27}