{"nodes": 1784, "object_boundaries": ["on_boundary && x[0]>0.26374 && x[0]< 0.43492 && x[1]>0.04916 && x[1]< 0.22035"], "height": 0.41, "width": 1.6, "inflow_peak": 0.73}