{"nodes": 2064, "cells": 3913, "object_boundaries": ["on_boundary && x[0]>0.09371 && x[0]< 0.29534 && x[1]>0.13839 && x[1]< 0.33269"], "height": 0.41, "width": 1.6, "inflow_peak": 2.04}