{"nodes": 1705, "object_boundaries": ["on_boundary && x[0]>0.13023 && x[0]< 0.31128 && x[1]>0.03283 && x[1]< 0.21388"], "height": 0.41, "width": 1.6, "inflow_peak": 0.86}