{"nodes": 2069, "cells": 3931, "object_boundaries": ["on_boundary && x[0]>0.39135 && x[0]< 0.57252 && x[1]>0.1588 && x[1]< 0.33997"], "height": 0.41, "width": 1.6, "inflow_peak": 1.33}