{"nodes": 2677, "object_boundaries": ["on_boundary && x[0]>0.37609 && x[0]< 0.59399 && x[1]>0.08706 && x[1]< 0.30496", "on_boundary && x[0]>0.92266 && x[0]< 1.06013 && x[1]>0.10505 && x[1]< 0.24252"], "height": 0.41, "width": 1.6, "inflow_peak": 1.63}