{"nodes": 1997, "cells": 3798, "object_boundaries": ["on_boundary && x[0]>0.2447 && x[0]< 0.2988 && x[1]>0.17761 && x[1]< 0.23171"], "height": 0.41, "width": 1.6, "inflow_peak": 2.124}