{"nodes": 2266, "object_boundaries": ["on_boundary && x[0]>0.35118 && x[0]< 0.52078 && x[1]>0.06915 && x[1]< 0.23875"], "height": 0.41, "width": 1.6, "inflow_peak": 0.9}