{"nodes": 1846, "object_boundaries": ["on_boundary && x[0]>0.12207 && x[0]< 0.36916 && x[1]>0.0583 && x[1]< 0.3054"], "height": 0.41, "width": 1.6, "inflow_peak": 1.081}