{"nodes": 1992, "cells": 3781, "object_boundaries": ["on_boundary && x[0]>0.16004 && x[0]< 0.32739 && x[1]>0.18356 && x[1]< 0.3509"], "height": 0.41, "width": 1.6, "inflow_peak": 1.354}