{"nodes": 2006, "object_boundaries": ["on_boundary && x[0]>0.37553 && x[0]< 0.58431 && x[1]>0.13052 && x[1]< 0.3393"], "height": 0.41, "width": 1.6, "inflow_peak": 1.097}