{"nodes": 1963, "object_boundaries": ["on_boundary && x[0]>0.27502 && x[0]< 0.46842 && x[1]>0.04237 && x[1]< 0.19653", "on_boundary && x[0]>0.78823 && x[0]< 0.97151 && x[1]>0.10618 && x[1]< 0.30772"], "height": 0.41, "width": 1.6, "inflow_peak": 1.24}