{"nodes": 2136, "cells": 4045, "object_boundaries": ["on_boundary && x[0]>0.17755 && x[0]< 0.29951 && x[1]>0.10506 && x[1]< 0.26357"], "height": 0.41, "width": 1.6, "inflow_peak": 2.01}