{"nodes": 2685, "cells": 5095, "object_boundaries": ["on_boundary && x[0]>0.09538 && x[0]< 0.32229 && x[1]>0.06459 && x[1]< 0.29396", "on_boundary && x[0]>0.57457 && x[0]< 0.87727 && x[1]>0.05291 && x[1]< 0.29617"], "height": 0.41, "width": 1.6, "inflow_peak": 0.83}