{"nodes": 1762, "object_boundaries": ["on_boundary && x[0]>0.33714 && x[0]< 0.51681 && x[1]>0.10995 && x[1]< 0.28498"], "height": 0.41, "width": 1.6, "inflow_peak": 0.42}