{"nodes": 1912, "object_boundaries": ["on_boundary && x[0]>0.35652 && x[0]< 0.51571 && x[1]>0.13084 && x[1]< 0.29003"], "height": 0.41, "width": 1.6, "inflow_peak": 1.11}