{"nodes": 1816, "object_boundaries": ["on_boundary && x[0]>0.22145 && x[0]< 0.48003 && x[1]>0.11083 && x[1]< 0.3694"], "height": 0.41, "width": 1.6, "inflow_peak": 0.58}