{"nodes": 2191, "object_boundaries": ["on_boundary && x[0]>0.16263 && x[0]< 0.42804 && x[1]>0.1673 && x[1]< 0.4327", "on_boundary && x[0]>0.66754 && x[0]< 0.8666 && x[1]>0.03296 && x[1]< 0.23202"], "height": 0.41, "width": 1.6, "inflow_peak": 1.63}