{"nodes": 1926, "object_boundaries": ["on_boundary && x[0]>0.03483 && x[0]< 0.22517 && x[1]>0.10485 && x[1]< 0.29519"], "height": 0.41, "width": 1.6, "inflow_peak": 1.56}