{"nodes": 2383, "object_boundaries": ["on_boundary && x[0]>0.12687 && x[0]< 0.34196 && x[1]>0.02334 && x[1]< 0.23843", "on_boundary && x[0]>0.67156 && x[0]< 0.87006 && x[1]>0.08568 && x[1]< 0.28418"], "height": 0.41, "width": 1.6, "inflow_peak": 1.83}