{"nodes": 2609, "object_boundaries": ["on_boundary && x[0]>0.43254 && x[0]< 0.61306 && x[1]>0.14512 && x[1]< 0.32564", "on_boundary && x[0]>0.83986 && x[0]< 1.03911 && x[1]>0.20037 && x[1]< 0.39963"], "height": 0.41, "width": 1.6, "inflow_peak": 0.9}