{"nodes": 2289, "object_boundaries": ["on_boundary && x[0]>0.31956 && x[0]< 0.47755 && x[1]>0.06014 && x[1]< 0.21813"], "height": 0.41, "width": 1.6, "inflow_peak": 1.61}