{"nodes": 1830, "object_boundaries": ["on_boundary && x[0]>0.22628 && x[0]< 0.48212 && x[1]>0.13139 && x[1]< 0.38723"], "height": 0.41, "width": 1.6, "inflow_peak": 1.43}