{"nodes": 2191, "object_boundaries": ["on_boundary && x[0]>0.24536 && x[0]< 0.41769 && x[1]>0.07225 && x[1]< 0.24458"], "height": 0.41, "width": 1.6, "inflow_peak": 0.55}