{"nodes": 2424, "cells": 4625, "object_boundaries": ["on_boundary && x[0]>0.41677 && x[0]< 0.5067 && x[1]>0.10954 && x[1]< 0.19946", "on_boundary && x[0]>0.79879 && x[0]< 0.86616 && x[1]>0.11112 && x[1]< 0.17849"], "height": 0.41, "width": 1.6, "inflow_peak": 0.271}