{"nodes": 1969, "object_boundaries": ["on_boundary && x[0]>0.28693 && x[0]< 0.51345 && x[1]>0.06544 && x[1]< 0.29196"], "height": 0.41, "width": 1.6, "inflow_peak": 1.53}