{"nodes": 2207, "object_boundaries": ["on_boundary && x[0]>0.12297 && x[0]< 0.36275 && x[1]>0.15628 && x[1]< 0.39607"], "height": 0.41, "width": 1.6, "inflow_peak": 1.17}