{"nodes": 1951, "object_boundaries": ["on_boundary && x[0]>0.32656 && x[0]< 0.55518 && x[1]>0.04535 && x[1]< 0.27397"], "height": 0.41, "width": 1.6, "inflow_peak": 1.08}