{"nodes": 1888, "object_boundaries": ["on_boundary && x[0]>0.04744 && x[0]< 0.26079 && x[1]>0.20605 && x[1]< 0.32605"], "height": 0.41, "width": 1.6, "inflow_peak": 0.77}