{"nodes": 2114, "cells": 4010, "object_boundaries": ["on_boundary && x[0]>0.31653 && x[0]< 0.42967 && x[1]>0.04816 && x[1]< 0.16953"], "height": 0.41, "width": 1.6, "inflow_peak": 1.788}