{"nodes": 1796, "object_boundaries": ["on_boundary && x[0]>0.33332 && x[0]< 0.52547 && x[1]>0.21355 && x[1]< 0.39705", "on_boundary && x[0]>0.83033 && x[0]< 1.0355 && x[1]>0.02463 && x[1]< 0.22769"], "height": 0.41, "width": 1.6, "inflow_peak": 0.3}