{"nodes": 2070, "object_boundaries": ["on_boundary && x[0]>0.22818 && x[0]< 0.42842 && x[1]>0.07809 && x[1]< 0.27833"], "height": 0.41, "width": 1.6, "inflow_peak": 1.22}