{"nodes": 2870, "object_boundaries": ["on_boundary && x[0]>0.33095 && x[0]< 0.50849 && x[1]>0.1753 && x[1]< 0.35284", "on_boundary && x[0]>0.71586 && x[0]< 0.89088 && x[1]>0.21182 && x[1]< 0.38684"], "height": 0.41, "width": 1.6, "inflow_peak": 0.75}