{"nodes": 2332, "cells": 4447, "object_boundaries": ["on_boundary && x[0]>0.19167 && x[0]< 0.25521 && x[1]>0.25568 && x[1]< 0.31923", "on_boundary && x[0]>0.7927 && x[0]< 0.86544 && x[1]>0.14006 && x[1]< 0.2128"], "height": 0.41, "width": 1.6, "inflow_peak": 1.113}