{"nodes": 2006, "object_boundaries": ["on_boundary && x[0]>0.13488 && x[0]< 0.34441 && x[1]>0.09334 && x[1]< 0.30287"], "height": 0.41, "width": 1.6, "inflow_peak": 1.9}