{"nodes": 2578, "object_boundaries": ["on_boundary && x[0]>0.39 && x[0]< 0.67 && x[1]>0.0472 && x[1]< 0.3272", "on_boundary && x[0]>0.80407 && x[0]< 0.92706 && x[1]>0.09245 && x[1]< 0.21544"], "height": 0.41, "width": 1.6, "inflow_peak": 1.06}