{"nodes": 2019, "object_boundaries": ["on_boundary && x[0]>0.04907 && x[0]< 0.2228 && x[1]>0.09112 && x[1]< 0.29918"], "height": 0.41, "width": 1.6, "inflow_peak": 2.35}