{"nodes": 2014, "object_boundaries": ["on_boundary && x[0]>0.15598 && x[0]< 0.34267 && x[1]>0.08744 && x[1]< 0.30303"], "height": 0.41, "width": 1.6, "inflow_peak": 0.86}