{"nodes": 2104, "object_boundaries": ["on_boundary && x[0]>0.31005 && x[0]< 0.45233 && x[1]>0.09825 && x[1]< 0.33357"], "height": 0.41, "width": 1.6, "inflow_peak": 0.83}