{"nodes": 2284, "object_boundaries": ["on_boundary && x[0]>0.26602 && x[0]< 0.52414 && x[1]>0.10815 && x[1]< 0.36293"], "height": 0.41, "width": 1.6, "inflow_peak": 0.76}