{"nodes": 2135, "object_boundaries": ["on_boundary && x[0]>0.31888 && x[0]< 0.47108 && x[1]>0.08214 && x[1]< 0.29439"], "height": 0.41, "width": 1.6, "inflow_peak": 0.43}