{"nodes": 2005, "cells": 3804, "object_boundaries": ["on_boundary && x[0]>0.10376 && x[0]< 0.28823 && x[1]>0.13979 && x[1]< 0.30561"], "height": 0.41, "width": 1.6, "inflow_peak": 0.91}