{"nodes": 2127, "cells": 4030, "object_boundaries": ["on_boundary && x[0]>0.39958 && x[0]< 0.54192 && x[1]>0.15023 && x[1]< 0.29257"], "height": 0.41, "width": 1.6, "inflow_peak": 0.427}