{"nodes": 1751, "object_boundaries": ["on_boundary && x[0]>0.28516 && x[0]< 0.56421 && x[1]>0.09584 && x[1]< 0.37489"], "height": 0.41, "width": 1.6, "inflow_peak": 1.25}