{"nodes": 2139, "cells": 4072, "object_boundaries": ["on_boundary && x[0]>0.27672 && x[0]< 0.44546 && x[1]>0.17718 && x[1]< 0.34593"], "height": 0.41, "width": 1.6, "inflow_peak": 0.9}