{"nodes": 2079, "cells": 3944, "object_boundaries": ["on_boundary && x[0]>0.20111 && x[0]< 0.29228 && x[1]>0.18599 && x[1]< 0.27717"], "height": 0.41, "width": 1.6, "inflow_peak": 2.089}