{"nodes": 2069, "object_boundaries": ["on_boundary && x[0]>0.3846 && x[0]< 0.5791 && x[1]>0.14267 && x[1]< 0.33716"], "height": 0.41, "width": 1.6, "inflow_peak": 1.409}