{"nodes": 2078, "object_boundaries": ["on_boundary && x[0]>0.1073 && x[0]< 0.28852 && x[1]>0.20391 && x[1]< 0.38512"], "height": 0.41, "width": 1.6, "inflow_peak": 0.73}