{"nodes": 1918, "object_boundaries": ["on_boundary && x[0]>0.08511 && x[0]< 0.3063 && x[1]>0.16551 && x[1]< 0.3867"], "height": 0.41, "width": 1.6, "inflow_peak": 1.37}