{"nodes": 2465, "cells": 4673, "object_boundaries": ["on_boundary && x[0]>0.28441 && x[0]< 0.53268 && x[1]>-0.01365 && x[1]< 0.23461", "on_boundary && x[0]>0.69211 && x[0]< 0.88771 && x[1]>0.07852 && x[1]< 0.27412"], "height": 0.41, "width": 1.6, "inflow_peak": 0.85}