{"nodes": 2960, "object_boundaries": ["on_boundary && x[0]>0.29419 && x[0]< 0.50253 && x[1]>0.17201 && x[1]< 0.38035", "on_boundary && x[0]>0.63522 && x[0]< 0.84833 && x[1]>0.14575 && x[1]< 0.35886"], "height": 0.41, "width": 1.6, "inflow_peak": 0.58}