{"nodes": 2081, "object_boundaries": ["on_boundary && x[0]>0.38735 && x[0]< 0.58599 && x[1]>0.11134 && x[1]< 0.30998"], "height": 0.41, "width": 1.6, "inflow_peak": 0.86}