{"nodes": 2109, "cells": 3993, "object_boundaries": ["on_boundary && x[0]>0.34135 && x[0]< 0.57694 && x[1]>0.00931 && x[1]< 0.2449"], "height": 0.41, "width": 1.6, "inflow_peak": 1.769}