{"nodes": 1995, "cells": 3780, "object_boundaries": ["on_boundary && x[0]>0.40736 && x[0]< 0.50774 && x[1]>0.15037 && x[1]< 0.25075"], "height": 0.41, "width": 1.6, "inflow_peak": 1.094}