{"nodes": 2089, "cells": 3972, "object_boundaries": ["on_boundary && x[0]>0.19492 && x[0]< 0.27311 && x[1]>0.24887 && x[1]< 0.32706"], "height": 0.41, "width": 1.6, "inflow_peak": 0.987}