{"nodes": 2242, "object_boundaries": ["on_boundary && x[0]>0.18948 && x[0]< 0.34671 && x[1]>0.21177 && x[1]< 0.36899"], "height": 0.41, "width": 1.6, "inflow_peak": 0.57}