{"nodes": 2287, "object_boundaries": ["on_boundary && x[0]>0.20908 && x[0]< 0.44273 && x[1]>0.09248 && x[1]< 0.32613"], "height": 0.41, "width": 1.6, "inflow_peak": 1.84}