{"nodes": 1894, "object_boundaries": ["on_boundary && x[0]>0.20998 && x[0]< 0.43966 && x[1]>0.06077 && x[1]< 0.30498"], "height": 0.41, "width": 1.6, "inflow_peak": 2.35}