{"nodes": 2009, "object_boundaries": ["on_boundary && x[0]>0.0291 && x[0]< 0.32991 && x[1]>0.04055 && x[1]< 0.27062", "on_boundary && x[0]>0.76573 && x[0]< 0.99754 && x[1]>0.05975 && x[1]< 0.27236"], "height": 0.41, "width": 1.6, "inflow_peak": 1.47}