{"nodes": 1719, "object_boundaries": ["on_boundary && x[0]>0.25454 && x[0]< 0.46293 && x[1]>0.05291 && x[1]< 0.24235"], "height": 0.41, "width": 1.6, "inflow_peak": 1.25}