{"nodes": 3139, "object_boundaries": ["on_boundary && x[0]>0.3176 && x[0]< 0.4735 && x[1]>0.16423 && x[1]< 0.32012", "on_boundary && x[0]>0.67781 && x[0]< 0.83181 && x[1]>0.0288 && x[1]< 0.1828"], "height": 0.41, "width": 1.6, "inflow_peak": 1.35}