{"nodes": 2055, "cells": 3897, "object_boundaries": ["on_boundary && x[0]>0.32899 && x[0]< 0.4371 && x[1]>0.14377 && x[1]< 0.25188"], "height": 0.41, "width": 1.6, "inflow_peak": 1.807}