{"nodes": 2889, "object_boundaries": ["on_boundary && x[0]>0.1183 && x[0]< 0.25846 && x[1]>0.18679 && x[1]< 0.32696", "on_boundary && x[0]>0.77462 && x[0]< 0.94957 && x[1]>0.03419 && x[1]< 0.20914"], "height": 0.41, "width": 1.6, "inflow_peak": 1.08}