{"nodes": 2360, "object_boundaries": ["on_boundary && x[0]>0.365 && x[0]< 0.51473 && x[1]>0.13229 && x[1]< 0.28202"], "height": 0.41, "width": 1.6, "inflow_peak": 1.27}