{"nodes": 2294, "cells": 4377, "object_boundaries": ["on_boundary && x[0]>0.15065 && x[0]< 0.30799 && x[1]>0.16923 && x[1]< 0.32657", "on_boundary && x[0]>0.89204 && x[0]< 1.03363 && x[1]>0.11629 && x[1]< 0.25787"], "height": 0.41, "width": 1.6, "inflow_peak": 1.57}