{"nodes": 1913, "cells": 3631, "object_boundaries": ["on_boundary && x[0]>0.10932 && x[0]< 0.25093 && x[1]>0.0418 && x[1]< 0.18341"], "height": 0.41, "width": 1.6, "inflow_peak": 1.65}