{"nodes": 2382, "object_boundaries": ["on_boundary && x[0]>0.25523 && x[0]< 0.39779 && x[1]>0.13336 && x[1]< 0.27592"], "height": 0.41, "width": 1.6, "inflow_peak": 2.09}