{"nodes": 2003, "cells": 3794, "object_boundaries": ["on_boundary && x[0]>0.20574 && x[0]< 0.3102 && x[1]>0.1969 && x[1]< 0.30135"], "height": 0.41, "width": 1.6, "inflow_peak": 0.478}