{"nodes": 2077, "object_boundaries": ["on_boundary && x[0]>0.37495 && x[0]< 0.56273 && x[1]>0.06878 && x[1]< 0.25656"], "height": 0.41, "width": 1.6, "inflow_peak": 0.94}