{"nodes": 2316, "object_boundaries": ["on_boundary && x[0]>0.3606 && x[0]< 0.53926 && x[1]>0.18835 && x[1]< 0.33716"], "height": 0.41, "width": 1.6, "inflow_peak": 0.37}