{"nodes": 2066, "cells": 3906, "object_boundaries": ["on_boundary && x[0]>0.0974 && x[0]< 0.35323 && x[1]>0.083 && x[1]< 0.30457"], "height": 0.41, "width": 1.6, "inflow_peak": 0.53}