{"nodes": 1890, "object_boundaries": ["on_boundary && x[0]>0.06458 && x[0]< 0.27916 && x[1]>0.11352 && x[1]< 0.35151"], "height": 0.41, "width": 1.6, "inflow_peak": 1.08}