{"nodes": 1695, "object_boundaries": ["on_boundary && x[0]>0.30565 && x[0]< 0.5391 && x[1]>0.18135 && x[1]< 0.41328"], "height": 0.41, "width": 1.6, "inflow_peak": 0.59}