{"nodes": 2151, "cells": 4082, "object_boundaries": ["on_boundary && x[0]>0.24991 && x[0]< 0.47654 && x[1]>0.0636 && x[1]< 0.27059"], "height": 0.41, "width": 1.6, "inflow_peak": 2.14}