{"nodes": 1996, "object_boundaries": ["on_boundary && x[0]>0.33204 && x[0]< 0.53613 && x[1]>0.03601 && x[1]< 0.26068"], "height": 0.41, "width": 1.6, "inflow_peak": 1.13}