{"nodes": 2115, "cells": 4013, "object_boundaries": ["on_boundary && x[0]>0.31036 && x[0]< 0.45224 && x[1]>0.12285 && x[1]< 0.21794"], "height": 0.41, "width": 1.6, "inflow_peak": 0.362}