{"nodes": 2066, "object_boundaries": ["on_boundary && x[0]>0.10631 && x[0]< 0.29382 && x[1]>0.1645 && x[1]< 0.35201"], "height": 0.41, "width": 1.6, "inflow_peak": 0.79}