{"nodes": 1962, "object_boundaries": ["on_boundary && x[0]>0.11217 && x[0]< 0.31721 && x[1]>0.02652 && x[1]< 0.23156"], "height": 0.41, "width": 1.6, "inflow_peak": 1.808}