{"nodes": 1907, "object_boundaries": ["on_boundary && x[0]>0.10231 && x[0]< 0.32908 && x[1]>0.09682 && x[1]< 0.32359"], "height": 0.41, "width": 1.6, "inflow_peak": 0.848}