{"nodes": 2423, "cells": 4598, "object_boundaries": ["on_boundary && x[0]>0.21852 && x[0]< 0.42105 && x[1]>0.03612 && x[1]< 0.23865", "on_boundary && x[0]>0.80286 && x[0]< 1.01618 && x[1]>0.05752 && x[1]< 0.27084"], "height": 0.41, "width": 1.6, "inflow_peak": 0.97}