{"nodes": 1981, "cells": 3745, "object_boundaries": ["on_boundary && x[0]>0.10431 && x[0]< 0.31449 && x[1]>0.02364 && x[1]< 0.23382"], "height": 0.41, "width": 1.6, "inflow_peak": 0.694}