{"nodes": 1975, "cells": 3736, "object_boundaries": ["on_boundary && x[0]>0.10334 && x[0]< 0.2156 && x[1]>0.13076 && x[1]< 0.24302"], "height": 0.41, "width": 1.6, "inflow_peak": 2.142}