{"nodes": 2021, "object_boundaries": ["on_boundary && x[0]>0.04052 && x[0]< 0.22681 && x[1]>0.05798 && x[1]< 0.24427"], "height": 0.41, "width": 1.6, "inflow_peak": 2.102}