{"nodes": 1997, "object_boundaries": ["on_boundary && x[0]>0.05367 && x[0]< 0.33367 && x[1]>0.04735 && x[1]< 0.32735"], "height": 0.41, "width": 1.6, "inflow_peak": 0.431}