{"nodes": 2034, "object_boundaries": ["on_boundary && x[0]>0.09739 && x[0]< 0.29216 && x[1]>0.04845 && x[1]< 0.24322"], "height": 0.41, "width": 1.6, "inflow_peak": 0.585}