{"nodes": 2068, "object_boundaries": ["on_boundary && x[0]>0.2452 && x[0]< 0.45837 && x[1]>0.07368 && x[1]< 0.27732"], "height": 0.41, "width": 1.6, "inflow_peak": 1.34}