{"nodes": 1968, "object_boundaries": ["on_boundary && x[0]>0.38199 && x[0]< 0.61249 && x[1]>0.079 && x[1]< 0.3095", "on_boundary && x[0]>0.53072 && x[0]< 0.7783 && x[1]>-0.00463 && x[1]< 0.24294"], "height": 0.41, "width": 1.6, "inflow_peak": 0.7}