{"nodes": 2053, "cells": 3901, "object_boundaries": ["on_boundary && x[0]>0.34262 && x[0]< 0.42597 && x[1]>0.17125 && x[1]< 0.2546"], "height": 0.41, "width": 1.6, "inflow_peak": 0.834}