{"nodes": 3055, "object_boundaries": ["on_boundary && x[0]>0.13121 && x[0]< 0.25121 && x[1]>0.12255 && x[1]< 0.24255", "on_boundary && x[0]>0.68245 && x[0]< 0.86626 && x[1]>0.03415 && x[1]< 0.21796"], "height": 0.41, "width": 1.6, "inflow_peak": 0.79}