{"nodes": 2595, "object_boundaries": ["on_boundary && x[0]>0.27723 && x[0]< 0.46237 && x[1]>0.04528 && x[1]< 0.23041", "on_boundary && x[0]>0.89064 && x[0]< 1.08183 && x[1]>0.06342 && x[1]< 0.25461"], "height": 0.41, "width": 1.6, "inflow_peak": 0.48}