{"nodes": 2079, "object_boundaries": ["on_boundary && x[0]>0.39825 && x[0]< 0.58959 && x[1]>0.05358 && x[1]< 0.24492"], "height": 0.41, "width": 1.6, "inflow_peak": 0.84}