{"nodes": 2313, "object_boundaries": ["on_boundary && x[0]>0.30258 && x[0]< 0.50422 && x[1]>0.16948 && x[1]< 0.37112", "on_boundary && x[0]>0.84242 && x[0]< 1.08622 && x[1]>0.03625 && x[1]< 0.28006"], "height": 0.41, "width": 1.6, "inflow_peak": 1.65}