{"nodes": 2047, "cells": 3876, "object_boundaries": ["on_boundary && x[0]>0.23562 && x[0]< 0.3607 && x[1]>0.18202 && x[1]< 0.30711"], "height": 0.41, "width": 1.6, "inflow_peak": 1.88}