{"nodes": 2093, "cells": 3962, "object_boundaries": ["on_boundary && x[0]>0.30039 && x[0]< 0.53452 && x[1]>0.05128 && x[1]< 0.28542"], "height": 0.41, "width": 1.6, "inflow_peak": 1.523}