{"nodes": 2088, "object_boundaries": ["on_boundary && x[0]>0.24734 && x[0]< 0.43657 && x[1]>0.18747 && x[1]< 0.37671"], "height": 0.41, "width": 1.6, "inflow_peak": 1.58}