{"nodes": 1799, "object_boundaries": ["on_boundary && x[0]>0.11728 && x[0]< 0.37439 && x[1]>0.10026 && x[1]< 0.35738"], "height": 0.41, "width": 1.6, "inflow_peak": 1.9}