{"nodes": 2355, "cells": 4459, "object_boundaries": ["on_boundary && x[0]>0.17668 && x[0]< 0.25811 && x[1]>0.22455 && x[1]< 0.30599", "on_boundary && x[0]>0.77939 && x[0]< 0.94279 && x[1]>0.05625 && x[1]< 0.21966"], "height": 0.41, "width": 1.6, "inflow_peak": 0.968}