{"nodes": 2082, "object_boundaries": ["on_boundary && x[0]>0.38686 && x[0]< 0.59333 && x[1]>0.08315 && x[1]< 0.28962"], "height": 0.41, "width": 1.6, "inflow_peak": 0.89}