{"nodes": 2622, "object_boundaries": ["on_boundary && x[0]>0.20517 && x[0]< 0.35343 && x[1]>0.13178 && x[1]< 0.28004", "on_boundary && x[0]>0.75534 && x[0]< 0.95747 && x[1]>-0.00106 && x[1]< 0.20106"], "height": 0.41, "width": 1.6, "inflow_peak": 1.55}