{"nodes": 2251, "object_boundaries": ["on_boundary && x[0]>0.20176 && x[0]< 0.36385 && x[1]>0.1312 && x[1]< 0.29329"], "height": 0.41, "width": 1.6, "inflow_peak": 1.543}