{"nodes": 2063, "cells": 3898, "object_boundaries": ["on_boundary && x[0]>0.29289 && x[0]< 0.53725 && x[1]>-0.00503 && x[1]< 0.23934"], "height": 0.41, "width": 1.6, "inflow_peak": 0.975}