{"nodes": 1994, "object_boundaries": ["on_boundary && x[0]>0.1829 && x[0]< 0.39203 && x[1]>0.17914 && x[1]< 0.38827"], "height": 0.41, "width": 1.6, "inflow_peak": 0.725}