{"nodes": 2045, "cells": 3890, "object_boundaries": ["on_boundary && x[0]>0.39196 && x[0]< 0.45922 && x[1]>0.18704 && x[1]< 0.2543"], "height": 0.41, "width": 1.6, "inflow_peak": 1.783}