{"nodes": 2598, "cells": 4952, "object_boundaries": ["on_boundary && x[0]>0.28333 && x[0]< 0.44648 && x[1]>0.06135 && x[1]< 0.2375", "on_boundary && x[0]>0.72265 && x[0]< 0.95946 && x[1]>0.05579 && x[1]< 0.24434"], "height": 0.41, "width": 1.6, "inflow_peak": 1.23}