{"nodes": 2494, "cells": 4741, "object_boundaries": ["on_boundary && x[0]>0.31328 && x[0]< 0.44503 && x[1]>0.0776 && x[1]< 0.17114", "on_boundary && x[0]>0.82417 && x[0]< 0.90489 && x[1]>0.1429 && x[1]< 0.25318"], "height": 0.41, "width": 1.6, "inflow_peak": 1.284}