{"nodes": 1739, "object_boundaries": ["on_boundary && x[0]>0.09717 && x[0]< 0.25604 && x[1]>0.12624 && x[1]< 0.31896"], "height": 0.41, "width": 1.6, "inflow_peak": 1.18}