{"nodes": 1677, "object_boundaries": ["on_boundary && x[0]>0.06801 && x[0]< 0.26793 && x[1]>0.02125 && x[1]< 0.22007"], "height": 0.41, "width": 1.6, "inflow_peak": 2.13}