{"nodes": 2005, "cells": 3810, "object_boundaries": ["on_boundary && x[0]>0.40991 && x[0]< 0.47834 && x[1]>0.09381 && x[1]< 0.16224"], "height": 0.41, "width": 1.6, "inflow_peak": 0.494}