{"nodes": 2098, "cells": 3981, "object_boundaries": ["on_boundary && x[0]>0.33346 && x[0]< 0.5388 && x[1]>0.0936 && x[1]< 0.29894"], "height": 0.41, "width": 1.6, "inflow_peak": 1.746}