{"nodes": 2092, "object_boundaries": ["on_boundary && x[0]>0.29016 && x[0]< 0.57016 && x[1]>-0.02431 && x[1]< 0.25569"], "height": 0.41, "width": 1.6, "inflow_peak": 1.061}