{"nodes": 2120, "object_boundaries": ["on_boundary && x[0]>0.30409 && x[0]< 0.49595 && x[1]>0.15033 && x[1]< 0.34218"], "height": 0.41, "width": 1.6, "inflow_peak": 1.895}