{"nodes": 1920, "object_boundaries": ["on_boundary && x[0]>0.41419 && x[0]< 0.64581 && x[1]>0.11079 && x[1]< 0.34241"], "height": 0.41, "width": 1.6, "inflow_peak": 2.313}