{"nodes": 1828, "object_boundaries": ["on_boundary && x[0]>0.35867 && x[0]< 0.61196 && x[1]>0.03389 && x[1]< 0.28718"], "height": 0.41, "width": 1.6, "inflow_peak": 0.557}