{"nodes": 2168, "cells": 4108, "object_boundaries": ["on_boundary && x[0]>0.14071 && x[0]< 0.40088 && x[1]>0.10514 && x[1]< 0.32676"], "height": 0.41, "width": 1.6, "inflow_peak": 1.07}