{"nodes": 2577, "object_boundaries": ["on_boundary && x[0]>0.22861 && x[0]< 0.46605 && x[1]>0.02307 && x[1]< 0.22966", "on_boundary && x[0]>0.76033 && x[0]< 0.93748 && x[1]>0.05747 && x[1]< 0.22355"], "height": 0.41, "width": 1.6, "inflow_peak": 1.92}