{"nodes": 1960, "object_boundaries": ["on_boundary && x[0]>0.08905 && x[0]< 0.31444 && x[1]>0.09982 && x[1]< 0.30373"], "height": 0.41, "width": 1.6, "inflow_peak": 1.6}