{"nodes": 1833, "object_boundaries": ["on_boundary && x[0]>0.31742 && x[0]< 0.57172 && x[1]>-0.02436 && x[1]< 0.22995"], "height": 0.41, "width": 1.6, "inflow_peak": 1.113}