{"nodes": 2001, "cells": 3788, "object_boundaries": ["on_boundary && x[0]>0.12758 && x[0]< 0.23992 && x[1]>0.16285 && x[1]< 0.27519"], "height": 0.41, "width": 1.6, "inflow_peak": 0.613}