{"nodes": 2301, "object_boundaries": ["on_boundary && x[0]>0.21328 && x[0]< 0.36656 && x[1]>0.10488 && x[1]< 0.25816"], "height": 0.41, "width": 1.6, "inflow_peak": 1.822}