{"nodes": 2082, "object_boundaries": ["on_boundary && x[0]>0.17133 && x[0]< 0.35748 && x[1]>0.02654 && x[1]< 0.2127"], "height": 0.41, "width": 1.6, "inflow_peak": 0.683}