{"nodes": 1977, "object_boundaries": ["on_boundary && x[0]>0.34798 && x[0]< 0.57333 && x[1]>0.12783 && x[1]< 0.35318"], "height": 0.41, "width": 1.6, "inflow_peak": 0.677}