{"nodes": 1964, "cells": 3732, "object_boundaries": ["on_boundary && x[0]>0.21789 && x[0]< 0.364 && x[1]>0.09558 && x[1]< 0.24169"], "height": 0.41, "width": 1.6, "inflow_peak": 1.647}