{"nodes": 2069, "object_boundaries": ["on_boundary && x[0]>0.26402 && x[0]< 0.4712 && x[1]>0.08802 && x[1]< 0.2952"], "height": 0.41, "width": 1.6, "inflow_peak": 1.588}