{"nodes": 2064, "cells": 3902, "object_boundaries": ["on_boundary && x[0]>0.15768 && x[0]< 0.30647 && x[1]>0.11624 && x[1]< 0.26502"], "height": 0.41, "width": 1.6, "inflow_peak": 0.794}