{"nodes": 2018, "cells": 3807, "object_boundaries": ["on_boundary && x[0]>0.08313 && x[0]< 0.33293 && x[1]>0.0089 && x[1]< 0.2587"], "height": 0.41, "width": 1.6, "inflow_peak": 1.652}