{"nodes": 2210, "object_boundaries": ["on_boundary && x[0]>0.30564 && x[0]< 0.48716 && x[1]>0.09298 && x[1]< 0.27449"], "height": 0.41, "width": 1.6, "inflow_peak": 1.285}