{"nodes": 1890, "object_boundaries": ["on_boundary && x[0]>0.16903 && x[0]< 0.40755 && x[1]>0.12772 && x[1]< 0.36623"], "height": 0.41, "width": 1.6, "inflow_peak": 1.084}