{"nodes": 2039, "object_boundaries": ["on_boundary && x[0]>0.03971 && x[0]< 0.22029 && x[1]>0.1339 && x[1]< 0.31448"], "height": 0.41, "width": 1.6, "inflow_peak": 1.284}