{"nodes": 2216, "object_boundaries": ["on_boundary && x[0]>0.30984 && x[0]< 0.47488 && x[1]>0.03237 && x[1]< 0.1974"], "height": 0.41, "width": 1.6, "inflow_peak": 0.605}