{"nodes": 1889, "object_boundaries": ["on_boundary && x[0]>0.02098 && x[0]< 0.23902 && x[1]>0.01671 && x[1]< 0.23475"], "height": 0.41, "width": 1.6, "inflow_peak": 0.927}