{"nodes": 2083, "cells": 3932, "object_boundaries": ["on_boundary && x[0]>0.06329 && x[0]< 0.26062 && x[1]>0.06661 && x[1]< 0.21856"], "height": 0.41, "width": 1.6, "inflow_peak": 0.734}