{"nodes": 2297, "object_boundaries": ["on_boundary && x[0]>0.31212 && x[0]< 0.52837 && x[1]>0.19924 && x[1]< 0.34452"], "height": 0.41, "width": 1.6, "inflow_peak": 1.93}