{"nodes": 1866, "object_boundaries": ["on_boundary && x[0]>0.25529 && x[0]< 0.42052 && x[1]>0.14102 && x[1]< 0.32694", "on_boundary && x[0]>0.62821 && x[0]< 0.83055 && x[1]>0.11129 && x[1]< 0.30117"], "height": 0.41, "width": 1.6, "inflow_peak": 0.61}