{"nodes": 1712, "object_boundaries": ["on_boundary && x[0]>0.12534 && x[0]< 0.36741 && x[1]>0.02245 && x[1]< 0.22648", "on_boundary && x[0]>0.68576 && x[0]< 0.93915 && x[1]>0.11114 && x[1]< 0.32894"], "height": 0.41, "width": 1.6, "inflow_peak": 1.35}