{"nodes": 2103, "cells": 3988, "object_boundaries": ["on_boundary && x[0]>0.41855 && x[0]< 0.55283 && x[1]>0.14614 && x[1]< 0.2743"], "height": 0.41, "width": 1.6, "inflow_peak": 0.704}