{"nodes": 2188, "cells": 4142, "object_boundaries": ["on_boundary && x[0]>0.28042 && x[0]< 0.53962 && x[1]>0.13053 && x[1]< 0.37697"], "height": 0.41, "width": 1.6, "inflow_peak": 0.92}