{"nodes": 2082, "cells": 3940, "object_boundaries": ["on_boundary && x[0]>0.1094 && x[0]< 0.25142 && x[1]>0.08752 && x[1]< 0.22969"], "height": 0.41, "width": 1.6, "inflow_peak": 1.093}