{"nodes": 1860, "object_boundaries": ["on_boundary && x[0]>0.09106 && x[0]< 0.2466 && x[1]>0.12464 && x[1]< 0.31613"], "height": 0.41, "width": 1.6, "inflow_peak": 1.42}