{"nodes": 1801, "object_boundaries": ["on_boundary && x[0]>0.15368 && x[0]< 0.33114 && x[1]>0.05543 && x[1]< 0.21825"], "height": 0.41, "width": 1.6, "inflow_peak": 0.28}