{"nodes": 1710, "object_boundaries": ["on_boundary && x[0]>0.23179 && x[0]< 0.42117 && x[1]>0.10712 && x[1]< 0.27924"], "height": 0.41, "width": 1.6, "inflow_peak": 0.37}