{"nodes": 2154, "object_boundaries": ["on_boundary && x[0]>0.28617 && x[0]< 0.47523 && x[1]>0.07678 && x[1]< 0.26584"], "height": 0.41, "width": 1.6, "inflow_peak": 2.08}