{"nodes": 1734, "object_boundaries": ["on_boundary && x[0]>0.36867 && x[0]< 0.60124 && x[1]>0.0564 && x[1]< 0.29694"], "height": 0.41, "width": 1.6, "inflow_peak": 1.18}