{"nodes": 1701, "object_boundaries": ["on_boundary && x[0]>0.29509 && x[0]< 0.64244 && x[1]>0.00212 && x[1]< 0.21045"], "height": 0.41, "width": 1.6, "inflow_peak": 1.3}