{"nodes": 2584, "cells": 4920, "object_boundaries": ["on_boundary && x[0]>0.2185 && x[0]< 0.42871 && x[1]>0.05632 && x[1]< 0.26884", "on_boundary && x[0]>0.64219 && x[0]< 0.85798 && x[1]>0.07508 && x[1]< 0.23607"], "height": 0.41, "width": 1.6, "inflow_peak": 0.36}