{"nodes": 1678, "object_boundaries": ["on_boundary && x[0]>0.23823 && x[0]< 0.46176 && x[1]>0.03284 && x[1]< 0.25671"], "height": 0.41, "width": 1.6, "inflow_peak": 1.6}