{"nodes": 2166, "cells": 4108, "object_boundaries": ["on_boundary && x[0]>0.36205 && x[0]< 0.47685 && x[1]>0.1022 && x[1]< 0.22507"], "height": 0.41, "width": 1.6, "inflow_peak": 1.518}