{"nodes": 2179, "object_boundaries": ["on_boundary && x[0]>0.34324 && x[0]< 0.49813 && x[1]>0.00872 && x[1]< 0.19128"], "height": 0.41, "width": 1.6, "inflow_peak": 1.26}