{"nodes": 2275, "object_boundaries": ["on_boundary && x[0]>0.32476 && x[0]< 0.53807 && x[1]>0.08996 && x[1]< 0.24542"], "height": 0.41, "width": 1.6, "inflow_peak": 0.78}