{"nodes": 1987, "cells": 3770, "object_boundaries": ["on_boundary && x[0]>0.17139 && x[0]< 0.32112 && x[1]>0.1578 && x[1]< 0.34602"], "height": 0.41, "width": 1.6, "inflow_peak": 2.14}