{"nodes": 1942, "object_boundaries": ["on_boundary && x[0]>0.12715 && x[0]< 0.29837 && x[1]>0.07363 && x[1]< 0.32744"], "height": 0.41, "width": 1.6, "inflow_peak": 1.63}