{"nodes": 2277, "object_boundaries": ["on_boundary && x[0]>0.14362 && x[0]< 0.38123 && x[1]>0.11242 && x[1]< 0.35003"], "height": 0.41, "width": 1.6, "inflow_peak": 0.32}