{"nodes": 2107, "cells": 4000, "object_boundaries": ["on_boundary && x[0]>0.22015 && x[0]< 0.37452 && x[1]>0.22017 && x[1]< 0.27705"], "height": 0.41, "width": 1.6, "inflow_peak": 1.572}