{"nodes": 2029, "cells": 3841, "object_boundaries": ["on_boundary && x[0]>0.15975 && x[0]< 0.32905 && x[1]>0.08206 && x[1]< 0.32652"], "height": 0.41, "width": 1.6, "inflow_peak": 0.52}