{"nodes": 2045, "cells": 3870, "object_boundaries": ["on_boundary && x[0]>0.38835 && x[0]< 0.48216 && x[1]>0.08702 && x[1]< 0.24629"], "height": 0.41, "width": 1.6, "inflow_peak": 0.475}