{"nodes": 2111, "object_boundaries": ["on_boundary && x[0]>0.10962 && x[0]< 0.37863 && x[1]>0.01702 && x[1]< 0.28967"], "height": 0.41, "width": 1.6, "inflow_peak": 0.78}