{"nodes": 2063, "object_boundaries": ["on_boundary && x[0]>0.34261 && x[0]< 0.5364 && x[1]>0.05133 && x[1]< 0.24234"], "height": 0.41, "width": 1.6, "inflow_peak": 0.7}