{"nodes": 2378, "object_boundaries": ["on_boundary && x[0]>0.24721 && x[0]< 0.36721 && x[1]>0.08853 && x[1]< 0.2633"], "height": 0.41, "width": 1.6, "inflow_peak": 1.63}