{"nodes": 2029, "cells": 3833, "object_boundaries": ["on_boundary && x[0]>0.06401 && x[0]< 0.31983 && x[1]>0.14835 && x[1]< 0.36284"], "height": 0.41, "width": 1.6, "inflow_peak": 0.75}