{"nodes": 1984, "object_boundaries": ["on_boundary && x[0]>0.42012 && x[0]< 0.63988 && x[1]>0.07764 && x[1]< 0.29739"], "height": 0.41, "width": 1.6, "inflow_peak": 1.404}