{"nodes": 1846, "object_boundaries": ["on_boundary && x[0]>0.28493 && x[0]< 0.5408 && x[1]>0.12129 && x[1]< 0.37716"], "height": 0.41, "width": 1.6, "inflow_peak": 0.85}