{"nodes": 2002, "cells": 3795, "object_boundaries": ["on_boundary && x[0]>0.35941 && x[0]< 0.54415 && x[1]>0.01474 && x[1]< 0.19948"], "height": 0.41, "width": 1.6, "inflow_peak": 1.951}