{"nodes": 1717, "object_boundaries": ["on_boundary && x[0]>0.1474 && x[0]< 0.303 && x[1]>0.18262 && x[1]< 0.34985"], "height": 0.41, "width": 1.6, "inflow_peak": 2.02}