{"nodes": 2147, "cells": 4078, "object_boundaries": ["on_boundary && x[0]>0.31749 && x[0]< 0.52973 && x[1]>0.07365 && x[1]< 0.28386"], "height": 0.41, "width": 1.6, "inflow_peak": 2.22}