{"nodes": 1707, "object_boundaries": ["on_boundary && x[0]>0.16261 && x[0]< 0.41918 && x[1]>0.01975 && x[1]< 0.27095"], "height": 0.41, "width": 1.6, "inflow_peak": 2.01}