{"nodes": 2057, "object_boundaries": ["on_boundary && x[0]>0.22784 && x[0]< 0.45029 && x[1]>0.00716 && x[1]< 0.20791"], "height": 0.41, "width": 1.6, "inflow_peak": 0.8}