{"nodes": 1707, "object_boundaries": ["on_boundary && x[0]>0.1191 && x[0]< 0.38162 && x[1]>0.16133 && x[1]< 0.39902"], "height": 0.41, "width": 1.6, "inflow_peak": 1.87}