{"nodes": 1982, "cells": 3747, "object_boundaries": ["on_boundary && x[0]>0.12007 && x[0]< 0.24097 && x[1]>0.23892 && x[1]< 0.35983"], "height": 0.41, "width": 1.6, "inflow_peak": 1.139}