{"nodes": 1913, "object_boundaries": ["on_boundary && x[0]>0.1342 && x[0]< 0.35883 && x[1]>0.10255 && x[1]< 0.32718"], "height": 0.41, "width": 1.6, "inflow_peak": 1.893}