{"nodes": 1869, "object_boundaries": ["on_boundary && x[0]>0.09982 && x[0]< 0.32713 && x[1]>-0.0096 && x[1]< 0.21772"], "height": 0.41, "width": 1.6, "inflow_peak": 2.134}