{"nodes": 2096, "object_boundaries": ["on_boundary && x[0]>0.27283 && x[0]< 0.46739 && x[1]>0.12618 && x[1]< 0.32075"], "height": 0.41, "width": 1.6, "inflow_peak": 1.39}