{"nodes": 2107, "object_boundaries": ["on_boundary && x[0]>0.30181 && x[0]< 0.46013 && x[1]>0.06617 && x[1]< 0.27565"], "height": 0.41, "width": 1.6, "inflow_peak": 0.52}