{"nodes": 2040, "cells": 3863, "object_boundaries": ["on_boundary && x[0]>0.2267 && x[0]< 0.36579 && x[1]>0.0552 && x[1]< 0.15442"], "height": 0.41, "width": 1.6, "inflow_peak": 2.112}