{"nodes": 2200, "object_boundaries": ["on_boundary && x[0]>0.15422 && x[0]< 0.30197 && x[1]>0.07726 && x[1]< 0.30031", "on_boundary && x[0]>0.53033 && x[0]< 0.76856 && x[1]>0.07293 && x[1]< 0.2453"], "height": 0.41, "width": 1.6, "inflow_peak": 1.13}