{"nodes": 2091, "cells": 3970, "object_boundaries": ["on_boundary && x[0]>0.26639 && x[0]< 0.3637 && x[1]>0.1004 && x[1]< 0.21837"], "height": 0.41, "width": 1.6, "inflow_peak": 1.857}