{"nodes": 1719, "object_boundaries": ["on_boundary && x[0]>0.22236 && x[0]< 0.45578 && x[1]>0.10347 && x[1]< 0.33102", "on_boundary && x[0]>0.68008 && x[0]< 0.91944 && x[1]>0.13537 && x[1]< 0.41744"], "height": 0.41, "width": 1.6, "inflow_peak": 0.71}