{"nodes": 2232, "object_boundaries": ["on_boundary && x[0]>0.31111 && x[0]< 0.47905 && x[1]>0.20449 && x[1]< 0.37243"], "height": 0.41, "width": 1.6, "inflow_peak": 1.393}