{"nodes": 2087, "object_boundaries": ["on_boundary && x[0]>0.21803 && x[0]< 0.41379 && x[1]>0.15329 && x[1]< 0.34906"], "height": 0.41, "width": 1.6, "inflow_peak": 1.992}