{"nodes": 2045, "object_boundaries": ["on_boundary && x[0]>0.40496 && x[0]< 0.61386 && x[1]>0.17545 && x[1]< 0.37879"], "height": 0.41, "width": 1.6, "inflow_peak": 0.6}