{"nodes": 1691, "object_boundaries": ["on_boundary && x[0]>0.31933 && x[0]< 0.49874 && x[1]>0.17866 && x[1]< 0.38587"], "height": 0.41, "width": 1.6, "inflow_peak": 1.41}