{"nodes": 1780, "object_boundaries": ["on_boundary && x[0]>0.18962 && x[0]< 0.35925 && x[1]>0.16781 && x[1]< 0.33891"], "height": 0.41, "width": 1.6, "inflow_peak": 0.66}