{"nodes": 1750, "object_boundaries": ["on_boundary && x[0]>0.17978 && x[0]< 0.39902 && x[1]>0.02259 && x[1]< 0.24183"], "height": 0.41, "width": 1.6, "inflow_peak": 1.11}