{"nodes": 2402, "object_boundaries": ["on_boundary && x[0]>0.34665 && x[0]< 0.49182 && x[1]>0.12986 && x[1]< 0.27502"], "height": 0.41, "width": 1.6, "inflow_peak": 2.06}