{"nodes": 2010, "cells": 3810, "object_boundaries": ["on_boundary && x[0]>0.10938 && x[0]< 0.30028 && x[1]>0.19965 && x[1]< 0.39055"], "height": 0.41, "width": 1.6, "inflow_peak": 0.46}