{"nodes": 1730, "object_boundaries": ["on_boundary && x[0]>0.23075 && x[0]< 0.43287 && x[1]>0.11377 && x[1]< 0.3159"], "height": 0.41, "width": 1.6, "inflow_peak": 2.05}