{"nodes": 2047, "cells": 3878, "object_boundaries": ["on_boundary && x[0]>0.19468 && x[0]< 0.31229 && x[1]>0.08317 && x[1]< 0.20078"], "height": 0.41, "width": 1.6, "inflow_peak": 0.601}