{"nodes": 2214, "object_boundaries": ["on_boundary && x[0]>0.09203 && x[0]< 0.24499 && x[1]>0.18624 && x[1]< 0.3392"], "height": 0.41, "width": 1.6, "inflow_peak": 2.12}