{"nodes": 2104, "cells": 3985, "object_boundaries": ["on_boundary && x[0]>0.26376 && x[0]< 0.49338 && x[1]>0.09959 && x[1]< 0.32922"], "height": 0.41, "width": 1.6, "inflow_peak": 2.0}