{"nodes": 2511, "object_boundaries": ["on_boundary && x[0]>0.29868 && x[0]< 0.48265 && x[1]>0.10475 && x[1]< 0.28872", "on_boundary && x[0]>0.82342 && x[0]< 1.03484 && x[1]>0.14146 && x[1]< 0.35289"], "height": 0.41, "width": 1.6, "inflow_peak": 1.29}