{"nodes": 1833, "object_boundaries": ["on_boundary && x[0]>0.28322 && x[0]< 0.42023 && x[1]>0.18966 && x[1]< 0.32667"], "height": 0.41, "width": 1.6, "inflow_peak": 0.93}