{"nodes": 1691, "object_boundaries": ["on_boundary && x[0]>0.32875 && x[0]< 0.58481 && x[1]>-0.0056 && x[1]< 0.26099"], "height": 0.41, "width": 1.6, "inflow_peak": 0.3}