{"nodes": 2091, "cells": 3972, "object_boundaries": ["on_boundary && x[0]>0.40094 && x[0]< 0.57754 && x[1]>0.15337 && x[1]< 0.32997"], "height": 0.41, "width": 1.6, "inflow_peak": 1.4}