{"nodes": 1805, "object_boundaries": ["on_boundary && x[0]>0.12882 && x[0]< 0.29749 && x[1]>0.13951 && x[1]< 0.30818"], "height": 0.41, "width": 1.6, "inflow_peak": 1.46}