{"nodes": 3248, "object_boundaries": ["on_boundary && x[0]>0.32386 && x[0]< 0.50187 && x[1]>0.10319 && x[1]< 0.28121", "on_boundary && x[0]>0.75608 && x[0]< 0.88432 && x[1]>0.18162 && x[1]< 0.30986"], "height": 0.41, "width": 1.6, "inflow_peak": 0.83}