{"nodes": 2465, "cells": 4667, "object_boundaries": ["on_boundary && x[0]>0.14125 && x[0]< 0.38838 && x[1]>0.02994 && x[1]< 0.27707", "on_boundary && x[0]>0.76436 && x[0]< 0.97946 && x[1]>0.14655 && x[1]< 0.36165"], "height": 0.41, "width": 1.6, "inflow_peak": 1.02}