{"nodes": 1914, "object_boundaries": ["on_boundary && x[0]>0.27993 && x[0]< 0.51777 && x[1]>0.14525 && x[1]< 0.38309"], "height": 0.41, "width": 1.6, "inflow_peak": 1.96}