{"nodes": 2061, "object_boundaries": ["on_boundary && x[0]>0.39135 && x[0]< 0.60169 && x[1]>0.1268 && x[1]< 0.33376"], "height": 0.41, "width": 1.6, "inflow_peak": 2.35}