{"nodes": 1743, "object_boundaries": ["on_boundary && x[0]>0.26502 && x[0]< 0.47003 && x[1]>0.11244 && x[1]< 0.32377"], "height": 0.41, "width": 1.6, "inflow_peak": 1.07}