{"nodes": 1705, "object_boundaries": ["on_boundary && x[0]>0.08111 && x[0]< 0.24165 && x[1]>0.2163 && x[1]< 0.37291"], "height": 0.41, "width": 1.6, "inflow_peak": 0.15}