{"nodes": 2649, "object_boundaries": ["on_boundary && x[0]>0.22747 && x[0]< 0.39024 && x[1]>0.16009 && x[1]< 0.32285", "on_boundary && x[0]>0.70488 && x[0]< 0.8995 && x[1]>0.14785 && x[1]< 0.34247"], "height": 0.41, "width": 1.6, "inflow_peak": 0.98}