{"nodes": 2489, "object_boundaries": ["on_boundary && x[0]>0.13453 && x[0]< 0.32586 && x[1]>0.12431 && x[1]< 0.31564", "on_boundary && x[0]>0.81657 && x[0]< 1.01937 && x[1]>0.12081 && x[1]< 0.32361"], "height": 0.41, "width": 1.6, "inflow_peak": 0.15}