{"nodes": 2463, "object_boundaries": ["on_boundary && x[0]>0.09532 && x[0]< 0.33873 && x[1]>0.0514 && x[1]< 0.29481", "on_boundary && x[0]>0.76328 && x[0]< 0.91387 && x[1]>0.0721 && x[1]< 0.22269"], "height": 0.41, "width": 1.6, "inflow_peak": 0.49}