{"nodes": 2005, "cells": 3815, "object_boundaries": ["on_boundary && x[0]>0.33954 && x[0]< 0.48083 && x[1]>0.09013 && x[1]< 0.23142"], "height": 0.41, "width": 1.6, "inflow_peak": 1.34}