{"nodes": 2234, "object_boundaries": ["on_boundary && x[0]>0.05767 && x[0]< 0.26241 && x[1]>0.00101 && x[1]< 0.20575", "on_boundary && x[0]>0.7594 && x[0]< 0.97086 && x[1]>0.00533 && x[1]< 0.21679"], "height": 0.41, "width": 1.6, "inflow_peak": 1.24}