{"nodes": 2000, "cells": 3784, "object_boundaries": ["on_boundary && x[0]>0.1838 && x[0]< 0.30061 && x[1]>0.1185 && x[1]< 0.23531"], "height": 0.41, "width": 1.6, "inflow_peak": 0.398}