{"nodes": 1690, "object_boundaries": ["on_boundary && x[0]>0.28774 && x[0]< 0.44886 && x[1]>0.06025 && x[1]< 0.22137"], "height": 0.41, "width": 1.6, "inflow_peak": 1.03}