{"nodes": 1750, "object_boundaries": ["on_boundary && x[0]>0.31635 && x[0]< 0.52528 && x[1]>0.08137 && x[1]< 0.29088"], "height": 0.41, "width": 1.6, "inflow_peak": 0.43}