{"nodes": 2078, "object_boundaries": ["on_boundary && x[0]>0.19354 && x[0]< 0.40948 && x[1]>0.14396 && x[1]< 0.37537"], "height": 0.41, "width": 1.6, "inflow_peak": 1.55}