{"nodes": 2123, "cells": 4031, "object_boundaries": ["on_boundary && x[0]>0.31588 && x[0]< 0.56067 && x[1]>0.15549 && x[1]< 0.3136"], "height": 0.41, "width": 1.6, "inflow_peak": 0.25}