{"nodes": 2105, "object_boundaries": ["on_boundary && x[0]>0.2237 && x[0]< 0.40167 && x[1]>0.14583 && x[1]< 0.35623"], "height": 0.41, "width": 1.6, "inflow_peak": 0.95}