{"nodes": 2040, "object_boundaries": ["on_boundary && x[0]>0.33471 && x[0]< 0.52584 && x[1]>0.10795 && x[1]< 0.32598"], "height": 0.41, "width": 1.6, "inflow_peak": 1.58}