{"nodes": 2160, "object_boundaries": ["on_boundary && x[0]>0.17966 && x[0]< 0.35344 && x[1]>0.21302 && x[1]< 0.38698"], "height": 0.41, "width": 1.6, "inflow_peak": 0.5}