{"nodes": 2074, "object_boundaries": ["on_boundary && x[0]>0.08004 && x[0]< 0.23405 && x[1]>0.15081 && x[1]< 0.34796"], "height": 0.41, "width": 1.6, "inflow_peak": 0.83}