{"nodes": 1949, "object_boundaries": ["on_boundary && x[0]>0.14159 && x[0]< 0.3619 && x[1]>-0.00519 && x[1]< 0.21512"], "height": 0.41, "width": 1.6, "inflow_peak": 1.93}