{"nodes": 2026, "cells": 3845, "object_boundaries": ["on_boundary && x[0]>0.40089 && x[0]< 0.49054 && x[1]>0.08801 && x[1]< 0.17766"], "height": 0.41, "width": 1.6, "inflow_peak": 1.628}