{"nodes": 1943, "object_boundaries": ["on_boundary && x[0]>0.07559 && x[0]< 0.27884 && x[1]>0.07513 && x[1]< 0.27838"], "height": 0.41, "width": 1.6, "inflow_peak": 1.45}