{"nodes": 1820, "object_boundaries": ["on_boundary && x[0]>0.09438 && x[0]< 0.34557 && x[1]>0.07864 && x[1]< 0.32983"], "height": 0.41, "width": 1.6, "inflow_peak": 1.46}