{"nodes": 2111, "cells": 4009, "object_boundaries": ["on_boundary && x[0]>0.22692 && x[0]< 0.37866 && x[1]>0.15895 && x[1]< 0.21315"], "height": 0.41, "width": 1.6, "inflow_peak": 1.008}