{"nodes": 2033, "cells": 3847, "object_boundaries": ["on_boundary && x[0]>0.30945 && x[0]< 0.50338 && x[1]>0.17601 && x[1]< 0.41289"], "height": 0.41, "width": 1.6, "inflow_peak": 0.96}