{"nodes": 2058, "object_boundaries": ["on_boundary && x[0]>0.36374 && x[0]< 0.56819 && x[1]>0.05052 && x[1]< 0.25497"], "height": 0.41, "width": 1.6, "inflow_peak": 1.374}