{"nodes": 1909, "object_boundaries": ["on_boundary && x[0]>0.24998 && x[0]< 0.48563 && x[1]>-0.00924 && x[1]< 0.22401"], "height": 0.41, "width": 1.6, "inflow_peak": 1.09}