{"nodes": 2209, "object_boundaries": ["on_boundary && x[0]>0.35338 && x[0]< 0.52652 && x[1]>0.04295 && x[1]< 0.217"], "height": 0.41, "width": 1.6, "inflow_peak": 1.56}