{"nodes": 2013, "cells": 3807, "object_boundaries": ["on_boundary && x[0]>0.15183 && x[0]< 0.29999 && x[1]>0.06092 && x[1]< 0.16277"], "height": 0.41, "width": 1.6, "inflow_peak": 1.42}