{"nodes": 1919, "object_boundaries": ["on_boundary && x[0]>0.25425 && x[0]< 0.41071 && x[1]>0.09582 && x[1]< 0.25228"], "height": 0.41, "width": 1.6, "inflow_peak": 0.15}