{"nodes": 1886, "object_boundaries": ["on_boundary && x[0]>0.36169 && x[0]< 0.60263 && x[1]>0.15346 && x[1]< 0.3944"], "height": 0.41, "width": 1.6, "inflow_peak": 1.864}