{"nodes": 1870, "object_boundaries": ["on_boundary && x[0]>0.22224 && x[0]< 0.46604 && x[1]>0.10855 && x[1]< 0.35234"], "height": 0.41, "width": 1.6, "inflow_peak": 1.432}