{"nodes": 2095, "cells": 3962, "object_boundaries": ["on_boundary && x[0]>0.30075 && x[0]< 0.5455 && x[1]>0.01073 && x[1]< 0.25548"], "height": 0.41, "width": 1.6, "inflow_peak": 1.526}