{"nodes": 2019, "cells": 3834, "object_boundaries": ["on_boundary && x[0]>0.40056 && x[0]< 0.57059 && x[1]>0.08564 && x[1]< 0.25568"], "height": 0.41, "width": 1.6, "inflow_peak": 2.15}