{"nodes": 2110, "cells": 4006, "object_boundaries": ["on_boundary && x[0]>0.24651 && x[0]< 0.32935 && x[1]>0.21026 && x[1]< 0.2931"], "height": 0.41, "width": 1.6, "inflow_peak": 0.587}