{"nodes": 1906, "object_boundaries": ["on_boundary && x[0]>0.27417 && x[0]< 0.51122 && x[1]>0.13393 && x[1]< 0.37099"], "height": 0.41, "width": 1.6, "inflow_peak": 0.518}