{"nodes": 2345, "object_boundaries": ["on_boundary && x[0]>0.20845 && x[0]< 0.44248 && x[1]>0.06552 && x[1]< 0.29954"], "height": 0.41, "width": 1.6, "inflow_peak": 0.86}