{"nodes": 2038, "cells": 3868, "object_boundaries": ["on_boundary && x[0]>0.3949 && x[0]< 0.48694 && x[1]>0.0925 && x[1]< 0.18454"], "height": 0.41, "width": 1.6, "inflow_peak": 0.796}