{"nodes": 2128, "cells": 4036, "object_boundaries": ["on_boundary && x[0]>0.32511 && x[0]< 0.53152 && x[1]>0.05171 && x[1]< 0.26717"], "height": 0.41, "width": 1.6, "inflow_peak": 0.57}