{"nodes": 2528, "cells": 4807, "object_boundaries": ["on_boundary && x[0]>0.31922 && x[0]< 0.39946 && x[1]>0.07828 && x[1]< 0.24462", "on_boundary && x[0]>0.67444 && x[0]< 0.79385 && x[1]>0.24357 && x[1]< 0.35341"], "height": 0.41, "width": 1.6, "inflow_peak": 1.239}