{"nodes": 1798, "object_boundaries": ["on_boundary && x[0]>0.11076 && x[0]< 0.28855 && x[1]>0.19041 && x[1]< 0.36259", "on_boundary && x[0]>0.58149 && x[0]< 0.78711 && x[1]>0.21211 && x[1]< 0.38574"], "height": 0.41, "width": 1.6, "inflow_peak": 1.1}