{"nodes": 1715, "object_boundaries": ["on_boundary && x[0]>0.20044 && x[0]< 0.40393 && x[1]>0.14175 && x[1]< 0.36709"], "height": 0.41, "width": 1.6, "inflow_peak": 1.66}