{"nodes": 2564, "cells": 4877, "object_boundaries": ["on_boundary && x[0]>0.18964 && x[0]< 0.39828 && x[1]>0.12352 && x[1]< 0.28684", "on_boundary && x[0]>0.75034 && x[0]< 0.96856 && x[1]>0.07604 && x[1]< 0.31616"], "height": 0.41, "width": 1.6, "inflow_peak": 1.35}