{"nodes": 2042, "cells": 3865, "object_boundaries": ["on_boundary && x[0]>0.1152 && x[0]< 0.23302 && x[1]>0.21704 && x[1]< 0.34623"], "height": 0.41, "width": 1.6, "inflow_peak": 1.27}