{"nodes": 2341, "object_boundaries": ["on_boundary && x[0]>0.17234 && x[0]< 0.32643 && x[1]>0.05321 && x[1]< 0.18378"], "height": 0.41, "width": 1.6, "inflow_peak": 0.43}