{"nodes": 1966, "object_boundaries": ["on_boundary && x[0]>0.09255 && x[0]< 0.251 && x[1]>0.16359 && x[1]< 0.35272"], "height": 0.41, "width": 1.6, "inflow_peak": 1.95}