{"nodes": 2064, "cells": 3907, "object_boundaries": ["on_boundary && x[0]>0.13535 && x[0]< 0.36831 && x[1]>0.09701 && x[1]< 0.31205"], "height": 0.41, "width": 1.6, "inflow_peak": 1.94}