{"nodes": 1996, "object_boundaries": ["on_boundary && x[0]>0.40014 && x[0]< 0.61534 && x[1]>0.0702 && x[1]< 0.27333"], "height": 0.41, "width": 1.6, "inflow_peak": 1.7}