{"nodes": 2612, "object_boundaries": ["on_boundary && x[0]>0.41631 && x[0]< 0.5807 && x[1]>0.15853 && x[1]< 0.32291", "on_boundary && x[0]>0.79931 && x[0]< 1.00449 && x[1]>0.18313 && x[1]< 0.38831"], "height": 0.41, "width": 1.6, "inflow_peak": 1.49}