{"nodes": 2650, "object_boundaries": ["on_boundary && x[0]>0.23808 && x[0]< 0.42563 && x[1]>0.11752 && x[1]< 0.30507", "on_boundary && x[0]>0.65033 && x[0]< 0.84592 && x[1]>0.14285 && x[1]< 0.33843"], "height": 0.41, "width": 1.6, "inflow_peak": 2.35}