{"nodes": 2022, "cells": 3845, "object_boundaries": ["on_boundary && x[0]>0.32286 && x[0]< 0.4774 && x[1]>0.1306 && x[1]< 0.28513"], "height": 0.41, "width": 1.6, "inflow_peak": 1.52}