{"nodes": 2173, "object_boundaries": ["on_boundary && x[0]>0.22963 && x[0]< 0.41684 && x[1]>0.07121 && x[1]< 0.25842"], "height": 0.41, "width": 1.6, "inflow_peak": 1.15}