{"nodes": 2290, "object_boundaries": ["on_boundary && x[0]>0.41317 && x[0]< 0.57165 && x[1]>0.16163 && x[1]< 0.3201"], "height": 0.41, "width": 1.6, "inflow_peak": 0.84}