{"nodes": 2032, "object_boundaries": ["on_boundary && x[0]>0.15199 && x[0]< 0.35123 && x[1]>0.05476 && x[1]< 0.25401"], "height": 0.41, "width": 1.6, "inflow_peak": 0.79}