{"nodes": 2057, "object_boundaries": ["on_boundary && x[0]>0.3867 && x[0]< 0.60867 && x[1]>0.0703 && x[1]< 0.29226", "on_boundary && x[0]>0.60016 && x[0]< 0.84586 && x[1]>0.16446 && x[1]< 0.41017"], "height": 0.41, "width": 1.6, "inflow_peak": 1.87}