{"nodes": 2053, "object_boundaries": ["on_boundary && x[0]>0.06928 && x[0]< 0.24085 && x[1]>0.17578 && x[1]< 0.34734"], "height": 0.41, "width": 1.6, "inflow_peak": 0.72}