{"nodes": 2045, "cells": 3876, "object_boundaries": ["on_boundary && x[0]>0.23006 && x[0]< 0.43026 && x[1]>0.17986 && x[1]< 0.38005"], "height": 0.41, "width": 1.6, "inflow_peak": 1.41}