{"nodes": 2016, "object_boundaries": ["on_boundary && x[0]>0.20695 && x[0]< 0.41508 && x[1]>0.10364 && x[1]< 0.31177"], "height": 0.41, "width": 1.6, "inflow_peak": 0.49}