{"nodes": 1726, "object_boundaries": ["on_boundary && x[0]>0.23633 && x[0]< 0.39746 && x[1]>0.20311 && x[1]< 0.39111"], "height": 0.41, "width": 1.6, "inflow_peak": 1.38}