{"nodes": 2028, "cells": 3839, "object_boundaries": ["on_boundary && x[0]>0.04227 && x[0]< 0.28008 && x[1]>0.0701 && x[1]< 0.2499"], "height": 0.41, "width": 1.6, "inflow_peak": 0.56}