{"nodes": 1874, "object_boundaries": ["on_boundary && x[0]>-0.00148 && x[0]< 0.26417 && x[1]>0.05012 && x[1]< 0.27108"], "height": 0.41, "width": 1.6, "inflow_peak": 0.71}