{"nodes": 1736, "object_boundaries": ["on_boundary && x[0]>0.18852 && x[0]< 0.39247 && x[1]>0.06338 && x[1]< 0.27075", "on_boundary && x[0]>0.62283 && x[0]< 0.81437 && x[1]>0.03353 && x[1]< 0.2098"], "height": 0.41, "width": 1.6, "inflow_peak": 1.34}