{"nodes": 2002, "cells": 3795, "object_boundaries": ["on_boundary && x[0]>0.13396 && x[0]< 0.32056 && x[1]>0.06716 && x[1]< 0.25375"], "height": 0.41, "width": 1.6, "inflow_peak": 1.284}