{"nodes": 2059, "object_boundaries": ["on_boundary && x[0]>0.28358 && x[0]< 0.48412 && x[1]>0.04591 && x[1]< 0.24644"], "height": 0.41, "width": 1.6, "inflow_peak": 0.394}