{"nodes": 2069, "object_boundaries": ["on_boundary && x[0]>0.3336 && x[0]< 0.53263 && x[1]>0.18357 && x[1]< 0.3826"], "height": 0.41, "width": 1.6, "inflow_peak": 1.917}