{"nodes": 2134, "object_boundaries": ["on_boundary && x[0]>0.26633 && x[0]< 0.48759 && x[1]>0.0846 && x[1]< 0.25808"], "height": 0.41, "width": 1.6, "inflow_peak": 1.28}