{"nodes": 2056, "object_boundaries": ["on_boundary && x[0]>0.1003 && x[0]< 0.2969 && x[1]>0.15699 && x[1]< 0.34481"], "height": 0.41, "width": 1.6, "inflow_peak": 0.82}