{"nodes": 1847, "object_boundaries": ["on_boundary && x[0]>0.16748 && x[0]< 0.39427 && x[1]>-0.02035 && x[1]< 0.24628"], "height": 0.41, "width": 1.6, "inflow_peak": 1.59}