{"nodes": 1862, "object_boundaries": ["on_boundary && x[0]>0.01962 && x[0]< 0.24038 && x[1]>0.09231 && x[1]< 0.31307"], "height": 0.41, "width": 1.6, "inflow_peak": 1.617}