{"nodes": 1987, "cells": 3763, "object_boundaries": ["on_boundary && x[0]>0.1679 && x[0]< 0.27059 && x[1]>0.08974 && x[1]< 0.19243"], "height": 0.41, "width": 1.6, "inflow_peak": 0.268}