{"nodes": 1870, "object_boundaries": ["on_boundary && x[0]>0.10809 && x[0]< 0.34923 && x[1]>0.06172 && x[1]< 0.30287"], "height": 0.41, "width": 1.6, "inflow_peak": 1.727}