{"nodes": 2021, "object_boundaries": ["on_boundary && x[0]>0.06561 && x[0]< 0.30994 && x[1]>0.16327 && x[1]< 0.33751"], "height": 0.41, "width": 1.6, "inflow_peak": 1.51}