{"nodes": 2019, "cells": 3830, "object_boundaries": ["on_boundary && x[0]>0.12673 && x[0]< 0.32492 && x[1]>0.12753 && x[1]< 0.29248"], "height": 0.41, "width": 1.6, "inflow_peak": 0.49}