{"nodes": 2065, "cells": 3916, "object_boundaries": ["on_boundary && x[0]>0.44232 && x[0]< 0.50753 && x[1]>0.16251 && x[1]< 0.31058"], "height": 0.41, "width": 1.6, "inflow_peak": 1.522}