{"nodes": 1977, "object_boundaries": ["on_boundary && x[0]>0.20199 && x[0]< 0.4205 && x[1]>0.09741 && x[1]< 0.31592"], "height": 0.41, "width": 1.6, "inflow_peak": 1.71}