{"nodes": 2227, "object_boundaries": ["on_boundary && x[0]>0.17546 && x[0]< 0.34062 && x[1]>0.14546 && x[1]< 0.31062"], "height": 0.41, "width": 1.6, "inflow_peak": 0.64}