{"nodes": 2066, "object_boundaries": ["on_boundary && x[0]>0.29375 && x[0]< 0.49211 && x[1]>0.09473 && x[1]< 0.29727"], "height": 0.41, "width": 1.6, "inflow_peak": 1.15}