{"nodes": 2036, "object_boundaries": ["on_boundary && x[0]>0.19357 && x[0]< 0.43586 && x[1]>0.08561 && x[1]< 0.28296"], "height": 0.41, "width": 1.6, "inflow_peak": 1.47}