{"nodes": 1966, "object_boundaries": ["on_boundary && x[0]>0.04601 && x[0]< 0.21399 && x[1]>0.0527 && x[1]< 0.27841"], "height": 0.41, "width": 1.6, "inflow_peak": 0.89}