{"nodes": 2181, "object_boundaries": ["on_boundary && x[0]>0.10681 && x[0]< 0.31542 && x[1]>0.17315 && x[1]< 0.32772"], "height": 0.41, "width": 1.6, "inflow_peak": 0.4}