{"nodes": 1980, "object_boundaries": ["on_boundary && x[0]>0.18704 && x[0]< 0.39252 && x[1]>0.16442 && x[1]< 0.38137"], "height": 0.41, "width": 1.6, "inflow_peak": 1.97}