{"nodes": 2077, "object_boundaries": ["on_boundary && x[0]>0.16551 && x[0]< 0.33506 && x[1]>0.19035 && x[1]< 0.39711"], "height": 0.41, "width": 1.6, "inflow_peak": 1.11}