{"nodes": 2016, "cells": 3816, "object_boundaries": ["on_boundary && x[0]>0.34569 && x[0]< 0.4147 && x[1]>0.02326 && x[1]< 0.18194"], "height": 0.41, "width": 1.6, "inflow_peak": 0.899}