{"nodes": 2159, "cells": 4092, "object_boundaries": ["on_boundary && x[0]>0.14593 && x[0]< 0.41163 && x[1]>0.18357 && x[1]< 0.3841"], "height": 0.41, "width": 1.6, "inflow_peak": 0.85}