{"nodes": 2336, "object_boundaries": ["on_boundary && x[0]>0.10882 && x[0]< 0.3156 && x[1]>0.12316 && x[1]< 0.33009", "on_boundary && x[0]>0.53543 && x[0]< 0.74229 && x[1]>0.11804 && x[1]< 0.27133"], "height": 0.41, "width": 1.6, "inflow_peak": 0.72}