{"nodes": 2413, "object_boundaries": ["on_boundary && x[0]>0.16453 && x[0]< 0.37725 && x[1]>0.10482 && x[1]< 0.31753", "on_boundary && x[0]>0.69688 && x[0]< 0.88615 && x[1]>0.10912 && x[1]< 0.29839"], "height": 0.41, "width": 1.6, "inflow_peak": 1.82}