{"nodes": 1840, "object_boundaries": ["on_boundary && x[0]>0.38179 && x[0]< 0.6374 && x[1]>0.08253 && x[1]< 0.33813"], "height": 0.41, "width": 1.6, "inflow_peak": 0.92}