{"nodes": 2153, "object_boundaries": ["on_boundary && x[0]>0.31968 && x[0]< 0.55399 && x[1]>0.06673 && x[1]< 0.30104", "on_boundary && x[0]>0.66052 && x[0]< 0.8954 && x[1]>0.06594 && x[1]< 0.30081"], "height": 0.41, "width": 1.6, "inflow_peak": 0.45}