{"nodes": 2415, "cells": 4586, "object_boundaries": ["on_boundary && x[0]>0.15078 && x[0]< 0.33353 && x[1]>0.056 && x[1]< 0.23875", "on_boundary && x[0]>0.74239 && x[0]< 0.96333 && x[1]>0.04252 && x[1]< 0.26346"], "height": 0.41, "width": 1.6, "inflow_peak": 2.03}