{"nodes": 2158, "object_boundaries": ["on_boundary && x[0]>0.10034 && x[0]< 0.3635 && x[1]>0.07918 && x[1]< 0.34233"], "height": 0.41, "width": 1.6, "inflow_peak": 0.74}