{"nodes": 2103, "object_boundaries": ["on_boundary && x[0]>0.21898 && x[0]< 0.41183 && x[1]>0.11575 && x[1]< 0.3086"], "height": 0.41, "width": 1.6, "inflow_peak": 1.74}