{"nodes": 1797, "object_boundaries": ["on_boundary && x[0]>0.43617 && x[0]< 0.62383 && x[1]>0.07908 && x[1]< 0.26673"], "height": 0.41, "width": 1.6, "inflow_peak": 1.29}