{"nodes": 2226, "object_boundaries": ["on_boundary && x[0]>0.0929 && x[0]< 0.24449 && x[1]>0.05464 && x[1]< 0.20624"], "height": 0.41, "width": 1.6, "inflow_peak": 1.76}