{"nodes": 1964, "object_boundaries": ["on_boundary && x[0]>0.28746 && x[0]< 0.50677 && x[1]>0.0056 && x[1]< 0.22491"], "height": 0.41, "width": 1.6, "inflow_peak": 1.71}