{"nodes": 2126, "cells": 4025, "object_boundaries": ["on_boundary && x[0]>0.24019 && x[0]< 0.48297 && x[1]>0.02415 && x[1]< 0.25301"], "height": 0.41, "width": 1.6, "inflow_peak": 1.92}