{"nodes": 2122, "cells": 4020, "object_boundaries": ["on_boundary && x[0]>0.38507 && x[0]< 0.52808 && x[1]>0.14349 && x[1]< 0.2865"], "height": 0.41, "width": 1.6, "inflow_peak": 1.81}