{"nodes": 1680, "object_boundaries": ["on_boundary && x[0]>0.30076 && x[0]< 0.48397 && x[1]>0.07362 && x[1]< 0.25683"], "height": 0.41, "width": 1.6, "inflow_peak": 0.92}