{"nodes": 1728, "object_boundaries": ["on_boundary && x[0]>0.1476 && x[0]< 0.36298 && x[1]>0.07251 && x[1]< 0.28216"], "height": 0.41, "width": 1.6, "inflow_peak": 2.11}