{"nodes": 2148, "cells": 4066, "object_boundaries": ["on_boundary && x[0]>0.36276 && x[0]< 0.61855 && x[1]>0.04148 && x[1]< 0.28043"], "height": 0.41, "width": 1.6, "inflow_peak": 0.9}