{"nodes": 1997, "cells": 3796, "object_boundaries": ["on_boundary && x[0]>0.40166 && x[0]< 0.5529 && x[1]>0.04425 && x[1]< 0.19549"], "height": 0.41, "width": 1.6, "inflow_peak": 1.65}