{"nodes": 1863, "object_boundaries": ["on_boundary && x[0]>0.07372 && x[0]< 0.30601 && x[1]>0.01876 && x[1]< 0.25106"], "height": 0.41, "width": 1.6, "inflow_peak": 0.71}