{"nodes": 1918, "object_boundaries": ["on_boundary && x[0]>0.08814 && x[0]< 0.30971 && x[1]>0.07368 && x[1]< 0.29525"], "height": 0.41, "width": 1.6, "inflow_peak": 0.98}