{"nodes": 2549, "object_boundaries": ["on_boundary && x[0]>0.32007 && x[0]< 0.51303 && x[1]>0.13379 && x[1]< 0.32675", "on_boundary && x[0]>0.76412 && x[0]< 0.958 && x[1]>0.01461 && x[1]< 0.20849"], "height": 0.41, "width": 1.6, "inflow_peak": 0.92}