{"nodes": 2057, "cells": 3889, "object_boundaries": ["on_boundary && x[0]>0.17732 && x[0]< 0.3239 && x[1]>0.10809 && x[1]< 0.25467"], "height": 0.41, "width": 1.6, "inflow_peak": 2.239}