{"nodes": 2032, "object_boundaries": ["on_boundary && x[0]>0.24707 && x[0]< 0.45438 && x[1]>0.01118 && x[1]< 0.2185"], "height": 0.41, "width": 1.6, "inflow_peak": 1.34}