{"nodes": 2161, "cells": 4095, "object_boundaries": ["on_boundary && x[0]>0.30115 && x[0]< 0.53541 && x[1]>0.0117 && x[1]< 0.25431"], "height": 0.41, "width": 1.6, "inflow_peak": 2.15}