{"nodes": 2316, "object_boundaries": ["on_boundary && x[0]>0.35598 && x[0]< 0.51235 && x[1]>0.14134 && x[1]< 0.29771"], "height": 0.41, "width": 1.6, "inflow_peak": 0.29}