{"nodes": 2238, "object_boundaries": ["on_boundary && x[0]>0.25578 && x[0]< 0.42456 && x[1]>0.08043 && x[1]< 0.24922"], "height": 0.41, "width": 1.6, "inflow_peak": 2.01}