{"nodes": 2053, "object_boundaries": ["on_boundary && x[0]>0.17004 && x[0]< 0.38516 && x[1]>0.00641 && x[1]< 0.22176", "on_boundary && x[0]>0.8514 && x[0]< 1.03847 && x[1]>0.14869 && x[1]< 0.38387"], "height": 0.41, "width": 1.6, "inflow_peak": 0.64}