{"nodes": 2140, "cells": 4064, "object_boundaries": ["on_boundary && x[0]>0.31718 && x[0]< 0.43498 && x[1]>0.1921 && x[1]< 0.30904"], "height": 0.41, "width": 1.6, "inflow_peak": 1.675}