{"nodes": 2364, "cells": 4494, "object_boundaries": ["on_boundary && x[0]>0.38601 && x[0]< 0.5428 && x[1]>0.03784 && x[1]< 0.25158", "on_boundary && x[0]>0.56688 && x[0]< 0.75404 && x[1]>0.196 && x[1]< 0.38229"], "height": 0.41, "width": 1.6, "inflow_peak": 0.67}