{"nodes": 1676, "object_boundaries": ["on_boundary && x[0]>0.2976 && x[0]< 0.52126 && x[1]>0.11829 && x[1]< 0.35447"], "height": 0.41, "width": 1.6, "inflow_peak": 0.33}