{"nodes": 1736, "object_boundaries": ["on_boundary && x[0]>0.41826 && x[0]< 0.60253 && x[1]>0.03897 && x[1]< 0.30094"], "height": 0.41, "width": 1.6, "inflow_peak": 1.21}