{"nodes": 1817, "object_boundaries": ["on_boundary && x[0]>0.04719 && x[0]< 0.21281 && x[1]>0.06587 && x[1]< 0.23148"], "height": 0.41, "width": 1.6, "inflow_peak": 1.9}