{"nodes": 2004, "object_boundaries": ["on_boundary && x[0]>0.23285 && x[0]< 0.42137 && x[1]>0.04221 && x[1]< 0.23073"], "height": 0.41, "width": 1.6, "inflow_peak": 0.94}