{"nodes": 1802, "object_boundaries": ["on_boundary && x[0]>0.16916 && x[0]< 0.30577 && x[1]>0.22784 && x[1]< 0.36444"], "height": 0.41, "width": 1.6, "inflow_peak": 1.68}