{"nodes": 1780, "object_boundaries": ["on_boundary && x[0]>0.26133 && x[0]< 0.45745 && x[1]>0.10752 && x[1]< 0.30364"], "height": 0.41, "width": 1.6, "inflow_peak": 1.12}