{"nodes": 1699, "object_boundaries": ["on_boundary && x[0]>0.07645 && x[0]< 0.36051 && x[1]>0.04533 && x[1]< 0.24567"], "height": 0.41, "width": 1.6, "inflow_peak": 2.15}