{"nodes": 1854, "object_boundaries": ["on_boundary && x[0]>0.13156 && x[0]< 0.30198 && x[1]>0.07874 && x[1]< 0.2541"], "height": 0.41, "width": 1.6, "inflow_peak": 0.37}