{"nodes": 2269, "object_boundaries": ["on_boundary && x[0]>0.39733 && x[0]< 0.64445 && x[1]>0.08415 && x[1]< 0.33127"], "height": 0.41, "width": 1.6, "inflow_peak": 1.42}