{"nodes": 2030, "cells": 3834, "object_boundaries": ["on_boundary && x[0]>0.20663 && x[0]< 0.34021 && x[1]>0.21419 && x[1]< 0.37838"], "height": 0.41, "width": 1.6, "inflow_peak": 1.323}