{"nodes": 2048, "object_boundaries": ["on_boundary && x[0]>0.11673 && x[0]< 0.25676 && x[1]>0.11279 && x[1]< 0.36455"], "height": 0.41, "width": 1.6, "inflow_peak": 1.52}