{"nodes": 2038, "cells": 3868, "object_boundaries": ["on_boundary && x[0]>0.35226 && x[0]< 0.52663 && x[1]>0.11865 && x[1]< 0.30823"], "height": 0.41, "width": 1.6, "inflow_peak": 1.94}