{"nodes": 1812, "object_boundaries": ["on_boundary && x[0]>0.30856 && x[0]< 0.45196 && x[1]>0.18709 && x[1]< 0.33048"], "height": 0.41, "width": 1.6, "inflow_peak": 1.74}