{"nodes": 1679, "object_boundaries": ["on_boundary && x[0]>0.05133 && x[0]< 0.25061 && x[1]>0.06295 && x[1]< 0.26224"], "height": 0.41, "width": 1.6, "inflow_peak": 0.62}