{"nodes": 2318, "object_boundaries": ["on_boundary && x[0]>0.15401 && x[0]< 0.30364 && x[1]>0.13494 && x[1]< 0.28456"], "height": 0.41, "width": 1.6, "inflow_peak": 0.84}