{"nodes": 1710, "object_boundaries": ["on_boundary && x[0]>0.2193 && x[0]< 0.36246 && x[1]>0.15502 && x[1]< 0.29818"], "height": 0.41, "width": 1.6, "inflow_peak": 1.48}