{"nodes": 2241, "object_boundaries": ["on_boundary && x[0]>0.37292 && x[0]< 0.52785 && x[1]>0.02403 && x[1]< 0.17895"], "height": 0.41, "width": 1.6, "inflow_peak": 1.3}