{"nodes": 2158, "object_boundaries": ["on_boundary && x[0]>0.08168 && x[0]< 0.24757 && x[1]>0.16433 && x[1]< 0.33023"], "height": 0.41, "width": 1.6, "inflow_peak": 1.826}