{"nodes": 1826, "object_boundaries": ["on_boundary && x[0]>0.13756 && x[0]< 0.29923 && x[1]>0.15328 && x[1]< 0.31494"], "height": 0.41, "width": 1.6, "inflow_peak": 1.928}