{"nodes": 2027, "object_boundaries": ["on_boundary && x[0]>0.25597 && x[0]< 0.4358 && x[1]>0.08476 && x[1]< 0.30928"], "height": 0.41, "width": 1.6, "inflow_peak": 0.96}