{"nodes": 2059, "cells": 3898, "object_boundaries": ["on_boundary && x[0]>0.39141 && x[0]< 0.50815 && x[1]>0.09117 && x[1]< 0.23257"], "height": 0.41, "width": 1.6, "inflow_peak": 2.249}