{"nodes": 2183, "object_boundaries": ["on_boundary && x[0]>0.24233 && x[0]< 0.49063 && x[1]>0.12428 && x[1]< 0.34242"], "height": 0.41, "width": 1.6, "inflow_peak": 0.7}