{"nodes": 2337, "object_boundaries": ["on_boundary && x[0]>0.19776 && x[0]< 0.35636 && x[1]>0.05412 && x[1]< 0.19338"], "height": 0.41, "width": 1.6, "inflow_peak": 1.01}