{"nodes": 2047, "object_boundaries": ["on_boundary && x[0]>0.39711 && x[0]< 0.59465 && x[1]>0.15857 && x[1]< 0.35612"], "height": 0.41, "width": 1.6, "inflow_peak": 0.95}