{"nodes": 1959, "object_boundaries": ["on_boundary && x[0]>0.08107 && x[0]< 0.27549 && x[1]>0.02098 && x[1]< 0.24288"], "height": 0.41, "width": 1.6, "inflow_peak": 1.09}