{"nodes": 1979, "object_boundaries": ["on_boundary && x[0]>0.2184 && x[0]< 0.39042 && x[1]>0.07477 && x[1]< 0.32164"], "height": 0.41, "width": 1.6, "inflow_peak": 1.02}