{"nodes": 1849, "object_boundaries": ["on_boundary && x[0]>0.33156 && x[0]< 0.58541 && x[1]>0.02248 && x[1]< 0.27403"], "height": 0.41, "width": 1.6, "inflow_peak": 1.9}