{"nodes": 2292, "object_boundaries": ["on_boundary && x[0]>0.32594 && x[0]< 0.52054 && x[1]>0.04508 && x[1]< 0.19143"], "height": 0.41, "width": 1.6, "inflow_peak": 2.15}