{"nodes": 2056, "cells": 3897, "object_boundaries": ["on_boundary && x[0]>0.15959 && x[0]< 0.38367 && x[1]>0.14249 && x[1]< 0.32601"], "height": 0.41, "width": 1.6, "inflow_peak": 0.52}