{"nodes": 2098, "cells": 3982, "object_boundaries": ["on_boundary && x[0]>0.15505 && x[0]< 0.33245 && x[1]>0.05074 && x[1]< 0.22814"], "height": 0.41, "width": 1.6, "inflow_peak": 1.96}