{"nodes": 1785, "object_boundaries": ["on_boundary && x[0]>0.08 && x[0]< 0.23401 && x[1]>0.04251 && x[1]< 0.19653"], "height": 0.41, "width": 1.6, "inflow_peak": 2.02}