{"nodes": 2132, "cells": 4042, "object_boundaries": ["on_boundary && x[0]>0.21711 && x[0]< 0.34579 && x[1]>0.17318 && x[1]< 0.30186"], "height": 0.41, "width": 1.6, "inflow_peak": 0.644}