{"nodes": 2342, "object_boundaries": ["on_boundary && x[0]>0.19086 && x[0]< 0.33213 && x[1]>0.05382 && x[1]< 0.19509"], "height": 0.41, "width": 1.6, "inflow_peak": 1.28}