{"nodes": 2593, "object_boundaries": ["on_boundary && x[0]>0.3231 && x[0]< 0.55539 && x[1]>0.10181 && x[1]< 0.33409", "on_boundary && x[0]>0.71772 && x[0]< 0.87822 && x[1]>0.08606 && x[1]< 0.24656"], "height": 0.41, "width": 1.6, "inflow_peak": 1.5}