{"nodes": 2468, "object_boundaries": ["on_boundary && x[0]>0.03681 && x[0]< 0.27135 && x[1]>0.01033 && x[1]< 0.24487", "on_boundary && x[0]>0.84837 && x[0]< 1.00546 && x[1]>0.12748 && x[1]< 0.28457"], "height": 0.41, "width": 1.6, "inflow_peak": 1.38}