{"nodes": 2977, "object_boundaries": ["on_boundary && x[0]>0.0407 && x[0]< 0.28709 && x[1]>0.13336 && x[1]< 0.37975", "on_boundary && x[0]>0.59409 && x[0]< 0.84454 && x[1]>0.10894 && x[1]< 0.35939"], "height": 0.41, "width": 1.6, "inflow_peak": 1.76}