{"nodes": 2576, "object_boundaries": ["on_boundary && x[0]>0.18408 && x[0]< 0.43437 && x[1]>0.11784 && x[1]< 0.36812", "on_boundary && x[0]>0.55809 && x[0]< 0.70191 && x[1]>0.22343 && x[1]< 0.36724"], "height": 0.41, "width": 1.6, "inflow_peak": 1.33}