{"nodes": 2088, "object_boundaries": ["on_boundary && x[0]>0.34875 && x[0]< 0.58804 && x[1]>0.00475 && x[1]< 0.24403", "on_boundary && x[0]>0.62708 && x[0]< 0.8627 && x[1]>0.16381 && x[1]< 0.39942"], "height": 0.41, "width": 1.6, "inflow_peak": 0.69}