{"nodes": 1920, "object_boundaries": ["on_boundary && x[0]>0.11642 && x[0]< 0.33873 && x[1]>0.03861 && x[1]< 0.26093"], "height": 0.41, "width": 1.6, "inflow_peak": 0.69}