{"nodes": 2183, "object_boundaries": ["on_boundary && x[0]>0.4035 && x[0]< 0.58717 && x[1]>0.13507 && x[1]< 0.31874"], "height": 0.41, "width": 1.6, "inflow_peak": 1.22}