{"nodes": 1747, "object_boundaries": ["on_boundary && x[0]>0.24873 && x[0]< 0.52873 && x[1]>0.02134 && x[1]< 0.30134"], "height": 0.41, "width": 1.6, "inflow_peak": 1.19}