{"nodes": 2022, "cells": 3841, "object_boundaries": ["on_boundary && x[0]>0.25979 && x[0]< 0.33744 && x[1]>0.16239 && x[1]< 0.24003"], "height": 0.41, "width": 1.6, "inflow_peak": 1.924}