{"nodes": 2204, "object_boundaries": ["on_boundary && x[0]>0.23262 && x[0]< 0.48822 && x[1]>0.02052 && x[1]< 0.27612"], "height": 0.41, "width": 1.6, "inflow_peak": 1.07}