{"nodes": 1878, "object_boundaries": ["on_boundary && x[0]>0.19942 && x[0]< 0.44597 && x[1]>-0.0078 && x[1]< 0.22314"], "height": 0.41, "width": 1.6, "inflow_peak": 0.92}