{"nodes": 2015, "cells": 3810, "object_boundaries": ["on_boundary && x[0]>0.25617 && x[0]< 0.35788 && x[1]>0.02785 && x[1]< 0.18252"], "height": 0.41, "width": 1.6, "inflow_peak": 1.815}