{"nodes": 2342, "object_boundaries": ["on_boundary && x[0]>0.21487 && x[0]< 0.43517 && x[1]>0.14678 && x[1]< 0.28883"], "height": 0.41, "width": 1.6, "inflow_peak": 1.35}