{"nodes": 2123, "object_boundaries": ["on_boundary && x[0]>0.33046 && x[0]< 0.58045 && x[1]>0.08624 && x[1]< 0.33758"], "height": 0.41, "width": 1.6, "inflow_peak": 0.15}