{"nodes": 2140, "object_boundaries": ["on_boundary && x[0]>0.26582 && x[0]< 0.46067 && x[1]>0.14997 && x[1]< 0.34481"], "height": 0.41, "width": 1.6, "inflow_peak": 1.48}