{"nodes": 3195, "object_boundaries": ["on_boundary && x[0]>0.26017 && x[0]< 0.44727 && x[1]>0.11309 && x[1]< 0.3503", "on_boundary && x[0]>0.62702 && x[0]< 0.88912 && x[1]>0.03489 && x[1]< 0.26596"], "height": 0.41, "width": 1.6, "inflow_peak": 1.58}