{"nodes": 1971, "object_boundaries": ["on_boundary && x[0]>0.20195 && x[0]< 0.37008 && x[1]>0.06671 && x[1]< 0.32464"], "height": 0.41, "width": 1.6, "inflow_peak": 2.19}