{"nodes": 1726, "object_boundaries": ["on_boundary && x[0]>0.3778 && x[0]< 0.58174 && x[1]>0.13686 && x[1]< 0.35377"], "height": 0.41, "width": 1.6, "inflow_peak": 1.21}