{"nodes": 1897, "object_boundaries": ["on_boundary && x[0]>0.16852 && x[0]< 0.42521 && x[1]>0.05929 && x[1]< 0.2805"], "height": 0.41, "width": 1.6, "inflow_peak": 0.75}