{"nodes": 2232, "object_boundaries": ["on_boundary && x[0]>0.1998 && x[0]< 0.36423 && x[1]>0.19052 && x[1]< 0.35495"], "height": 0.41, "width": 1.6, "inflow_peak": 1.674}