{"nodes": 2018, "object_boundaries": ["on_boundary && x[0]>0.22066 && x[0]< 0.42136 && x[1]>-0.00035 && x[1]< 0.20035"], "height": 0.41, "width": 1.6, "inflow_peak": 1.038}