{"nodes": 1685, "object_boundaries": ["on_boundary && x[0]>0.31078 && x[0]< 0.5677 && x[1]>0.03502 && x[1]< 0.30208"], "height": 0.41, "width": 1.6, "inflow_peak": 1.36}