{"nodes": 2123, "cells": 4015, "object_boundaries": ["on_boundary && x[0]>0.32123 && x[0]< 0.48482 && x[1]>0.14816 && x[1]< 0.31174"], "height": 0.41, "width": 1.6, "inflow_peak": 1.514}