{"nodes": 2057, "cells": 3878, "object_boundaries": ["on_boundary && x[0]>0.00964 && x[0]< 0.27575 && x[1]>0.07333 && x[1]< 0.34277"], "height": 0.41, "width": 1.6, "inflow_peak": 1.34}