{"nodes": 2041, "cells": 3873, "object_boundaries": ["on_boundary && x[0]>0.30784 && x[0]< 0.49522 && x[1]>0.16454 && x[1]< 0.35192"], "height": 0.41, "width": 1.6, "inflow_peak": 0.78}