{"nodes": 2083, "cells": 3941, "object_boundaries": ["on_boundary && x[0]>0.24789 && x[0]< 0.39338 && x[1]>0.10959 && x[1]< 0.25508"], "height": 0.41, "width": 1.6, "inflow_peak": 0.319}