{"nodes": 1954, "object_boundaries": ["on_boundary && x[0]>0.22826 && x[0]< 0.44573 && x[1]>-0.00734 && x[1]< 0.21013"], "height": 0.41, "width": 1.6, "inflow_peak": 2.18}