{"nodes": 2114, "cells": 4009, "object_boundaries": ["on_boundary && x[0]>0.26669 && x[0]< 0.42329 && x[1]>0.18645 && x[1]< 0.27899"], "height": 0.41, "width": 1.6, "inflow_peak": 0.3}