{"nodes": 1991, "object_boundaries": ["on_boundary && x[0]>0.37222 && x[0]< 0.54729 && x[1]>0.14537 && x[1]< 0.38938"], "height": 0.41, "width": 1.6, "inflow_peak": 0.51}