{"nodes": 1937, "object_boundaries": ["on_boundary && x[0]>0.09988 && x[0]< 0.29199 && x[1]>0.13809 && x[1]< 0.37717"], "height": 0.41, "width": 1.6, "inflow_peak": 0.83}