{"nodes": 2090, "cells": 3963, "object_boundaries": ["on_boundary && x[0]>0.3437 && x[0]< 0.56403 && x[1]>0.0787 && x[1]< 0.27904"], "height": 0.41, "width": 1.6, "inflow_peak": 1.12}