{"nodes": 1953, "object_boundaries": ["on_boundary && x[0]>0.28769 && x[0]< 0.50233 && x[1]>0.04936 && x[1]< 0.28282"], "height": 0.41, "width": 1.6, "inflow_peak": 1.41}