{"nodes": 2065, "object_boundaries": ["on_boundary && x[0]>0.31436 && x[0]< 0.51555 && x[1]>0.15025 && x[1]< 0.36355"], "height": 0.41, "width": 1.6, "inflow_peak": 1.05}