{"nodes": 1970, "object_boundaries": ["on_boundary && x[0]>0.11068 && x[0]< 0.26925 && x[1]>0.14259 && x[1]< 0.40025"], "height": 0.41, "width": 1.6, "inflow_peak": 0.66}