{"nodes": 2031, "cells": 3854, "object_boundaries": ["on_boundary && x[0]>0.19685 && x[0]< 0.30673 && x[1]>0.21301 && x[1]< 0.28628"], "height": 0.41, "width": 1.6, "inflow_peak": 0.694}