{"nodes": 1969, "object_boundaries": ["on_boundary && x[0]>0.33416 && x[0]< 0.54545 && x[1]>-0.01076 && x[1]< 0.21076"], "height": 0.41, "width": 1.6, "inflow_peak": 1.69}