{"nodes": 1848, "object_boundaries": ["on_boundary && x[0]>0.06743 && x[0]< 0.30999 && x[1]>0.09204 && x[1]< 0.3346"], "height": 0.41, "width": 1.6, "inflow_peak": 0.47}