{"nodes": 2117, "cells": 4004, "object_boundaries": ["on_boundary && x[0]>0.27218 && x[0]< 0.52367 && x[1]>0.08585 && x[1]< 0.33734"], "height": 0.41, "width": 1.6, "inflow_peak": 0.5}