{"nodes": 2177, "object_boundaries": ["on_boundary && x[0]>0.00387 && x[0]< 0.25613 && x[1]>0.15168 && x[1]< 0.40394", "on_boundary && x[0]>0.77548 && x[0]< 0.97307 && x[1]>0.05806 && x[1]< 0.25565"], "height": 0.41, "width": 1.6, "inflow_peak": 1.48}