{"nodes": 2849, "object_boundaries": ["on_boundary && x[0]>0.06864 && x[0]< 0.26143 && x[1]>0.09574 && x[1]< 0.28853", "on_boundary && x[0]>0.55604 && x[0]< 0.70637 && x[1]>0.09931 && x[1]< 0.24964"], "height": 0.41, "width": 1.6, "inflow_peak": 2.35}