{"nodes": 1743, "object_boundaries": ["on_boundary && x[0]>0.15556 && x[0]< 0.33835 && x[1]>0.16326 && x[1]< 0.34606"], "height": 0.41, "width": 1.6, "inflow_peak": 1.26}