{"nodes": 1687, "object_boundaries": ["on_boundary && x[0]>0.34146 && x[0]< 0.60834 && x[1]>0.0078 && x[1]< 0.26219"], "height": 0.41, "width": 1.6, "inflow_peak": 2.12}