{"nodes": 2035, "cells": 3862, "object_boundaries": ["on_boundary && x[0]>0.2807 && x[0]< 0.37283 && x[1]>0.17415 && x[1]< 0.26629"], "height": 0.41, "width": 1.6, "inflow_peak": 1.971}