{"nodes": 1987, "object_boundaries": ["on_boundary && x[0]>0.05861 && x[0]< 0.24961 && x[1]>0.00739 && x[1]< 0.19838"], "height": 0.41, "width": 1.6, "inflow_peak": 2.16}