{"nodes": 2024, "object_boundaries": ["on_boundary && x[0]>0.40598 && x[0]< 0.59355 && x[1]>0.01384 && x[1]< 0.24246"], "height": 0.41, "width": 1.6, "inflow_peak": 0.59}