{"nodes": 1988, "cells": 3758, "object_boundaries": ["on_boundary && x[0]>0.1568 && x[0]< 0.25699 && x[1]>0.0558 && x[1]< 0.20309"], "height": 0.41, "width": 1.6, "inflow_peak": 0.878}