{"nodes": 2084, "object_boundaries": ["on_boundary && x[0]>0.21866 && x[0]< 0.4779 && x[1]>0.09902 && x[1]< 0.27806"], "height": 0.41, "width": 1.6, "inflow_peak": 0.68}