{"nodes": 2086, "object_boundaries": ["on_boundary && x[0]>0.13628 && x[0]< 0.39295 && x[1]>0.05909 && x[1]< 0.21923"], "height": 0.41, "width": 1.6, "inflow_peak": 1.05}