{"nodes": 1687, "object_boundaries": ["on_boundary && x[0]>0.09881 && x[0]< 0.31335 && x[1]>0.17887 && x[1]< 0.43655"], "height": 0.41, "width": 1.6, "inflow_peak": 1.08}