{"nodes": 2115, "object_boundaries": ["on_boundary && x[0]>0.25676 && x[0]< 0.51413 && x[1]>-0.00863 && x[1]< 0.20363"], "height": 0.41, "width": 1.6, "inflow_peak": 1.89}