{"nodes": 2046, "cells": 3886, "object_boundaries": ["on_boundary && x[0]>0.31747 && x[0]< 0.40342 && x[1]>0.24347 && x[1]< 0.32914"], "height": 0.41, "width": 1.6, "inflow_peak": 1.486}