{"nodes": 2047, "object_boundaries": ["on_boundary && x[0]>0.36223 && x[0]< 0.57368 && x[1]>0.08879 && x[1]< 0.30023"], "height": 0.41, "width": 1.6, "inflow_peak": 0.57}