{"nodes": 1966, "cells": 3738, "object_boundaries": ["on_boundary && x[0]>0.20444 && x[0]< 0.34483 && x[1]>0.13651 && x[1]< 0.2769"], "height": 0.41, "width": 1.6, "inflow_peak": 2.12}