{"nodes": 1929, "object_boundaries": ["on_boundary && x[0]>0.31128 && x[0]< 0.54516 && x[1]>-0.01246 && x[1]< 0.22142"], "height": 0.41, "width": 1.6, "inflow_peak": 1.51}