{"nodes": 2038, "object_boundaries": ["on_boundary && x[0]>0.12409 && x[0]< 0.31239 && x[1]>0.00661 && x[1]< 0.19491"], "height": 0.41, "width": 1.6, "inflow_peak": 1.68}