{"nodes": 1736, "object_boundaries": ["on_boundary && x[0]>0.306 && x[0]< 0.49501 && x[1]>0.13081 && x[1]< 0.31981"], "height": 0.41, "width": 1.6, "inflow_peak": 1.36}