{"nodes": 2068, "object_boundaries": ["on_boundary && x[0]>0.30867 && x[0]< 0.4673 && x[1]>0.05098 && x[1]< 0.28597"], "height": 0.41, "width": 1.6, "inflow_peak": 1.64}