{"nodes": 1991, "cells": 3784, "object_boundaries": ["on_boundary && x[0]>0.36926 && x[0]< 0.43096 && x[1]>0.10135 && x[1]< 0.16285"], "height": 0.41, "width": 1.6, "inflow_peak": 0.373}