{"nodes": 2124, "object_boundaries": ["on_boundary && x[0]>0.24617 && x[0]< 0.41741 && x[1]>0.15338 && x[1]< 0.34849"], "height": 0.41, "width": 1.6, "inflow_peak": 1.02}