{"nodes": 2088, "object_boundaries": ["on_boundary && x[0]>0.22889 && x[0]< 0.44915 && x[1]>0.09131 && x[1]< 0.28501"], "height": 0.41, "width": 1.6, "inflow_peak": 0.42}