{"nodes": 2094, "cells": 3962, "object_boundaries": ["on_boundary && x[0]>0.33647 && x[0]< 0.57666 && x[1]>0.16791 && x[1]< 0.40809"], "height": 0.41, "width": 1.6, "inflow_peak": 1.696}