{"nodes": 2180, "object_boundaries": ["on_boundary && x[0]>0.32954 && x[0]< 0.59996 && x[1]>0.05714 && x[1]< 0.32757"], "height": 0.41, "width": 1.6, "inflow_peak": 0.549}