{"nodes": 1911, "object_boundaries": ["on_boundary && x[0]>0.21472 && x[0]< 0.44841 && x[1]>0.06035 && x[1]< 0.29404"], "height": 0.41, "width": 1.6, "inflow_peak": 1.209}