{"nodes": 2031, "cells": 3838, "object_boundaries": ["on_boundary && x[0]>0.23523 && x[0]< 0.37943 && x[1]>0.03851 && x[1]< 0.18271"], "height": 0.41, "width": 1.6, "inflow_peak": 0.822}