{"nodes": 2169, "object_boundaries": ["on_boundary && x[0]>0.20337 && x[0]< 0.37827 && x[1]>0.08466 && x[1]< 0.25956"], "height": 0.41, "width": 1.6, "inflow_peak": 0.8}