{"nodes": 1677, "object_boundaries": ["on_boundary && x[0]>0.34952 && x[0]< 0.57556 && x[1]>0.07641 && x[1]< 0.32704"], "height": 0.41, "width": 1.6, "inflow_peak": 0.61}