{"nodes": 1707, "object_boundaries": ["on_boundary && x[0]>0.23094 && x[0]< 0.43943 && x[1]>0.13905 && x[1]< 0.4028"], "height": 0.41, "width": 1.6, "inflow_peak": 1.44}