{"nodes": 1824, "object_boundaries": ["on_boundary && x[0]>0.17169 && x[0]< 0.35893 && x[1]>0.17182 && x[1]< 0.34684", "on_boundary && x[0]>0.83261 && x[0]< 1.03518 && x[1]>0.11219 && x[1]< 0.28349"], "height": 0.41, "width": 1.6, "inflow_peak": 0.63}