{"nodes": 2109, "cells": 4008, "object_boundaries": ["on_boundary && x[0]>0.40851 && x[0]< 0.51184 && x[1]>0.23075 && x[1]< 0.31503"], "height": 0.41, "width": 1.6, "inflow_peak": 0.83}