{"nodes": 1720, "object_boundaries": ["on_boundary && x[0]>0.38563 && x[0]< 0.56685 && x[1]>0.13799 && x[1]< 0.27942"], "height": 0.41, "width": 1.6, "inflow_peak": 0.89}