{"nodes": 2222, "object_boundaries": ["on_boundary && x[0]>0.20657 && x[0]< 0.42877 && x[1]>0.0869 && x[1]< 0.32198"], "height": 0.41, "width": 1.6, "inflow_peak": 0.82}