{"nodes": 1970, "object_boundaries": ["on_boundary && x[0]>0.02941 && x[0]< 0.28827 && x[1]>0.0523 && x[1]< 0.22684"], "height": 0.41, "width": 1.6, "inflow_peak": 2.17}