{"nodes": 2152, "cells": 4086, "object_boundaries": ["on_boundary && x[0]>0.21069 && x[0]< 0.4056 && x[1]>0.10735 && x[1]< 0.28194"], "height": 0.41, "width": 1.6, "inflow_peak": 2.2}