{"nodes": 1923, "object_boundaries": ["on_boundary && x[0]>0.24005 && x[0]< 0.51478 && x[1]>0.05685 && x[1]< 0.27698"], "height": 0.41, "width": 1.6, "inflow_peak": 0.97}