{"nodes": 2157, "object_boundaries": ["on_boundary && x[0]>0.1584 && x[0]< 0.30778 && x[1]>0.1557 && x[1]< 0.35201"], "height": 0.41, "width": 1.6, "inflow_peak": 0.33}