{"nodes": 2169, "object_boundaries": ["on_boundary && x[0]>0.17857 && x[0]< 0.36886 && x[1]>0.11771 && x[1]< 0.28142"], "height": 0.41, "width": 1.6, "inflow_peak": 0.73}