{"nodes": 1755, "object_boundaries": ["on_boundary && x[0]>0.26859 && x[0]< 0.49281 && x[1]>0.16082 && x[1]< 0.38384"], "height": 0.41, "width": 1.6, "inflow_peak": 0.94}