{"nodes": 2166, "cells": 4120, "object_boundaries": ["on_boundary && x[0]>0.35827 && x[0]< 0.44723 && x[1]>0.18869 && x[1]< 0.25515"], "height": 0.41, "width": 1.6, "inflow_peak": 0.996}