{"nodes": 2192, "object_boundaries": ["on_boundary && x[0]>0.26342 && x[0]< 0.44459 && x[1]>0.13912 && x[1]< 0.31521"], "height": 0.41, "width": 1.6, "inflow_peak": 0.29}