{"nodes": 1688, "object_boundaries": ["on_boundary && x[0]>0.27287 && x[0]< 0.54702 && x[1]>0.02581 && x[1]< 0.24517"], "height": 0.41, "width": 1.6, "inflow_peak": 0.4}