{"nodes": 2892, "object_boundaries": ["on_boundary && x[0]>0.18009 && x[0]< 0.39721 && x[1]>-0.01309 && x[1]< 0.25184", "on_boundary && x[0]>0.64674 && x[0]< 0.79187 && x[1]>0.15137 && x[1]< 0.28158"], "height": 0.41, "width": 1.6, "inflow_peak": 1.81}