{"nodes": 1707, "object_boundaries": ["on_boundary && x[0]>0.45458 && x[0]< 0.60542 && x[1]>0.01725 && x[1]< 0.20533"], "height": 0.41, "width": 1.6, "inflow_peak": 1.58}