{"nodes": 2046, "object_boundaries": ["on_boundary && x[0]>0.21806 && x[0]< 0.43363 && x[1]>0.05135 && x[1]< 0.26691"], "height": 0.41, "width": 1.6, "inflow_peak": 1.459}