{"nodes": 2079, "object_boundaries": ["on_boundary && x[0]>0.27177 && x[0]< 0.47174 && x[1]>0.03966 && x[1]< 0.23964"], "height": 0.41, "width": 1.6, "inflow_peak": 1.686}