{"nodes": 2049, "object_boundaries": ["on_boundary && x[0]>0.17804 && x[0]< 0.37495 && x[1]>0.11494 && x[1]< 0.31185"], "height": 0.41, "width": 1.6, "inflow_peak": 1.274}