{"nodes": 1989, "cells": 3778, "object_boundaries": ["on_boundary && x[0]>0.34321 && x[0]< 0.41158 && x[1]>0.08819 && x[1]< 0.15655"], "height": 0.41, "width": 1.6, "inflow_peak": 2.117}