{"nodes": 1996, "cells": 3790, "object_boundaries": ["on_boundary && x[0]>0.21848 && x[0]< 0.38359 && x[1]>0.09843 && x[1]< 0.26354"], "height": 0.41, "width": 1.6, "inflow_peak": 1.616}