{"nodes": 2123, "cells": 4040, "object_boundaries": ["on_boundary && x[0]>0.44054 && x[0]< 0.5247 && x[1]>0.18013 && x[1]< 0.26429"], "height": 0.41, "width": 1.6, "inflow_peak": 1.091}