{"nodes": 1852, "object_boundaries": ["on_boundary && x[0]>0.22933 && x[0]< 0.47961 && x[1]>0.07742 && x[1]< 0.3277"], "height": 0.41, "width": 1.6, "inflow_peak": 0.15}