{"nodes": 1897, "object_boundaries": ["on_boundary && x[0]>0.0012 && x[0]< 0.2639 && x[1]>-0.03135 && x[1]< 0.23135"], "height": 0.41, "width": 1.6, "inflow_peak": 0.58}