{"nodes": 2069, "object_boundaries": ["on_boundary && x[0]>0.33393 && x[0]< 0.54003 && x[1]>0.14383 && x[1]< 0.34992"], "height": 0.41, "width": 1.6, "inflow_peak": 0.97}