{"nodes": 2233, "object_boundaries": ["on_boundary && x[0]>0.36862 && x[0]< 0.53831 && x[1]>0.18522 && x[1]< 0.35491"], "height": 0.41, "width": 1.6, "inflow_peak": 0.86}