{"nodes": 3015, "object_boundaries": ["on_boundary && x[0]>0.20116 && x[0]< 0.36979 && x[1]>0.07611 && x[1]< 0.24474", "on_boundary && x[0]>0.68168 && x[0]< 0.82629 && x[1]>0.17852 && x[1]< 0.32313"], "height": 0.41, "width": 1.6, "inflow_peak": 0.96}