{"nodes": 3211, "object_boundaries": ["on_boundary && x[0]>0.40817 && x[0]< 0.59058 && x[1]>0.10086 && x[1]< 0.28327", "on_boundary && x[0]>0.83511 && x[0]< 0.97341 && x[1]>0.08638 && x[1]< 0.22469"], "height": 0.41, "width": 1.6, "inflow_peak": 0.36}