{"nodes": 2030, "object_boundaries": ["on_boundary && x[0]>0.29401 && x[0]< 0.42542 && x[1]>0.14659 && x[1]< 0.278"], "height": 0.41, "width": 1.6, "inflow_peak": 2.03}