{"nodes": 2554, "object_boundaries": ["on_boundary && x[0]>0.31431 && x[0]< 0.53453 && x[1]>0.02486 && x[1]< 0.24508", "on_boundary && x[0]>0.71172 && x[0]< 0.88898 && x[1]>0.17104 && x[1]< 0.3483"], "height": 0.41, "width": 1.6, "inflow_peak": 1.17}