{"nodes": 2047, "object_boundaries": ["on_boundary && x[0]>0.24788 && x[0]< 0.45405 && x[1]>0.08868 && x[1]< 0.29486"], "height": 0.41, "width": 1.6, "inflow_peak": 1.63}