{"nodes": 2313, "object_boundaries": ["on_boundary && x[0]>0.25788 && x[0]< 0.50237 && x[1]>0.10848 && x[1]< 0.35297"], "height": 0.41, "width": 1.6, "inflow_peak": 2.142}