{"nodes": 2179, "object_boundaries": ["on_boundary && x[0]>0.23203 && x[0]< 0.40378 && x[1]>0.037 && x[1]< 0.20876"], "height": 0.41, "width": 1.6, "inflow_peak": 0.796}