{"nodes": 2405, "object_boundaries": ["on_boundary && x[0]>0.21055 && x[0]< 0.34375 && x[1]>0.13382 && x[1]< 0.26702"], "height": 0.41, "width": 1.6, "inflow_peak": 1.021}