{"nodes": 2135, "object_boundaries": ["on_boundary && x[0]>0.38501 && x[0]< 0.58051 && x[1]>0.01582 && x[1]< 0.21131", "on_boundary && x[0]>0.53848 && x[0]< 0.78087 && x[1]>0.03927 && x[1]< 0.28166"], "height": 0.41, "width": 1.6, "inflow_peak": 1.21}