{"nodes": 2901, "object_boundaries": ["on_boundary && x[0]>0.12181 && x[0]< 0.25708 && x[1]>0.18691 && x[1]< 0.32218", "on_boundary && x[0]>0.65127 && x[0]< 0.8293 && x[1]>0.15462 && x[1]< 0.33265"], "height": 0.41, "width": 1.6, "inflow_peak": 1.39}