{"nodes": 1972, "cells": 3729, "object_boundaries": ["on_boundary && x[0]>0.09526 && x[0]< 0.20982 && x[1]>0.07556 && x[1]< 0.19012"], "height": 0.41, "width": 1.6, "inflow_peak": 1.564}