{"nodes": 2589, "object_boundaries": ["on_boundary && x[0]>0.15327 && x[0]< 0.30756 && x[1]>0.07342 && x[1]< 0.22771", "on_boundary && x[0]>0.89545 && x[0]< 1.03089 && x[1]>0.10949 && x[1]< 0.24492"], "height": 0.41, "width": 1.6, "inflow_peak": 2.31}