{"nodes": 2429, "cells": 4623, "object_boundaries": ["on_boundary && x[0]>0.3411 && x[0]< 0.39997 && x[1]>0.19781 && x[1]< 0.25669", "on_boundary && x[0]>0.8872 && x[0]< 1.02315 && x[1]>0.15673 && x[1]< 0.29269"], "height": 0.41, "width": 1.6, "inflow_peak": 2.044}