{"nodes": 2010, "cells": 3818, "object_boundaries": ["on_boundary && x[0]>0.3782 && x[0]< 0.54076 && x[1]>0.07565 && x[1]< 0.23822"], "height": 0.41, "width": 1.6, "inflow_peak": 1.72}