{"nodes": 2405, "object_boundaries": ["on_boundary && x[0]>0.2274 && x[0]< 0.36218 && x[1]>0.19355 && x[1]< 0.32833"], "height": 0.41, "width": 1.6, "inflow_peak": 1.082}