{"nodes": 2174, "object_boundaries": ["on_boundary && x[0]>0.20081 && x[0]< 0.37996 && x[1]>0.14018 && x[1]< 0.31934"], "height": 0.41, "width": 1.6, "inflow_peak": 0.878}