{"nodes": 2259, "object_boundaries": ["on_boundary && x[0]>0.10641 && x[0]< 0.25445 && x[1]>0.15765 && x[1]< 0.30569"], "height": 0.41, "width": 1.6, "inflow_peak": 2.133}