{"nodes": 2318, "object_boundaries": ["on_boundary && x[0]>0.33802 && x[0]< 0.49729 && x[1]>0.07143 && x[1]< 0.2307"], "height": 0.41, "width": 1.6, "inflow_peak": 0.979}