{"nodes": 1776, "object_boundaries": ["on_boundary && x[0]>0.1763 && x[0]< 0.44719 && x[1]>0.03895 && x[1]< 0.30984"], "height": 0.41, "width": 1.6, "inflow_peak": 2.07}