{"nodes": 2331, "object_boundaries": ["on_boundary && x[0]>0.06112 && x[0]< 0.29847 && x[1]>0.04952 && x[1]< 0.28687", "on_boundary && x[0]>0.88286 && x[0]< 1.06451 && x[1]>0.1682 && x[1]< 0.34985"], "height": 0.41, "width": 1.6, "inflow_peak": 0.67}