{"nodes": 1792, "object_boundaries": ["on_boundary && x[0]>0.39733 && x[0]< 0.56088 && x[1]>0.08684 && x[1]< 0.25039"], "height": 0.41, "width": 1.6, "inflow_peak": 1.82}