{"nodes": 2136, "cells": 4057, "object_boundaries": ["on_boundary && x[0]>0.37864 && x[0]< 0.48462 && x[1]>0.21257 && x[1]< 0.32265"], "height": 0.41, "width": 1.6, "inflow_peak": 1.418}