{"nodes": 1660, "object_boundaries": ["on_boundary && x[0]>0.23287 && x[0]< 0.47296 && x[1]>-0.01112 && x[1]< 0.22897"], "height": 0.41, "width": 1.6, "inflow_peak": 1.84}