{"nodes": 1686, "object_boundaries": ["on_boundary && x[0]>0.14854 && x[0]< 0.38826 && x[1]>0.13976 && x[1]< 0.38268"], "height": 0.41, "width": 1.6, "inflow_peak": 1.2}