{"nodes": 2044, "object_boundaries": ["on_boundary && x[0]>0.16193 && x[0]< 0.36288 && x[1]>0.08007 && x[1]< 0.28103"], "height": 0.41, "width": 1.6, "inflow_peak": 1.73}