{"nodes": 3398, "object_boundaries": ["on_boundary && x[0]>0.32205 && x[0]< 0.48472 && x[1]>0.12608 && x[1]< 0.28874", "on_boundary && x[0]>0.78331 && x[0]< 0.91401 && x[1]>0.16531 && x[1]< 0.29602"], "height": 0.41, "width": 1.6, "inflow_peak": 1.44}