{"nodes": 2053, "cells": 3903, "object_boundaries": ["on_boundary && x[0]>0.40488 && x[0]< 0.57077 && x[1]>0.10766 && x[1]< 0.27354"], "height": 0.41, "width": 1.6, "inflow_peak": 2.19}