{"nodes": 2013, "object_boundaries": ["on_boundary && x[0]>0.27047 && x[0]< 0.48364 && x[1]>0.0213 && x[1]< 0.23447"], "height": 0.41, "width": 1.6, "inflow_peak": 1.09}