{"nodes": 1993, "object_boundaries": ["on_boundary && x[0]>0.22113 && x[0]< 0.4636 && x[1]>0.00646 && x[1]< 0.23225"], "height": 0.41, "width": 1.6, "inflow_peak": 2.09}