{"nodes": 2114, "object_boundaries": ["on_boundary && x[0]>0.32523 && x[0]< 0.56695 && x[1]>0.05367 && x[1]< 0.3034"], "height": 0.41, "width": 1.6, "inflow_peak": 0.15}