{"nodes": 2052, "cells": 3893, "object_boundaries": ["on_boundary && x[0]>0.35054 && x[0]< 0.44578 && x[1]>0.1629 && x[1]< 0.26997"], "height": 0.41, "width": 1.6, "inflow_peak": 1.918}