{"nodes": 1937, "object_boundaries": ["on_boundary && x[0]>0.08325 && x[0]< 0.27118 && x[1]>-0.01007 && x[1]< 0.21401"], "height": 0.41, "width": 1.6, "inflow_peak": 1.97}