{"nodes": 2092, "cells": 3965, "object_boundaries": ["on_boundary && x[0]>0.36031 && x[0]< 0.53079 && x[1]>0.08561 && x[1]< 0.34259"], "height": 0.41, "width": 1.6, "inflow_peak": 0.74}