{"nodes": 2167, "object_boundaries": ["on_boundary && x[0]>0.13242 && x[0]< 0.38854 && x[1]>0.07701 && x[1]< 0.33313"], "height": 0.41, "width": 1.6, "inflow_peak": 1.51}