{"nodes": 1892, "object_boundaries": ["on_boundary && x[0]>0.19477 && x[0]< 0.34559 && x[1]>0.13664 && x[1]< 0.28746"], "height": 0.41, "width": 1.6, "inflow_peak": 1.06}