{"nodes": 1695, "object_boundaries": ["on_boundary && x[0]>0.24971 && x[0]< 0.48823 && x[1]>0.05443 && x[1]< 0.29579"], "height": 0.41, "width": 1.6, "inflow_peak": 1.9}