{"nodes": 1704, "object_boundaries": ["on_boundary && x[0]>0.09432 && x[0]< 0.27744 && x[1]>0.16299 && x[1]< 0.34611"], "height": 0.41, "width": 1.6, "inflow_peak": 0.83}