{"nodes": 2083, "object_boundaries": ["on_boundary && x[0]>0.06371 && x[0]< 0.23459 && x[1]>0.21456 && x[1]< 0.38544"], "height": 0.41, "width": 1.6, "inflow_peak": 0.908}