{"nodes": 1965, "cells": 3735, "object_boundaries": ["on_boundary && x[0]>0.2964 && x[0]< 0.34999 && x[1]>0.20847 && x[1]< 0.26206"], "height": 0.41, "width": 1.6, "inflow_peak": 1.32}