{"nodes": 1883, "object_boundaries": ["on_boundary && x[0]>0.09456 && x[0]< 0.32968 && x[1]>0.10276 && x[1]< 0.33788"], "height": 0.41, "width": 1.6, "inflow_peak": 1.705}