{"nodes": 1993, "object_boundaries": ["on_boundary && x[0]>0.25308 && x[0]< 0.47149 && x[1]>0.09632 && x[1]< 0.31472"], "height": 0.41, "width": 1.6, "inflow_peak": 1.42}