{"nodes": 2052, "cells": 3897, "object_boundaries": ["on_boundary && x[0]>0.3041 && x[0]< 0.48314 && x[1]>0.16189 && x[1]< 0.34093"], "height": 0.41, "width": 1.6, "inflow_peak": 1.914}