{"nodes": 1835, "object_boundaries": ["on_boundary && x[0]>0.281 && x[0]< 0.53776 && x[1]>0.07915 && x[1]< 0.33591"], "height": 0.41, "width": 1.6, "inflow_peak": 0.358}