{"nodes": 1925, "object_boundaries": ["on_boundary && x[0]>0.18304 && x[0]< 0.41104 && x[1]>0.13487 && x[1]< 0.36287"], "height": 0.41, "width": 1.6, "inflow_peak": 1.375}