{"nodes": 1684, "object_boundaries": ["on_boundary && x[0]>0.05073 && x[0]< 0.31783 && x[1]>0.06901 && x[1]< 0.35407"], "height": 0.41, "width": 1.6, "inflow_peak": 1.17}