{"nodes": 1744, "object_boundaries": ["on_boundary && x[0]>0.24682 && x[0]< 0.45522 && x[1]>0.03236 && x[1]< 0.24076"], "height": 0.41, "width": 1.6, "inflow_peak": 0.88}