{"nodes": 2026, "cells": 3822, "object_boundaries": ["on_boundary && x[0]>0.09839 && x[0]< 0.35049 && x[1]>0.14273 && x[1]< 0.39482"], "height": 0.41, "width": 1.6, "inflow_peak": 1.66}