{"nodes": 2572, "cells": 4882, "object_boundaries": ["on_boundary && x[0]>0.27005 && x[0]< 0.38686 && x[1]>0.06581 && x[1]< 0.28218", "on_boundary && x[0]>0.81521 && x[0]< 0.90679 && x[1]>0.22898 && x[1]< 0.34015"], "height": 0.41, "width": 1.6, "inflow_peak": 0.615}