{"nodes": 1681, "object_boundaries": ["on_boundary && x[0]>0.04601 && x[0]< 0.27854 && x[1]>-0.04056 && x[1]< 0.27923"], "height": 0.41, "width": 1.6, "inflow_peak": 0.68}