{"nodes": 1933, "object_boundaries": ["on_boundary && x[0]>0.02651 && x[0]< 0.27843 && x[1]>0.04882 && x[1]< 0.23644"], "height": 0.41, "width": 1.6, "inflow_peak": 1.88}