{"nodes": 2430, "object_boundaries": ["on_boundary && x[0]>0.24298 && x[0]< 0.4686 && x[1]>0.11371 && x[1]< 0.2374"], "height": 0.41, "width": 1.6, "inflow_peak": 2.02}