{"nodes": 2024, "object_boundaries": ["on_boundary && x[0]>0.16256 && x[0]< 0.39654 && x[1]>0.05508 && x[1]< 0.28581"], "height": 0.41, "width": 1.6, "inflow_peak": 1.01}