{"nodes": 2049, "object_boundaries": ["on_boundary && x[0]>0.25518 && x[0]< 0.46064 && x[1]>0.10966 && x[1]< 0.31512"], "height": 0.41, "width": 1.6, "inflow_peak": 1.169}