{"nodes": 1992, "cells": 3777, "object_boundaries": ["on_boundary && x[0]>0.14627 && x[0]< 0.32723 && x[1]>0.07501 && x[1]< 0.25596"], "height": 0.41, "width": 1.6, "inflow_peak": 1.047}