{"nodes": 2074, "object_boundaries": ["on_boundary && x[0]>0.25269 && x[0]< 0.45047 && x[1]>0.05649 && x[1]< 0.25427"], "height": 0.41, "width": 1.6, "inflow_peak": 1.433}