{"nodes": 2163, "object_boundaries": ["on_boundary && x[0]>0.26859 && x[0]< 0.45655 && x[1]>0.10178 && x[1]< 0.28974"], "height": 0.41, "width": 1.6, "inflow_peak": 0.326}