{"nodes": 1815, "object_boundaries": ["on_boundary && x[0]>0.28597 && x[0]< 0.54653 && x[1]>0.02303 && x[1]< 0.28359"], "height": 0.41, "width": 1.6, "inflow_peak": 1.418}