{"nodes": 1956, "cells": 3710, "object_boundaries": ["on_boundary && x[0]>0.12517 && x[0]< 0.2907 && x[1]>0.09844 && x[1]< 0.26397"], "height": 0.41, "width": 1.6, "inflow_peak": 1.692}