{"nodes": 1991, "cells": 3771, "object_boundaries": ["on_boundary && x[0]>0.21213 && x[0]< 0.28019 && x[1]>0.19965 && x[1]< 0.33082"], "height": 0.41, "width": 1.6, "inflow_peak": 0.625}