{"nodes": 2048, "object_boundaries": ["on_boundary && x[0]>0.31872 && x[0]< 0.55687 && x[1]>0.02674 && x[1]< 0.23569", "on_boundary && x[0]>0.8737 && x[0]< 1.10047 && x[1]>0.16666 && x[1]< 0.39656"], "height": 0.41, "width": 1.6, "inflow_peak": 0.27}