{"nodes": 1708, "object_boundaries": ["on_boundary && x[0]>0.09434 && x[0]< 0.27291 && x[1]>0.12746 && x[1]< 0.31651", "on_boundary && x[0]>0.73037 && x[0]< 0.99442 && x[1]>-0.02126 && x[1]< 0.23291"], "height": 0.41, "width": 1.6, "inflow_peak": 1.24}