{"nodes": 1712, "object_boundaries": ["on_boundary && x[0]>0.2677 && x[0]< 0.44064 && x[1]>0.05309 && x[1]< 0.22602"], "height": 0.41, "width": 1.6, "inflow_peak": 1.69}