{"nodes": 2115, "cells": 3994, "object_boundaries": ["on_boundary && x[0]>0.07048 && x[0]< 0.33922 && x[1]>0.04059 && x[1]< 0.29"], "height": 0.41, "width": 1.6, "inflow_peak": 1.03}