{"nodes": 1677, "object_boundaries": ["on_boundary && x[0]>0.33914 && x[0]< 0.56774 && x[1]>0.00944 && x[1]< 0.23141"], "height": 0.41, "width": 1.6, "inflow_peak": 0.66}