{"nodes": 1946, "object_boundaries": ["on_boundary && x[0]>0.21093 && x[0]< 0.43506 && x[1]>0.00441 && x[1]< 0.22853"], "height": 0.41, "width": 1.6, "inflow_peak": 2.19}