{"nodes": 1917, "object_boundaries": ["on_boundary && x[0]>0.20146 && x[0]< 0.35527 && x[1]>0.09688 && x[1]< 0.2507"], "height": 0.41, "width": 1.6, "inflow_peak": 1.71}