{"nodes": 2283, "object_boundaries": ["on_boundary && x[0]>0.19047 && x[0]< 0.34586 && x[1]>0.06398 && x[1]< 0.21936"], "height": 0.41, "width": 1.6, "inflow_peak": 0.671}