{"nodes": 2032, "cells": 3838, "object_boundaries": ["on_boundary && x[0]>0.11219 && x[0]< 0.26009 && x[1]>0.14464 && x[1]< 0.29255"], "height": 0.41, "width": 1.6, "inflow_peak": 1.119}