{"nodes": 1955, "object_boundaries": ["on_boundary && x[0]>0.10686 && x[0]< 0.33105 && x[1]>0.11213 && x[1]< 0.33633"], "height": 0.41, "width": 1.6, "inflow_peak": 1.488}