{"nodes": 1918, "object_boundaries": ["on_boundary && x[0]>0.18272 && x[0]< 0.40793 && x[1]>0.00034 && x[1]< 0.22554"], "height": 0.41, "width": 1.6, "inflow_peak": 0.403}