{"nodes": 1948, "object_boundaries": ["on_boundary && x[0]>0.11601 && x[0]< 0.32308 && x[1]>0.19003 && x[1]< 0.3971"], "height": 0.41, "width": 1.6, "inflow_peak": 1.17}