{"nodes": 2445, "cells": 4629, "object_boundaries": ["on_boundary && x[0]>0.28317 && x[0]< 0.51141 && x[1]>0.17719 && x[1]< 0.40543", "on_boundary && x[0]>0.55355 && x[0]< 0.7798 && x[1]>0.12046 && x[1]< 0.34672"], "height": 0.41, "width": 1.6, "inflow_peak": 1.65}