{"nodes": 2054, "cells": 3885, "object_boundaries": ["on_boundary && x[0]>0.3094 && x[0]< 0.4505 && x[1]>0.20208 && x[1]< 0.34318"], "height": 0.41, "width": 1.6, "inflow_peak": 1.058}