{"nodes": 1890, "object_boundaries": ["on_boundary && x[0]>0.28099 && x[0]< 0.44387 && x[1]>0.09557 && x[1]< 0.25845"], "height": 0.41, "width": 1.6, "inflow_peak": 1.44}