{"nodes": 1773, "object_boundaries": ["on_boundary && x[0]>0.21347 && x[0]< 0.41164 && x[1]>0.13459 && x[1]< 0.33277"], "height": 0.41, "width": 1.6, "inflow_peak": 1.11}