{"nodes": 1765, "object_boundaries": ["on_boundary && x[0]>0.28758 && x[0]< 0.49009 && x[1]>0.18661 && x[1]< 0.38911"], "height": 0.41, "width": 1.6, "inflow_peak": 1.53}