{"nodes": 1764, "object_boundaries": ["on_boundary && x[0]>0.21117 && x[0]< 0.41119 && x[1]>0.16209 && x[1]< 0.35722"], "height": 0.41, "width": 1.6, "inflow_peak": 1.52}