{"nodes": 2058, "cells": 3897, "object_boundaries": ["on_boundary && x[0]>0.1312 && x[0]< 0.26101 && x[1]>0.07891 && x[1]< 0.2034"], "height": 0.41, "width": 1.6, "inflow_peak": 1.741}