{"nodes": 1723, "object_boundaries": ["on_boundary && x[0]>0.10972 && x[0]< 0.30361 && x[1]>0.02847 && x[1]< 0.21412"], "height": 0.41, "width": 1.6, "inflow_peak": 1.59}