{"nodes": 2035, "object_boundaries": ["on_boundary && x[0]>0.06154 && x[0]< 0.22303 && x[1]>0.1107 && x[1]< 0.28533"], "height": 0.41, "width": 1.6, "inflow_peak": 0.64}