{"nodes": 2178, "object_boundaries": ["on_boundary && x[0]>0.2852 && x[0]< 0.46069 && x[1]>0.06739 && x[1]< 0.24288"], "height": 0.41, "width": 1.6, "inflow_peak": 2.214}