{"nodes": 2028, "cells": 3857, "object_boundaries": ["on_boundary && x[0]>0.46758 && x[0]< 0.53125 && x[1]>0.122 && x[1]< 0.18568"], "height": 0.41, "width": 1.6, "inflow_peak": 2.151}