{"nodes": 2025, "cells": 3836, "object_boundaries": ["on_boundary && x[0]>0.19032 && x[0]< 0.3594 && x[1]>0.07819 && x[1]< 0.3088"], "height": 0.41, "width": 1.6, "inflow_peak": 1.64}