{"nodes": 2073, "cells": 3929, "object_boundaries": ["on_boundary && x[0]>0.29641 && x[0]< 0.35817 && x[1]>0.13683 && x[1]< 0.30339"], "height": 0.41, "width": 1.6, "inflow_peak": 1.751}