{"nodes": 2400, "object_boundaries": ["on_boundary && x[0]>0.40237 && x[0]< 0.52302 && x[1]>0.09496 && x[1]< 0.25631"], "height": 0.41, "width": 1.6, "inflow_peak": 0.71}