{"nodes": 2226, "object_boundaries": ["on_boundary && x[0]>0.41131 && x[0]< 0.55936 && x[1]>0.20156 && x[1]< 0.37359"], "height": 0.41, "width": 1.6, "inflow_peak": 0.51}