{"nodes": 2086, "object_boundaries": ["on_boundary && x[0]>0.07779 && x[0]< 0.31329 && x[1]>0.12901 && x[1]< 0.31752"], "height": 0.41, "width": 1.6, "inflow_peak": 0.84}