{"nodes": 2282, "object_boundaries": ["on_boundary && x[0]>0.16327 && x[0]< 0.30919 && x[1]>0.16428 && x[1]< 0.31764"], "height": 0.41, "width": 1.6, "inflow_peak": 2.35}