{"nodes": 2033, "object_boundaries": ["on_boundary && x[0]>0.10334 && x[0]< 0.28761 && x[1]>0.08235 && x[1]< 0.28107"], "height": 0.41, "width": 1.6, "inflow_peak": 0.8}