{"nodes": 2022, "object_boundaries": ["on_boundary && x[0]>0.34026 && x[0]< 0.54314 && x[1]>0.11399 && x[1]< 0.31688"], "height": 0.41, "width": 1.6, "inflow_peak": 1.14}