{"nodes": 2059, "object_boundaries": ["on_boundary && x[0]>0.35673 && x[0]< 0.5598 && x[1]>0.16167 && x[1]< 0.36475"], "height": 0.41, "width": 1.6, "inflow_peak": 0.553}