{"nodes": 1811, "object_boundaries": ["on_boundary && x[0]>0.32597 && x[0]< 0.59131 && x[1]>0.10107 && x[1]< 0.36641"], "height": 0.41, "width": 1.6, "inflow_peak": 0.696}