{"nodes": 2304, "object_boundaries": ["on_boundary && x[0]>0.06361 && x[0]< 0.19639 && x[1]>0.10173 && x[1]< 0.23451"], "height": 0.41, "width": 1.6, "inflow_peak": 0.59}