{"nodes": 2022, "cells": 3839, "object_boundaries": ["on_boundary && x[0]>0.44211 && x[0]< 0.52678 && x[1]>0.13175 && x[1]< 0.21642"], "height": 0.41, "width": 1.6, "inflow_peak": 0.431}