{"nodes": 2133, "object_boundaries": ["on_boundary && x[0]>0.40561 && x[0]< 0.59166 && x[1]>0.14384 && x[1]< 0.3299"], "height": 0.41, "width": 1.6, "inflow_peak": 0.49}