{"nodes": 2170, "object_boundaries": ["on_boundary && x[0]>0.35578 && x[0]< 0.62891 && x[1]>0.01229 && x[1]< 0.28542"], "height": 0.41, "width": 1.6, "inflow_peak": 0.88}