{"nodes": 2004, "cells": 3805, "object_boundaries": ["on_boundary && x[0]>0.24988 && x[0]< 0.32711 && x[1]>0.21425 && x[1]< 0.29148"], "height": 0.41, "width": 1.6, "inflow_peak": 1.773}