{"nodes": 1879, "object_boundaries": ["on_boundary && x[0]>0.16327 && x[0]< 0.40059 && x[1]>0.01226 && x[1]< 0.24958"], "height": 0.41, "width": 1.6, "inflow_peak": 1.48}