{"nodes": 2083, "cells": 3958, "object_boundaries": ["on_boundary && x[0]>0.27805 && x[0]< 0.44161 && x[1]>0.03048 && x[1]< 0.19747"], "height": 0.41, "width": 1.6, "inflow_peak": 0.84}