{"nodes": 1768, "object_boundaries": ["on_boundary && x[0]>0.25577 && x[0]< 0.46104 && x[1]>0.07663 && x[1]< 0.2827"], "height": 0.41, "width": 1.6, "inflow_peak": 1.57}