{"nodes": 1703, "object_boundaries": ["on_boundary && x[0]>0.20405 && x[0]< 0.46614 && x[1]>0.14421 && x[1]< 0.36743"], "height": 0.41, "width": 1.6, "inflow_peak": 1.57}