{"nodes": 2066, "cells": 3917, "object_boundaries": ["on_boundary && x[0]>0.31413 && x[0]< 0.39021 && x[1]>0.11785 && x[1]< 0.26263"], "height": 0.41, "width": 1.6, "inflow_peak": 0.947}