{"nodes": 2119, "object_boundaries": ["on_boundary && x[0]>0.24717 && x[0]< 0.42191 && x[1]>0.06915 && x[1]< 0.27836"], "height": 0.41, "width": 1.6, "inflow_peak": 1.05}