{"nodes": 3095, "object_boundaries": ["on_boundary && x[0]>0.14172 && x[0]< 0.32634 && x[1]>0.02086 && x[1]< 0.27318", "on_boundary && x[0]>0.75577 && x[0]< 1.04992 && x[1]>0.14793 && x[1]< 0.38811"], "height": 0.41, "width": 1.6, "inflow_peak": 0.18}