{"nodes": 2084, "cells": 3960, "object_boundaries": ["on_boundary && x[0]>0.18639 && x[0]< 0.26253 && x[1]>0.09167 && x[1]< 0.18679"], "height": 0.41, "width": 1.6, "inflow_peak": 2.171}