{"nodes": 2292, "object_boundaries": ["on_boundary && x[0]>0.39251 && x[0]< 0.56368 && x[1]>0.10607 && x[1]< 0.26037", "on_boundary && x[0]>0.72594 && x[0]< 0.94591 && x[1]>0.08791 && x[1]< 0.28617"], "height": 0.41, "width": 1.6, "inflow_peak": 0.79}