{"nodes": 2006, "object_boundaries": ["on_boundary && x[0]>0.17261 && x[0]< 0.37483 && x[1]>-0.00111 && x[1]< 0.20111"], "height": 0.41, "width": 1.6, "inflow_peak": 1.9}