{"nodes": 2196, "object_boundaries": ["on_boundary && x[0]>0.26622 && x[0]< 0.52483 && x[1]>0.02928 && x[1]< 0.28789"], "height": 0.41, "width": 1.6, "inflow_peak": 0.43}