{"nodes": 2440, "object_boundaries": ["on_boundary && x[0]>0.20614 && x[0]< 0.38731 && x[1]>0.02388 && x[1]< 0.20505", "on_boundary && x[0]>0.86232 && x[0]< 1.06612 && x[1]>0.04725 && x[1]< 0.25105"], "height": 0.41, "width": 1.6, "inflow_peak": 2.12}