{"nodes": 1744, "object_boundaries": ["on_boundary && x[0]>0.1968 && x[0]< 0.39162 && x[1]>0.11391 && x[1]< 0.29729", "on_boundary && x[0]>0.7062 && x[0]< 0.90878 && x[1]>0.05909 && x[1]< 0.31987"], "height": 0.41, "width": 1.6, "inflow_peak": 1.26}