{"nodes": 2153, "cells": 4071, "object_boundaries": ["on_boundary && x[0]>0.39191 && x[0]< 0.56427 && x[1]>0.16276 && x[1]< 0.33332"], "height": 0.41, "width": 1.6, "inflow_peak": 1.292}