{"nodes": 2052, "cells": 3880, "object_boundaries": ["on_boundary && x[0]>0.24997 && x[0]< 0.48302 && x[1]>0.16744 && x[1]< 0.40049"], "height": 0.41, "width": 1.6, "inflow_peak": 0.765}