{"nodes": 1970, "cells": 3735, "object_boundaries": ["on_boundary && x[0]>0.1579 && x[0]< 0.24081 && x[1]>0.19227 && x[1]< 0.27518"], "height": 0.41, "width": 1.6, "inflow_peak": 0.981}