{"nodes": 1764, "object_boundaries": ["on_boundary && x[0]>0.28065 && x[0]< 0.46538 && x[1]>0.10444 && x[1]< 0.26417"], "height": 0.41, "width": 1.6, "inflow_peak": 1.8}