{"nodes": 1698, "object_boundaries": ["on_boundary && x[0]>0.20875 && x[0]< 0.465 && x[1]>0.14102 && x[1]< 0.34339"], "height": 0.41, "width": 1.6, "inflow_peak": 0.66}