{"nodes": 2964, "object_boundaries": ["on_boundary && x[0]>0.24903 && x[0]< 0.43671 && x[1]>0.08473 && x[1]< 0.32717", "on_boundary && x[0]>0.61571 && x[0]< 0.83424 && x[1]>0.14736 && x[1]< 0.30256"], "height": 0.41, "width": 1.6, "inflow_peak": 1.36}