{"nodes": 2100, "cells": 3990, "object_boundaries": ["on_boundary && x[0]>0.22864 && x[0]< 0.40194 && x[1]>0.08425 && x[1]< 0.2704"], "height": 0.41, "width": 1.6, "inflow_peak": 0.87}