{"nodes": 1718, "object_boundaries": ["on_boundary && x[0]>0.16782 && x[0]< 0.31717 && x[1]>0.05129 && x[1]< 0.25394"], "height": 0.41, "width": 1.6, "inflow_peak": 0.98}