{"nodes": 2145, "cells": 4076, "object_boundaries": ["on_boundary && x[0]>0.36013 && x[0]< 0.47497 && x[1]>0.19098 && x[1]< 0.28118"], "height": 0.41, "width": 1.6, "inflow_peak": 0.801}