{"nodes": 2532, "cells": 4823, "object_boundaries": ["on_boundary && x[0]>0.27712 && x[0]< 0.36423 && x[1]>0.14232 && x[1]< 0.23761", "on_boundary && x[0]>0.60241 && x[0]< 0.71832 && x[1]>0.23177 && x[1]< 0.32413"], "height": 0.41, "width": 1.6, "inflow_peak": 0.439}