{"nodes": 1680, "object_boundaries": ["on_boundary && x[0]>0.10042 && x[0]< 0.37207 && x[1]>0.02671 && x[1]< 0.31723"], "height": 0.41, "width": 1.6, "inflow_peak": 0.46}