{"nodes": 2019, "object_boundaries": ["on_boundary && x[0]>0.06526 && x[0]< 0.27795 && x[1]>0.03451 && x[1]< 0.33281"], "height": 0.41, "width": 1.6, "inflow_peak": 1.59}