{"nodes": 1709, "object_boundaries": ["on_boundary && x[0]>0.25362 && x[0]< 0.49713 && x[1]>0.08529 && x[1]< 0.35887"], "height": 0.41, "width": 1.6, "inflow_peak": 2.12}