{"nodes": 2033, "cells": 3847, "object_boundaries": ["on_boundary && x[0]>0.13329 && x[0]< 0.30038 && x[1]>0.08036 && x[1]< 0.15511"], "height": 0.41, "width": 1.6, "inflow_peak": 1.624}