{"nodes": 2021, "object_boundaries": ["on_boundary && x[0]>0.09401 && x[0]< 0.32164 && x[1]>0.18529 && x[1]< 0.36397"], "height": 0.41, "width": 1.6, "inflow_peak": 1.01}