{"nodes": 2037, "object_boundaries": ["on_boundary && x[0]>0.26893 && x[0]< 0.47331 && x[1]>0.00151 && x[1]< 0.2082"], "height": 0.41, "width": 1.6, "inflow_peak": 1.04}