{"nodes": 2425, "object_boundaries": ["on_boundary && x[0]>0.32739 && x[0]< 0.45565 && x[1]>0.05954 && x[1]< 0.18779"], "height": 0.41, "width": 1.6, "inflow_peak": 1.3}