{"nodes": 1681, "object_boundaries": ["on_boundary && x[0]>0.16998 && x[0]< 0.41161 && x[1]>0.05182 && x[1]< 0.29313"], "height": 0.41, "width": 1.6, "inflow_peak": 1.26}