{"nodes": 1675, "object_boundaries": ["on_boundary && x[0]>0.07777 && x[0]< 0.23585 && x[1]>0.11575 && x[1]< 0.27382"], "height": 0.41, "width": 1.6, "inflow_peak": 0.51}