{"nodes": 2115, "cells": 4002, "object_boundaries": ["on_boundary && x[0]>0.29902 && x[0]< 0.54332 && x[1]>0.03221 && x[1]< 0.27651"], "height": 0.41, "width": 1.6, "inflow_peak": 1.824}