{"nodes": 2124, "object_boundaries": ["on_boundary && x[0]>0.17599 && x[0]< 0.35379 && x[1]>0.13769 && x[1]< 0.31549"], "height": 0.41, "width": 1.6, "inflow_peak": 1.73}