{"nodes": 1962, "object_boundaries": ["on_boundary && x[0]>0.23851 && x[0]< 0.45596 && x[1]>0.16427 && x[1]< 0.38172"], "height": 0.41, "width": 1.6, "inflow_peak": 1.78}