{"nodes": 2025, "object_boundaries": ["on_boundary && x[0]>0.24085 && x[0]< 0.48071 && x[1]>0.07606 && x[1]< 0.31592", "on_boundary && x[0]>0.63607 && x[0]< 0.89453 && x[1]>0.14951 && x[1]< 0.40797"], "height": 0.41, "width": 1.6, "inflow_peak": 0.44}