{"nodes": 2053, "object_boundaries": ["on_boundary && x[0]>0.24661 && x[0]< 0.46395 && x[1]>0.17319 && x[1]< 0.38567"], "height": 0.41, "width": 1.6, "inflow_peak": 1.42}