{"nodes": 2055, "cells": 3890, "object_boundaries": ["on_boundary && x[0]>0.38882 && x[0]< 0.60901 && x[1]>0.18154 && x[1]< 0.40173"], "height": 0.41, "width": 1.6, "inflow_peak": 1.04}