{"nodes": 2038, "cells": 3872, "object_boundaries": ["on_boundary && x[0]>0.32248 && x[0]< 0.4034 && x[1]>0.1346 && x[1]< 0.21552"], "height": 0.41, "width": 1.6, "inflow_peak": 1.817}