{"nodes": 1924, "object_boundaries": ["on_boundary && x[0]>0.38096 && x[0]< 0.60159 && x[1]>0.16967 && x[1]< 0.40193"], "height": 0.41, "width": 1.6, "inflow_peak": 1.12}