{"nodes": 1729, "object_boundaries": ["on_boundary && x[0]>0.1734 && x[0]< 0.34717 && x[1]>0.13309 && x[1]< 0.30777"], "height": 0.41, "width": 1.6, "inflow_peak": 0.6}