{"nodes": 3009, "object_boundaries": ["on_boundary && x[0]>0.28313 && x[0]< 0.51327 && x[1]>0.10703 && x[1]< 0.29896", "on_boundary && x[0]>0.62117 && x[0]< 0.78071 && x[1]>0.09946 && x[1]< 0.38482"], "height": 0.41, "width": 1.6, "inflow_peak": 1.39}