{"nodes": 1689, "object_boundaries": ["on_boundary && x[0]>0.30105 && x[0]< 0.56825 && x[1]>0.15283 && x[1]< 0.38925"], "height": 0.41, "width": 1.6, "inflow_peak": 1.74}