{"nodes": 1884, "object_boundaries": ["on_boundary && x[0]>0.04791 && x[0]< 0.27142 && x[1]>0.03782 && x[1]< 0.26133"], "height": 0.41, "width": 1.6, "inflow_peak": 2.31}