{"nodes": 1751, "object_boundaries": ["on_boundary && x[0]>0.10624 && x[0]< 0.29258 && x[1]>0.10735 && x[1]< 0.29369"], "height": 0.41, "width": 1.6, "inflow_peak": 0.9}