{"nodes": 1972, "object_boundaries": ["on_boundary && x[0]>0.16977 && x[0]< 0.38657 && x[1]>0.09694 && x[1]< 0.31374"], "height": 0.41, "width": 1.6, "inflow_peak": 1.14}