{"nodes": 2070, "cells": 3924, "object_boundaries": ["on_boundary && x[0]>0.36826 && x[0]< 0.57636 && x[1]>0.09259 && x[1]< 0.30068"], "height": 0.41, "width": 1.6, "inflow_peak": 1.18}