{"nodes": 1970, "object_boundaries": ["on_boundary && x[0]>0.13241 && x[0]< 0.34869 && x[1]>0.03754 && x[1]< 0.25382"], "height": 0.41, "width": 1.6, "inflow_peak": 1.02}