{"nodes": 2111, "object_boundaries": ["on_boundary && x[0]>0.27129 && x[0]< 0.49665 && x[1]>0.1925 && x[1]< 0.36712"], "height": 0.41, "width": 1.6, "inflow_peak": 1.72}