{"nodes": 2209, "object_boundaries": ["on_boundary && x[0]>0.35705 && x[0]< 0.53292 && x[1]>0.0639 && x[1]< 0.23977"], "height": 0.41, "width": 1.6, "inflow_peak": 0.98}