{"nodes": 2387, "object_boundaries": ["on_boundary && x[0]>0.33819 && x[0]< 0.47462 && x[1]>0.09636 && x[1]< 0.23279"], "height": 0.41, "width": 1.6, "inflow_peak": 1.73}