{"nodes": 2236, "object_boundaries": ["on_boundary && x[0]>0.20206 && x[0]< 0.36733 && x[1]>0.11826 && x[1]< 0.28354"], "height": 0.41, "width": 1.6, "inflow_peak": 0.15}