{"nodes": 1782, "object_boundaries": ["on_boundary && x[0]>0.10444 && x[0]< 0.26643 && x[1]>0.15461 && x[1]< 0.31659"], "height": 0.41, "width": 1.6, "inflow_peak": 1.02}