{"nodes": 2065, "object_boundaries": ["on_boundary && x[0]>0.27034 && x[0]< 0.47536 && x[1]>0.08897 && x[1]< 0.29399"], "height": 0.41, "width": 1.6, "inflow_peak": 0.948}