{"nodes": 2030, "object_boundaries": ["on_boundary && x[0]>0.25006 && x[0]< 0.46108 && x[1]>0.09843 && x[1]< 0.30945"], "height": 0.41, "width": 1.6, "inflow_peak": 1.218}