{"nodes": 2101, "object_boundaries": ["on_boundary && x[0]>0.39222 && x[0]< 0.60899 && x[1]>0.1192 && x[1]< 0.34958"], "height": 0.41, "width": 1.6, "inflow_peak": 0.73}