{"nodes": 2023, "object_boundaries": ["on_boundary && x[0]>0.1397 && x[0]< 0.30895 && x[1]>0.06013 && x[1]< 0.28715"], "height": 0.41, "width": 1.6, "inflow_peak": 2.25}