{"nodes": 1790, "object_boundaries": ["on_boundary && x[0]>0.25316 && x[0]< 0.47014 && x[1]>0.13039 && x[1]< 0.35022", "on_boundary && x[0]>0.64824 && x[0]< 0.82396 && x[1]>0.14872 && x[1]< 0.34398"], "height": 0.41, "width": 1.6, "inflow_peak": 1.62}