{"nodes": 2088, "object_boundaries": ["on_boundary && x[0]>0.28462 && x[0]< 0.48921 && x[1]>0.11761 && x[1]< 0.30713"], "height": 0.41, "width": 1.6, "inflow_peak": 1.25}