{"nodes": 1731, "object_boundaries": ["on_boundary && x[0]>0.19267 && x[0]< 0.45057 && x[1]>0.0925 && x[1]< 0.3308"], "height": 0.41, "width": 1.6, "inflow_peak": 1.04}