{"nodes": 1778, "object_boundaries": ["on_boundary && x[0]>0.37139 && x[0]< 0.56679 && x[1]>0.13233 && x[1]< 0.32773"], "height": 0.41, "width": 1.6, "inflow_peak": 1.08}