{"nodes": 1891, "object_boundaries": ["on_boundary && x[0]>0.20059 && x[0]< 0.43733 && x[1]>0.09377 && x[1]< 0.33051"], "height": 0.41, "width": 1.6, "inflow_peak": 1.461}