{"nodes": 2052, "cells": 3899, "object_boundaries": ["on_boundary && x[0]>0.31551 && x[0]< 0.49016 && x[1]>0.12643 && x[1]< 0.30108"], "height": 0.41, "width": 1.6, "inflow_peak": 1.241}