{"nodes": 2036, "object_boundaries": ["on_boundary && x[0]>0.17199 && x[0]< 0.37215 && x[1]>0.05467 && x[1]< 0.25483"], "height": 0.41, "width": 1.6, "inflow_peak": 1.685}