{"nodes": 1983, "cells": 3766, "object_boundaries": ["on_boundary && x[0]>0.22416 && x[0]< 0.3811 && x[1]>0.21301 && x[1]< 0.36995"], "height": 0.41, "width": 1.6, "inflow_peak": 1.396}