{"nodes": 2060, "cells": 3898, "object_boundaries": ["on_boundary && x[0]>0.19115 && x[0]< 0.32749 && x[1]>0.19717 && x[1]< 0.33351"], "height": 0.41, "width": 1.6, "inflow_peak": 1.437}