{"nodes": 2127, "object_boundaries": ["on_boundary && x[0]>0.43536 && x[0]< 0.62243 && x[1]>0.0599 && x[1]< 0.24697"], "height": 0.41, "width": 1.6, "inflow_peak": 1.115}