{"nodes": 2311, "cells": 4387, "object_boundaries": ["on_boundary && x[0]>0.14954 && x[0]< 0.3026 && x[1]>0.03465 && x[1]< 0.18771", "on_boundary && x[0]>0.59742 && x[0]< 0.82103 && x[1]>0.16187 && x[1]< 0.38547"], "height": 0.41, "width": 1.6, "inflow_peak": 0.94}