{"nodes": 2536, "object_boundaries": ["on_boundary && x[0]>0.34007 && x[0]< 0.54199 && x[1]>0.15867 && x[1]< 0.36058", "on_boundary && x[0]>0.58894 && x[0]< 0.76836 && x[1]>0.15913 && x[1]< 0.33855"], "height": 0.41, "width": 1.6, "inflow_peak": 1.17}