{"nodes": 2206, "object_boundaries": ["on_boundary && x[0]>0.19393 && x[0]< 0.36786 && x[1]>0.16843 && x[1]< 0.34236"], "height": 0.41, "width": 1.6, "inflow_peak": 1.86}