{"nodes": 2504, "cells": 4744, "object_boundaries": ["on_boundary && x[0]>0.32936 && x[0]< 0.49081 && x[1]>0.15403 && x[1]< 0.31547", "on_boundary && x[0]>0.68618 && x[0]< 0.81096 && x[1]>0.12186 && x[1]< 0.24664"], "height": 0.41, "width": 1.6, "inflow_peak": 2.111}