{"nodes": 1967, "object_boundaries": ["on_boundary && x[0]>0.24667 && x[0]< 0.40737 && x[1]>0.15956 && x[1]< 0.32026"], "height": 0.41, "width": 1.6, "inflow_peak": 1.19}