{"nodes": 2003, "cells": 3794, "object_boundaries": ["on_boundary && x[0]>0.21947 && x[0]< 0.32472 && x[1]>0.15064 && x[1]< 0.25588"], "height": 0.41, "width": 1.6, "inflow_peak": 1.06}