{"nodes": 2108, "object_boundaries": ["on_boundary && x[0]>0.34709 && x[0]< 0.54677 && x[1]>0.05798 && x[1]< 0.25766"], "height": 0.41, "width": 1.6, "inflow_peak": 0.878}