{"nodes": 2073, "object_boundaries": ["on_boundary && x[0]>0.09735 && x[0]< 0.28131 && x[1]>0.07037 && x[1]< 0.25432"], "height": 0.41, "width": 1.6, "inflow_peak": 2.093}