{"nodes": 1983, "cells": 3767, "object_boundaries": ["on_boundary && x[0]>0.39844 && x[0]< 0.55224 && x[1]>0.02919 && x[1]< 0.18299"], "height": 0.41, "width": 1.6, "inflow_peak": 0.784}