{"nodes": 2069, "object_boundaries": ["on_boundary && x[0]>0.08374 && x[0]< 0.36374 && x[1]>0.02428 && x[1]< 0.30428"], "height": 0.41, "width": 1.6, "inflow_peak": 1.408}