{"nodes": 1681, "object_boundaries": ["on_boundary && x[0]>0.2448 && x[0]< 0.45948 && x[1]>0.06008 && x[1]< 0.27476"], "height": 0.41, "width": 1.6, "inflow_peak": 0.61}