{"nodes": 2118, "cells": 4018, "object_boundaries": ["on_boundary && x[0]>0.26191 && x[0]< 0.3837 && x[1]>0.17071 && x[1]< 0.29249"], "height": 0.41, "width": 1.6, "inflow_peak": 1.735}