{"nodes": 1690, "object_boundaries": ["on_boundary && x[0]>0.13753 && x[0]< 0.32208 && x[1]>0.1758 && x[1]< 0.35372"], "height": 0.41, "width": 1.6, "inflow_peak": 1.68}