{"nodes": 1816, "object_boundaries": ["on_boundary && x[0]>0.0596 && x[0]< 0.30304 && x[1]>0.03213 && x[1]< 0.27558"], "height": 0.41, "width": 1.6, "inflow_peak": 0.86}