{"nodes": 1764, "object_boundaries": ["on_boundary && x[0]>0.34025 && x[0]< 0.54087 && x[1]>0.07443 && x[1]< 0.27506"], "height": 0.41, "width": 1.6, "inflow_peak": 0.67}