{"nodes": 2427, "object_boundaries": ["on_boundary && x[0]>0.28183 && x[0]< 0.48459 && x[1]>0.11376 && x[1]< 0.31652", "on_boundary && x[0]>0.60047 && x[0]< 0.81676 && x[1]>0.05036 && x[1]< 0.26665"], "height": 0.41, "width": 1.6, "inflow_peak": 0.8}