{"nodes": 2002, "cells": 3798, "object_boundaries": ["on_boundary && x[0]>0.34428 && x[0]< 0.51941 && x[1]>0.19305 && x[1]< 0.36818"], "height": 0.41, "width": 1.6, "inflow_peak": 2.15}