{"nodes": 2120, "object_boundaries": ["on_boundary && x[0]>0.24917 && x[0]< 0.48755 && x[1]>0.13159 && x[1]< 0.36997", "on_boundary && x[0]>0.72678 && x[0]< 0.9753 && x[1]>0.00819 && x[1]< 0.25671"], "height": 0.41, "width": 1.6, "inflow_peak": 0.63}