{"nodes": 2135, "object_boundaries": ["on_boundary && x[0]>0.14731 && x[0]< 0.32398 && x[1]>0.12472 && x[1]< 0.30139"], "height": 0.41, "width": 1.6, "inflow_peak": 1.65}