{"nodes": 1981, "object_boundaries": ["on_boundary && x[0]>0.24281 && x[0]< 0.47064 && x[1]>0.08271 && x[1]< 0.31054"], "height": 0.41, "width": 1.6, "inflow_peak": 1.99}