{"nodes": 1969, "cells": 3725, "object_boundaries": ["on_boundary && x[0]>0.08159 && x[0]< 0.28121 && x[1]>0.02895 && x[1]< 0.22857"], "height": 0.41, "width": 1.6, "inflow_peak": 0.707}