{"nodes": 2259, "object_boundaries": ["on_boundary && x[0]>0.30545 && x[0]< 0.47127 && x[1]>0.06254 && x[1]< 0.22836"], "height": 0.41, "width": 1.6, "inflow_peak": 0.97}