{"nodes": 1997, "object_boundaries": ["on_boundary && x[0]>0.29748 && x[0]< 0.43976 && x[1]>0.14353 && x[1]< 0.28581"], "height": 0.41, "width": 1.6, "inflow_peak": 1.702}