{"nodes": 1864, "object_boundaries": ["on_boundary && x[0]>0.4017 && x[0]< 0.5798 && x[1]>0.05969 && x[1]< 0.23065"], "height": 0.41, "width": 1.6, "inflow_peak": 0.45}