{"nodes": 2338, "cells": 4443, "object_boundaries": ["on_boundary && x[0]>0.37065 && x[0]< 0.42416 && x[1]>0.11228 && x[1]< 0.16578", "on_boundary && x[0]>0.89303 && x[0]< 1.02927 && x[1]>0.0424 && x[1]< 0.17864"], "height": 0.41, "width": 1.6, "inflow_peak": 0.489}