{"nodes": 2288, "object_boundaries": ["on_boundary && x[0]>0.39401 && x[0]< 0.54026 && x[1]>0.03342 && x[1]< 0.17966"], "height": 0.41, "width": 1.6, "inflow_peak": 1.7}