{"nodes": 2002, "object_boundaries": ["on_boundary && x[0]>0.29712 && x[0]< 0.49257 && x[1]>0.1949 && x[1]< 0.40117"], "height": 0.41, "width": 1.6, "inflow_peak": 1.31}