{"nodes": 1983, "cells": 3744, "object_boundaries": ["on_boundary && x[0]>0.12976 && x[0]< 0.24403 && x[1]>0.13535 && x[1]< 0.2922"], "height": 0.41, "width": 1.6, "inflow_peak": 1.49}