{"nodes": 2020, "cells": 3817, "object_boundaries": ["on_boundary && x[0]>0.07609 && x[0]< 0.30909 && x[1]>0.04393 && x[1]< 0.27078"], "height": 0.41, "width": 1.6, "inflow_peak": 0.47}