{"nodes": 1813, "object_boundaries": ["on_boundary && x[0]>0.17906 && x[0]< 0.30873 && x[1]>0.11295 && x[1]< 0.24261"], "height": 0.41, "width": 1.6, "inflow_peak": 1.16}