{"nodes": 1686, "object_boundaries": ["on_boundary && x[0]>0.30285 && x[0]< 0.49301 && x[1]>0.14053 && x[1]< 0.33069"], "height": 0.41, "width": 1.6, "inflow_peak": 0.64}