{"nodes": 1711, "object_boundaries": ["on_boundary && x[0]>0.43063 && x[0]< 0.61764 && x[1]>0.19674 && x[1]< 0.38375"], "height": 0.41, "width": 1.6, "inflow_peak": 1.26}