{"nodes": 2116, "cells": 4014, "object_boundaries": ["on_boundary && x[0]>0.41249 && x[0]< 0.53782 && x[1]>0.17294 && x[1]< 0.29827"], "height": 0.41, "width": 1.6, "inflow_peak": 0.561}