{"nodes": 2340, "object_boundaries": ["on_boundary && x[0]>0.22598 && x[0]< 0.37128 && x[1]>0.21795 && x[1]< 0.36325"], "height": 0.41, "width": 1.6, "inflow_peak": 2.008}