{"nodes": 1987, "object_boundaries": ["on_boundary && x[0]>0.33188 && x[0]< 0.46427 && x[1]>0.17393 && x[1]< 0.30633"], "height": 0.41, "width": 1.6, "inflow_peak": 0.546}