{"nodes": 2049, "object_boundaries": ["on_boundary && x[0]>0.26593 && x[0]< 0.46707 && x[1]>0.02756 && x[1]< 0.2287"], "height": 0.41, "width": 1.6, "inflow_peak": 1.383}