{"nodes": 2012, "object_boundaries": ["on_boundary && x[0]>0.32415 && x[0]< 0.53464 && x[1]>0.00634 && x[1]< 0.21684"], "height": 0.41, "width": 1.6, "inflow_peak": 0.671}