{"nodes": 2260, "object_boundaries": ["on_boundary && x[0]>0.32014 && x[0]< 0.48233 && x[1]>0.04497 && x[1]< 0.20717"], "height": 0.41, "width": 1.6, "inflow_peak": 0.368}