{"nodes": 2030, "cells": 3855, "object_boundaries": ["on_boundary && x[0]>0.22642 && x[0]< 0.39959 && x[1]>0.15208 && x[1]< 0.32525"], "height": 0.41, "width": 1.6, "inflow_peak": 1.892}