{"nodes": 2010, "object_boundaries": ["on_boundary && x[0]>0.2311 && x[0]< 0.43275 && x[1]>0.03379 && x[1]< 0.24231"], "height": 0.41, "width": 1.6, "inflow_peak": 1.76}