{"nodes": 1991, "object_boundaries": ["on_boundary && x[0]>0.32523 && x[0]< 0.54219 && x[1]>0.17713 && x[1]< 0.39409"], "height": 0.41, "width": 1.6, "inflow_peak": 2.13}