{"nodes": 1897, "object_boundaries": ["on_boundary && x[0]>0.30639 && x[0]< 0.4642 && x[1]>0.12583 && x[1]< 0.28365"], "height": 0.41, "width": 1.6, "inflow_peak": 1.49}