{"nodes": 2086, "object_boundaries": ["on_boundary && x[0]>0.24273 && x[0]< 0.43422 && x[1]>0.16302 && x[1]< 0.35452"], "height": 0.41, "width": 1.6, "inflow_peak": 0.92}