{"nodes": 2123, "object_boundaries": ["on_boundary && x[0]>0.21772 && x[0]< 0.40578 && x[1]>0.10272 && x[1]< 0.29077"], "height": 0.41, "width": 1.6, "inflow_peak": 1.67}