{"nodes": 1839, "object_boundaries": ["on_boundary && x[0]>0.15078 && x[0]< 0.30761 && x[1]>0.08336 && x[1]< 0.24019"], "height": 0.41, "width": 1.6, "inflow_peak": 0.398}