{"nodes": 2327, "object_boundaries": ["on_boundary && x[0]>0.17846 && x[0]< 0.31965 && x[1]>0.1814 && x[1]< 0.32259"], "height": 0.41, "width": 1.6, "inflow_peak": 1.119}