{"nodes": 1998, "cells": 3772, "object_boundaries": ["on_boundary && x[0]>0.10204 && x[0]< 0.2453 && x[1]>0.19177 && x[1]< 0.33503"], "height": 0.41, "width": 1.6, "inflow_peak": 1.04}