{"nodes": 2017, "object_boundaries": ["on_boundary && x[0]>0.25626 && x[0]< 0.46262 && x[1]>0.18961 && x[1]< 0.39596"], "height": 0.41, "width": 1.6, "inflow_peak": 0.508}