{"nodes": 2128, "object_boundaries": ["on_boundary && x[0]>0.25213 && x[0]< 0.48479 && x[1]>0.15542 && x[1]< 0.41711"], "height": 0.41, "width": 1.6, "inflow_peak": 0.77}