{"nodes": 2111, "object_boundaries": ["on_boundary && x[0]>0.41732 && x[0]< 0.64268 && x[1]>0.14262 && x[1]< 0.32673"], "height": 0.41, "width": 1.6, "inflow_peak": 1.27}