{"nodes": 2012, "object_boundaries": ["on_boundary && x[0]>0.36026 && x[0]< 0.55483 && x[1]>-0.00627 && x[1]< 0.21425"], "height": 0.41, "width": 1.6, "inflow_peak": 0.51}