{"nodes": 1778, "object_boundaries": ["on_boundary && x[0]>0.35286 && x[0]< 0.52957 && x[1]>0.04369 && x[1]< 0.2202", "on_boundary && x[0]>0.83903 && x[0]< 1.14442 && x[1]>0.12114 && x[1]< 0.31607"], "height": 0.41, "width": 1.6, "inflow_peak": 1.59}