{"nodes": 2109, "object_boundaries": ["on_boundary && x[0]>0.13073 && x[0]< 0.31936 && x[1]>0.10455 && x[1]< 0.28395"], "height": 0.41, "width": 1.6, "inflow_peak": 1.86}