{"nodes": 2028, "cells": 3832, "object_boundaries": ["on_boundary && x[0]>0.08856 && x[0]< 0.31997 && x[1]>0.00784 && x[1]< 0.23925"], "height": 0.41, "width": 1.6, "inflow_peak": 0.37}