{"nodes": 2340, "cells": 4440, "object_boundaries": ["on_boundary && x[0]>0.25695 && x[0]< 0.34005 && x[1]>0.0635 && x[1]< 0.14661", "on_boundary && x[0]>0.89506 && x[0]< 1.02237 && x[1]>0.05236 && x[1]< 0.17966"], "height": 0.41, "width": 1.6, "inflow_peak": 1.335}