{"nodes": 1678, "object_boundaries": ["on_boundary && x[0]>0.38387 && x[0]< 0.60907 && x[1]>0.08745 && x[1]< 0.31265"], "height": 0.41, "width": 1.6, "inflow_peak": 1.01}