{"nodes": 2007, "cells": 3802, "object_boundaries": ["on_boundary && x[0]>0.34675 && x[0]< 0.45337 && x[1]>0.24484 && x[1]< 0.35146"], "height": 0.41, "width": 1.6, "inflow_peak": 0.422}