{"nodes": 1718, "object_boundaries": ["on_boundary && x[0]>0.25651 && x[0]< 0.47997 && x[1]>0.11231 && x[1]< 0.35433"], "height": 0.41, "width": 1.6, "inflow_peak": 0.61}