{"nodes": 2111, "cells": 4016, "object_boundaries": ["on_boundary && x[0]>0.22803 && x[0]< 0.38108 && x[1]>0.18077 && x[1]< 0.33381"], "height": 0.41, "width": 1.6, "inflow_peak": 0.76}