{"nodes": 1720, "object_boundaries": ["on_boundary && x[0]>0.13613 && x[0]< 0.39207 && x[1]>0.10626 && x[1]< 0.35364"], "height": 0.41, "width": 1.6, "inflow_peak": 0.86}