{"nodes": 2056, "object_boundaries": ["on_boundary && x[0]>0.28238 && x[0]< 0.40238 && x[1]>0.21518 && x[1]< 0.33518"], "height": 0.41, "width": 1.6, "inflow_peak": 1.27}