{"nodes": 2259, "object_boundaries": ["on_boundary && x[0]>0.10411 && x[0]< 0.25507 && x[1]>0.11995 && x[1]< 0.27091"], "height": 0.41, "width": 1.6, "inflow_peak": 1.0}