{"nodes": 2148, "object_boundaries": ["on_boundary && x[0]>0.29283 && x[0]< 0.471 && x[1]>0.01092 && x[1]< 0.18908"], "height": 0.41, "width": 1.6, "inflow_peak": 0.15}