{"nodes": 1994, "cells": 3774, "object_boundaries": ["on_boundary && x[0]>0.13883 && x[0]< 0.31299 && x[1]>0.05467 && x[1]< 0.28271"], "height": 0.41, "width": 1.6, "inflow_peak": 1.4}