{"nodes": 1984, "cells": 3750, "object_boundaries": ["on_boundary && x[0]>0.20732 && x[0]< 0.30901 && x[1]>0.02756 && x[1]< 0.1737"], "height": 0.41, "width": 1.6, "inflow_peak": 0.909}