{"nodes": 2083, "cells": 3964, "object_boundaries": ["on_boundary && x[0]>0.18616 && x[0]< 0.34472 && x[1]>0.08711 && x[1]< 0.24566"], "height": 0.41, "width": 1.6, "inflow_peak": 0.48}