{"nodes": 1832, "object_boundaries": ["on_boundary && x[0]>0.30484 && x[0]< 0.43663 && x[1]>0.13348 && x[1]< 0.26527"], "height": 0.41, "width": 1.6, "inflow_peak": 0.79}