{"nodes": 1778, "object_boundaries": ["on_boundary && x[0]>0.07305 && x[0]< 0.23321 && x[1]>0.15812 && x[1]< 0.31828"], "height": 0.41, "width": 1.6, "inflow_peak": 1.04}