{"nodes": 2030, "cells": 3860, "object_boundaries": ["on_boundary && x[0]>0.38904 && x[0]< 0.45619 && x[1]>0.17571 && x[1]< 0.24286"], "height": 0.41, "width": 1.6, "inflow_peak": 1.334}