{"nodes": 1987, "object_boundaries": ["on_boundary && x[0]>0.05648 && x[0]< 0.25061 && x[1]>0.03216 && x[1]< 0.22629"], "height": 0.41, "width": 1.6, "inflow_peak": 0.85}