{"nodes": 1765, "object_boundaries": ["on_boundary && x[0]>0.28938 && x[0]< 0.48359 && x[1]>0.09775 && x[1]< 0.29196"], "height": 0.41, "width": 1.6, "inflow_peak": 1.14}