{"nodes": 1736, "object_boundaries": ["on_boundary && x[0]>0.26881 && x[0]< 0.47758 && x[1]>0.12045 && x[1]< 0.32922"], "height": 0.41, "width": 1.6, "inflow_peak": 1.23}