{"nodes": 2318, "object_boundaries": ["on_boundary && x[0]>0.23526 && x[0]< 0.3865 && x[1]>0.09224 && x[1]< 0.24348"], "height": 0.41, "width": 1.6, "inflow_peak": 0.429}