{"nodes": 2056, "object_boundaries": ["on_boundary && x[0]>0.36101 && x[0]< 0.56307 && x[1]>0.07102 && x[1]< 0.27308"], "height": 0.41, "width": 1.6, "inflow_peak": 0.974}