{"nodes": 1968, "cells": 3734, "object_boundaries": ["on_boundary && x[0]>0.15645 && x[0]< 0.23109 && x[1]>0.20552 && x[1]< 0.28016"], "height": 0.41, "width": 1.6, "inflow_peak": 1.909}