{"nodes": 1967, "object_boundaries": ["on_boundary && x[0]>0.06881 && x[0]< 0.27204 && x[1]>0.05726 && x[1]< 0.26049"], "height": 0.41, "width": 1.6, "inflow_peak": 1.669}