{"nodes": 1691, "object_boundaries": ["on_boundary && x[0]>0.34455 && x[0]< 0.5509 && x[1]>0.15804 && x[1]< 0.35244"], "height": 0.41, "width": 1.6, "inflow_peak": 1.55}