{"nodes": 2134, "cells": 4054, "object_boundaries": ["on_boundary && x[0]>0.23413 && x[0]< 0.43231 && x[1]>0.07669 && x[1]< 0.27487"], "height": 0.41, "width": 1.6, "inflow_peak": 1.79}