{"nodes": 2108, "cells": 4010, "object_boundaries": ["on_boundary && x[0]>0.23802 && x[0]< 0.31212 && x[1]>0.15948 && x[1]< 0.23358"], "height": 0.41, "width": 1.6, "inflow_peak": 1.348}