{"nodes": 2083, "object_boundaries": ["on_boundary && x[0]>0.38026 && x[0]< 0.58342 && x[1]>0.09803 && x[1]< 0.30119"], "height": 0.41, "width": 1.6, "inflow_peak": 1.64}