{"nodes": 1699, "object_boundaries": ["on_boundary && x[0]>0.13054 && x[0]< 0.32881 && x[1]>0.07186 && x[1]< 0.27265"], "height": 0.41, "width": 1.6, "inflow_peak": 0.69}