{"nodes": 1874, "object_boundaries": ["on_boundary && x[0]>0.12701 && x[0]< 0.38631 && x[1]>0.08233 && x[1]< 0.3185"], "height": 0.41, "width": 1.6, "inflow_peak": 1.25}