{"nodes": 2030, "object_boundaries": ["on_boundary && x[0]>0.18572 && x[0]< 0.43308 && x[1]>0.1989 && x[1]< 0.38155"], "height": 0.41, "width": 1.6, "inflow_peak": 0.5}