{"nodes": 2033, "cells": 3863, "object_boundaries": ["on_boundary && x[0]>0.38954 && x[0]< 0.57003 && x[1]>0.1659 && x[1]< 0.31869"], "height": 0.41, "width": 1.6, "inflow_peak": 1.18}