{"nodes": 1663, "object_boundaries": ["on_boundary && x[0]>0.11688 && x[0]< 0.34014 && x[1]>0.16122 && x[1]< 0.38447"], "height": 0.41, "width": 1.6, "inflow_peak": 1.35}