{"nodes": 2084, "cells": 3962, "object_boundaries": ["on_boundary && x[0]>0.21145 && x[0]< 0.3827 && x[1]>0.17193 && x[1]< 0.34318"], "height": 0.41, "width": 1.6, "inflow_peak": 1.0}