{"nodes": 1679, "object_boundaries": ["on_boundary && x[0]>0.31808 && x[0]< 0.52814 && x[1]>0.06821 && x[1]< 0.26447"], "height": 0.41, "width": 1.6, "inflow_peak": 1.24}