{"nodes": 1669, "object_boundaries": ["on_boundary && x[0]>0.12274 && x[0]< 0.39204 && x[1]>0.10663 && x[1]< 0.37004"], "height": 0.41, "width": 1.6, "inflow_peak": 1.33}