{"nodes": 2082, "cells": 3962, "object_boundaries": ["on_boundary && x[0]>0.28211 && x[0]< 0.34555 && x[1]>0.12354 && x[1]< 0.18698"], "height": 0.41, "width": 1.6, "inflow_peak": 2.092}