{"nodes": 2057, "cells": 3902, "object_boundaries": ["on_boundary && x[0]>0.16703 && x[0]< 0.36341 && x[1]>0.10789 && x[1]< 0.29442"], "height": 0.41, "width": 1.6, "inflow_peak": 1.69}