{"nodes": 2041, "object_boundaries": ["on_boundary && x[0]>0.23836 && x[0]< 0.4358 && x[1]>0.02336 && x[1]< 0.22079"], "height": 0.41, "width": 1.6, "inflow_peak": 2.03}