{"nodes": 1978, "cells": 3758, "object_boundaries": ["on_boundary && x[0]>0.20654 && x[0]< 0.26686 && x[1]>0.15077 && x[1]< 0.21109"], "height": 0.41, "width": 1.6, "inflow_peak": 1.53}