{"nodes": 1840, "object_boundaries": ["on_boundary && x[0]>0.33662 && x[0]< 0.47535 && x[1]>0.1089 && x[1]< 0.24762"], "height": 0.41, "width": 1.6, "inflow_peak": 0.97}