{"nodes": 2003, "cells": 3800, "object_boundaries": ["on_boundary && x[0]>0.22436 && x[0]< 0.31043 && x[1]>0.1266 && x[1]< 0.21267"], "height": 0.41, "width": 1.6, "inflow_peak": 0.71}