{"nodes": 2118, "cells": 4014, "object_boundaries": ["on_boundary && x[0]>0.36286 && x[0]< 0.58983 && x[1]>0.0522 && x[1]< 0.27918"], "height": 0.41, "width": 1.6, "inflow_peak": 2.225}