{"nodes": 2022, "object_boundaries": ["on_boundary && x[0]>0.32957 && x[0]< 0.54338 && x[1]>0.03557 && x[1]< 0.24938"], "height": 0.41, "width": 1.6, "inflow_peak": 1.239}