{"nodes": 1901, "object_boundaries": ["on_boundary && x[0]>0.34969 && x[0]< 0.59273 && x[1]>0.07863 && x[1]< 0.32167"], "height": 0.41, "width": 1.6, "inflow_peak": 1.238}