{"nodes": 2323, "object_boundaries": ["on_boundary && x[0]>0.32288 && x[0]< 0.48172 && x[1]>0.1642 && x[1]< 0.32303"], "height": 0.41, "width": 1.6, "inflow_peak": 1.404}