{"nodes": 1895, "object_boundaries": ["on_boundary && x[0]>0.3769 && x[0]< 0.61417 && x[1]>0.02759 && x[1]< 0.26486"], "height": 0.41, "width": 1.6, "inflow_peak": 1.45}