{"nodes": 1902, "object_boundaries": ["on_boundary && x[0]>0.17829 && x[0]< 0.41095 && x[1]>0.14467 && x[1]< 0.37734"], "height": 0.41, "width": 1.6, "inflow_peak": 1.009}