{"nodes": 1730, "object_boundaries": ["on_boundary && x[0]>-0.00538 && x[0]< 0.26538 && x[1]>0.09646 && x[1]< 0.36722"], "height": 0.41, "width": 1.6, "inflow_peak": 2.123}