{"nodes": 2031, "cells": 3831, "object_boundaries": ["on_boundary && x[0]>0.15291 && x[0]< 0.31665 && x[1]>0.0558 && x[1]< 0.21953"], "height": 0.41, "width": 1.6, "inflow_peak": 0.902}