{"nodes": 2090, "cells": 3952, "object_boundaries": ["on_boundary && x[0]>0.2594 && x[0]< 0.50527 && x[1]>0.13071 && x[1]< 0.37658"], "height": 0.41, "width": 1.6, "inflow_peak": 0.419}