{"nodes": 2030, "object_boundaries": ["on_boundary && x[0]>0.39157 && x[0]< 0.60074 && x[1]>0.11856 && x[1]< 0.32921"], "height": 0.41, "width": 1.6, "inflow_peak": 0.94}