{"nodes": 2034, "object_boundaries": ["on_boundary && x[0]>0.1117 && x[0]< 0.31819 && x[1]>0.16147 && x[1]< 0.30624"], "height": 0.41, "width": 1.6, "inflow_peak": 2.35}