{"nodes": 2058, "object_boundaries": ["on_boundary && x[0]>0.2508 && x[0]< 0.42118 && x[1]>0.06403 && x[1]< 0.29288"], "height": 0.41, "width": 1.6, "inflow_peak": 1.09}