{"nodes": 2129, "object_boundaries": ["on_boundary && x[0]>0.25015 && x[0]< 0.40156 && x[1]>0.09777 && x[1]< 0.31446"], "height": 0.41, "width": 1.6, "inflow_peak": 0.64}