{"nodes": 2067, "cells": 3912, "object_boundaries": ["on_boundary && x[0]>0.1643 && x[0]< 0.29577 && x[1]>0.05032 && x[1]< 0.18179"], "height": 0.41, "width": 1.6, "inflow_peak": 2.092}