{"nodes": 1726, "object_boundaries": ["on_boundary && x[0]>0.29432 && x[0]< 0.53122 && x[1]>0.08343 && x[1]< 0.31395"], "height": 0.41, "width": 1.6, "inflow_peak": 1.38}