{"nodes": 2373, "object_boundaries": ["on_boundary && x[0]>0.28536 && x[0]< 0.43634 && x[1]>0.11661 && x[1]< 0.26759"], "height": 0.41, "width": 1.6, "inflow_peak": 1.505}