{"nodes": 1995, "cells": 3760, "object_boundaries": ["on_boundary && x[0]>0.07109 && x[0]< 0.32343 && x[1]>0.10172 && x[1]< 0.35407"], "height": 0.41, "width": 1.6, "inflow_peak": 2.209}