{"nodes": 2341, "object_boundaries": ["on_boundary && x[0]>0.41452 && x[0]< 0.55601 && x[1]>0.08043 && x[1]< 0.22192"], "height": 0.41, "width": 1.6, "inflow_peak": 1.025}