{"nodes": 2067, "object_boundaries": ["on_boundary && x[0]>0.17048 && x[0]< 0.36299 && x[1]>0.18263 && x[1]< 0.37514"], "height": 0.41, "width": 1.6, "inflow_peak": 0.999}