{"nodes": 2163, "cells": 4104, "object_boundaries": ["on_boundary && x[0]>0.32321 && x[0]< 0.43919 && x[1]>0.20724 && x[1]< 0.32322"], "height": 0.41, "width": 1.6, "inflow_peak": 0.895}