{"nodes": 1769, "object_boundaries": ["on_boundary && x[0]>0.1189 && x[0]< 0.27351 && x[1]>0.10257 && x[1]< 0.25718"], "height": 0.41, "width": 1.6, "inflow_peak": 0.53}