{"nodes": 2162, "object_boundaries": ["on_boundary && x[0]>0.26639 && x[0]< 0.48657 && x[1]>0.11602 && x[1]< 0.3362"], "height": 0.41, "width": 1.6, "inflow_peak": 1.22}