{"nodes": 2040, "object_boundaries": ["on_boundary && x[0]>0.16874 && x[0]< 0.41086 && x[1]>0.08054 && x[1]< 0.31282"], "height": 0.41, "width": 1.6, "inflow_peak": 0.8}