{"nodes": 2140, "object_boundaries": ["on_boundary && x[0]>0.17445 && x[0]< 0.42247 && x[1]>0.13761 && x[1]< 0.4072"], "height": 0.41, "width": 1.6, "inflow_peak": 1.37}