{"nodes": 1899, "object_boundaries": ["on_boundary && x[0]>0.25288 && x[0]< 0.40064 && x[1]>0.18339 && x[1]< 0.33115"], "height": 0.41, "width": 1.6, "inflow_peak": 0.65}