{"nodes": 2961, "object_boundaries": ["on_boundary && x[0]>0.26817 && x[0]< 0.45148 && x[1]>0.19571 && x[1]< 0.37902", "on_boundary && x[0]>0.66805 && x[0]< 0.80903 && x[1]>0.07047 && x[1]< 0.21146"], "height": 0.41, "width": 1.6, "inflow_peak": 1.07}