{"nodes": 2093, "object_boundaries": ["on_boundary && x[0]>0.24197 && x[0]< 0.43711 && x[1]>0.1306 && x[1]< 0.32573"], "height": 0.41, "width": 1.6, "inflow_peak": 1.68}