{"nodes": 2156, "object_boundaries": ["on_boundary && x[0]>0.22969 && x[0]< 0.41169 && x[1]>0.08891 && x[1]< 0.27092"], "height": 0.41, "width": 1.6, "inflow_peak": 1.5}