{"nodes": 1987, "cells": 3775, "object_boundaries": ["on_boundary && x[0]>0.1651 && x[0]< 0.32054 && x[1]>0.06332 && x[1]< 0.21876"], "height": 0.41, "width": 1.6, "inflow_peak": 0.61}