{"nodes": 2184, "cells": 4132, "object_boundaries": ["on_boundary && x[0]>0.25782 && x[0]< 0.43588 && x[1]>0.16709 && x[1]< 0.3306"], "height": 0.41, "width": 1.6, "inflow_peak": 0.682}