{"nodes": 2069, "object_boundaries": ["on_boundary && x[0]>0.12644 && x[0]< 0.31436 && x[1]>0.20179 && x[1]< 0.38971"], "height": 0.41, "width": 1.6, "inflow_peak": 1.89}