{"nodes": 1808, "object_boundaries": ["on_boundary && x[0]>0.33978 && x[0]< 0.59877 && x[1]>-0.02548 && x[1]< 0.23351"], "height": 0.41, "width": 1.6, "inflow_peak": 0.62}