{"nodes": 2108, "object_boundaries": ["on_boundary && x[0]>0.37045 && x[0]< 0.55985 && x[1]>0.08073 && x[1]< 0.27013"], "height": 0.41, "width": 1.6, "inflow_peak": 1.79}