{"nodes": 1815, "object_boundaries": ["on_boundary && x[0]>0.14271 && x[0]< 0.40055 && x[1]>0.04334 && x[1]< 0.30118"], "height": 0.41, "width": 1.6, "inflow_peak": 1.32}