{"nodes": 1910, "object_boundaries": ["on_boundary && x[0]>0.10023 && x[0]< 0.32538 && x[1]>0.06595 && x[1]< 0.29111"], "height": 0.41, "width": 1.6, "inflow_peak": 0.83}