{"nodes": 2256, "object_boundaries": ["on_boundary && x[0]>0.31451 && x[0]< 0.48003 && x[1]>0.13479 && x[1]< 0.30031"], "height": 0.41, "width": 1.6, "inflow_peak": 1.56}