{"nodes": 1998, "object_boundaries": ["on_boundary && x[0]>0.02993 && x[0]< 0.27246 && x[1]>0.14813 && x[1]< 0.32247"], "height": 0.41, "width": 1.6, "inflow_peak": 2.0}