{"nodes": 2022, "object_boundaries": ["on_boundary && x[0]>0.17499 && x[0]< 0.39566 && x[1]>0.05025 && x[1]< 0.25429"], "height": 0.41, "width": 1.6, "inflow_peak": 1.08}