{"nodes": 3019, "object_boundaries": ["on_boundary && x[0]>0.22036 && x[0]< 0.56569 && x[1]>-0.0013 && x[1]< 0.24849", "on_boundary && x[0]>0.47628 && x[0]< 0.75895 && x[1]>0.05197 && x[1]< 0.2911"], "height": 0.41, "width": 1.6, "inflow_peak": 1.72}