{"nodes": 2363, "object_boundaries": ["on_boundary && x[0]>0.27654 && x[0]< 0.46282 && x[1]>0.08885 && x[1]< 0.22939", "on_boundary && x[0]>0.74907 && x[0]< 0.93847 && x[1]>0.06059 && x[1]< 0.24952"], "height": 0.41, "width": 1.6, "inflow_peak": 0.56}