{"nodes": 2091, "cells": 3960, "object_boundaries": ["on_boundary && x[0]>0.32973 && x[0]< 0.53756 && x[1]>0.05852 && x[1]< 0.30078"], "height": 0.41, "width": 1.6, "inflow_peak": 1.1}