{"nodes": 2143, "cells": 4061, "object_boundaries": ["on_boundary && x[0]>0.29941 && x[0]< 0.54418 && x[1]>0.09147 && x[1]< 0.31898"], "height": 0.41, "width": 1.6, "inflow_peak": 1.87}