{"nodes": 2004, "cells": 3792, "object_boundaries": ["on_boundary && x[0]>0.09787 && x[0]< 0.30471 && x[1]>0.16802 && x[1]< 0.37487"], "height": 0.41, "width": 1.6, "inflow_peak": 1.766}