{"nodes": 2007, "object_boundaries": ["on_boundary && x[0]>0.225 && x[0]< 0.43937 && x[1]>0.09755 && x[1]< 0.31192"], "height": 0.41, "width": 1.6, "inflow_peak": 2.299}