{"nodes": 2311, "object_boundaries": ["on_boundary && x[0]>0.39798 && x[0]< 0.53907 && x[1]>0.04487 && x[1]< 0.18595"], "height": 0.41, "width": 1.6, "inflow_peak": 0.291}