{"nodes": 1950, "object_boundaries": ["on_boundary && x[0]>0.09917 && x[0]< 0.32072 && x[1]>0.10844 && x[1]< 0.32998"], "height": 0.41, "width": 1.6, "inflow_peak": 1.664}