{"nodes": 2384, "object_boundaries": ["on_boundary && x[0]>0.23139 && x[0]< 0.38234 && x[1]>0.12761 && x[1]< 0.27857"], "height": 0.41, "width": 1.6, "inflow_peak": 0.984}