{"nodes": 2165, "object_boundaries": ["on_boundary && x[0]>0.38418 && x[0]< 0.64184 && x[1]>0.1521 && x[1]< 0.40976"], "height": 0.41, "width": 1.6, "inflow_peak": 1.7}