{"nodes": 2044, "object_boundaries": ["on_boundary && x[0]>0.18055 && x[0]< 0.38035 && x[1]>0.02152 && x[1]< 0.22132"], "height": 0.41, "width": 1.6, "inflow_peak": 0.548}