{"nodes": 2039, "cells": 3856, "object_boundaries": ["on_boundary && x[0]>0.25211 && x[0]< 0.38854 && x[1]>0.0607 && x[1]< 0.19714"], "height": 0.41, "width": 1.6, "inflow_peak": 2.167}