{"nodes": 1981, "cells": 3735, "object_boundaries": ["on_boundary && x[0]>0.05652 && x[0]< 0.29884 && x[1]>0.0133 && x[1]< 0.25561"], "height": 0.41, "width": 1.6, "inflow_peak": 0.798}