{"nodes": 2323, "object_boundaries": ["on_boundary && x[0]>0.32656 && x[0]< 0.48993 && x[1]>0.12476 && x[1]< 0.28813"], "height": 0.41, "width": 1.6, "inflow_peak": 1.512}