{"nodes": 2481, "object_boundaries": ["on_boundary && x[0]>0.34245 && x[0]< 0.5085 && x[1]>0.08046 && x[1]< 0.24651", "on_boundary && x[0]>0.58772 && x[0]< 0.82625 && x[1]>0.05957 && x[1]< 0.29809"], "height": 0.41, "width": 1.6, "inflow_peak": 1.06}