{"nodes": 2014, "object_boundaries": ["on_boundary && x[0]>0.37454 && x[0]< 0.59283 && x[1]>0.03692 && x[1]< 0.25521"], "height": 0.41, "width": 1.6, "inflow_peak": 0.26}