{"nodes": 2088, "object_boundaries": ["on_boundary && x[0]>0.14212 && x[0]< 0.32994 && x[1]>0.17058 && x[1]< 0.3584"], "height": 0.41, "width": 1.6, "inflow_peak": 1.09}