{"nodes": 1868, "object_boundaries": ["on_boundary && x[0]>0.09473 && x[0]< 0.33351 && x[1]>0.04747 && x[1]< 0.28626"], "height": 0.41, "width": 1.6, "inflow_peak": 0.32}