{"nodes": 1959, "cells": 3723, "object_boundaries": ["on_boundary && x[0]>0.22483 && x[0]< 0.27693 && x[1]>0.11638 && x[1]< 0.16848"], "height": 0.41, "width": 1.6, "inflow_peak": 0.687}