{"nodes": 2044, "object_boundaries": ["on_boundary && x[0]>0.21815 && x[0]< 0.47952 && x[1]>0.0562 && x[1]< 0.24682"], "height": 0.41, "width": 1.6, "inflow_peak": 1.06}