{"nodes": 2171, "object_boundaries": ["on_boundary && x[0]>0.19967 && x[0]< 0.37827 && x[1]>0.12453 && x[1]< 0.29874"], "height": 0.41, "width": 1.6, "inflow_peak": 1.85}