{"nodes": 2283, "object_boundaries": ["on_boundary && x[0]>0.23484 && x[0]< 0.44256 && x[1]>0.14526 && x[1]< 0.2972"], "height": 0.41, "width": 1.6, "inflow_peak": 1.28}