{"nodes": 2066, "cells": 3919, "object_boundaries": ["on_boundary && x[0]>0.16298 && x[0]< 0.38712 && x[1]>0.16535 && x[1]< 0.33484"], "height": 0.41, "width": 1.6, "inflow_peak": 1.69}