{"nodes": 2155, "object_boundaries": ["on_boundary && x[0]>0.29219 && x[0]< 0.55738 && x[1]>0.12964 && x[1]< 0.29518"], "height": 0.41, "width": 1.6, "inflow_peak": 1.16}