{"nodes": 2137, "cells": 4053, "object_boundaries": ["on_boundary && x[0]>0.38216 && x[0]< 0.55179 && x[1]>0.16345 && x[1]< 0.25052"], "height": 0.41, "width": 1.6, "inflow_peak": 0.365}