{"nodes": 2103, "object_boundaries": ["on_boundary && x[0]>0.26714 && x[0]< 0.47491 && x[1]>0.10903 && x[1]< 0.3168"], "height": 0.41, "width": 1.6, "inflow_peak": 1.29}