{"nodes": 2184, "object_boundaries": ["on_boundary && x[0]>0.26063 && x[0]< 0.53031 && x[1]>0.10381 && x[1]< 0.37348"], "height": 0.41, "width": 1.6, "inflow_peak": 1.222}