{"nodes": 1866, "object_boundaries": ["on_boundary && x[0]>0.07619 && x[0]< 0.30449 && x[1]>-0.00076 && x[1]< 0.22754"], "height": 0.41, "width": 1.6, "inflow_peak": 1.468}