{"nodes": 2282, "object_boundaries": ["on_boundary && x[0]>0.2429 && x[0]< 0.40179 && x[1]>0.15228 && x[1]< 0.31117"], "height": 0.41, "width": 1.6, "inflow_peak": 1.441}