{"nodes": 1713, "object_boundaries": ["on_boundary && x[0]>0.41593 && x[0]< 0.60233 && x[1]>0.07817 && x[1]< 0.26457"], "height": 0.41, "width": 1.6, "inflow_peak": 1.23}