{"nodes": 1672, "object_boundaries": ["on_boundary && x[0]>0.14997 && x[0]< 0.41657 && x[1]>0.01263 && x[1]< 0.27925"], "height": 0.41, "width": 1.6, "inflow_peak": 1.04}