{"nodes": 1985, "object_boundaries": ["on_boundary && x[0]>0.11231 && x[0]< 0.31869 && x[1]>0.16673 && x[1]< 0.3731"], "height": 0.41, "width": 1.6, "inflow_peak": 1.29}