{"nodes": 1983, "cells": 3760, "object_boundaries": ["on_boundary && x[0]>0.24382 && x[0]< 0.33038 && x[1]>0.24753 && x[1]< 0.33409"], "height": 0.41, "width": 1.6, "inflow_peak": 0.859}