{"nodes": 1756, "object_boundaries": ["on_boundary && x[0]>0.0044 && x[0]< 0.27304 && x[1]>0.17179 && x[1]< 0.42821"], "height": 0.41, "width": 1.6, "inflow_peak": 2.05}