{"nodes": 2082, "object_boundaries": ["on_boundary && x[0]>0.14737 && x[0]< 0.34743 && x[1]>0.18189 && x[1]< 0.35951"], "height": 0.41, "width": 1.6, "inflow_peak": 0.86}