{"nodes": 1982, "cells": 3744, "object_boundaries": ["on_boundary && x[0]>0.06321 && x[0]< 0.28175 && x[1]>0.05575 && x[1]< 0.2781"], "height": 0.41, "width": 1.6, "inflow_peak": 2.04}