{"nodes": 2038, "cells": 3870, "object_boundaries": ["on_boundary && x[0]>0.28037 && x[0]< 0.45732 && x[1]>0.1508 && x[1]< 0.32775"], "height": 0.41, "width": 1.6, "inflow_peak": 1.414}