{"nodes": 2316, "object_boundaries": ["on_boundary && x[0]>0.27612 && x[0]< 0.42627 && x[1]>0.0593 && x[1]< 0.20944"], "height": 0.41, "width": 1.6, "inflow_peak": 1.26}