{"nodes": 1684, "object_boundaries": ["on_boundary && x[0]>0.30631 && x[0]< 0.46347 && x[1]>0.11606 && x[1]< 0.27322"], "height": 0.41, "width": 1.6, "inflow_peak": 0.82}