{"nodes": 1686, "object_boundaries": ["on_boundary && x[0]>0.1212 && x[0]< 0.38644 && x[1]>0.15355 && x[1]< 0.39911"], "height": 0.41, "width": 1.6, "inflow_peak": 1.59}