{"nodes": 2091, "cells": 3964, "object_boundaries": ["on_boundary && x[0]>0.14257 && x[0]< 0.26468 && x[1]>0.12483 && x[1]< 0.24693"], "height": 0.41, "width": 1.6, "inflow_peak": 0.828}