{"nodes": 2042, "cells": 3860, "object_boundaries": ["on_boundary && x[0]>0.05824 && x[0]< 0.28776 && x[1]>0.04684 && x[1]< 0.27338"], "height": 0.41, "width": 1.6, "inflow_peak": 0.72}