{"nodes": 2284, "object_boundaries": ["on_boundary && x[0]>0.27404 && x[0]< 0.44023 && x[1]>0.13198 && x[1]< 0.29816"], "height": 0.41, "width": 1.6, "inflow_peak": 0.97}