{"nodes": 2031, "cells": 3834, "object_boundaries": ["on_boundary && x[0]>0.15968 && x[0]< 0.31388 && x[1]>0.04758 && x[1]< 0.20177"], "height": 0.41, "width": 1.6, "inflow_peak": 1.159}