{"nodes": 1953, "object_boundaries": ["on_boundary && x[0]>0.17143 && x[0]< 0.3953 && x[1]>0.09426 && x[1]< 0.31814"], "height": 0.41, "width": 1.6, "inflow_peak": 1.881}