{"nodes": 2008, "object_boundaries": ["on_boundary && x[0]>0.13959 && x[0]< 0.34575 && x[1]>0.11324 && x[1]< 0.31939"], "height": 0.41, "width": 1.6, "inflow_peak": 0.911}