{"nodes": 1862, "object_boundaries": ["on_boundary && x[0]>0.03983 && x[0]< 0.26043 && x[1]>-0.00269 && x[1]< 0.21791"], "height": 0.41, "width": 1.6, "inflow_peak": 1.46}