{"nodes": 2155, "cells": 4080, "object_boundaries": ["on_boundary && x[0]>0.27952 && x[0]< 0.44368 && x[1]>0.11677 && x[1]< 0.26648"], "height": 0.41, "width": 1.6, "inflow_peak": 0.704}