{"nodes": 2135, "object_boundaries": ["on_boundary && x[0]>0.38175 && x[0]< 0.57303 && x[1]>0.08861 && x[1]< 0.27989"], "height": 0.41, "width": 1.6, "inflow_peak": 0.84}