{"nodes": 1893, "object_boundaries": ["on_boundary && x[0]>0.24063 && x[0]< 0.47028 && x[1]>0.16533 && x[1]< 0.40949"], "height": 0.41, "width": 1.6, "inflow_peak": 2.0}