{"nodes": 2054, "cells": 3888, "object_boundaries": ["on_boundary && x[0]>0.37045 && x[0]< 0.48248 && x[1]>0.21804 && x[1]< 0.36668"], "height": 0.41, "width": 1.6, "inflow_peak": 1.148}