{"nodes": 2115, "object_boundaries": ["on_boundary && x[0]>0.23626 && x[0]< 0.36703 && x[1]>0.06309 && x[1]< 0.28742"], "height": 0.41, "width": 1.6, "inflow_peak": 0.63}