{"nodes": 2082, "cells": 3946, "object_boundaries": ["on_boundary && x[0]>0.33129 && x[0]< 0.52922 && x[1]>0.09922 && x[1]< 0.32896"], "height": 0.41, "width": 1.6, "inflow_peak": 1.7}