{"nodes": 2305, "object_boundaries": ["on_boundary && x[0]>0.2991 && x[0]< 0.45777 && x[1]>0.10561 && x[1]< 0.26295"], "height": 0.41, "width": 1.6, "inflow_peak": 1.12}