{"nodes": 1924, "object_boundaries": ["on_boundary && x[0]>0.10296 && x[0]< 0.22968 && x[1]>0.10574 && x[1]< 0.23074"], "height": 0.41, "width": 1.6, "inflow_peak": 1.05}