{"nodes": 2026, "object_boundaries": ["on_boundary && x[0]>0.3468 && x[0]< 0.5075 && x[1]>0.12774 && x[1]< 0.38761"], "height": 0.41, "width": 1.6, "inflow_peak": 2.08}