{"nodes": 2072, "object_boundaries": ["on_boundary && x[0]>0.12947 && x[0]< 0.36491 && x[1]>0.07153 && x[1]< 0.25148"], "height": 0.41, "width": 1.6, "inflow_peak": 0.98}