{"nodes": 2115, "cells": 4010, "object_boundaries": ["on_boundary && x[0]>0.28469 && x[0]< 0.54391 && x[1]>0.19316 && x[1]< 0.36577"], "height": 0.41, "width": 1.6, "inflow_peak": 1.86}