{"nodes": 2066, "object_boundaries": ["on_boundary && x[0]>0.16095 && x[0]< 0.38381 && x[1]>0.04758 && x[1]< 0.23031"], "height": 0.41, "width": 1.6, "inflow_peak": 1.18}