{"nodes": 1719, "object_boundaries": ["on_boundary && x[0]>0.23355 && x[0]< 0.44727 && x[1]>0.16012 && x[1]< 0.36657"], "height": 0.41, "width": 1.6, "inflow_peak": 0.41}