{"nodes": 2103, "object_boundaries": ["on_boundary && x[0]>0.20881 && x[0]< 0.43949 && x[1]>0.12256 && x[1]< 0.39798"], "height": 0.41, "width": 1.6, "inflow_peak": 1.37}