{"nodes": 2036, "cells": 3857, "object_boundaries": ["on_boundary && x[0]>0.23221 && x[0]< 0.43108 && x[1]>0.01415 && x[1]< 0.22292"], "height": 0.41, "width": 1.6, "inflow_peak": 0.95}