{"nodes": 2161, "object_boundaries": ["on_boundary && x[0]>0.38834 && x[0]< 0.52998 && x[1]>0.0508 && x[1]< 0.26116"], "height": 0.41, "width": 1.6, "inflow_peak": 1.27}