{"nodes": 1835, "object_boundaries": ["on_boundary && x[0]>0.02563 && x[0]< 0.23437 && x[1]>0.1874 && x[1]< 0.39615"], "height": 0.41, "width": 1.6, "inflow_peak": 0.54}