{"nodes": 1991, "cells": 3764, "object_boundaries": ["on_boundary && x[0]>0.13629 && x[0]< 0.26164 && x[1]>0.16777 && x[1]< 0.29313"], "height": 0.41, "width": 1.6, "inflow_peak": 0.825}