{"nodes": 2169, "object_boundaries": ["on_boundary && x[0]>0.27391 && x[0]< 0.44877 && x[1]>0.1755 && x[1]< 0.35036"], "height": 0.41, "width": 1.6, "inflow_peak": 1.11}