{"nodes": 1699, "object_boundaries": ["on_boundary && x[0]>0.30754 && x[0]< 0.48636 && x[1]>0.17999 && x[1]< 0.3588"], "height": 0.41, "width": 1.6, "inflow_peak": 1.15}