{"nodes": 1699, "object_boundaries": ["on_boundary && x[0]>0.2707 && x[0]< 0.44268 && x[1]>0.15589 && x[1]< 0.32786"], "height": 0.41, "width": 1.6, "inflow_peak": 0.99}