{"nodes": 2116, "cells": 4020, "object_boundaries": ["on_boundary && x[0]>0.3065 && x[0]< 0.50061 && x[1]>0.10728 && x[1]< 0.29836"], "height": 0.41, "width": 1.6, "inflow_peak": 0.55}