{"nodes": 1721, "object_boundaries": ["on_boundary && x[0]>0.27278 && x[0]< 0.50447 && x[1]>0.0783 && x[1]< 0.31347"], "height": 0.41, "width": 1.6, "inflow_peak": 1.5}