{"nodes": 1729, "object_boundaries": ["on_boundary && x[0]>0.22795 && x[0]< 0.40861 && x[1]>0.10465 && x[1]< 0.28531"], "height": 0.41, "width": 1.6, "inflow_peak": 1.16}