{"nodes": 2104, "cells": 3986, "object_boundaries": ["on_boundary && x[0]>0.26732 && x[0]< 0.39269 && x[1]>0.06648 && x[1]< 0.19185"], "height": 0.41, "width": 1.6, "inflow_peak": 0.648}