{"nodes": 2981, "object_boundaries": ["on_boundary && x[0]>0.35147 && x[0]< 0.50438 && x[1]>0.1665 && x[1]< 0.31941", "on_boundary && x[0]>0.82342 && x[0]< 0.98329 && x[1]>0.11008 && x[1]< 0.26996"], "height": 0.41, "width": 1.6, "inflow_peak": 1.05}