{"nodes": 2358, "cells": 4505, "object_boundaries": ["on_boundary && x[0]>0.39006 && x[0]< 0.53531 && x[1]>0.19376 && x[1]< 0.33901", "on_boundary && x[0]>0.71869 && x[0]< 0.87202 && x[1]>0.14677 && x[1]< 0.3001"], "height": 0.41, "width": 1.6, "inflow_peak": 0.73}