{"nodes": 1947, "object_boundaries": ["on_boundary && x[0]>0.36394 && x[0]< 0.49828 && x[1]>0.13901 && x[1]< 0.27336"], "height": 0.41, "width": 1.6, "inflow_peak": 1.35}