{"nodes": 2033, "object_boundaries": ["on_boundary && x[0]>0.18015 && x[0]< 0.37753 && x[1]>0.20131 && x[1]< 0.39869"], "height": 0.41, "width": 1.6, "inflow_peak": 0.38}