{"nodes": 1961, "object_boundaries": ["on_boundary && x[0]>0.27998 && x[0]< 0.50134 && x[1]>0.13946 && x[1]< 0.36082"], "height": 0.41, "width": 1.6, "inflow_peak": 2.0}