{"nodes": 2012, "object_boundaries": ["on_boundary && x[0]>0.07171 && x[0]< 0.25879 && x[1]>0.17353 && x[1]< 0.36061"], "height": 0.41, "width": 1.6, "inflow_peak": 1.2}