{"nodes": 2180, "object_boundaries": ["on_boundary && x[0]>0.26325 && x[0]< 0.43274 && x[1]>0.01525 && x[1]< 0.18475"], "height": 0.41, "width": 1.6, "inflow_peak": 0.396}