{"nodes": 2226, "object_boundaries": ["on_boundary && x[0]>0.1475 && x[0]< 0.39987 && x[1]>0.02937 && x[1]< 0.28174"], "height": 0.41, "width": 1.6, "inflow_peak": 1.229}