{"nodes": 2050, "object_boundaries": ["on_boundary && x[0]>0.39176 && x[0]< 0.59435 && x[1]>0.14379 && x[1]< 0.34638"], "height": 0.41, "width": 1.6, "inflow_peak": 0.393}