{"nodes": 2076, "cells": 3936, "object_boundaries": ["on_boundary && x[0]>0.23629 && x[0]< 0.44543 && x[1]>0.0632 && x[1]< 0.27234"], "height": 0.41, "width": 1.6, "inflow_peak": 1.447}