{"nodes": 2347, "object_boundaries": ["on_boundary && x[0]>0.32699 && x[0]< 0.48814 && x[1]>0.10105 && x[1]< 0.26221"], "height": 0.41, "width": 1.6, "inflow_peak": 1.443}