{"nodes": 1669, "object_boundaries": ["on_boundary && x[0]>0.24297 && x[0]< 0.44026 && x[1]>0.12275 && x[1]< 0.32003"], "height": 0.41, "width": 1.6, "inflow_peak": 0.34}