{"nodes": 2390, "object_boundaries": ["on_boundary && x[0]>0.28764 && x[0]< 0.43436 && x[1]>0.15255 && x[1]< 0.29927"], "height": 0.41, "width": 1.6, "inflow_peak": 1.35}