{"nodes": 1970, "object_boundaries": ["on_boundary && x[0]>0.08399 && x[0]< 0.27777 && x[1]>0.08049 && x[1]< 0.28572"], "height": 0.41, "width": 1.6, "inflow_peak": 0.96}