{"nodes": 1976, "object_boundaries": ["on_boundary && x[0]>0.09549 && x[0]< 0.28633 && x[1]>0.13814 && x[1]< 0.35717"], "height": 0.41, "width": 1.6, "inflow_peak": 1.69}