{"nodes": 2097, "object_boundaries": ["on_boundary && x[0]>0.30059 && x[0]< 0.50018 && x[1]>0.07484 && x[1]< 0.27443"], "height": 0.41, "width": 1.6, "inflow_peak": 1.68}