{"nodes": 2060, "cells": 3892, "object_boundaries": ["on_boundary && x[0]>0.38425 && x[0]< 0.53958 && x[1]>0.02512 && x[1]< 0.18044"], "height": 0.41, "width": 1.6, "inflow_peak": 0.665}