{"nodes": 2066, "object_boundaries": ["on_boundary && x[0]>0.25642 && x[0]< 0.45623 && x[1]>0.1562 && x[1]< 0.35601"], "height": 0.41, "width": 1.6, "inflow_peak": 0.75}