{"nodes": 1984, "cells": 3767, "object_boundaries": ["on_boundary && x[0]>0.14099 && x[0]< 0.30153 && x[1]>0.19622 && x[1]< 0.35676"], "height": 0.41, "width": 1.6, "inflow_peak": 1.65}