{"nodes": 2082, "object_boundaries": ["on_boundary && x[0]>0.07156 && x[0]< 0.24768 && x[1]>0.04781 && x[1]< 0.22392"], "height": 0.41, "width": 1.6, "inflow_peak": 0.87}