{"nodes": 1714, "object_boundaries": ["on_boundary && x[0]>0.35166 && x[0]< 0.58332 && x[1]>0.07659 && x[1]< 0.30826"], "height": 0.41, "width": 1.6, "inflow_peak": 2.17}