{"nodes": 1822, "object_boundaries": ["on_boundary && x[0]>0.23865 && x[0]< 0.49509 && x[1]>0.14369 && x[1]< 0.40013"], "height": 0.41, "width": 1.6, "inflow_peak": 0.97}