{"nodes": 1677, "object_boundaries": ["on_boundary && x[0]>0.15563 && x[0]< 0.42322 && x[1]>-0.00453 && x[1]< 0.25881"], "height": 0.41, "width": 1.6, "inflow_peak": 1.36}