{"nodes": 2183, "cells": 4130, "object_boundaries": ["on_boundary && x[0]>0.38602 && x[0]< 0.56347 && x[1]>0.06361 && x[1]< 0.22696"], "height": 0.41, "width": 1.6, "inflow_peak": 0.252}