{"nodes": 2111, "object_boundaries": ["on_boundary && x[0]>0.19983 && x[0]< 0.389 && x[1]>0.0789 && x[1]< 0.26807"], "height": 0.41, "width": 1.6, "inflow_peak": 1.58}