{"nodes": 2117, "object_boundaries": ["on_boundary && x[0]>0.19198 && x[0]< 0.38845 && x[1]>0.11205 && x[1]< 0.30853"], "height": 0.41, "width": 1.6, "inflow_peak": 0.65}