{"nodes": 2431, "cells": 4613, "object_boundaries": ["on_boundary && x[0]>0.3154 && x[0]< 0.41921 && x[1]>0.11568 && x[1]< 0.2195", "on_boundary && x[0]>0.85122 && x[0]< 0.98412 && x[1]>0.16272 && x[1]< 0.29562"], "height": 0.41, "width": 1.6, "inflow_peak": 1.532}