{"nodes": 2424, "object_boundaries": ["on_boundary && x[0]>0.30526 && x[0]< 0.5699 && x[1]>0.1382 && x[1]< 0.40284", "on_boundary && x[0]>0.791 && x[0]< 0.95893 && x[1]>0.11013 && x[1]< 0.27806"], "height": 0.41, "width": 1.6, "inflow_peak": 1.52}