{"nodes": 3049, "object_boundaries": ["on_boundary && x[0]>0.37421 && x[0]< 0.53362 && x[1]>0.03865 && x[1]< 0.19806", "on_boundary && x[0]>0.58028 && x[0]< 0.73547 && x[1]>0.17489 && x[1]< 0.33007"], "height": 0.41, "width": 1.6, "inflow_peak": 1.44}