{"nodes": 1977, "cells": 3726, "object_boundaries": ["on_boundary && x[0]>0.09176 && x[0]< 0.24637 && x[1]>0.09403 && x[1]< 0.24865"], "height": 0.41, "width": 1.6, "inflow_peak": 0.966}