{"nodes": 2090, "cells": 3957, "object_boundaries": ["on_boundary && x[0]>0.26066 && x[0]< 0.49108 && x[1]>0.07457 && x[1]< 0.30499"], "height": 0.41, "width": 1.6, "inflow_peak": 0.55}