{"nodes": 2064, "object_boundaries": ["on_boundary && x[0]>0.2285 && x[0]< 0.45256 && x[1]>0.09887 && x[1]< 0.33131"], "height": 0.41, "width": 1.6, "inflow_peak": 0.86}