{"nodes": 2055, "object_boundaries": ["on_boundary && x[0]>0.12575 && x[0]< 0.37706 && x[1]>0.00469 && x[1]< 0.2409"], "height": 0.41, "width": 1.6, "inflow_peak": 1.04}