{"nodes": 2638, "object_boundaries": ["on_boundary && x[0]>0.29795 && x[0]< 0.47298 && x[1]>0.02834 && x[1]< 0.20878", "on_boundary && x[0]>0.83085 && x[0]< 1.01367 && x[1]>0.04691 && x[1]< 0.29743"], "height": 0.41, "width": 1.6, "inflow_peak": 1.21}