{"nodes": 2150, "cells": 4085, "object_boundaries": ["on_boundary && x[0]>0.34817 && x[0]< 0.537 && x[1]>0.08857 && x[1]< 0.29556"], "height": 0.41, "width": 1.6, "inflow_peak": 1.31}