{"nodes": 2108, "object_boundaries": ["on_boundary && x[0]>0.25148 && x[0]< 0.41291 && x[1]>0.08867 && x[1]< 0.30545"], "height": 0.41, "width": 1.6, "inflow_peak": 0.65}