{"nodes": 2124, "object_boundaries": ["on_boundary && x[0]>0.19968 && x[0]< 0.37927 && x[1]>0.03371 && x[1]< 0.20783"], "height": 0.41, "width": 1.6, "inflow_peak": 1.26}