{"nodes": 1952, "cells": 3691, "object_boundaries": ["on_boundary && x[0]>0.10777 && x[0]< 0.21585 && x[1]>0.18825 && x[1]< 0.29633"], "height": 0.41, "width": 1.6, "inflow_peak": 1.364}