{"nodes": 2270, "object_boundaries": ["on_boundary && x[0]>0.14053 && x[0]< 0.29531 && x[1]>0.0803 && x[1]< 0.23507"], "height": 0.41, "width": 1.6, "inflow_peak": 1.03}