{"nodes": 1898, "object_boundaries": ["on_boundary && x[0]>0.34795 && x[0]< 0.58959 && x[1]>0.10679 && x[1]< 0.34843"], "height": 0.41, "width": 1.6, "inflow_peak": 0.32}