{"nodes": 1924, "object_boundaries": ["on_boundary && x[0]>0.33075 && x[0]< 0.54332 && x[1]>0.09079 && x[1]< 0.33918"], "height": 0.41, "width": 1.6, "inflow_peak": 1.82}