{"nodes": 2069, "object_boundaries": ["on_boundary && x[0]>0.12623 && x[0]< 0.32453 && x[1]>0.14784 && x[1]< 0.33589", "on_boundary && x[0]>0.89434 && x[0]< 1.09646 && x[1]>0.08486 && x[1]< 0.30711"], "height": 0.41, "width": 1.6, "inflow_peak": 1.0}