{"nodes": 1718, "object_boundaries": ["on_boundary && x[0]>0.15931 && x[0]< 0.3684 && x[1]>0.1498 && x[1]< 0.37173"], "height": 0.41, "width": 1.6, "inflow_peak": 1.14}