{"nodes": 2091, "cells": 3972, "object_boundaries": ["on_boundary && x[0]>0.27978 && x[0]< 0.45216 && x[1]>0.19914 && x[1]< 0.37152"], "height": 0.41, "width": 1.6, "inflow_peak": 1.17}