{"nodes": 2176, "object_boundaries": ["on_boundary && x[0]>0.31379 && x[0]< 0.50053 && x[1]>0.08781 && x[1]< 0.28609"], "height": 0.41, "width": 1.6, "inflow_peak": 1.85}