{"nodes": 2004, "cells": 3802, "object_boundaries": ["on_boundary && x[0]>0.11802 && x[0]< 0.31335 && x[1]>0.07834 && x[1]< 0.2318"], "height": 0.41, "width": 1.6, "inflow_peak": 2.01}