{"nodes": 2095, "object_boundaries": ["on_boundary && x[0]>0.34738 && x[0]< 0.5352 && x[1]>0.09675 && x[1]< 0.29669"], "height": 0.41, "width": 1.6, "inflow_peak": 0.66}