{"nodes": 2142, "object_boundaries": ["on_boundary && x[0]>0.42539 && x[0]< 0.62918 && x[1]>0.05448 && x[1]< 0.22185"], "height": 0.41, "width": 1.6, "inflow_peak": 1.23}