{"nodes": 2059, "cells": 3908, "object_boundaries": ["on_boundary && x[0]>0.33005 && x[0]< 0.38272 && x[1]>0.16374 && x[1]< 0.29708"], "height": 0.41, "width": 1.6, "inflow_peak": 1.12}