{"nodes": 1805, "object_boundaries": ["on_boundary && x[0]>0.01129 && x[0]< 0.24871 && x[1]>0.12298 && x[1]< 0.37318"], "height": 0.41, "width": 1.6, "inflow_peak": 1.53}