{"nodes": 1960, "cells": 3721, "object_boundaries": ["on_boundary && x[0]>0.174 && x[0]< 0.23722 && x[1]>0.15337 && x[1]< 0.21659"], "height": 0.41, "width": 1.6, "inflow_peak": 1.883}