{"nodes": 1961, "object_boundaries": ["on_boundary && x[0]>0.11113 && x[0]< 0.31606 && x[1]>0.19598 && x[1]< 0.40091"], "height": 0.41, "width": 1.6, "inflow_peak": 1.32}