{"nodes": 2100, "cells": 3986, "object_boundaries": ["on_boundary && x[0]>0.30412 && x[0]< 0.5055 && x[1]>0.07787 && x[1]< 0.27925"], "height": 0.41, "width": 1.6, "inflow_peak": 0.394}