{"nodes": 2212, "object_boundaries": ["on_boundary && x[0]>0.12982 && x[0]< 0.28806 && x[1]>0.08222 && x[1]< 0.24046"], "height": 0.41, "width": 1.6, "inflow_peak": 1.866}