{"nodes": 2053, "object_boundaries": ["on_boundary && x[0]>0.30088 && x[0]< 0.50209 && x[1]>0.18025 && x[1]< 0.38146"], "height": 0.41, "width": 1.6, "inflow_peak": 2.348}