{"nodes": 1991, "cells": 3763, "object_boundaries": ["on_boundary && x[0]>0.17237 && x[0]< 0.2988 && x[1]>0.03705 && x[1]< 0.16348"], "height": 0.41, "width": 1.6, "inflow_peak": 1.012}