{"nodes": 2136, "object_boundaries": ["on_boundary && x[0]>0.41679 && x[0]< 0.59947 && x[1]>0.1301 && x[1]< 0.31278"], "height": 0.41, "width": 1.6, "inflow_peak": 1.407}