{"nodes": 1875, "object_boundaries": ["on_boundary && x[0]>0.14402 && x[0]< 0.28621 && x[1]>0.08386 && x[1]< 0.22604"], "height": 0.41, "width": 1.6, "inflow_peak": 1.39}