{"nodes": 1983, "object_boundaries": ["on_boundary && x[0]>0.31836 && x[0]< 0.54248 && x[1]>0.08752 && x[1]< 0.31165"], "height": 0.41, "width": 1.6, "inflow_peak": 0.91}