{"nodes": 2337, "object_boundaries": ["on_boundary && x[0]>0.20998 && x[0]< 0.46017 && x[1]>0.05411 && x[1]< 0.3043", "on_boundary && x[0]>0.87955 && x[0]< 1.06553 && x[1]>0.17055 && x[1]< 0.35653"], "height": 0.41, "width": 1.6, "inflow_peak": 0.71}