{"nodes": 2657, "object_boundaries": ["on_boundary && x[0]>0.09476 && x[0]< 0.24388 && x[1]>0.16426 && x[1]< 0.31337", "on_boundary && x[0]>0.84505 && x[0]< 1.03559 && x[1]>0.19545 && x[1]< 0.38599"], "height": 0.41, "width": 1.6, "inflow_peak": 1.27}