{"nodes": 2061, "object_boundaries": ["on_boundary && x[0]>0.1138 && x[0]< 0.29924 && x[1]>0.08352 && x[1]< 0.26896"], "height": 0.41, "width": 1.6, "inflow_peak": 1.323}