{"nodes": 1950, "cells": 3691, "object_boundaries": ["on_boundary && x[0]>0.10789 && x[0]< 0.28902 && x[1]>0.03119 && x[1]< 0.22413"], "height": 0.41, "width": 1.6, "inflow_peak": 1.99}