{"nodes": 2051, "object_boundaries": ["on_boundary && x[0]>0.36246 && x[0]< 0.56836 && x[1]>0.03962 && x[1]< 0.23625"], "height": 0.41, "width": 1.6, "inflow_peak": 0.85}