{"nodes": 1996, "cells": 3791, "object_boundaries": ["on_boundary && x[0]>0.18813 && x[0]< 0.24597 && x[1]>0.1635 && x[1]< 0.24486"], "height": 0.41, "width": 1.6, "inflow_peak": 0.347}