{"nodes": 2113, "object_boundaries": ["on_boundary && x[0]>0.37067 && x[0]< 0.55478 && x[1]>0.13786 && x[1]< 0.32198"], "height": 0.41, "width": 1.6, "inflow_peak": 1.289}