{"nodes": 1934, "object_boundaries": ["on_boundary && x[0]>0.18597 && x[0]< 0.41807 && x[1]>0.06756 && x[1]< 0.29966"], "height": 0.41, "width": 1.6, "inflow_peak": 1.699}