{"nodes": 1937, "object_boundaries": ["on_boundary && x[0]>0.37885 && x[0]< 0.55756 && x[1]>0.07552 && x[1]< 0.25423"], "height": 0.41, "width": 1.6, "inflow_peak": 2.13}