{"nodes": 1975, "cells": 3748, "object_boundaries": ["on_boundary && x[0]>0.12369 && x[0]< 0.28811 && x[1]>0.09809 && x[1]< 0.26251"], "height": 0.41, "width": 1.6, "inflow_peak": 0.32}