{"nodes": 2033, "cells": 3854, "object_boundaries": ["on_boundary && x[0]>0.25973 && x[0]< 0.36192 && x[1]>0.15996 && x[1]< 0.26678"], "height": 0.41, "width": 1.6, "inflow_peak": 1.45}