{"nodes": 2064, "object_boundaries": ["on_boundary && x[0]>0.11125 && x[0]< 0.35415 && x[1]>0.05033 && x[1]< 0.27342"], "height": 0.41, "width": 1.6, "inflow_peak": 1.21}