{"nodes": 1779, "object_boundaries": ["on_boundary && x[0]>0.12004 && x[0]< 0.35723 && x[1]>0.13423 && x[1]< 0.32551", "on_boundary && x[0]>0.67627 && x[0]< 0.92516 && x[1]>0.15119 && x[1]< 0.35682"], "height": 0.41, "width": 1.6, "inflow_peak": 1.26}