{"nodes": 2056, "cells": 3906, "object_boundaries": ["on_boundary && x[0]>0.2041 && x[0]< 0.28133 && x[1]>0.21573 && x[1]< 0.27892"], "height": 0.41, "width": 1.6, "inflow_peak": 0.989}