{"nodes": 2616, "cells": 4964, "object_boundaries": ["on_boundary && x[0]>0.19071 && x[0]< 0.32285 && x[1]>0.12587 && x[1]< 0.27455", "on_boundary && x[0]>0.78155 && x[0]< 0.94636 && x[1]>0.11752 && x[1]< 0.25618"], "height": 0.41, "width": 1.6, "inflow_peak": 0.483}