{"nodes": 2050, "cells": 3879, "object_boundaries": ["on_boundary && x[0]>0.2335 && x[0]< 0.45387 && x[1]>0.0248 && x[1]< 0.25042"], "height": 0.41, "width": 1.6, "inflow_peak": 1.94}