{"nodes": 1959, "object_boundaries": ["on_boundary && x[0]>0.22985 && x[0]< 0.34985 && x[1]>0.06175 && x[1]< 0.22113"], "height": 0.41, "width": 1.6, "inflow_peak": 1.5}