{"nodes": 1992, "object_boundaries": ["on_boundary && x[0]>0.06641 && x[0]< 0.30025 && x[1]>0.08019 && x[1]< 0.26814"], "height": 0.41, "width": 1.6, "inflow_peak": 1.75}