{"nodes": 2066, "cells": 3915, "object_boundaries": ["on_boundary && x[0]>0.30039 && x[0]< 0.43391 && x[1]>0.12348 && x[1]< 0.23324"], "height": 0.41, "width": 1.6, "inflow_peak": 0.354}