{"nodes": 1717, "object_boundaries": ["on_boundary && x[0]>0.34182 && x[0]< 0.55872 && x[1]>0.16949 && x[1]< 0.38446"], "height": 0.41, "width": 1.6, "inflow_peak": 0.83}