{"nodes": 2110, "cells": 3999, "object_boundaries": ["on_boundary && x[0]>0.20902 && x[0]< 0.34525 && x[1]>0.19343 && x[1]< 0.31445"], "height": 0.41, "width": 1.6, "inflow_peak": 1.397}