{"nodes": 2077, "cells": 3924, "object_boundaries": ["on_boundary && x[0]>0.12604 && x[0]< 0.35979 && x[1]>-0.01518 && x[1]< 0.2376"], "height": 0.41, "width": 1.6, "inflow_peak": 2.21}