{"nodes": 2369, "object_boundaries": ["on_boundary && x[0]>0.37128 && x[0]< 0.50294 && x[1]>0.23417 && x[1]< 0.36583"], "height": 0.41, "width": 1.6, "inflow_peak": 0.81}