{"nodes": 1919, "cells": 3639, "object_boundaries": ["on_boundary && x[0]>0.07635 && x[0]< 0.23195 && x[1]>0.20537 && x[1]< 0.36097"], "height": 0.41, "width": 1.6, "inflow_peak": 2.07}