{"nodes": 2467, "object_boundaries": ["on_boundary && x[0]>0.14234 && x[0]< 0.32527 && x[1]>0.12081 && x[1]< 0.30374", "on_boundary && x[0]>0.72957 && x[0]< 0.93874 && x[1]>0.18455 && x[1]< 0.39372"], "height": 0.41, "width": 1.6, "inflow_peak": 0.45}