{"nodes": 2099, "object_boundaries": ["on_boundary && x[0]>0.36345 && x[0]< 0.61659 && x[1]>0.12573 && x[1]< 0.37888", "on_boundary && x[0]>0.77203 && x[0]< 0.99895 && x[1]>0.00326 && x[1]< 0.23018"], "height": 0.41, "width": 1.6, "inflow_peak": 1.14}