{"nodes": 2110, "object_boundaries": ["on_boundary && x[0]>0.36603 && x[0]< 0.56603 && x[1]>0.10686 && x[1]< 0.30686"], "height": 0.41, "width": 1.6, "inflow_peak": 0.34}