{"nodes": 1667, "object_boundaries": ["on_boundary && x[0]>0.29606 && x[0]< 0.51932 && x[1]>0.13325 && x[1]< 0.35651"], "height": 0.41, "width": 1.6, "inflow_peak": 2.13}