{"nodes": 2026, "object_boundaries": ["on_boundary && x[0]>0.26122 && x[0]< 0.44687 && x[1]>-0.02976 && x[1]< 0.22976"], "height": 0.41, "width": 1.6, "inflow_peak": 1.51}