{"nodes": 2080, "cells": 3941, "object_boundaries": ["on_boundary && x[0]>0.36562 && x[0]< 0.56047 && x[1]>0.02786 && x[1]< 0.26362"], "height": 0.41, "width": 1.6, "inflow_peak": 0.39}