{"nodes": 1986, "object_boundaries": ["on_boundary && x[0]>0.34875 && x[0]< 0.57336 && x[1]>0.14553 && x[1]< 0.38276", "on_boundary && x[0]>0.66991 && x[0]< 0.86165 && x[1]>0.02007 && x[1]< 0.21256"], "height": 0.41, "width": 1.6, "inflow_peak": 1.85}