{"nodes": 1690, "object_boundaries": ["on_boundary && x[0]>0.19505 && x[0]< 0.47719 && x[1]>0.04237 && x[1]< 0.34443"], "height": 0.41, "width": 1.6, "inflow_peak": 1.91}