{"nodes": 2651, "cells": 5016, "object_boundaries": ["on_boundary && x[0]>0.10893 && x[0]< 0.38011 && x[1]>0.00278 && x[1]< 0.24547", "on_boundary && x[0]>0.81204 && x[0]< 1.12264 && x[1]>0.07718 && x[1]< 0.28437"], "height": 0.41, "width": 1.6, "inflow_peak": 1.33}