{"nodes": 1975, "object_boundaries": ["on_boundary && x[0]>0.26202 && x[0]< 0.44081 && x[1]>0.13773 && x[1]< 0.25773"], "height": 0.41, "width": 1.6, "inflow_peak": 0.45}