{"nodes": 2105, "cells": 3994, "object_boundaries": ["on_boundary && x[0]>0.36676 && x[0]< 0.47755 && x[1]>0.06191 && x[1]< 0.16181"], "height": 0.41, "width": 1.6, "inflow_peak": 1.655}