{"nodes": 1973, "object_boundaries": ["on_boundary && x[0]>0.30642 && x[0]< 0.56103 && x[1]>0.16463 && x[1]< 0.37888"], "height": 0.41, "width": 1.6, "inflow_peak": 0.59}