{"nodes": 1987, "object_boundaries": ["on_boundary && x[0]>0.25996 && x[0]< 0.52924 && x[1]>0.10826 && x[1]< 0.31362"], "height": 0.41, "width": 1.6, "inflow_peak": 1.25}