{"nodes": 1987, "cells": 3765, "object_boundaries": ["on_boundary && x[0]>0.3513 && x[0]< 0.53216 && x[1]>0.01331 && x[1]< 0.20201"], "height": 0.41, "width": 1.6, "inflow_peak": 2.15}