{"nodes": 1679, "object_boundaries": ["on_boundary && x[0]>0.38454 && x[0]< 0.58667 && x[1]>0.0869 && x[1]< 0.29479"], "height": 0.41, "width": 1.6, "inflow_peak": 0.86}