{"nodes": 1729, "object_boundaries": ["on_boundary && x[0]>0.08077 && x[0]< 0.28849 && x[1]>0.17908 && x[1]< 0.3868"], "height": 0.41, "width": 1.6, "inflow_peak": 1.99}