{"nodes": 1741, "object_boundaries": ["on_boundary && x[0]>0.27577 && x[0]< 0.47224 && x[1]>0.01744 && x[1]< 0.20636"], "height": 0.41, "width": 1.6, "inflow_peak": 0.42}