{"nodes": 1686, "object_boundaries": ["on_boundary && x[0]>0.36184 && x[0]< 0.58693 && x[1]>0.16776 && x[1]< 0.38833"], "height": 0.41, "width": 1.6, "inflow_peak": 1.08}