{"nodes": 1927, "object_boundaries": ["on_boundary && x[0]>0.36442 && x[0]< 0.61975 && x[1]>0.10122 && x[1]< 0.32578"], "height": 0.41, "width": 1.6, "inflow_peak": 0.58}