{"nodes": 1780, "object_boundaries": ["on_boundary && x[0]>0.36038 && x[0]< 0.5441 && x[1]>0.06898 && x[1]< 0.24341", "on_boundary && x[0]>0.84162 && x[0]< 1.06379 && x[1]>0.05294 && x[1]< 0.27773"], "height": 0.41, "width": 1.6, "inflow_peak": 0.91}