{"nodes": 2224, "object_boundaries": ["on_boundary && x[0]>0.34389 && x[0]< 0.6068 && x[1]>0.13564 && x[1]< 0.40641"], "height": 0.41, "width": 1.6, "inflow_peak": 0.95}