{"nodes": 2014, "object_boundaries": ["on_boundary && x[0]>0.32304 && x[0]< 0.50469 && x[1]>0.07833 && x[1]< 0.26568"], "height": 0.41, "width": 1.6, "inflow_peak": 0.71}