{"nodes": 2051, "cells": 3887, "object_boundaries": ["on_boundary && x[0]>0.29054 && x[0]< 0.40649 && x[1]>0.12057 && x[1]< 0.23652"], "height": 0.41, "width": 1.6, "inflow_peak": 2.186}