{"nodes": 1694, "object_boundaries": ["on_boundary && x[0]>0.05481 && x[0]< 0.31494 && x[1]>0.12138 && x[1]< 0.3694"], "height": 0.41, "width": 1.6, "inflow_peak": 1.72}