{"nodes": 1669, "object_boundaries": ["on_boundary && x[0]>0.16846 && x[0]< 0.38471 && x[1]>0.05395 && x[1]< 0.2702"], "height": 0.41, "width": 1.6, "inflow_peak": 0.36}