{"nodes": 2017, "object_boundaries": ["on_boundary && x[0]>0.2925 && x[0]< 0.50374 && x[1]>0.15942 && x[1]< 0.37066"], "height": 0.41, "width": 1.6, "inflow_peak": 1.94}