{"nodes": 2338, "object_boundaries": ["on_boundary && x[0]>0.13988 && x[0]< 0.3614 && x[1]>0.0938 && x[1]< 0.31532", "on_boundary && x[0]>0.80397 && x[0]< 1.00358 && x[1]>0.02448 && x[1]< 0.22409"], "height": 0.41, "width": 1.6, "inflow_peak": 0.52}