{"nodes": 2171, "object_boundaries": ["on_boundary && x[0]>0.36894 && x[0]< 0.54099 && x[1]>0.07471 && x[1]< 0.24676"], "height": 0.41, "width": 1.6, "inflow_peak": 1.33}