{"nodes": 2052, "object_boundaries": ["on_boundary && x[0]>0.32478 && x[0]< 0.48184 && x[1]>0.06707 && x[1]< 0.2996"], "height": 0.41, "width": 1.6, "inflow_peak": 1.46}