{"nodes": 1989, "cells": 3774, "object_boundaries": ["on_boundary && x[0]>0.40002 && x[0]< 0.56765 && x[1]>0.103 && x[1]< 0.27738"], "height": 0.41, "width": 1.6, "inflow_peak": 1.1}