{"nodes": 2061, "cells": 3906, "object_boundaries": ["on_boundary && x[0]>0.28752 && x[0]< 0.38225 && x[1]>0.08098 && x[1]< 0.21728"], "height": 0.41, "width": 1.6, "inflow_peak": 1.272}