{"nodes": 2141, "object_boundaries": ["on_boundary && x[0]>0.34348 && x[0]< 0.48839 && x[1]>0.03112 && x[1]< 0.23103"], "height": 0.41, "width": 1.6, "inflow_peak": 0.93}