{"nodes": 2132, "object_boundaries": ["on_boundary && x[0]>0.27101 && x[0]< 0.50476 && x[1]>0.03155 && x[1]< 0.2653"], "height": 0.41, "width": 1.6, "inflow_peak": 1.47}