{"nodes": 2267, "object_boundaries": ["on_boundary && x[0]>0.26666 && x[0]< 0.43529 && x[1]>0.11989 && x[1]< 0.28852"], "height": 0.41, "width": 1.6, "inflow_peak": 1.98}