{"nodes": 2105, "object_boundaries": ["on_boundary && x[0]>0.22519 && x[0]< 0.4153 && x[1]>0.15754 && x[1]< 0.34765"], "height": 0.41, "width": 1.6, "inflow_peak": 0.74}