{"nodes": 2050, "cells": 3896, "object_boundaries": ["on_boundary && x[0]>0.38801 && x[0]< 0.46985 && x[1]>0.17241 && x[1]< 0.25425"], "height": 0.41, "width": 1.6, "inflow_peak": 0.521}