{"nodes": 2040, "object_boundaries": ["on_boundary && x[0]>0.16125 && x[0]< 0.35886 && x[1]>0.0694 && x[1]< 0.26701"], "height": 0.41, "width": 1.6, "inflow_peak": 0.28}