{"nodes": 2236, "object_boundaries": ["on_boundary && x[0]>0.15772 && x[0]< 0.40952 && x[1]>0.10894 && x[1]< 0.36074"], "height": 0.41, "width": 1.6, "inflow_peak": 1.42}