{"nodes": 2036, "object_boundaries": ["on_boundary && x[0]>0.2289 && x[0]< 0.44315 && x[1]>0.03951 && x[1]< 0.25377"], "height": 0.41, "width": 1.6, "inflow_peak": 0.15}