{"nodes": 2037, "object_boundaries": ["on_boundary && x[0]>0.22032 && x[0]< 0.41738 && x[1]>0.162 && x[1]< 0.36401"], "height": 0.41, "width": 1.6, "inflow_peak": 0.82}