{"nodes": 2136, "object_boundaries": ["on_boundary && x[0]>0.1686 && x[0]< 0.39159 && x[1]>0.19631 && x[1]< 0.33944"], "height": 0.41, "width": 1.6, "inflow_peak": 1.32}