{"nodes": 1963, "object_boundaries": ["on_boundary && x[0]>0.19064 && x[0]< 0.44536 && x[1]>0.16317 && x[1]< 0.37223"], "height": 0.41, "width": 1.6, "inflow_peak": 1.5}