{"nodes": 2241, "object_boundaries": ["on_boundary && x[0]>0.35292 && x[0]< 0.56149 && x[1]>0.1657 && x[1]< 0.32656"], "height": 0.41, "width": 1.6, "inflow_peak": 0.84}