{"nodes": 2717, "object_boundaries": ["on_boundary && x[0]>0.20167 && x[0]< 0.3725 && x[1]>0.20881 && x[1]< 0.37964", "on_boundary && x[0]>0.66691 && x[0]< 0.84183 && x[1]>0.08941 && x[1]< 0.26433"], "height": 0.41, "width": 1.6, "inflow_peak": 0.65}