{"nodes": 2274, "cells": 4342, "object_boundaries": ["on_boundary && x[0]>0.25643 && x[0]< 0.40323 && x[1]>0.05677 && x[1]< 0.20357", "on_boundary && x[0]>0.71401 && x[0]< 0.8545 && x[1]>0.1663 && x[1]< 0.30679"], "height": 0.41, "width": 1.6, "inflow_peak": 1.66}