{"nodes": 2121, "object_boundaries": ["on_boundary && x[0]>0.08792 && x[0]< 0.2624 && x[1]>0.08462 && x[1]< 0.2591"], "height": 0.41, "width": 1.6, "inflow_peak": 1.44}