{"nodes": 1986, "cells": 3770, "object_boundaries": ["on_boundary && x[0]>0.45859 && x[0]< 0.53364 && x[1]>0.24491 && x[1]< 0.31997"], "height": 0.41, "width": 1.6, "inflow_peak": 1.836}