{"nodes": 2089, "object_boundaries": ["on_boundary && x[0]>0.19957 && x[0]< 0.38893 && x[1]>0.17272 && x[1]< 0.36208"], "height": 0.41, "width": 1.6, "inflow_peak": 0.65}