{"nodes": 2007, "cells": 3792, "object_boundaries": ["on_boundary && x[0]>0.11426 && x[0]< 0.34169 && x[1]>0.16627 && x[1]< 0.3937"], "height": 0.41, "width": 1.6, "inflow_peak": 0.34}