{"nodes": 2864, "object_boundaries": ["on_boundary && x[0]>0.31425 && x[0]< 0.55831 && x[1]>0.14135 && x[1]< 0.38542", "on_boundary && x[0]>0.80376 && x[0]< 0.92376 && x[1]>0.10954 && x[1]< 0.22954"], "height": 0.41, "width": 1.6, "inflow_peak": 0.65}