{"nodes": 2095, "object_boundaries": ["on_boundary && x[0]>0.21954 && x[0]< 0.41423 && x[1]>0.02675 && x[1]< 0.22144"], "height": 0.41, "width": 1.6, "inflow_peak": 0.62}