{"nodes": 2111, "object_boundaries": ["on_boundary && x[0]>0.30819 && x[0]< 0.50613 && x[1]>0.08053 && x[1]< 0.27848"], "height": 0.41, "width": 1.6, "inflow_peak": 1.57}