{"nodes": 2023, "cells": 3828, "object_boundaries": ["on_boundary && x[0]>0.06192 && x[0]< 0.27673 && x[1]>0.1086 && x[1]< 0.31884"], "height": 0.41, "width": 1.6, "inflow_peak": 1.62}