{"nodes": 1848, "object_boundaries": ["on_boundary && x[0]>0.19998 && x[0]< 0.44977 && x[1]>0.05143 && x[1]< 0.30122"], "height": 0.41, "width": 1.6, "inflow_peak": 1.31}