{"nodes": 1717, "object_boundaries": ["on_boundary && x[0]>0.02727 && x[0]< 0.23501 && x[1]>0.04179 && x[1]< 0.24954"], "height": 0.41, "width": 1.6, "inflow_peak": 1.7}