{"nodes": 2105, "cells": 3988, "object_boundaries": ["on_boundary && x[0]>0.33487 && x[0]< 0.56153 && x[1]>0.09355 && x[1]< 0.32021"], "height": 0.41, "width": 1.6, "inflow_peak": 0.28}