{"nodes": 1724, "object_boundaries": ["on_boundary && x[0]>0.3426 && x[0]< 0.56131 && x[1]>0.06474 && x[1]< 0.2727"], "height": 0.41, "width": 1.6, "inflow_peak": 0.69}