{"nodes": 2065, "object_boundaries": ["on_boundary && x[0]>0.42842 && x[0]< 0.63158 && x[1]>0.11376 && x[1]< 0.31692"], "height": 0.41, "width": 1.6, "inflow_peak": 1.522}