{"nodes": 1965, "object_boundaries": ["on_boundary && x[0]>0.17545 && x[0]< 0.39063 && x[1]>0.10109 && x[1]< 0.31627"], "height": 0.41, "width": 1.6, "inflow_peak": 0.314}