{"nodes": 1949, "cells": 3688, "object_boundaries": ["on_boundary && x[0]>0.15564 && x[0]< 0.25351 && x[1]>0.25053 && x[1]< 0.3484"], "height": 0.41, "width": 1.6, "inflow_peak": 1.472}