{"nodes": 1922, "object_boundaries": ["on_boundary && x[0]>0.23061 && x[0]< 0.38075 && x[1]>0.19795 && x[1]< 0.34809"], "height": 0.41, "width": 1.6, "inflow_peak": 0.967}