{"nodes": 1925, "object_boundaries": ["on_boundary && x[0]>0.12111 && x[0]< 0.25128 && x[1]>0.12744 && x[1]< 0.25761"], "height": 0.41, "width": 1.6, "inflow_peak": 0.15}