{"nodes": 2035, "cells": 3852, "object_boundaries": ["on_boundary && x[0]>0.4206 && x[0]< 0.54357 && x[1]>0.06056 && x[1]< 0.18353"], "height": 0.41, "width": 1.6, "inflow_peak": 0.311}