{"nodes": 2124, "cells": 4015, "object_boundaries": ["on_boundary && x[0]>0.20901 && x[0]< 0.3744 && x[1]>0.04248 && x[1]< 0.20944"], "height": 0.41, "width": 1.6, "inflow_peak": 1.844}