{"nodes": 1752, "object_boundaries": ["on_boundary && x[0]>0.25017 && x[0]< 0.41593 && x[1]>0.06136 && x[1]< 0.22712"], "height": 0.41, "width": 1.6, "inflow_peak": 1.39}