{"nodes": 2317, "object_boundaries": ["on_boundary && x[0]>0.30735 && x[0]< 0.46759 && x[1]>0.16146 && x[1]< 0.32169"], "height": 0.41, "width": 1.6, "inflow_peak": 0.96}