{"nodes": 1739, "object_boundaries": ["on_boundary && x[0]>0.2564 && x[0]< 0.45338 && x[1]>0.04073 && x[1]< 0.22866"], "height": 0.41, "width": 1.6, "inflow_peak": 1.16}