{"nodes": 1955, "cells": 3711, "object_boundaries": ["on_boundary && x[0]>0.11833 && x[0]< 0.27234 && x[1]>0.10731 && x[1]< 0.26133"], "height": 0.41, "width": 1.6, "inflow_peak": 1.03}