{"nodes": 2107, "cells": 3990, "object_boundaries": ["on_boundary && x[0]>0.1344 && x[0]< 0.36958 && x[1]>0.04702 && x[1]< 0.277"], "height": 0.41, "width": 1.6, "inflow_peak": 1.65}