{"nodes": 1706, "object_boundaries": ["on_boundary && x[0]>0.02942 && x[0]< 0.23058 && x[1]>0.10319 && x[1]< 0.30375"], "height": 0.41, "width": 1.6, "inflow_peak": 1.92}