{"nodes": 1728, "object_boundaries": ["on_boundary && x[0]>0.25434 && x[0]< 0.43105 && x[1]>0.17218 && x[1]< 0.34965"], "height": 0.41, "width": 1.6, "inflow_peak": 1.1}