{"nodes": 2360, "object_boundaries": ["on_boundary && x[0]>0.36042 && x[0]< 0.5507 && x[1]>0.16207 && x[1]< 0.30826"], "height": 0.41, "width": 1.6, "inflow_peak": 1.31}