{"nodes": 2147, "object_boundaries": ["on_boundary && x[0]>0.15533 && x[0]< 0.42472 && x[1]>0.11666 && x[1]< 0.3039"], "height": 0.41, "width": 1.6, "inflow_peak": 1.72}