{"nodes": 2118, "cells": 4015, "object_boundaries": ["on_boundary && x[0]>0.41397 && x[0]< 0.52009 && x[1]>0.21655 && x[1]< 0.36572"], "height": 0.41, "width": 1.6, "inflow_peak": 1.913}