{"nodes": 1868, "object_boundaries": ["on_boundary && x[0]>0.11982 && x[0]< 0.34758 && x[1]>0.02866 && x[1]< 0.26703"], "height": 0.41, "width": 1.6, "inflow_peak": 2.21}