{"nodes": 2258, "object_boundaries": ["on_boundary && x[0]>0.25062 && x[0]< 0.41858 && x[1]>0.1888 && x[1]< 0.35097"], "height": 0.41, "width": 1.6, "inflow_peak": 0.8}