{"nodes": 2059, "object_boundaries": ["on_boundary && x[0]>0.23519 && x[0]< 0.38236 && x[1]>0.00397 && x[1]< 0.25904"], "height": 0.41, "width": 1.6, "inflow_peak": 0.84}