{"nodes": 2094, "cells": 3974, "object_boundaries": ["on_boundary && x[0]>0.32882 && x[0]< 0.47178 && x[1]>0.14217 && x[1]< 0.21821"], "height": 0.41, "width": 1.6, "inflow_peak": 0.573}