{"nodes": 2006, "cells": 3808, "object_boundaries": ["on_boundary && x[0]>0.44477 && x[0]< 0.52406 && x[1]>0.23951 && x[1]< 0.3188"], "height": 0.41, "width": 1.6, "inflow_peak": 1.429}