{"nodes": 2110, "object_boundaries": ["on_boundary && x[0]>0.30609 && x[0]< 0.50408 && x[1]>0.07062 && x[1]< 0.26861"], "height": 0.41, "width": 1.6, "inflow_peak": 0.5}