{"nodes": 1931, "cells": 3661, "object_boundaries": ["on_boundary && x[0]>0.08442 && x[0]< 0.24383 && x[1]>0.05758 && x[1]< 0.21699"], "height": 0.41, "width": 1.6, "inflow_peak": 1.206}