{"nodes": 1996, "cells": 3771, "object_boundaries": ["on_boundary && x[0]>0.13981 && x[0]< 0.2741 && x[1]>0.2152 && x[1]< 0.34949"], "height": 0.41, "width": 1.6, "inflow_peak": 0.889}