{"nodes": 1858, "object_boundaries": ["on_boundary && x[0]>0.12752 && x[0]< 0.37112 && x[1]>-0.0142 && x[1]< 0.22095"], "height": 0.41, "width": 1.6, "inflow_peak": 1.52}