{"nodes": 2068, "cells": 3905, "object_boundaries": ["on_boundary && x[0]>0.17318 && x[0]< 0.42788 && x[1]>0.15387 && x[1]< 0.40666"], "height": 0.41, "width": 1.6, "inflow_peak": 1.67}