{"nodes": 2043, "object_boundaries": ["on_boundary && x[0]>0.29358 && x[0]< 0.44536 && x[1]>0.12416 && x[1]< 0.31748"], "height": 0.41, "width": 1.6, "inflow_peak": 0.76}