{"nodes": 2071, "object_boundaries": ["on_boundary && x[0]>0.25394 && x[0]< 0.48463 && x[1]>0.01126 && x[1]< 0.18874"], "height": 0.41, "width": 1.6, "inflow_peak": 1.27}