{"nodes": 2013, "object_boundaries": ["on_boundary && x[0]>0.20082 && x[0]< 0.37981 && x[1]>0.13057 && x[1]< 0.36262"], "height": 0.41, "width": 1.6, "inflow_peak": 2.25}