{"nodes": 2060, "cells": 3910, "object_boundaries": ["on_boundary && x[0]>0.41697 && x[0]< 0.47927 && x[1]>0.14236 && x[1]< 0.27146"], "height": 0.41, "width": 1.6, "inflow_peak": 0.544}