{"nodes": 2362, "object_boundaries": ["on_boundary && x[0]>0.39304 && x[0]< 0.5348 && x[1]>0.14495 && x[1]< 0.28484"], "height": 0.41, "width": 1.6, "inflow_peak": 1.43}