{"nodes": 1974, "object_boundaries": ["on_boundary && x[0]>0.24694 && x[0]< 0.46936 && x[1]>0.13237 && x[1]< 0.34961"], "height": 0.41, "width": 1.6, "inflow_peak": 1.87}