{"nodes": 2314, "object_boundaries": ["on_boundary && x[0]>0.31984 && x[0]< 0.56544 && x[1]>0.07356 && x[1]< 0.31916"], "height": 0.41, "width": 1.6, "inflow_peak": 2.05}