{"nodes": 2312, "object_boundaries": ["on_boundary && x[0]>0.33681 && x[0]< 0.56785 && x[1]>0.15959 && x[1]< 0.39063"], "height": 0.41, "width": 1.6, "inflow_peak": 1.745}