{"nodes": 2094, "object_boundaries": ["on_boundary && x[0]>0.22979 && x[0]< 0.42206 && x[1]>0.18568 && x[1]< 0.37795"], "height": 0.41, "width": 1.6, "inflow_peak": 1.075}