{"nodes": 2227, "object_boundaries": ["on_boundary && x[0]>0.36638 && x[0]< 0.54173 && x[1]>0.11155 && x[1]< 0.28689"], "height": 0.41, "width": 1.6, "inflow_peak": 1.474}