{"nodes": 2074, "object_boundaries": ["on_boundary && x[0]>0.26707 && x[0]< 0.48421 && x[1]>-0.00368 && x[1]< 0.22937"], "height": 0.41, "width": 1.6, "inflow_peak": 2.23}