{"nodes": 1965, "object_boundaries": ["on_boundary && x[0]>0.25996 && x[0]< 0.44952 && x[1]>0.03752 && x[1]< 0.28418"], "height": 0.41, "width": 1.6, "inflow_peak": 1.98}