{"nodes": 2059, "object_boundaries": ["on_boundary && x[0]>0.12442 && x[0]< 0.34802 && x[1]>0.13423 && x[1]< 0.31992"], "height": 0.41, "width": 1.6, "inflow_peak": 0.59}