{"nodes": 2058, "cells": 3905, "object_boundaries": ["on_boundary && x[0]>0.13336 && x[0]< 0.27285 && x[1]>0.25122 && x[1]< 0.30688"], "height": 0.41, "width": 1.6, "inflow_peak": 1.224}