{"nodes": 2070, "cells": 3913, "object_boundaries": ["on_boundary && x[0]>0.21244 && x[0]< 0.45748 && x[1]>0.16283 && x[1]< 0.40253"], "height": 0.41, "width": 1.6, "inflow_peak": 1.95}