{"nodes": 2062, "cells": 3902, "object_boundaries": ["on_boundary && x[0]>0.10899 && x[0]< 0.33584 && x[1]>0.00498 && x[1]< 0.23183"], "height": 0.41, "width": 1.6, "inflow_peak": 1.6}