{"nodes": 1678, "object_boundaries": ["on_boundary && x[0]>0.22295 && x[0]< 0.46541 && x[1]>0.09136 && x[1]< 0.33833"], "height": 0.41, "width": 1.6, "inflow_peak": 1.21}