{"nodes": 1745, "object_boundaries": ["on_boundary && x[0]>0.25393 && x[0]< 0.43304 && x[1]>0.14046 && x[1]< 0.31957"], "height": 0.41, "width": 1.6, "inflow_peak": 0.77}