{"nodes": 2002, "cells": 3796, "object_boundaries": ["on_boundary && x[0]>0.22904 && x[0]< 0.32233 && x[1]>0.14876 && x[1]< 0.24205"], "height": 0.41, "width": 1.6, "inflow_peak": 0.637}