{"nodes": 1719, "object_boundaries": ["on_boundary && x[0]>0.09438 && x[0]< 0.2686 && x[1]>0.03896 && x[1]< 0.2156"], "height": 0.41, "width": 1.6, "inflow_peak": 1.95}