{"nodes": 1986, "object_boundaries": ["on_boundary && x[0]>0.21807 && x[0]< 0.44537 && x[1]>0.06662 && x[1]< 0.27827"], "height": 0.41, "width": 1.6, "inflow_peak": 1.23}