{"nodes": 2029, "object_boundaries": ["on_boundary && x[0]>0.05527 && x[0]< 0.33867 && x[1]>0.05618 && x[1]< 0.31456", "on_boundary && x[0]>0.60098 && x[0]< 0.79111 && x[1]>0.18631 && x[1]< 0.39327"], "height": 0.41, "width": 1.6, "inflow_peak": 0.88}