{"nodes": 1735, "object_boundaries": ["on_boundary && x[0]>0.32165 && x[0]< 0.52494 && x[1]>0.08365 && x[1]< 0.33349"], "height": 0.41, "width": 1.6, "inflow_peak": 1.6}