{"nodes": 1721, "object_boundaries": ["on_boundary && x[0]>0.20696 && x[0]< 0.36687 && x[1]>0.07648 && x[1]< 0.24648"], "height": 0.41, "width": 1.6, "inflow_peak": 0.46}