{"nodes": 2092, "object_boundaries": ["on_boundary && x[0]>0.34501 && x[0]< 0.57292 && x[1]>0.10909 && x[1]< 0.31219"], "height": 0.41, "width": 1.6, "inflow_peak": 1.04}