{"nodes": 1955, "object_boundaries": ["on_boundary && x[0]>0.31091 && x[0]< 0.53944 && x[1]>0.11916 && x[1]< 0.34769"], "height": 0.41, "width": 1.6, "inflow_peak": 0.34}