{"nodes": 1983, "object_boundaries": ["on_boundary && x[0]>0.12239 && x[0]< 0.33111 && x[1]>0.02284 && x[1]< 0.23155"], "height": 0.41, "width": 1.6, "inflow_peak": 0.64}