{"nodes": 1926, "object_boundaries": ["on_boundary && x[0]>0.02315 && x[0]< 0.23685 && x[1]>0.13102 && x[1]< 0.34471"], "height": 0.41, "width": 1.6, "inflow_peak": 0.29}