{"nodes": 2381, "object_boundaries": ["on_boundary && x[0]>0.10518 && x[0]< 0.23574 && x[1]>0.14969 && x[1]< 0.28026"], "height": 0.41, "width": 1.6, "inflow_peak": 1.63}