{"nodes": 1971, "cells": 3744, "object_boundaries": ["on_boundary && x[0]>0.31766 && x[0]< 0.47078 && x[1]>0.12605 && x[1]< 0.27917"], "height": 0.41, "width": 1.6, "inflow_peak": 0.69}