{"nodes": 2986, "object_boundaries": ["on_boundary && x[0]>0.12398 && x[0]< 0.3406 && x[1]>-0.00831 && x[1]< 0.20831", "on_boundary && x[0]>0.58402 && x[0]< 0.76625 && x[1]>0.15076 && x[1]< 0.33299"], "height": 0.41, "width": 1.6, "inflow_peak": 1.43}