{"nodes": 2302, "object_boundaries": ["on_boundary && x[0]>0.08232 && x[0]< 0.27539 && x[1]>0.06567 && x[1]< 0.25874", "on_boundary && x[0]>0.87145 && x[0]< 1.0887 && x[1]>-0.00582 && x[1]< 0.21144"], "height": 0.41, "width": 1.6, "inflow_peak": 1.04}