{"nodes": 1993, "object_boundaries": ["on_boundary && x[0]>0.13069 && x[0]< 0.34171 && x[1]>0.12988 && x[1]< 0.3409"], "height": 0.41, "width": 1.6, "inflow_peak": 0.8}