{"nodes": 2463, "object_boundaries": ["on_boundary && x[0]>0.36818 && x[0]< 0.57358 && x[1]>0.14256 && x[1]< 0.34796", "on_boundary && x[0]>0.91602 && x[0]< 1.10543 && x[1]>0.07213 && x[1]< 0.26154"], "height": 0.41, "width": 1.6, "inflow_peak": 1.33}