{"nodes": 2486, "cells": 4726, "object_boundaries": ["on_boundary && x[0]>0.42205 && x[0]< 0.54807 && x[1]>0.2168 && x[1]< 0.34282", "on_boundary && x[0]>0.90957 && x[0]< 1.01185 && x[1]>0.13257 && x[1]< 0.23485"], "height": 0.41, "width": 1.6, "inflow_peak": 1.55}