{"nodes": 2193, "object_boundaries": ["on_boundary && x[0]>0.1435 && x[0]< 0.38587 && x[1]>-0.01323 && x[1]< 0.22914", "on_boundary && x[0]>0.71304 && x[0]< 0.91379 && x[1]>0.18118 && x[1]< 0.38194"], "height": 0.41, "width": 1.6, "inflow_peak": 0.68}