{"nodes": 2401, "object_boundaries": ["on_boundary && x[0]>0.38443 && x[0]< 0.56107 && x[1]>0.07329 && x[1]< 0.24993", "on_boundary && x[0]>0.62598 && x[0]< 0.85314 && x[1]>0.11826 && x[1]< 0.34542"], "height": 0.41, "width": 1.6, "inflow_peak": 1.71}