{"nodes": 2908, "object_boundaries": ["on_boundary && x[0]>0.33051 && x[0]< 0.4889 && x[1]>0.19742 && x[1]< 0.3558", "on_boundary && x[0]>0.70385 && x[0]< 0.89244 && x[1]>0.1067 && x[1]< 0.29529"], "height": 0.41, "width": 1.6, "inflow_peak": 0.7}