{"nodes": 2030, "object_boundaries": ["on_boundary && x[0]>0.2788 && x[0]< 0.48315 && x[1]>0.01542 && x[1]< 0.21977"], "height": 0.41, "width": 1.6, "inflow_peak": 1.26}