{"nodes": 1838, "object_boundaries": ["on_boundary && x[0]>0.04419 && x[0]< 0.287 && x[1]>0.1069 && x[1]< 0.34971"], "height": 0.41, "width": 1.6, "inflow_peak": 2.03}