{"nodes": 2055, "cells": 3906, "object_boundaries": ["on_boundary && x[0]>0.36584 && x[0]< 0.44485 && x[1]>0.23296 && x[1]< 0.31198"], "height": 0.41, "width": 1.6, "inflow_peak": 1.27}