{"nodes": 1671, "object_boundaries": ["on_boundary && x[0]>0.41828 && x[0]< 0.64881 && x[1]>0.0615 && x[1]< 0.28069"], "height": 0.41, "width": 1.6, "inflow_peak": 0.77}