{"nodes": 1657, "object_boundaries": ["on_boundary && x[0]>0.06788 && x[0]< 0.31831 && x[1]>0.09806 && x[1]< 0.34861"], "height": 0.41, "width": 1.6, "inflow_peak": 0.46}