{"nodes": 2109, "cells": 4006, "object_boundaries": ["on_boundary && x[0]>0.38938 && x[0]< 0.49354 && x[1]>0.14464 && x[1]< 0.24171"], "height": 0.41, "width": 1.6, "inflow_peak": 0.844}