{"nodes": 1743, "object_boundaries": ["on_boundary && x[0]>0.37022 && x[0]< 0.56731 && x[1]>0.12815 && x[1]< 0.3158"], "height": 0.41, "width": 1.6, "inflow_peak": 1.8}