{"nodes": 1998, "cells": 3790, "object_boundaries": ["on_boundary && x[0]>0.39574 && x[0]< 0.5737 && x[1]>0.1974 && x[1]< 0.37537"], "height": 0.41, "width": 1.6, "inflow_peak": 1.12}