{"nodes": 1660, "object_boundaries": ["on_boundary && x[0]>0.12098 && x[0]< 0.37491 && x[1]>0.05667 && x[1]< 0.33054"], "height": 0.41, "width": 1.6, "inflow_peak": 0.33}