{"nodes": 1947, "object_boundaries": ["on_boundary && x[0]>0.34281 && x[0]< 0.57642 && x[1]>0.10964 && x[1]< 0.34325"], "height": 0.41, "width": 1.6, "inflow_peak": 1.57}