{"nodes": 2614, "object_boundaries": ["on_boundary && x[0]>0.01887 && x[0]< 0.24113 && x[1]>0.09814 && x[1]< 0.32041", "on_boundary && x[0]>0.65672 && x[0]< 0.85852 && x[1]>0.14764 && x[1]< 0.34944"], "height": 0.41, "width": 1.6, "inflow_peak": 0.89}