{"nodes": 2019, "cells": 3821, "object_boundaries": ["on_boundary && x[0]>0.16655 && x[0]< 0.37711 && x[1]>0.00083 && x[1]< 0.21139"], "height": 0.41, "width": 1.6, "inflow_peak": 0.48}