{"nodes": 2375, "object_boundaries": ["on_boundary && x[0]>0.35645 && x[0]< 0.58386 && x[1]>0.023 && x[1]< 0.25041", "on_boundary && x[0]>0.81779 && x[0]< 1.01172 && x[1]>0.16258 && x[1]< 0.35651"], "height": 0.41, "width": 1.6, "inflow_peak": 1.32}