{"nodes": 1921, "object_boundaries": ["on_boundary && x[0]>0.29945 && x[0]< 0.53299 && x[1]>0.15426 && x[1]< 0.3878"], "height": 0.41, "width": 1.6, "inflow_peak": 1.686}