{"nodes": 2019, "cells": 3832, "object_boundaries": ["on_boundary && x[0]>0.3023 && x[0]< 0.39039 && x[1]>0.21246 && x[1]< 0.30056"], "height": 0.41, "width": 1.6, "inflow_peak": 0.798}