{"nodes": 1837, "object_boundaries": ["on_boundary && x[0]>0.03596 && x[0]< 0.27193 && x[1]>-0.01768 && x[1]< 0.21829"], "height": 0.41, "width": 1.6, "inflow_peak": 1.847}