{"nodes": 2036, "object_boundaries": ["on_boundary && x[0]>0.39191 && x[0]< 0.51559 && x[1]>0.12588 && x[1]< 0.24956"], "height": 0.41, "width": 1.6, "inflow_peak": 0.39}