{"nodes": 1893, "object_boundaries": ["on_boundary && x[0]>0.07427 && x[0]< 0.30178 && x[1]>0.0799 && x[1]< 0.3074"], "height": 0.41, "width": 1.6, "inflow_peak": 1.724}