{"nodes": 2268, "object_boundaries": ["on_boundary && x[0]>0.30512 && x[0]< 0.54167 && x[1]>0.01252 && x[1]< 0.24907"], "height": 0.41, "width": 1.6, "inflow_peak": 1.716}