{"nodes": 2211, "object_boundaries": ["on_boundary && x[0]>0.34433 && x[0]< 0.5222 && x[1]>0.14905 && x[1]< 0.32693"], "height": 0.41, "width": 1.6, "inflow_peak": 0.496}