{"nodes": 2087, "object_boundaries": ["on_boundary && x[0]>0.23056 && x[0]< 0.43486 && x[1]>0.15368 && x[1]< 0.35798"], "height": 0.41, "width": 1.6, "inflow_peak": 0.74}