{"nodes": 2287, "object_boundaries": ["on_boundary && x[0]>0.24257 && x[0]< 0.39611 && x[1]>0.1677 && x[1]< 0.32124"], "height": 0.41, "width": 1.6, "inflow_peak": 1.69}