{"nodes": 2054, "object_boundaries": ["on_boundary && x[0]>0.12068 && x[0]< 0.31111 && x[1]>0.14956 && x[1]< 0.33998"], "height": 0.41, "width": 1.6, "inflow_peak": 0.68}