{"nodes": 1921, "object_boundaries": ["on_boundary && x[0]>0.27866 && x[0]< 0.51403 && x[1]>0.10921 && x[1]< 0.34458"], "height": 0.41, "width": 1.6, "inflow_peak": 0.68}