{"nodes": 2407, "object_boundaries": ["on_boundary && x[0]>0.17345 && x[0]< 0.38483 && x[1]>0.12439 && x[1]< 0.33577", "on_boundary && x[0]>0.70541 && x[0]< 0.89491 && x[1]>0.10597 && x[1]< 0.29548"], "height": 0.41, "width": 1.6, "inflow_peak": 1.9}