{"nodes": 2025, "cells": 3840, "object_boundaries": ["on_boundary && x[0]>0.1836 && x[0]< 0.37163 && x[1]>0.18053 && x[1]< 0.36856"], "height": 0.41, "width": 1.6, "inflow_peak": 1.93}