{"nodes": 2061, "object_boundaries": ["on_boundary && x[0]>0.21407 && x[0]< 0.42629 && x[1]>0.13877 && x[1]< 0.351"], "height": 0.41, "width": 1.6, "inflow_peak": 1.88}