{"nodes": 2423, "object_boundaries": ["on_boundary && x[0]>0.24168 && x[0]< 0.42236 && x[1]>0.03877 && x[1]< 0.21945", "on_boundary && x[0]>0.73656 && x[0]< 0.95254 && x[1]>0.05955 && x[1]< 0.27553"], "height": 0.41, "width": 1.6, "inflow_peak": 0.52}