{"nodes": 1845, "object_boundaries": ["on_boundary && x[0]>0.31842 && x[0]< 0.57197 && x[1]>-0.00944 && x[1]< 0.24411"], "height": 0.41, "width": 1.6, "inflow_peak": 0.357}