{"nodes": 2448, "object_boundaries": ["on_boundary && x[0]>0.27243 && x[0]< 0.46359 && x[1]>0.09982 && x[1]< 0.29099", "on_boundary && x[0]>0.62373 && x[0]< 0.8407 && x[1]>0.08526 && x[1]< 0.30222"], "height": 0.41, "width": 1.6, "inflow_peak": 1.4}