{"nodes": 2482, "object_boundaries": ["on_boundary && x[0]>0.22015 && x[0]< 0.47614 && x[1]>0.07604 && x[1]< 0.33203", "on_boundary && x[0]>0.83124 && x[0]< 0.99343 && x[1]>0.10393 && x[1]< 0.26611"], "height": 0.41, "width": 1.6, "inflow_peak": 1.79}