{"nodes": 2299, "object_boundaries": ["on_boundary && x[0]>0.41128 && x[0]< 0.64872 && x[1]>0.12787 && x[1]< 0.36532"], "height": 0.41, "width": 1.6, "inflow_peak": 0.67}