{"nodes": 2533, "cells": 4807, "object_boundaries": ["on_boundary && x[0]>0.34265 && x[0]< 0.50258 && x[1]>0.0603 && x[1]< 0.22024", "on_boundary && x[0]>0.85452 && x[0]< 0.96764 && x[1]>0.16571 && x[1]< 0.27883"], "height": 0.41, "width": 1.6, "inflow_peak": 1.953}