{"nodes": 1898, "object_boundaries": ["on_boundary && x[0]>0.41351 && x[0]< 0.64649 && x[1]>0.1249 && x[1]< 0.35789"], "height": 0.41, "width": 1.6, "inflow_peak": 0.49}