{"nodes": 2470, "cells": 4701, "object_boundaries": ["on_boundary && x[0]>0.253 && x[0]< 0.39413 && x[1]>0.1116 && x[1]< 0.25273", "on_boundary && x[0]>0.55414 && x[0]< 0.79907 && x[1]>0.08973 && x[1]< 0.33467"], "height": 0.41, "width": 1.6, "inflow_peak": 1.82}