{"nodes": 2010, "cells": 3815, "object_boundaries": ["on_boundary && x[0]>0.27622 && x[0]< 0.35829 && x[1]>0.24858 && x[1]< 0.33066"], "height": 0.41, "width": 1.6, "inflow_peak": 0.855}