{"nodes": 2120, "object_boundaries": ["on_boundary && x[0]>0.1305 && x[0]< 0.30868 && x[1]>0.15191 && x[1]< 0.33009"], "height": 0.41, "width": 1.6, "inflow_peak": 1.6}