{"nodes": 1966, "cells": 3731, "object_boundaries": ["on_boundary && x[0]>0.35127 && x[0]< 0.51371 && x[1]>0.21561 && x[1]< 0.37805"], "height": 0.41, "width": 1.6, "inflow_peak": 1.02}