{"nodes": 2120, "object_boundaries": ["on_boundary && x[0]>0.43564 && x[0]< 0.62436 && x[1]>0.09951 && x[1]< 0.28822"], "height": 0.41, "width": 1.6, "inflow_peak": 1.559}