{"nodes": 2062, "cells": 3902, "object_boundaries": ["on_boundary && x[0]>0.2519 && x[0]< 0.38798 && x[1]>0.19168 && x[1]< 0.32777"], "height": 0.41, "width": 1.6, "inflow_peak": 0.57}