{"nodes": 1990, "object_boundaries": ["on_boundary && x[0]>0.30835 && x[0]< 0.53063 && x[1]>0.07307 && x[1]< 0.29535"], "height": 0.41, "width": 1.6, "inflow_peak": 0.731}