{"nodes": 2071, "object_boundaries": ["on_boundary && x[0]>0.32691 && x[0]< 0.53211 && x[1]>0.10843 && x[1]< 0.31363"], "height": 0.41, "width": 1.6, "inflow_peak": 0.521}