{"nodes": 2089, "cells": 3954, "object_boundaries": ["on_boundary && x[0]>0.283 && x[0]< 0.51467 && x[1]>0.13449 && x[1]< 0.36616"], "height": 0.41, "width": 1.6, "inflow_peak": 1.532}