{"nodes": 2140, "object_boundaries": ["on_boundary && x[0]>0.20479 && x[0]< 0.3848 && x[1]>0.19936 && x[1]< 0.37937"], "height": 0.41, "width": 1.6, "inflow_peak": 1.504}