{"nodes": 2237, "object_boundaries": ["on_boundary && x[0]>0.27204 && x[0]< 0.54404 && x[1]>0.08483 && x[1]< 0.35683"], "height": 0.41, "width": 1.6, "inflow_peak": 0.91}