{"nodes": 2105, "cells": 3992, "object_boundaries": ["on_boundary && x[0]>0.31726 && x[0]< 0.48423 && x[1]>0.22937 && x[1]< 0.30336"], "height": 0.41, "width": 1.6, "inflow_peak": 1.802}