{"nodes": 1741, "object_boundaries": ["on_boundary && x[0]>-0.00078 && x[0]< 0.26078 && x[1]>0.16922 && x[1]< 0.43078"], "height": 0.41, "width": 1.6, "inflow_peak": 0.544}