{"nodes": 1988, "object_boundaries": ["on_boundary && x[0]>0.14849 && x[0]< 0.3689 && x[1]>0.03794 && x[1]< 0.25835"], "height": 0.41, "width": 1.6, "inflow_peak": 1.119}