{"nodes": 1895, "object_boundaries": ["on_boundary && x[0]>0.15535 && x[0]< 0.39083 && x[1]>0.09993 && x[1]< 0.33541"], "height": 0.41, "width": 1.6, "inflow_peak": 1.057}