{"nodes": 2048, "object_boundaries": ["on_boundary && x[0]>0.31055 && x[0]< 0.56507 && x[1]>0.09158 && x[1]< 0.28927"], "height": 0.41, "width": 1.6, "inflow_peak": 1.6}