{"nodes": 2494, "cells": 4741, "object_boundaries": ["on_boundary && x[0]>0.3279 && x[0]< 0.55444 && x[1]>0.12919 && x[1]< 0.39192", "on_boundary && x[0]>0.64293 && x[0]< 0.79412 && x[1]>0.07727 && x[1]< 0.24645"], "height": 0.41, "width": 1.6, "inflow_peak": 1.89}