{"nodes": 1743, "object_boundaries": ["on_boundary && x[0]>0.341 && x[0]< 0.54079 && x[1]>0.10178 && x[1]< 0.30157"], "height": 0.41, "width": 1.6, "inflow_peak": 0.54}