{"nodes": 1686, "object_boundaries": ["on_boundary && x[0]>0.3776 && x[0]< 0.58425 && x[1]>0.08875 && x[1]< 0.28922"], "height": 0.41, "width": 1.6, "inflow_peak": 1.43}