{"nodes": 2084, "cells": 3960, "object_boundaries": ["on_boundary && x[0]>0.17552 && x[0]< 0.37269 && x[1]>0.06579 && x[1]< 0.22639"], "height": 0.41, "width": 1.6, "inflow_peak": 0.51}