{"nodes": 1692, "object_boundaries": ["on_boundary && x[0]>0.0827 && x[0]< 0.35302 && x[1]>0.07467 && x[1]< 0.29572"], "height": 0.41, "width": 1.6, "inflow_peak": 1.57}