{"nodes": 2048, "cells": 3884, "object_boundaries": ["on_boundary && x[0]>0.31463 && x[0]< 0.42455 && x[1]>0.14589 && x[1]< 0.24467"], "height": 0.41, "width": 1.6, "inflow_peak": 1.658}