{"nodes": 2161, "object_boundaries": ["on_boundary && x[0]>0.19865 && x[0]< 0.42813 && x[1]>0.12251 && x[1]< 0.28436"], "height": 0.41, "width": 1.6, "inflow_peak": 2.02}