{"nodes": 2037, "object_boundaries": ["on_boundary && x[0]>0.28047 && x[0]< 0.46086 && x[1]>0.10407 && x[1]< 0.32583"], "height": 0.41, "width": 1.6, "inflow_peak": 1.5}