{"nodes": 1902, "object_boundaries": ["on_boundary && x[0]>0.09721 && x[0]< 0.37721 && x[1]>0.12548 && x[1]< 0.33504"], "height": 0.41, "width": 1.6, "inflow_peak": 1.31}