{"nodes": 2051, "object_boundaries": ["on_boundary && x[0]>0.40263 && x[0]< 0.56019 && x[1]>0.13247 && x[1]< 0.36344"], "height": 0.41, "width": 1.6, "inflow_peak": 0.79}