{"nodes": 2118, "object_boundaries": ["on_boundary && x[0]>0.12432 && x[0]< 0.30728 && x[1]>0.12623 && x[1]< 0.30919"], "height": 0.41, "width": 1.6, "inflow_peak": 1.46}