{"nodes": 2018, "cells": 3834, "object_boundaries": ["on_boundary && x[0]>0.12582 && x[0]< 0.19446 && x[1]>0.13645 && x[1]< 0.2051"], "height": 0.41, "width": 1.6, "inflow_peak": 1.908}