{"nodes": 2048, "cells": 3872, "object_boundaries": ["on_boundary && x[0]>0.13691 && x[0]< 0.36989 && x[1]>0.06205 && x[1]< 0.29503"], "height": 0.41, "width": 1.6, "inflow_peak": 1.3}