{"nodes": 2019, "object_boundaries": ["on_boundary && x[0]>0.29913 && x[0]< 0.50827 && x[1]>0.16967 && x[1]< 0.37881"], "height": 0.41, "width": 1.6, "inflow_peak": 2.15}