{"nodes": 1995, "cells": 3780, "object_boundaries": ["on_boundary && x[0]>0.20115 && x[0]< 0.30035 && x[1]>0.18293 && x[1]< 0.28213"], "height": 0.41, "width": 1.6, "inflow_peak": 0.6}