{"nodes": 2048, "object_boundaries": ["on_boundary && x[0]>0.17263 && x[0]< 0.37071 && x[1]>0.1076 && x[1]< 0.30567"], "height": 0.41, "width": 1.6, "inflow_peak": 2.32}