{"nodes": 1983, "cells": 3762, "object_boundaries": ["on_boundary && x[0]>0.3574 && x[0]< 0.52648 && x[1]>0.03538 && x[1]< 0.20446"], "height": 0.41, "width": 1.6, "inflow_peak": 2.2}