{"nodes": 1846, "object_boundaries": ["on_boundary && x[0]>0.23682 && x[0]< 0.48643 && x[1]>-0.00519 && x[1]< 0.24443"], "height": 0.41, "width": 1.6, "inflow_peak": 1.41}