{"nodes": 2016, "object_boundaries": ["on_boundary && x[0]>0.29688 && x[0]< 0.51499 && x[1]>0.08241 && x[1]< 0.30052"], "height": 0.41, "width": 1.6, "inflow_peak": 1.7}