{"nodes": 2078, "object_boundaries": ["on_boundary && x[0]>0.34549 && x[0]< 0.55985 && x[1]>0.08023 && x[1]< 0.29458"], "height": 0.41, "width": 1.6, "inflow_peak": 1.0}