{"nodes": 2206, "object_boundaries": ["on_boundary && x[0]>0.3217 && x[0]< 0.58066 && x[1]>0.07566 && x[1]< 0.22138"], "height": 0.41, "width": 1.6, "inflow_peak": 2.07}