{"nodes": 2053, "cells": 3888, "object_boundaries": ["on_boundary && x[0]>0.24863 && x[0]< 0.39311 && x[1]>0.24608 && x[1]< 0.34561"], "height": 0.41, "width": 1.6, "inflow_peak": 0.85}