{"nodes": 1893, "object_boundaries": ["on_boundary && x[0]>0.10018 && x[0]< 0.29932 && x[1]>0.00271 && x[1]< 0.25385"], "height": 0.41, "width": 1.6, "inflow_peak": 1.36}