{"nodes": 2088, "object_boundaries": ["on_boundary && x[0]>0.3222 && x[0]< 0.53063 && x[1]>0.07758 && x[1]< 0.27546"], "height": 0.41, "width": 1.6, "inflow_peak": 1.05}