{"nodes": 2054, "object_boundaries": ["on_boundary && x[0]>0.40843 && x[0]< 0.59417 && x[1]>0.06384 && x[1]< 0.28684"], "height": 0.41, "width": 1.6, "inflow_peak": 1.22}