{"nodes": 2145, "cells": 4068, "object_boundaries": ["on_boundary && x[0]>0.37422 && x[0]< 0.51286 && x[1]>0.08844 && x[1]< 0.22708"], "height": 0.41, "width": 1.6, "inflow_peak": 1.825}