{"nodes": 1690, "object_boundaries": ["on_boundary && x[0]>0.09008 && x[0]< 0.29514 && x[1]>0.18279 && x[1]< 0.37506"], "height": 0.41, "width": 1.6, "inflow_peak": 0.79}