{"nodes": 2147, "cells": 4067, "object_boundaries": ["on_boundary && x[0]>0.29961 && x[0]< 0.53952 && x[1]>0.19332 && x[1]< 0.41747"], "height": 0.41, "width": 1.6, "inflow_peak": 0.88}