{"nodes": 2186, "object_boundaries": ["on_boundary && x[0]>0.07479 && x[0]< 0.23244 && x[1]>0.1859 && x[1]< 0.34355"], "height": 0.41, "width": 1.6, "inflow_peak": 1.99}