{"nodes": 1973, "cells": 3751, "object_boundaries": ["on_boundary && x[0]>0.29937 && x[0]< 0.35069 && x[1]>0.23387 && x[1]< 0.28519"], "height": 0.41, "width": 1.6, "inflow_peak": 1.197}