{"nodes": 2392, "object_boundaries": ["on_boundary && x[0]>0.28842 && x[0]< 0.43142 && x[1]>0.11605 && x[1]< 0.25905"], "height": 0.41, "width": 1.6, "inflow_peak": 1.604}