{"nodes": 2253, "object_boundaries": ["on_boundary && x[0]>0.23706 && x[0]< 0.40259 && x[1]>0.11715 && x[1]< 0.28268"], "height": 0.41, "width": 1.6, "inflow_peak": 0.5}