{"nodes": 2050, "object_boundaries": ["on_boundary && x[0]>0.08025 && x[0]< 0.26822 && x[1]>0.09355 && x[1]< 0.28151"], "height": 0.41, "width": 1.6, "inflow_peak": 0.58}