{"nodes": 2056, "cells": 3885, "object_boundaries": ["on_boundary && x[0]>0.18747 && x[0]< 0.33842 && x[1]>0.10644 && x[1]< 0.25739"], "height": 0.41, "width": 1.6, "inflow_peak": 1.694}