{"nodes": 2339, "object_boundaries": ["on_boundary && x[0]>0.38961 && x[0]< 0.52974 && x[1]>0.14522 && x[1]< 0.28535"], "height": 0.41, "width": 1.6, "inflow_peak": 1.69}