{"nodes": 2144, "cells": 4058, "object_boundaries": ["on_boundary && x[0]>0.33624 && x[0]< 0.58804 && x[1]>0.03136 && x[1]< 0.27129"], "height": 0.41, "width": 1.6, "inflow_peak": 1.98}