{"nodes": 1695, "object_boundaries": ["on_boundary && x[0]>0.3108 && x[0]< 0.52221 && x[1]>0.08899 && x[1]< 0.3004"], "height": 0.41, "width": 1.6, "inflow_peak": 0.6}