{"nodes": 1722, "object_boundaries": ["on_boundary && x[0]>0.2902 && x[0]< 0.48732 && x[1]>0.14219 && x[1]< 0.33932"], "height": 0.41, "width": 1.6, "inflow_peak": 2.12}