{"nodes": 2026, "cells": 3836, "object_boundaries": ["on_boundary && x[0]>0.14318 && x[0]< 0.35247 && x[1]>0.09896 && x[1]< 0.30825"], "height": 0.41, "width": 1.6, "inflow_peak": 0.538}