{"nodes": 1865, "object_boundaries": ["on_boundary && x[0]>0.29545 && x[0]< 0.54649 && x[1]>0.06681 && x[1]< 0.31784"], "height": 0.41, "width": 1.6, "inflow_peak": 1.338}