{"nodes": 1931, "object_boundaries": ["on_boundary && x[0]>0.15941 && x[0]< 0.38076 && x[1]>-0.00013 && x[1]< 0.22121"], "height": 0.41, "width": 1.6, "inflow_peak": 1.528}