{"nodes": 2190, "object_boundaries": ["on_boundary && x[0]>0.3362 && x[0]< 0.52186 && x[1]>0.1082 && x[1]< 0.29386"], "height": 0.41, "width": 1.6, "inflow_peak": 0.555}