{"nodes": 2066, "object_boundaries": ["on_boundary && x[0]>0.2817 && x[0]< 0.4877 && x[1]>0.11485 && x[1]< 0.32085"], "height": 0.41, "width": 1.6, "inflow_peak": 1.5}