{"nodes": 2144, "cells": 4061, "object_boundaries": ["on_boundary && x[0]>0.33918 && x[0]< 0.58123 && x[1]>0.11228 && x[1]< 0.35433"], "height": 0.41, "width": 1.6, "inflow_peak": 1.89}