{"nodes": 1997, "cells": 3795, "object_boundaries": ["on_boundary && x[0]>0.44657 && x[0]< 0.51254 && x[1]>0.19587 && x[1]< 0.26184"], "height": 0.41, "width": 1.6, "inflow_peak": 0.659}