{"nodes": 1728, "object_boundaries": ["on_boundary && x[0]>0.21791 && x[0]< 0.41851 && x[1]>0.06506 && x[1]< 0.28766"], "height": 0.41, "width": 1.6, "inflow_peak": 1.08}