{"nodes": 1843, "object_boundaries": ["on_boundary && x[0]>0.11593 && x[0]< 0.2807 && x[1]>0.12737 && x[1]< 0.32444", "on_boundary && x[0]>0.78301 && x[0]< 0.96037 && x[1]>0.14446 && x[1]< 0.32674"], "height": 0.41, "width": 1.6, "inflow_peak": 1.18}