{"nodes": 2021, "object_boundaries": ["on_boundary && x[0]>0.30178 && x[0]< 0.52457 && x[1]>0.0098 && x[1]< 0.24089", "on_boundary && x[0]>0.87925 && x[0]< 1.07308 && x[1]>0.06312 && x[1]< 0.2924"], "height": 0.41, "width": 1.6, "inflow_peak": 0.33}