{"nodes": 1754, "object_boundaries": ["on_boundary && x[0]>0.31037 && x[0]< 0.50124 && x[1]>0.16385 && x[1]< 0.35472"], "height": 0.41, "width": 1.6, "inflow_peak": 0.86}