{"nodes": 1733, "object_boundaries": ["on_boundary && x[0]>0.20164 && x[0]< 0.41817 && x[1]>0.03502 && x[1]< 0.24115"], "height": 0.41, "width": 1.6, "inflow_peak": 1.32}