{"nodes": 1900, "object_boundaries": ["on_boundary && x[0]>0.25399 && x[0]< 0.49382 && x[1]>0.12474 && x[1]< 0.36457"], "height": 0.41, "width": 1.6, "inflow_peak": 0.76}