{"nodes": 2133, "cells": 4045, "object_boundaries": ["on_boundary && x[0]>0.28699 && x[0]< 0.49631 && x[1]>0.17793 && x[1]< 0.39708"], "height": 0.41, "width": 1.6, "inflow_peak": 1.47}