{"nodes": 2157, "object_boundaries": ["on_boundary && x[0]>0.3157 && x[0]< 0.50731 && x[1]>0.07671 && x[1]< 0.26832"], "height": 0.41, "width": 1.6, "inflow_peak": 1.18}