{"nodes": 2215, "object_boundaries": ["on_boundary && x[0]>0.40946 && x[0]< 0.57501 && x[1]>0.08455 && x[1]< 0.25009"], "height": 0.41, "width": 1.6, "inflow_peak": 1.64}