{"nodes": 2374, "object_boundaries": ["on_boundary && x[0]>0.29828 && x[0]< 0.53034 && x[1]>0.0578 && x[1]< 0.28985"], "height": 0.41, "width": 1.6, "inflow_peak": 1.29}