{"nodes": 1932, "cells": 3664, "object_boundaries": ["on_boundary && x[0]>0.13582 && x[0]< 0.20457 && x[1]>0.15343 && x[1]< 0.22218"], "height": 0.41, "width": 1.6, "inflow_peak": 1.164}