{"nodes": 2241, "object_boundaries": ["on_boundary && x[0]>0.02864 && x[0]< 0.30671 && x[1]>0.00395 && x[1]< 0.28202", "on_boundary && x[0]>0.79067 && x[0]< 0.96023 && x[1]>0.11435 && x[1]< 0.28391"], "height": 0.41, "width": 1.6, "inflow_peak": 1.09}