{"nodes": 2031, "cells": 3838, "object_boundaries": ["on_boundary && x[0]>0.1639 && x[0]< 0.39682 && x[1]>0.00068 && x[1]< 0.23361"], "height": 0.41, "width": 1.6, "inflow_peak": 0.82}