{"nodes": 2206, "object_boundaries": ["on_boundary && x[0]>0.21042 && x[0]< 0.46664 && x[1]>0.11968 && x[1]< 0.27333"], "height": 0.41, "width": 1.6, "inflow_peak": 0.68}