{"nodes": 1878, "object_boundaries": ["on_boundary && x[0]>0.35229 && x[0]< 0.57697 && x[1]>-0.02102 && x[1]< 0.22102"], "height": 0.41, "width": 1.6, "inflow_peak": 0.45}