{"nodes": 2062, "cells": 3901, "object_boundaries": ["on_boundary && x[0]>0.38162 && x[0]< 0.53188 && x[1]>0.03898 && x[1]< 0.16765"], "height": 0.41, "width": 1.6, "inflow_peak": 0.726}