{"nodes": 2077, "object_boundaries": ["on_boundary && x[0]>0.26331 && x[0]< 0.50104 && x[1]>0.16766 && x[1]< 0.34895"], "height": 0.41, "width": 1.6, "inflow_peak": 2.09}