{"nodes": 2161, "object_boundaries": ["on_boundary && x[0]>0.25284 && x[0]< 0.45481 && x[1]>0.12974 && x[1]< 0.27234"], "height": 0.41, "width": 1.6, "inflow_peak": 1.13}