{"nodes": 2047, "object_boundaries": ["on_boundary && x[0]>0.39136 && x[0]< 0.60065 && x[1]>0.08567 && x[1]< 0.29496"], "height": 0.41, "width": 1.6, "inflow_peak": 1.89}