{"nodes": 1779, "object_boundaries": ["on_boundary && x[0]>0.17868 && x[0]< 0.37592 && x[1]>0.11887 && x[1]< 0.3161"], "height": 0.41, "width": 1.6, "inflow_peak": 1.52}