{"nodes": 1695, "object_boundaries": ["on_boundary && x[0]>0.0925 && x[0]< 0.34205 && x[1]>0.05997 && x[1]< 0.32329"], "height": 0.41, "width": 1.6, "inflow_peak": 1.54}