{"nodes": 2050, "cells": 3884, "object_boundaries": ["on_boundary && x[0]>0.06662 && x[0]< 0.26098 && x[1]>0.02876 && x[1]< 0.19552"], "height": 0.41, "width": 1.6, "inflow_peak": 1.39}