{"nodes": 2103, "cells": 3984, "object_boundaries": ["on_boundary && x[0]>0.19247 && x[0]< 0.32937 && x[1]>0.17797 && x[1]< 0.31818"], "height": 0.41, "width": 1.6, "inflow_peak": 0.64}