{"nodes": 1748, "object_boundaries": ["on_boundary && x[0]>0.38523 && x[0]< 0.58786 && x[1]>0.11477 && x[1]< 0.31208"], "height": 0.41, "width": 1.6, "inflow_peak": 1.26}