{"nodes": 1829, "object_boundaries": ["on_boundary && x[0]>0.03987 && x[0]< 0.28327 && x[1]>0.02219 && x[1]< 0.26063"], "height": 0.41, "width": 1.6, "inflow_peak": 1.12}