{"nodes": 2214, "object_boundaries": ["on_boundary && x[0]>0.16086 && x[0]< 0.31757 && x[1]>0.10746 && x[1]< 0.26417"], "height": 0.41, "width": 1.6, "inflow_peak": 1.522}