{"nodes": 1889, "object_boundaries": ["on_boundary && x[0]>0.14064 && x[0]< 0.38029 && x[1]>0.11663 && x[1]< 0.35629"], "height": 0.41, "width": 1.6, "inflow_peak": 0.293}