{"nodes": 1852, "object_boundaries": ["on_boundary && x[0]>0.31961 && x[0]< 0.57478 && x[1]>0.01363 && x[1]< 0.2688"], "height": 0.41, "width": 1.6, "inflow_peak": 0.524}