{"nodes": 2012, "cells": 3826, "object_boundaries": ["on_boundary && x[0]>0.41358 && x[0]< 0.56504 && x[1]>0.16026 && x[1]< 0.31172"], "height": 0.41, "width": 1.6, "inflow_peak": 2.214}