{"nodes": 1954, "object_boundaries": ["on_boundary && x[0]>0.27303 && x[0]< 0.44861 && x[1]>0.01221 && x[1]< 0.18779"], "height": 0.41, "width": 1.6, "inflow_peak": 1.6}