{"nodes": 2462, "cells": 4646, "object_boundaries": ["on_boundary && x[0]>0.3043 && x[0]< 0.46752 && x[1]>0.09716 && x[1]< 0.26038", "on_boundary && x[0]>0.57983 && x[0]< 0.7459 && x[1]>0.05427 && x[1]< 0.22034"], "height": 0.41, "width": 1.6, "inflow_peak": 2.143}