{"nodes": 2242, "object_boundaries": ["on_boundary && x[0]>0.16449 && x[0]< 0.3186 && x[1]>0.20716 && x[1]< 0.36127"], "height": 0.41, "width": 1.6, "inflow_peak": 0.46}