{"nodes": 2074, "cells": 3921, "object_boundaries": ["on_boundary && x[0]>0.14505 && x[0]< 0.38778 && x[1]>0.06168 && x[1]< 0.30441"], "height": 0.41, "width": 1.6, "inflow_peak": 1.96}