{"nodes": 1939, "object_boundaries": ["on_boundary && x[0]>0.2836 && x[0]< 0.42133 && x[1]>0.21412 && x[1]< 0.35185"], "height": 0.41, "width": 1.6, "inflow_peak": 1.18}