{"nodes": 1873, "object_boundaries": ["on_boundary && x[0]>0.18841 && x[0]< 0.40874 && x[1]>-0.00556 && x[1]< 0.24558"], "height": 0.41, "width": 1.6, "inflow_peak": 1.64}