{"nodes": 2213, "object_boundaries": ["on_boundary && x[0]>0.27352 && x[0]< 0.52677 && x[1]>-0.02337 && x[1]< 0.22988", "on_boundary && x[0]>0.79358 && x[0]< 1.00149 && x[1]>0.09241 && x[1]< 0.30033"], "height": 0.41, "width": 1.6, "inflow_peak": 1.01}