{"nodes": 2248, "object_boundaries": ["on_boundary && x[0]>0.32455 && x[0]< 0.5751 && x[1]>0.05892 && x[1]< 0.30948"], "height": 0.41, "width": 1.6, "inflow_peak": 1.15}