{"nodes": 2113, "object_boundaries": ["on_boundary && x[0]>0.23352 && x[0]< 0.46738 && x[1]>0.06774 && x[1]< 0.29064"], "height": 0.41, "width": 1.6, "inflow_peak": 1.4}