{"nodes": 2136, "object_boundaries": ["on_boundary && x[0]>0.11894 && x[0]< 0.35118 && x[1]>0.10786 && x[1]< 0.26388"], "height": 0.41, "width": 1.6, "inflow_peak": 0.46}