{"nodes": 1735, "object_boundaries": ["on_boundary && x[0]>0.298 && x[0]< 0.48781 && x[1]>0.09572 && x[1]< 0.27856"], "height": 0.41, "width": 1.6, "inflow_peak": 1.96}