{"nodes": 1742, "object_boundaries": ["on_boundary && x[0]>0.38217 && x[0]< 0.59129 && x[1]>0.10093 && x[1]< 0.28921"], "height": 0.41, "width": 1.6, "inflow_peak": 1.88}