{"nodes": 2143, "cells": 4059, "object_boundaries": ["on_boundary && x[0]>0.35546 && x[0]< 0.51334 && x[1]>0.14057 && x[1]< 0.28659"], "height": 0.41, "width": 1.6, "inflow_peak": 1.65}