{"nodes": 1873, "object_boundaries": ["on_boundary && x[0]>0.05716 && x[0]< 0.28077 && x[1]>0.05281 && x[1]< 0.28095"], "height": 0.41, "width": 1.6, "inflow_peak": 1.37}