{"nodes": 2231, "object_boundaries": ["on_boundary && x[0]>0.27318 && x[0]< 0.50791 && x[1]>0.08034 && x[1]< 0.23169"], "height": 0.41, "width": 1.6, "inflow_peak": 1.33}