{"nodes": 2060, "object_boundaries": ["on_boundary && x[0]>0.1149 && x[0]< 0.28934 && x[1]>0.04916 && x[1]< 0.25512"], "height": 0.41, "width": 1.6, "inflow_peak": 0.82}