{"nodes": 2066, "object_boundaries": ["on_boundary && x[0]>0.38445 && x[0]< 0.57188 && x[1]>0.1589 && x[1]< 0.37835"], "height": 0.41, "width": 1.6, "inflow_peak": 0.54}