{"nodes": 2025, "cells": 3850, "object_boundaries": ["on_boundary && x[0]>0.30632 && x[0]< 0.45751 && x[1]>0.17664 && x[1]< 0.33912"], "height": 0.41, "width": 1.6, "inflow_peak": 0.58}