{"nodes": 2321, "object_boundaries": ["on_boundary && x[0]>0.31976 && x[0]< 0.52813 && x[1]>0.08829 && x[1]< 0.29667", "on_boundary && x[0]>0.841 && x[0]< 1.07663 && x[1]>0.00151 && x[1]< 0.23714"], "height": 0.41, "width": 1.6, "inflow_peak": 0.37}