{"nodes": 2319, "object_boundaries": ["on_boundary && x[0]>0.09257 && x[0]< 0.32729 && x[1]>0.07403 && x[1]< 0.30874", "on_boundary && x[0]>0.74084 && x[0]< 0.93857 && x[1]>0.01904 && x[1]< 0.21677"], "height": 0.41, "width": 1.6, "inflow_peak": 1.23}