{"nodes": 2456, "cells": 4676, "object_boundaries": ["on_boundary && x[0]>0.22028 && x[0]< 0.3452 && x[1]>0.17111 && x[1]< 0.29603", "on_boundary && x[0]>0.73232 && x[0]< 0.80696 && x[1]>0.18915 && x[1]< 0.26379"], "height": 0.41, "width": 1.6, "inflow_peak": 0.556}