{"nodes": 1963, "object_boundaries": ["on_boundary && x[0]>0.39541 && x[0]< 0.52804 && x[1]>0.1514 && x[1]< 0.28402"], "height": 0.41, "width": 1.6, "inflow_peak": 2.24}