{"nodes": 2029, "cells": 3839, "object_boundaries": ["on_boundary && x[0]>0.38305 && x[0]< 0.49708 && x[1]>0.05351 && x[1]< 0.1943"], "height": 0.41, "width": 1.6, "inflow_peak": 1.777}