{"nodes": 2188, "object_boundaries": ["on_boundary && x[0]>0.3212 && x[0]< 0.53757 && x[1]>0.15661 && x[1]< 0.39211"], "height": 0.41, "width": 1.6, "inflow_peak": 0.95}