{"nodes": 2631, "object_boundaries": ["on_boundary && x[0]>0.14937 && x[0]< 0.30333 && x[1]>0.13394 && x[1]< 0.28789", "on_boundary && x[0]>0.92508 && x[0]< 1.13492 && x[1]>0.15289 && x[1]< 0.36272"], "height": 0.41, "width": 1.6, "inflow_peak": 1.46}