{"nodes": 2000, "object_boundaries": ["on_boundary && x[0]>0.1893 && x[0]< 0.41195 && x[1]>0.10298 && x[1]< 0.32563"], "height": 0.41, "width": 1.6, "inflow_peak": 0.48}