{"nodes": 1988, "cells": 3752, "object_boundaries": ["on_boundary && x[0]>0.04633 && x[0]< 0.28023 && x[1]>0.13871 && x[1]< 0.37261"], "height": 0.41, "width": 1.6, "inflow_peak": 2.11}