{"nodes": 2120, "cells": 4017, "object_boundaries": ["on_boundary && x[0]>0.29972 && x[0]< 0.5284 && x[1]>0.06855 && x[1]< 0.29723"], "height": 0.41, "width": 1.6, "inflow_peak": 1.454}