{"nodes": 2085, "object_boundaries": ["on_boundary && x[0]>0.17225 && x[0]< 0.3589 && x[1]>0.00667 && x[1]< 0.19333"], "height": 0.41, "width": 1.6, "inflow_peak": 1.109}