{"nodes": 1974, "object_boundaries": ["on_boundary && x[0]>0.06619 && x[0]< 0.26833 && x[1]>0.07024 && x[1]< 0.27238"], "height": 0.41, "width": 1.6, "inflow_peak": 2.2}