{"nodes": 2028, "cells": 3856, "object_boundaries": ["on_boundary && x[0]>0.3972 && x[0]< 0.46522 && x[1]>0.1264 && x[1]< 0.19442"], "height": 0.41, "width": 1.6, "inflow_peak": 0.844}