{"nodes": 2209, "object_boundaries": ["on_boundary && x[0]>0.33699 && x[0]< 0.51476 && x[1]>0.06114 && x[1]< 0.23891"], "height": 0.41, "width": 1.6, "inflow_peak": 1.22}