{"nodes": 1797, "object_boundaries": ["on_boundary && x[0]>0.04161 && x[0]< 0.2969 && x[1]>0.06587 && x[1]< 0.32116"], "height": 0.41, "width": 1.6, "inflow_peak": 1.94}