{"nodes": 1948, "cells": 3702, "object_boundaries": ["on_boundary && x[0]>0.20936 && x[0]< 0.34948 && x[1]>0.2183 && x[1]< 0.35842"], "height": 0.41, "width": 1.6, "inflow_peak": 0.312}