{"nodes": 1858, "object_boundaries": ["on_boundary && x[0]>0.24031 && x[0]< 0.39977 && x[1]>0.02781 && x[1]< 0.18726"], "height": 0.41, "width": 1.6, "inflow_peak": 1.091}