{"nodes": 2027, "object_boundaries": ["on_boundary && x[0]>0.24297 && x[0]< 0.37567 && x[1]>0.17631 && x[1]< 0.30901"], "height": 0.41, "width": 1.6, "inflow_peak": 1.34}