{"nodes": 2193, "object_boundaries": ["on_boundary && x[0]>0.28646 && x[0]< 0.55342 && x[1]>0.1525 && x[1]< 0.41946", "on_boundary && x[0]>0.77784 && x[0]< 0.98484 && x[1]>0.12396 && x[1]< 0.33096"], "height": 0.41, "width": 1.6, "inflow_peak": 0.93}