{"nodes": 1939, "object_boundaries": ["on_boundary && x[0]>0.22759 && x[0]< 0.45642 && x[1]>0.14428 && x[1]< 0.37311"], "height": 0.41, "width": 1.6, "inflow_peak": 0.36}