{"nodes": 2094, "object_boundaries": ["on_boundary && x[0]>0.16041 && x[0]< 0.3322 && x[1]>0.10985 && x[1]< 0.31099"], "height": 0.41, "width": 1.6, "inflow_peak": 0.93}