{"nodes": 1989, "cells": 3781, "object_boundaries": ["on_boundary && x[0]>0.32294 && x[0]< 0.47399 && x[1]>0.05258 && x[1]< 0.19838"], "height": 0.41, "width": 1.6, "inflow_peak": 1.86}