{"nodes": 2309, "object_boundaries": ["on_boundary && x[0]>0.32401 && x[0]< 0.48785 && x[1]>0.21215 && x[1]< 0.36137"], "height": 0.41, "width": 1.6, "inflow_peak": 0.77}