{"nodes": 2072, "cells": 3923, "object_boundaries": ["on_boundary && x[0]>0.2211 && x[0]< 0.36636 && x[1]>0.18592 && x[1]< 0.3083"], "height": 0.41, "width": 1.6, "inflow_peak": 2.201}