{"nodes": 2440, "object_boundaries": ["on_boundary && x[0]>0.3599 && x[0]< 0.50385 && x[1]>0.1827 && x[1]< 0.32665"], "height": 0.41, "width": 1.6, "inflow_peak": 1.58}