{"nodes": 2034, "cells": 3851, "object_boundaries": ["on_boundary && x[0]>0.24826 && x[0]< 0.45852 && x[1]>0.18545 && x[1]< 0.39571"], "height": 0.41, "width": 1.6, "inflow_peak": 1.81}