{"nodes": 2321, "object_boundaries": ["on_boundary && x[0]>0.16413 && x[0]< 0.38745 && x[1]>0.07261 && x[1]< 0.29593", "on_boundary && x[0]>0.67942 && x[0]< 0.88956 && x[1]>0.15057 && x[1]< 0.36071"], "height": 0.41, "width": 1.6, "inflow_peak": 1.38}