{"nodes": 2125, "object_boundaries": ["on_boundary && x[0]>0.13368 && x[0]< 0.30322 && x[1]>0.04771 && x[1]< 0.21725"], "height": 0.41, "width": 1.6, "inflow_peak": 1.57}