{"nodes": 2253, "object_boundaries": ["on_boundary && x[0]>0.20619 && x[0]< 0.37113 && x[1]>0.0778 && x[1]< 0.24275"], "height": 0.41, "width": 1.6, "inflow_peak": 0.84}