{"nodes": 1720, "object_boundaries": ["on_boundary && x[0]>0.1929 && x[0]< 0.38021 && x[1]>0.02956 && x[1]< 0.21688"], "height": 0.41, "width": 1.6, "inflow_peak": 1.22}