{"nodes": 1688, "object_boundaries": ["on_boundary && x[0]>0.30553 && x[0]< 0.5368 && x[1]>0.06247 && x[1]< 0.31327"], "height": 0.41, "width": 1.6, "inflow_peak": 2.28}