{"nodes": 1992, "cells": 3782, "object_boundaries": ["on_boundary && x[0]>0.17194 && x[0]< 0.23702 && x[1]>0.20702 && x[1]< 0.27211"], "height": 0.41, "width": 1.6, "inflow_peak": 1.699}