{"nodes": 2173, "object_boundaries": ["on_boundary && x[0]>0.33078 && x[0]< 0.51759 && x[1]>0.078 && x[1]< 0.26481"], "height": 0.41, "width": 1.6, "inflow_peak": 0.99}