{"nodes": 1996, "cells": 3763, "object_boundaries": ["on_boundary && x[0]>0.03198 && x[0]< 0.27923 && x[1]>0.12937 && x[1]< 0.37663"], "height": 0.41, "width": 1.6, "inflow_peak": 1.051}