{"nodes": 2165, "object_boundaries": ["on_boundary && x[0]>0.24473 && x[0]< 0.43523 && x[1]>0.12162 && x[1]< 0.31212"], "height": 0.41, "width": 1.6, "inflow_peak": 1.474}