{"nodes": 1888, "object_boundaries": ["on_boundary && x[0]>0.28386 && x[0]< 0.52012 && x[1]>0.00387 && x[1]< 0.24012"], "height": 0.41, "width": 1.6, "inflow_peak": 1.835}