{"nodes": 2299, "object_boundaries": ["on_boundary && x[0]>0.27658 && x[0]< 0.43113 && x[1]>0.03108 && x[1]< 0.18563"], "height": 0.41, "width": 1.6, "inflow_peak": 2.197}