{"nodes": 2011, "object_boundaries": ["on_boundary && x[0]>0.14243 && x[0]< 0.36839 && x[1]>0.10147 && x[1]< 0.31904"], "height": 0.41, "width": 1.6, "inflow_peak": 1.2}