{"nodes": 1931, "object_boundaries": ["on_boundary && x[0]>0.14751 && x[0]< 0.29371 && x[1]>0.17129 && x[1]< 0.31749"], "height": 0.41, "width": 1.6, "inflow_peak": 0.93}