{"nodes": 2771, "object_boundaries": ["on_boundary && x[0]>0.17315 && x[0]< 0.35733 && x[1]>0.05862 && x[1]< 0.24279", "on_boundary && x[0]>0.58243 && x[0]< 0.75885 && x[1]>0.09899 && x[1]< 0.27541"], "height": 0.41, "width": 1.6, "inflow_peak": 0.95}