{"nodes": 2453, "object_boundaries": ["on_boundary && x[0]>0.29379 && x[0]< 0.47686 && x[1]>0.13435 && x[1]< 0.31742", "on_boundary && x[0]>0.58711 && x[0]< 0.81038 && x[1]>0.12336 && x[1]< 0.34663"], "height": 0.41, "width": 1.6, "inflow_peak": 0.91}