{"nodes": 2071, "cells": 3917, "object_boundaries": ["on_boundary && x[0]>0.30646 && x[0]< 0.5423 && x[1]>0.17271 && x[1]< 0.40856"], "height": 0.41, "width": 1.6, "inflow_peak": 1.71}