{"nodes": 2172, "object_boundaries": ["on_boundary && x[0]>0.1685 && x[0]< 0.34161 && x[1]>0.16124 && x[1]< 0.33435"], "height": 0.41, "width": 1.6, "inflow_peak": 1.35}