{"nodes": 1860, "object_boundaries": ["on_boundary && x[0]>0.32184 && x[0]< 0.57477 && x[1]>0.08284 && x[1]< 0.33577"], "height": 0.41, "width": 1.6, "inflow_peak": 1.19}