{"nodes": 1999, "cells": 3790, "object_boundaries": ["on_boundary && x[0]>0.36403 && x[0]< 0.54616 && x[1]>0.13879 && x[1]< 0.32092"], "height": 0.41, "width": 1.6, "inflow_peak": 1.24}