{"nodes": 1901, "object_boundaries": ["on_boundary && x[0]>0.25053 && x[0]< 0.48745 && x[1]>0.15851 && x[1]< 0.39543"], "height": 0.41, "width": 1.6, "inflow_peak": 1.78}