{"nodes": 1864, "object_boundaries": ["on_boundary && x[0]>0.10141 && x[0]< 0.31067 && x[1]>-0.00294 && x[1]< 0.25389"], "height": 0.41, "width": 1.6, "inflow_peak": 1.94}