{"nodes": 1917, "object_boundaries": ["on_boundary && x[0]>0.1714 && x[0]< 0.38521 && x[1]>0.10249 && x[1]< 0.3394"], "height": 0.41, "width": 1.6, "inflow_peak": 1.94}