{"nodes": 2052, "cells": 3881, "object_boundaries": ["on_boundary && x[0]>0.18936 && x[0]< 0.32949 && x[1]>0.15436 && x[1]< 0.2945"], "height": 0.41, "width": 1.6, "inflow_peak": 0.811}