{"nodes": 2534, "object_boundaries": ["on_boundary && x[0]>0.10256 && x[0]< 0.32485 && x[1]>-0.00853 && x[1]< 0.21377", "on_boundary && x[0]>0.83182 && x[0]< 0.97845 && x[1]>0.05896 && x[1]< 0.20559"], "height": 0.41, "width": 1.6, "inflow_peak": 1.79}