{"nodes": 2067, "object_boundaries": ["on_boundary && x[0]>0.18736 && x[0]< 0.3802 && x[1]>0.18059 && x[1]< 0.37343"], "height": 0.41, "width": 1.6, "inflow_peak": 1.54}