{"nodes": 1769, "object_boundaries": ["on_boundary && x[0]>0.34117 && x[0]< 0.53733 && x[1]>0.02351 && x[1]< 0.21966"], "height": 0.41, "width": 1.6, "inflow_peak": 0.93}