{"nodes": 1969, "cells": 3740, "object_boundaries": ["on_boundary && x[0]>0.36633 && x[0]< 0.51678 && x[1]>0.03439 && x[1]< 0.18483"], "height": 0.41, "width": 1.6, "inflow_peak": 1.18}