{"nodes": 1742, "object_boundaries": ["on_boundary && x[0]>0.14896 && x[0]< 0.37715 && x[1]>0.11389 && x[1]< 0.34209"], "height": 0.41, "width": 1.6, "inflow_peak": 1.45}