{"nodes": 1710, "object_boundaries": ["on_boundary && x[0]>0.25813 && x[0]< 0.43088 && x[1]>0.14129 && x[1]< 0.31404"], "height": 0.41, "width": 1.6, "inflow_peak": 1.09}