{"nodes": 2862, "object_boundaries": ["on_boundary && x[0]>0.23366 && x[0]< 0.47285 && x[1]>0.03272 && x[1]< 0.2719", "on_boundary && x[0]>0.87327 && x[0]< 0.99327 && x[1]>0.12609 && x[1]< 0.24609"], "height": 0.41, "width": 1.6, "inflow_peak": 0.55}