{"nodes": 2330, "cells": 4444, "object_boundaries": ["on_boundary && x[0]>0.27702 && x[0]< 0.3418 && x[1]>0.22113 && x[1]< 0.28591", "on_boundary && x[0]>0.92828 && x[0]< 0.99916 && x[1]>0.16976 && x[1]< 0.24063"], "height": 0.41, "width": 1.6, "inflow_peak": 1.678}