{"nodes": 2056, "cells": 3894, "object_boundaries": ["on_boundary && x[0]>0.29801 && x[0]< 0.5111 && x[1]>0.17536 && x[1]< 0.38846"], "height": 0.41, "width": 1.6, "inflow_peak": 1.54}