{"nodes": 1931, "cells": 3656, "object_boundaries": ["on_boundary && x[0]>0.10705 && x[0]< 0.19491 && x[1]>0.19737 && x[1]< 0.28523"], "height": 0.41, "width": 1.6, "inflow_peak": 0.781}