{"nodes": 1979, "object_boundaries": ["on_boundary && x[0]>0.15531 && x[0]< 0.3677 && x[1]>0.09034 && x[1]< 0.29723"], "height": 0.41, "width": 1.6, "inflow_peak": 1.1}