{"nodes": 1957, "object_boundaries": ["on_boundary && x[0]>0.23184 && x[0]< 0.45696 && x[1]>0.09233 && x[1]< 0.31745"], "height": 0.41, "width": 1.6, "inflow_peak": 2.23}