{"nodes": 2129, "object_boundaries": ["on_boundary && x[0]>0.39986 && x[0]< 0.5846 && x[1]>0.06941 && x[1]< 0.25415"], "height": 0.41, "width": 1.6, "inflow_peak": 0.64}