{"nodes": 1882, "object_boundaries": ["on_boundary && x[0]>0.35176 && x[0]< 0.57664 && x[1]>0.15622 && x[1]< 0.40025"], "height": 0.41, "width": 1.6, "inflow_peak": 1.49}