{"nodes": 2164, "object_boundaries": ["on_boundary && x[0]>0.22777 && x[0]< 0.3906 && x[1]>0.05337 && x[1]< 0.23911"], "height": 0.41, "width": 1.6, "inflow_peak": 1.23}