{"nodes": 1934, "object_boundaries": ["on_boundary && x[0]>0.07813 && x[0]< 0.32539 && x[1]>0.0066 && x[1]< 0.19539"], "height": 0.41, "width": 1.6, "inflow_peak": 1.81}