{"nodes": 2020, "object_boundaries": ["on_boundary && x[0]>0.27629 && x[0]< 0.44609 && x[1]>0.02002 && x[1]< 0.24835"], "height": 0.41, "width": 1.6, "inflow_peak": 1.09}