{"nodes": 2036, "cells": 3854, "object_boundaries": ["on_boundary && x[0]>0.14187 && x[0]< 0.39658 && x[1]>0.0471 && x[1]< 0.21276"], "height": 0.41, "width": 1.6, "inflow_peak": 1.5}