{"nodes": 1982, "cells": 3741, "object_boundaries": ["on_boundary && x[0]>0.13325 && x[0]< 0.26404 && x[1]>0.03749 && x[1]< 0.18584"], "height": 0.41, "width": 1.6, "inflow_peak": 0.35}