{"nodes": 1678, "object_boundaries": ["on_boundary && x[0]>0.1378 && x[0]< 0.36836 && x[1]>-0.01288 && x[1]< 0.23749"], "height": 0.41, "width": 1.6, "inflow_peak": 2.19}