{"nodes": 3009, "object_boundaries": ["on_boundary && x[0]>0.06089 && x[0]< 0.35316 && x[1]>0.11101 && x[1]< 0.37543", "on_boundary && x[0]>0.81165 && x[0]< 0.99743 && x[1]>0.15825 && x[1]< 0.34021"], "height": 0.41, "width": 1.6, "inflow_peak": 1.13}