{"nodes": 1780, "object_boundaries": ["on_boundary && x[0]>0.31908 && x[0]< 0.51859 && x[1]>0.02116 && x[1]< 0.22141"], "height": 0.41, "width": 1.6, "inflow_peak": 1.21}