{"nodes": 2110, "cells": 4008, "object_boundaries": ["on_boundary && x[0]>0.24244 && x[0]< 0.42347 && x[1]>0.18129 && x[1]< 0.36897"], "height": 0.41, "width": 1.6, "inflow_peak": 0.48}