{"nodes": 2062, "object_boundaries": ["on_boundary && x[0]>0.24747 && x[0]< 0.44728 && x[1]>0.13218 && x[1]< 0.33198"], "height": 0.41, "width": 1.6, "inflow_peak": 0.29}