{"nodes": 2289, "object_boundaries": ["on_boundary && x[0]>0.27217 && x[0]< 0.46792 && x[1]>0.15119 && x[1]< 0.34695", "on_boundary && x[0]>0.658 && x[0]< 0.90473 && x[1]>0.05585 && x[1]< 0.30258"], "height": 0.41, "width": 1.6, "inflow_peak": 0.27}