{"nodes": 1812, "object_boundaries": ["on_boundary && x[0]>0.26227 && x[0]< 0.45623 && x[1]>0.15241 && x[1]< 0.34637"], "height": 0.41, "width": 1.6, "inflow_peak": 1.95}