{"nodes": 1791, "object_boundaries": ["on_boundary && x[0]>0.18819 && x[0]< 0.38275 && x[1]>0.03388 && x[1]< 0.22844"], "height": 0.41, "width": 1.6, "inflow_peak": 1.15}