{"nodes": 2050, "object_boundaries": ["on_boundary && x[0]>0.32888 && x[0]< 0.52794 && x[1]>0.09833 && x[1]< 0.30786"], "height": 0.41, "width": 1.6, "inflow_peak": 0.15}