{"nodes": 2075, "object_boundaries": ["on_boundary && x[0]>0.3198 && x[0]< 0.52729 && x[1]>0.09294 && x[1]< 0.30166"], "height": 0.41, "width": 1.6, "inflow_peak": 1.7}