{"nodes": 2115, "cells": 3999, "object_boundaries": ["on_boundary && x[0]>0.25265 && x[0]< 0.50741 && x[1]>0.04609 && x[1]< 0.30086"], "height": 0.41, "width": 1.6, "inflow_peak": 2.04}