{"nodes": 1926, "object_boundaries": ["on_boundary && x[0]>0.11448 && x[0]< 0.31362 && x[1]>0.16188 && x[1]< 0.35709"], "height": 0.41, "width": 1.6, "inflow_peak": 2.05}