{"nodes": 2126, "object_boundaries": ["on_boundary && x[0]>0.19286 && x[0]< 0.46749 && x[1]>-0.01725 && x[1]< 0.25738"], "height": 0.41, "width": 1.6, "inflow_peak": 1.49}