{"nodes": 1964, "object_boundaries": ["on_boundary && x[0]>0.14096 && x[0]< 0.36524 && x[1]>0.10913 && x[1]< 0.33341"], "height": 0.41, "width": 1.6, "inflow_peak": 0.93}