{"nodes": 2033, "object_boundaries": ["on_boundary && x[0]>0.08343 && x[0]< 0.34357 && x[1]>0.07678 && x[1]< 0.32018"], "height": 0.41, "width": 1.6, "inflow_peak": 1.71}