{"nodes": 2016, "object_boundaries": ["on_boundary && x[0]>0.28558 && x[0]< 0.5063 && x[1]>0.02346 && x[1]< 0.24417"], "height": 0.41, "width": 1.6, "inflow_peak": 1.07}