{"nodes": 1988, "object_boundaries": ["on_boundary && x[0]>0.20382 && x[0]< 0.42282 && x[1]>0.03729 && x[1]< 0.25629"], "height": 0.41, "width": 1.6, "inflow_peak": 1.03}