{"nodes": 2189, "object_boundaries": ["on_boundary && x[0]>0.30234 && x[0]< 0.48487 && x[1]>0.148 && x[1]< 0.33053"], "height": 0.41, "width": 1.6, "inflow_peak": 2.35}