{"nodes": 2213, "object_boundaries": ["on_boundary && x[0]>0.27316 && x[0]< 0.44572 && x[1]>0.05704 && x[1]< 0.2296"], "height": 0.41, "width": 1.6, "inflow_peak": 0.821}