{"nodes": 1975, "object_boundaries": ["on_boundary && x[0]>0.31635 && x[0]< 0.54203 && x[1]>0.00395 && x[1]< 0.22963"], "height": 0.41, "width": 1.6, "inflow_peak": 1.591}