{"nodes": 2039, "object_boundaries": ["on_boundary && x[0]>0.39649 && x[0]< 0.60023 && x[1]>0.01021 && x[1]< 0.21395"], "height": 0.41, "width": 1.6, "inflow_peak": 0.745}