{"nodes": 2022, "cells": 3832, "object_boundaries": ["on_boundary && x[0]>0.29105 && x[0]< 0.48787 && x[1]>0.09833 && x[1]< 0.29515"], "height": 0.41, "width": 1.6, "inflow_peak": 0.605}