{"nodes": 2583, "object_boundaries": ["on_boundary && x[0]>0.28088 && x[0]< 0.40742 && x[1]>0.14199 && x[1]< 0.26852"], "height": 0.41, "width": 1.6, "inflow_peak": 1.76}