{"nodes": 2147, "cells": 4079, "object_boundaries": ["on_boundary && x[0]>0.39607 && x[0]< 0.49853 && x[1]>0.12299 && x[1]< 0.23558"], "height": 0.41, "width": 1.6, "inflow_peak": 1.613}