{"nodes": 1728, "object_boundaries": ["on_boundary && x[0]>0.33252 && x[0]< 0.53863 && x[1]>0.18616 && x[1]< 0.41057"], "height": 0.41, "width": 1.6, "inflow_peak": 0.86}