{"nodes": 2061, "cells": 3908, "object_boundaries": ["on_boundary && x[0]>0.1701 && x[0]< 0.27263 && x[1]>0.21913 && x[1]< 0.32593"], "height": 0.41, "width": 1.6, "inflow_peak": 2.069}