{"nodes": 1736, "object_boundaries": ["on_boundary && x[0]>0.1679 && x[0]< 0.32328 && x[1]>0.08974 && x[1]< 0.28171"], "height": 0.41, "width": 1.6, "inflow_peak": 1.75}