{"nodes": 2070, "object_boundaries": ["on_boundary && x[0]>0.46588 && x[0]< 0.59412 && x[1]>0.09906 && x[1]< 0.30643"], "height": 0.41, "width": 1.6, "inflow_peak": 2.05}