{"nodes": 2072, "object_boundaries": ["on_boundary && x[0]>0.31099 && x[0]< 0.49888 && x[1]>0.20606 && x[1]< 0.39394"], "height": 0.41, "width": 1.6, "inflow_peak": 1.92}