{"nodes": 2097, "cells": 3984, "object_boundaries": ["on_boundary && x[0]>0.25437 && x[0]< 0.44235 && x[1]>0.04967 && x[1]< 0.23765"], "height": 0.41, "width": 1.6, "inflow_peak": 1.7}