{"nodes": 2094, "cells": 3973, "object_boundaries": ["on_boundary && x[0]>0.28804 && x[0]< 0.40513 && x[1]>0.09844 && x[1]< 0.20189"], "height": 0.41, "width": 1.6, "inflow_peak": 1.178}