{"nodes": 1699, "object_boundaries": ["on_boundary && x[0]>0.24283 && x[0]< 0.4997 && x[1]>0.14688 && x[1]< 0.39944"], "height": 0.41, "width": 1.6, "inflow_peak": 0.73}