{"nodes": 1674, "object_boundaries": ["on_boundary && x[0]>0.35952 && x[0]< 0.58603 && x[1]>0.03465 && x[1]< 0.26325"], "height": 0.41, "width": 1.6, "inflow_peak": 2.06}