{"nodes": 2068, "cells": 3912, "object_boundaries": ["on_boundary && x[0]>0.18026 && x[0]< 0.41726 && x[1]>0.02947 && x[1]< 0.25915"], "height": 0.41, "width": 1.6, "inflow_peak": 0.35}