{"nodes": 2034, "cells": 3850, "object_boundaries": ["on_boundary && x[0]>0.28534 && x[0]< 0.38125 && x[1]>0.1897 && x[1]< 0.3411"], "height": 0.41, "width": 1.6, "inflow_peak": 1.709}