{"nodes": 1747, "object_boundaries": ["on_boundary && x[0]>0.19415 && x[0]< 0.41056 && x[1]>0.15441 && x[1]< 0.33619"], "height": 0.41, "width": 1.6, "inflow_peak": 0.45}