{"nodes": 1745, "object_boundaries": ["on_boundary && x[0]>0.19275 && x[0]< 0.3502 && x[1]>0.01937 && x[1]< 0.19559"], "height": 0.41, "width": 1.6, "inflow_peak": 1.78}