{"nodes": 2214, "object_boundaries": ["on_boundary && x[0]>0.23536 && x[0]< 0.40164 && x[1]>0.16153 && x[1]< 0.32781"], "height": 0.41, "width": 1.6, "inflow_peak": 0.86}