{"nodes": 1904, "object_boundaries": ["on_boundary && x[0]>0.04346 && x[0]< 0.25899 && x[1]>0.14309 && x[1]< 0.35862"], "height": 0.41, "width": 1.6, "inflow_peak": 2.019}