{"nodes": 2176, "object_boundaries": ["on_boundary && x[0]>0.30766 && x[0]< 0.48426 && x[1]>0.03709 && x[1]< 0.21369"], "height": 0.41, "width": 1.6, "inflow_peak": 1.108}