{"nodes": 1985, "cells": 3758, "object_boundaries": ["on_boundary && x[0]>0.13006 && x[0]< 0.32585 && x[1]>0.16016 && x[1]< 0.35595"], "height": 0.41, "width": 1.6, "inflow_peak": 1.388}