{"nodes": 2193, "object_boundaries": ["on_boundary && x[0]>0.32765 && x[0]< 0.51245 && x[1]>0.05282 && x[1]< 0.22386"], "height": 0.41, "width": 1.6, "inflow_peak": 1.1}