{"nodes": 2010, "cells": 3806, "object_boundaries": ["on_boundary && x[0]>0.27542 && x[0]< 0.33172 && x[1]>0.2178 && x[1]< 0.37336"], "height": 0.41, "width": 1.6, "inflow_peak": 1.877}