{"nodes": 1714, "object_boundaries": ["on_boundary && x[0]>0.28308 && x[0]< 0.48452 && x[1]>0.16233 && x[1]< 0.36378"], "height": 0.41, "width": 1.6, "inflow_peak": 1.65}