{"nodes": 2157, "cells": 4104, "object_boundaries": ["on_boundary && x[0]>0.36602 && x[0]< 0.44766 && x[1]>0.16264 && x[1]< 0.24428"], "height": 0.41, "width": 1.6, "inflow_peak": 1.35}