{"nodes": 2065, "cells": 3906, "object_boundaries": ["on_boundary && x[0]>0.07264 && x[0]< 0.28414 && x[1]>0.15621 && x[1]< 0.39215"], "height": 0.41, "width": 1.6, "inflow_peak": 0.96}