{"nodes": 3011, "object_boundaries": ["on_boundary && x[0]>0.3112 && x[0]< 0.53886 && x[1]>-0.00106 && x[1]< 0.18595", "on_boundary && x[0]>0.58333 && x[0]< 0.91933 && x[1]>0.12696 && x[1]< 0.34282"], "height": 0.41, "width": 1.6, "inflow_peak": 1.57}