{"nodes": 1963, "object_boundaries": ["on_boundary && x[0]>0.22427 && x[0]< 0.44686 && x[1]>0.13069 && x[1]< 0.35328"], "height": 0.41, "width": 1.6, "inflow_peak": 0.606}