{"nodes": 2134, "object_boundaries": ["on_boundary && x[0]>0.34248 && x[0]< 0.52383 && x[1]>0.15822 && x[1]< 0.33957"], "height": 0.41, "width": 1.6, "inflow_peak": 0.621}