{"nodes": 2064, "cells": 3897, "object_boundaries": ["on_boundary && x[0]>0.21783 && x[0]< 0.38234 && x[1]>0.14749 && x[1]< 0.31201"], "height": 0.41, "width": 1.6, "inflow_peak": 1.974}