{"nodes": 2184, "object_boundaries": ["on_boundary && x[0]>0.05652 && x[0]< 0.28893 && x[1]>0.10115 && x[1]< 0.33356"], "height": 0.41, "width": 1.6, "inflow_peak": 0.548}