{"nodes": 2435, "cells": 4632, "object_boundaries": ["on_boundary && x[0]>0.35112 && x[0]< 0.4459 && x[1]>0.10147 && x[1]< 0.19625", "on_boundary && x[0]>0.91421 && x[0]< 1.02241 && x[1]>0.09263 && x[1]< 0.20083"], "height": 0.41, "width": 1.6, "inflow_peak": 0.897}