{"nodes": 2173, "object_boundaries": ["on_boundary && x[0]>0.07977 && x[0]< 0.23204 && x[1]>0.20262 && x[1]< 0.35488"], "height": 0.41, "width": 1.6, "inflow_peak": 1.29}