{"nodes": 2052, "cells": 3892, "object_boundaries": ["on_boundary && x[0]>0.29423 && x[0]< 0.42364 && x[1]>0.08336 && x[1]< 0.15916"], "height": 0.41, "width": 1.6, "inflow_peak": 2.154}