{"nodes": 1840, "object_boundaries": ["on_boundary && x[0]>0.35925 && x[0]< 0.63594 && x[1]>0.00352 && x[1]< 0.24906"], "height": 0.41, "width": 1.6, "inflow_peak": 1.34}