{"nodes": 1979, "object_boundaries": ["on_boundary && x[0]>0.31576 && x[0]< 0.50994 && x[1]>0.06506 && x[1]< 0.29893"], "height": 0.41, "width": 1.6, "inflow_peak": 0.87}