{"nodes": 2067, "object_boundaries": ["on_boundary && x[0]>0.25403 && x[0]< 0.47812 && x[1]>0.18345 && x[1]< 0.3687"], "height": 0.41, "width": 1.6, "inflow_peak": 0.55}