{"nodes": 1950, "object_boundaries": ["on_boundary && x[0]>0.19748 && x[0]< 0.43032 && x[1]>0.02006 && x[1]< 0.23926"], "height": 0.41, "width": 1.6, "inflow_peak": 0.81}