{"nodes": 1946, "object_boundaries": ["on_boundary && x[0]>0.2305 && x[0]< 0.42601 && x[1]>0.02289 && x[1]< 0.27043"], "height": 0.41, "width": 1.6, "inflow_peak": 1.16}