{"nodes": 1967, "cells": 3713, "object_boundaries": ["on_boundary && x[0]>0.0684 && x[0]< 0.25469 && x[1]>0.1172 && x[1]< 0.37465"], "height": 0.41, "width": 1.6, "inflow_peak": 1.33}