{"nodes": 2136, "object_boundaries": ["on_boundary && x[0]>0.19625 && x[0]< 0.37547 && x[1]>0.18562 && x[1]< 0.37231"], "height": 0.41, "width": 1.6, "inflow_peak": 0.18}