{"nodes": 1861, "object_boundaries": ["on_boundary && x[0]>0.30755 && x[0]< 0.55851 && x[1]>0.12137 && x[1]< 0.37233"], "height": 0.41, "width": 1.6, "inflow_peak": 1.66}