{"nodes": 2814, "object_boundaries": ["on_boundary && x[0]>0.38946 && x[0]< 0.52354 && x[1]>0.09805 && x[1]< 0.23213", "on_boundary && x[0]>0.75907 && x[0]< 0.98084 && x[1]>0.06087 && x[1]< 0.28264"], "height": 0.41, "width": 1.6, "inflow_peak": 1.07}