{"nodes": 1780, "object_boundaries": ["on_boundary && x[0]>0.05934 && x[0]< 0.31622 && x[1]>0.06688 && x[1]< 0.32376"], "height": 0.41, "width": 1.6, "inflow_peak": 1.51}