{"nodes": 2672, "object_boundaries": ["on_boundary && x[0]>0.35833 && x[0]< 0.54355 && x[1]>0.12437 && x[1]< 0.30959", "on_boundary && x[0]>0.75438 && x[0]< 0.95094 && x[1]>0.08083 && x[1]< 0.27738"], "height": 0.41, "width": 1.6, "inflow_peak": 1.7}