{"nodes": 1985, "object_boundaries": ["on_boundary && x[0]>0.06427 && x[0]< 0.26796 && x[1]>0.1322 && x[1]< 0.33589"], "height": 0.41, "width": 1.6, "inflow_peak": 1.38}