{"nodes": 2173, "object_boundaries": ["on_boundary && x[0]>0.25414 && x[0]< 0.52423 && x[1]>0.11441 && x[1]< 0.38451"], "height": 0.41, "width": 1.6, "inflow_peak": 0.87}