{"nodes": 2481, "object_boundaries": ["on_boundary && x[0]>0.33781 && x[0]< 0.53566 && x[1]>0.04773 && x[1]< 0.24558", "on_boundary && x[0]>0.58761 && x[0]< 0.78533 && x[1]>0.1538 && x[1]< 0.35152"], "height": 0.41, "width": 1.6, "inflow_peak": 0.47}