{"nodes": 2231, "object_boundaries": ["on_boundary && x[0]>0.13046 && x[0]< 0.28467 && x[1]>0.19989 && x[1]< 0.3541"], "height": 0.41, "width": 1.6, "inflow_peak": 1.48}