{"nodes": 2343, "cells": 4467, "object_boundaries": ["on_boundary && x[0]>0.45116 && x[0]< 0.52872 && x[1]>0.16457 && x[1]< 0.24213", "on_boundary && x[0]>0.69958 && x[0]< 0.76763 && x[1]>0.25696 && x[1]< 0.32501"], "height": 0.41, "width": 1.6, "inflow_peak": 0.301}