{"nodes": 1967, "object_boundaries": ["on_boundary && x[0]>0.25182 && x[0]< 0.40375 && x[1]>0.09589 && x[1]< 0.24783"], "height": 0.41, "width": 1.6, "inflow_peak": 0.8}