{"nodes": 2128, "object_boundaries": ["on_boundary && x[0]>0.14305 && x[0]< 0.30991 && x[1]>0.02724 && x[1]< 0.1941"], "height": 0.41, "width": 1.6, "inflow_peak": 1.64}