{"nodes": 2059, "cells": 3908, "object_boundaries": ["on_boundary && x[0]>0.15612 && x[0]< 0.33595 && x[1]>0.20732 && x[1]< 0.38714"], "height": 0.41, "width": 1.6, "inflow_peak": 2.23}