{"nodes": 1971, "object_boundaries": ["on_boundary && x[0]>0.23493 && x[0]< 0.41605 && x[1]>-0.00085 && x[1]< 0.2493"], "height": 0.41, "width": 1.6, "inflow_peak": 1.76}