{"nodes": 2147, "cells": 4069, "object_boundaries": ["on_boundary && x[0]>0.28551 && x[0]< 0.54327 && x[1]>0.09606 && x[1]< 0.30956"], "height": 0.41, "width": 1.6, "inflow_peak": 1.32}