{"nodes": 1894, "object_boundaries": ["on_boundary && x[0]>0.20417 && x[0]< 0.47457 && x[1]>0.16347 && x[1]< 0.38218"], "height": 0.41, "width": 1.6, "inflow_peak": 1.66}