{"nodes": 2358, "object_boundaries": ["on_boundary && x[0]>0.35772 && x[0]< 0.52908 && x[1]>0.06194 && x[1]< 0.20277"], "height": 0.41, "width": 1.6, "inflow_peak": 0.85}