{"nodes": 2066, "cells": 3919, "object_boundaries": ["on_boundary && x[0]>0.41325 && x[0]< 0.47607 && x[1]>0.18961 && x[1]< 0.3348"], "height": 0.41, "width": 1.6, "inflow_peak": 1.736}