{"nodes": 2090, "object_boundaries": ["on_boundary && x[0]>0.2339 && x[0]< 0.4127 && x[1]>0.06265 && x[1]< 0.26107"], "height": 0.41, "width": 1.6, "inflow_peak": 1.98}