{"nodes": 2055, "object_boundaries": ["on_boundary && x[0]>0.23519 && x[0]< 0.44703 && x[1]>0.03193 && x[1]< 0.26873"], "height": 0.41, "width": 1.6, "inflow_peak": 1.21}