{"nodes": 2112, "cells": 3999, "object_boundaries": ["on_boundary && x[0]>0.34919 && x[0]< 0.49579 && x[1]>0.08822 && x[1]< 0.22348"], "height": 0.41, "width": 1.6, "inflow_peak": 0.89}