{"nodes": 2119, "object_boundaries": ["on_boundary && x[0]>0.19392 && x[0]< 0.37356 && x[1]>0.02809 && x[1]< 0.20774"], "height": 0.41, "width": 1.6, "inflow_peak": 1.78}