{"nodes": 3238, "object_boundaries": ["on_boundary && x[0]>0.28894 && x[0]< 0.54991 && x[1]>0.04999 && x[1]< 0.31096", "on_boundary && x[0]>0.78085 && x[0]< 0.97555 && x[1]>0.08059 && x[1]< 0.27529"], "height": 0.41, "width": 1.6, "inflow_peak": 0.59}