{"nodes": 2076, "object_boundaries": ["on_boundary && x[0]>0.10176 && x[0]< 0.28871 && x[1]>0.09282 && x[1]< 0.27977"], "height": 0.41, "width": 1.6, "inflow_peak": 1.52}