{"nodes": 2037, "object_boundaries": ["on_boundary && x[0]>0.2179 && x[0]< 0.41951 && x[1]>0.18626 && x[1]< 0.38787"], "height": 0.41, "width": 1.6, "inflow_peak": 0.76}