{"nodes": 2774, "object_boundaries": ["on_boundary && x[0]>0.13945 && x[0]< 0.31744 && x[1]>0.10266 && x[1]< 0.28065", "on_boundary && x[0]>0.73884 && x[0]< 0.90763 && x[1]>0.08947 && x[1]< 0.25827"], "height": 0.41, "width": 1.6, "inflow_peak": 2.2}