{"nodes": 2015, "object_boundaries": ["on_boundary && x[0]>0.2993 && x[0]< 0.50528 && x[1]>-0.00299 && x[1]< 0.20299"], "height": 0.41, "width": 1.6, "inflow_peak": 0.35}