{"nodes": 2400, "object_boundaries": ["on_boundary && x[0]>0.34187 && x[0]< 0.47701 && x[1]>0.1343 && x[1]< 0.26944"], "height": 0.41, "width": 1.6, "inflow_peak": 0.603}