{"nodes": 1869, "object_boundaries": ["on_boundary && x[0]>0.33489 && x[0]< 0.58211 && x[1]>0.02147 && x[1]< 0.26868"], "height": 0.41, "width": 1.6, "inflow_peak": 1.778}