{"nodes": 1963, "object_boundaries": ["on_boundary && x[0]>0.34319 && x[0]< 0.48562 && x[1]>0.12044 && x[1]< 0.26287"], "height": 0.41, "width": 1.6, "inflow_peak": 1.949}