{"nodes": 2229, "object_boundaries": ["on_boundary && x[0]>0.28308 && x[0]< 0.45628 && x[1]>0.13229 && x[1]< 0.30549"], "height": 0.41, "width": 1.6, "inflow_peak": 0.8}