{"nodes": 2069, "cells": 3913, "object_boundaries": ["on_boundary && x[0]>0.31778 && x[0]< 0.46272 && x[1]>0.20636 && x[1]< 0.3513"], "height": 0.41, "width": 1.6, "inflow_peak": 0.71}