{"nodes": 1927, "object_boundaries": ["on_boundary && x[0]>0.11546 && x[0]< 0.33502 && x[1]>0.0518 && x[1]< 0.27136"], "height": 0.41, "width": 1.6, "inflow_peak": 0.99}