{"nodes": 2085, "object_boundaries": ["on_boundary && x[0]>0.39064 && x[0]< 0.58977 && x[1]>0.05152 && x[1]< 0.25065"], "height": 0.41, "width": 1.6, "inflow_peak": 0.99}