{"nodes": 2753, "object_boundaries": ["on_boundary && x[0]>0.33805 && x[0]< 0.52306 && x[1]>0.13667 && x[1]< 0.32169", "on_boundary && x[0]>0.70458 && x[0]< 0.88555 && x[1]>0.12634 && x[1]< 0.30731"], "height": 0.41, "width": 1.6, "inflow_peak": 0.75}