{"nodes": 2130, "object_boundaries": ["on_boundary && x[0]>0.38056 && x[0]< 0.55364 && x[1]>0.20211 && x[1]< 0.37519"], "height": 0.41, "width": 1.6, "inflow_peak": 1.25}