{"nodes": 2269, "object_boundaries": ["on_boundary && x[0]>0.34463 && x[0]< 0.50842 && x[1]>0.06491 && x[1]< 0.22869"], "height": 0.41, "width": 1.6, "inflow_peak": 2.23}