{"nodes": 1729, "object_boundaries": ["on_boundary && x[0]>0.09181 && x[0]< 0.37181 && x[1]>0.05098 && x[1]< 0.33098"], "height": 0.41, "width": 1.6, "inflow_peak": 0.96}