{"nodes": 2105, "object_boundaries": ["on_boundary && x[0]>0.10237 && x[0]< 0.2849 && x[1]>0.10992 && x[1]< 0.29245"], "height": 0.41, "width": 1.6, "inflow_peak": 1.74}