{"nodes": 2082, "cells": 3944, "object_boundaries": ["on_boundary && x[0]>0.31883 && x[0]< 0.54066 && x[1]>0.01254 && x[1]< 0.23437"], "height": 0.41, "width": 1.6, "inflow_peak": 2.06}