{"nodes": 2107, "object_boundaries": ["on_boundary && x[0]>0.43335 && x[0]< 0.62665 && x[1]>0.05314 && x[1]< 0.24644", "on_boundary && x[0]>0.61743 && x[0]< 0.88053 && x[1]>0.03883 && x[1]< 0.30193"], "height": 0.41, "width": 1.6, "inflow_peak": 1.09}