{"nodes": 2505, "object_boundaries": ["on_boundary && x[0]>0.33415 && x[0]< 0.54904 && x[1]>0.1249 && x[1]< 0.33979", "on_boundary && x[0]>0.63169 && x[0]< 0.81199 && x[1]>0.12596 && x[1]< 0.30626"], "height": 0.41, "width": 1.6, "inflow_peak": 0.29}