{"nodes": 1995, "object_boundaries": ["on_boundary && x[0]>0.3094 && x[0]< 0.53241 && x[1]>0.12171 && x[1]< 0.34471"], "height": 0.41, "width": 1.6, "inflow_peak": 0.79}