{"nodes": 2847, "object_boundaries": ["on_boundary && x[0]>0.14699 && x[0]< 0.31558 && x[1]>0.0557 && x[1]< 0.2243", "on_boundary && x[0]>0.87019 && x[0]< 1.01376 && x[1]>0.04194 && x[1]< 0.1855"], "height": 0.41, "width": 1.6, "inflow_peak": 1.51}