{"nodes": 2318, "cells": 4405, "object_boundaries": ["on_boundary && x[0]>0.17048 && x[0]< 0.28681 && x[1]>0.04414 && x[1]< 0.16047", "on_boundary && x[0]>0.7394 && x[0]< 0.80317 && x[1]>0.14253 && x[1]< 0.2063"], "height": 0.41, "width": 1.6, "inflow_peak": 2.127}