{"nodes": 2090, "object_boundaries": ["on_boundary && x[0]>0.30407 && x[0]< 0.50174 && x[1]>0.17171 && x[1]< 0.36938"], "height": 0.41, "width": 1.6, "inflow_peak": 2.35}