{"nodes": 1984, "cells": 3762, "object_boundaries": ["on_boundary && x[0]>0.17534 && x[0]< 0.35228 && x[1]>0.02086 && x[1]< 0.19779"], "height": 0.41, "width": 1.6, "inflow_peak": 1.561}