{"nodes": 2213, "object_boundaries": ["on_boundary && x[0]>0.12731 && x[0]< 0.28796 && x[1]>0.15126 && x[1]< 0.31192"], "height": 0.41, "width": 1.6, "inflow_peak": 0.969}