{"nodes": 2096, "object_boundaries": ["on_boundary && x[0]>0.08646 && x[0]< 0.26428 && x[1]>0.14327 && x[1]< 0.32109"], "height": 0.41, "width": 1.6, "inflow_peak": 1.17}