{"nodes": 1735, "object_boundaries": ["on_boundary && x[0]>0.09915 && x[0]< 0.37915 && x[1]>0.10544 && x[1]< 0.38544"], "height": 0.41, "width": 1.6, "inflow_peak": 1.7}