{"nodes": 2049, "object_boundaries": ["on_boundary && x[0]>0.35044 && x[0]< 0.4727 && x[1]>0.15659 && x[1]< 0.27884"], "height": 0.41, "width": 1.6, "inflow_peak": 1.078}