{"nodes": 2014, "object_boundaries": ["on_boundary && x[0]>0.15391 && x[0]< 0.35488 && x[1]>0.03619 && x[1]< 0.23715"], "height": 0.41, "width": 1.6, "inflow_peak": 1.259}