{"nodes": 2032, "cells": 3861, "object_boundaries": ["on_boundary && x[0]>0.29764 && x[0]< 0.37598 && x[1]>0.15697 && x[1]< 0.23531"], "height": 0.41, "width": 1.6, "inflow_peak": 1.12}