{"nodes": 2271, "object_boundaries": ["on_boundary && x[0]>0.25381 && x[0]< 0.50136 && x[1]>0.12402 && x[1]< 0.31479"], "height": 0.41, "width": 1.6, "inflow_peak": 1.0}