{"nodes": 2022, "cells": 3828, "object_boundaries": ["on_boundary && x[0]>0.17423 && x[0]< 0.32016 && x[1]>0.07889 && x[1]< 0.16313"], "height": 0.41, "width": 1.6, "inflow_peak": 1.47}