{"nodes": 2016, "object_boundaries": ["on_boundary && x[0]>0.26638 && x[0]< 0.5243 && x[1]>0.1831 && x[1]< 0.37291"], "height": 0.41, "width": 1.6, "inflow_peak": 1.44}