{"nodes": 2210, "object_boundaries": ["on_boundary && x[0]>0.33553 && x[0]< 0.49372 && x[1]>0.02012 && x[1]< 0.18897"], "height": 0.41, "width": 1.6, "inflow_peak": 1.36}