{"nodes": 2308, "object_boundaries": ["on_boundary && x[0]>0.19795 && x[0]< 0.39558 && x[1]>0.09994 && x[1]< 0.24759"], "height": 0.41, "width": 1.6, "inflow_peak": 1.3}