{"nodes": 2271, "object_boundaries": ["on_boundary && x[0]>0.39232 && x[0]< 0.54912 && x[1]>0.15913 && x[1]< 0.31593"], "height": 0.41, "width": 1.6, "inflow_peak": 0.637}