{"nodes": 2268, "object_boundaries": ["on_boundary && x[0]>0.22855 && x[0]< 0.38835 && x[1]>0.19671 && x[1]< 0.35651"], "height": 0.41, "width": 1.6, "inflow_peak": 1.529}