{"nodes": 2194, "object_boundaries": ["on_boundary && x[0]>0.23503 && x[0]< 0.41105 && x[1]>0.12526 && x[1]< 0.30129"], "height": 0.41, "width": 1.6, "inflow_peak": 2.127}