{"nodes": 1930, "cells": 3638, "object_boundaries": ["on_boundary && x[0]>0.09026 && x[0]< 0.22623 && x[1]>0.03234 && x[1]< 0.16831"], "height": 0.41, "width": 1.6, "inflow_peak": 2.144}