{"nodes": 2028, "object_boundaries": ["on_boundary && x[0]>0.24862 && x[0]< 0.46647 && x[1]>0.11458 && x[1]< 0.33243"], "height": 0.41, "width": 1.6, "inflow_peak": 1.25}