{"nodes": 2014, "cells": 3820, "object_boundaries": ["on_boundary && x[0]>0.35047 && x[0]< 0.42851 && x[1]>0.05905 && x[1]< 0.16585"], "height": 0.41, "width": 1.6, "inflow_peak": 1.352}