{"nodes": 2156, "object_boundaries": ["on_boundary && x[0]>0.36418 && x[0]< 0.52815 && x[1]>0.0983 && x[1]< 0.28552"], "height": 0.41, "width": 1.6, "inflow_peak": 1.4}