{"nodes": 2079, "object_boundaries": ["on_boundary && x[0]>0.25465 && x[0]< 0.45408 && x[1]>0.06983 && x[1]< 0.26486"], "height": 0.41, "width": 1.6, "inflow_peak": 1.2}