{"nodes": 2177, "object_boundaries": ["on_boundary && x[0]>0.06347 && x[0]< 0.24119 && x[1]>0.10676 && x[1]< 0.25744"], "height": 0.41, "width": 1.6, "inflow_peak": 1.59}