{"nodes": 2040, "cells": 3850, "object_boundaries": ["on_boundary && x[0]>0.16842 && x[0]< 0.32938 && x[1]>0.19723 && x[1]< 0.35819"], "height": 0.41, "width": 1.6, "inflow_peak": 0.544}