{"nodes": 2028, "cells": 3853, "object_boundaries": ["on_boundary && x[0]>0.19213 && x[0]< 0.3584 && x[1]>0.13497 && x[1]< 0.30124"], "height": 0.41, "width": 1.6, "inflow_peak": 2.105}