{"nodes": 2511, "object_boundaries": ["on_boundary && x[0]>0.27183 && x[0]< 0.47945 && x[1]>0.09621 && x[1]< 0.21621"], "height": 0.41, "width": 1.6, "inflow_peak": 1.25}