{"nodes": 2206, "object_boundaries": ["on_boundary && x[0]>0.3229 && x[0]< 0.50099 && x[1]>0.10918 && x[1]< 0.29352"], "height": 0.41, "width": 1.6, "inflow_peak": 0.58}