{"nodes": 1968, "object_boundaries": ["on_boundary && x[0]>0.3802 && x[0]< 0.55477 && x[1]>0.12564 && x[1]< 0.37401"], "height": 0.41, "width": 1.6, "inflow_peak": 0.45}