{"nodes": 2287, "object_boundaries": ["on_boundary && x[0]>0.20632 && x[0]< 0.36686 && x[1]>0.17196 && x[1]< 0.3325"], "height": 0.41, "width": 1.6, "inflow_peak": 1.36}