{"nodes": 1701, "object_boundaries": ["on_boundary && x[0]>0.07804 && x[0]< 0.27127 && x[1]>0.16202 && x[1]< 0.35525"], "height": 0.41, "width": 1.6, "inflow_peak": 0.74}