{"nodes": 1997, "cells": 3788, "object_boundaries": ["on_boundary && x[0]>0.15154 && x[0]< 0.32198 && x[1]>0.04617 && x[1]< 0.22386"], "height": 0.41, "width": 1.6, "inflow_peak": 0.71}