{"nodes": 1770, "object_boundaries": ["on_boundary && x[0]>0.20335 && x[0]< 0.3802 && x[1]>0.04469 && x[1]< 0.22154"], "height": 0.41, "width": 1.6, "inflow_peak": 1.5}