{"nodes": 2393, "object_boundaries": ["on_boundary && x[0]>0.34977 && x[0]< 0.50449 && x[1]>0.15384 && x[1]< 0.30856"], "height": 0.41, "width": 1.6, "inflow_peak": 0.91}