{"nodes": 2080, "cells": 3937, "object_boundaries": ["on_boundary && x[0]>0.29169 && x[0]< 0.41715 && x[1]>0.11808 && x[1]< 0.27316"], "height": 0.41, "width": 1.6, "inflow_peak": 1.289}