{"nodes": 2116, "object_boundaries": ["on_boundary && x[0]>0.13276 && x[0]< 0.34673 && x[1]>0.11497 && x[1]< 0.26294"], "height": 0.41, "width": 1.6, "inflow_peak": 0.15}