{"nodes": 2057, "object_boundaries": ["on_boundary && x[0]>0.13378 && x[0]< 0.25378 && x[1]>0.13655 && x[1]< 0.40372"], "height": 0.41, "width": 1.6, "inflow_peak": 1.51}