{"nodes": 2316, "object_boundaries": ["on_boundary && x[0]>0.25532 && x[0]< 0.40945 && x[1]>0.1968 && x[1]< 0.35093"], "height": 0.41, "width": 1.6, "inflow_peak": 1.489}