{"nodes": 2106, "object_boundaries": ["on_boundary && x[0]>0.14915 && x[0]< 0.32958 && x[1]>0.06174 && x[1]< 0.24218"], "height": 0.41, "width": 1.6, "inflow_peak": 1.158}