{"nodes": 2179, "object_boundaries": ["on_boundary && x[0]>0.19099 && x[0]< 0.43116 && x[1]>-0.01536 && x[1]< 0.22481"], "height": 0.41, "width": 1.6, "inflow_peak": 1.146}