{"nodes": 2044, "object_boundaries": ["on_boundary && x[0]>0.15191 && x[0]< 0.35078 && x[1]>0.09999 && x[1]< 0.29887"], "height": 0.41, "width": 1.6, "inflow_peak": 0.596}