{"nodes": 2199, "object_boundaries": ["on_boundary && x[0]>0.39015 && x[0]< 0.55568 && x[1]>0.07505 && x[1]< 0.24058"], "height": 0.41, "width": 1.6, "inflow_peak": 1.341}