{"nodes": 2144, "object_boundaries": ["on_boundary && x[0]>0.39296 && x[0]< 0.58184 && x[1]>0.12781 && x[1]< 0.31669"], "height": 0.41, "width": 1.6, "inflow_peak": 1.565}