{"nodes": 2099, "cells": 3972, "object_boundaries": ["on_boundary && x[0]>0.40614 && x[0]< 0.55638 && x[1]>0.18267 && x[1]< 0.3329"], "height": 0.41, "width": 1.6, "inflow_peak": 0.423}