{"nodes": 2131, "object_boundaries": ["on_boundary && x[0]>0.24908 && x[0]< 0.43123 && x[1]>0.15533 && x[1]< 0.33748"], "height": 0.41, "width": 1.6, "inflow_peak": 0.89}