{"nodes": 1789, "object_boundaries": ["on_boundary && x[0]>0.11759 && x[0]< 0.37856 && x[1]>0.03475 && x[1]< 0.29572"], "height": 0.41, "width": 1.6, "inflow_peak": 1.524}