{"nodes": 1997, "object_boundaries": ["on_boundary && x[0]>0.20849 && x[0]< 0.38944 && x[1]>0.10773 && x[1]< 0.34489"], "height": 0.41, "width": 1.6, "inflow_peak": 2.35}