{"nodes": 2181, "object_boundaries": ["on_boundary && x[0]>0.24311 && x[0]< 0.48163 && x[1]>0.22036 && x[1]< 0.37471"], "height": 0.41, "width": 1.6, "inflow_peak": 1.74}