{"nodes": 1984, "cells": 3755, "object_boundaries": ["on_boundary && x[0]>0.09035 && x[0]< 0.2538 && x[1]>0.01282 && x[1]< 0.23864"], "height": 0.41, "width": 1.6, "inflow_peak": 0.65}