{"nodes": 1699, "object_boundaries": ["on_boundary && x[0]>0.21808 && x[0]< 0.40648 && x[1]>0.19552 && x[1]< 0.38527"], "height": 0.41, "width": 1.6, "inflow_peak": 0.76}