{"nodes": 1989, "object_boundaries": ["on_boundary && x[0]>0.32837 && x[0]< 0.54802 && x[1]>0.17831 && x[1]< 0.39795"], "height": 0.41, "width": 1.6, "inflow_peak": 0.291}