{"nodes": 2309, "object_boundaries": ["on_boundary && x[0]>0.15919 && x[0]< 0.307 && x[1]>0.08853 && x[1]< 0.23633"], "height": 0.41, "width": 1.6, "inflow_peak": 1.561}