{"nodes": 1976, "cells": 3755, "object_boundaries": ["on_boundary && x[0]>0.34759 && x[0]< 0.49592 && x[1]>0.19625 && x[1]< 0.34459"], "height": 0.41, "width": 1.6, "inflow_peak": 1.003}