{"nodes": 1929, "object_boundaries": ["on_boundary && x[0]>0.22165 && x[0]< 0.45413 && x[1]>0.08663 && x[1]< 0.31911"], "height": 0.41, "width": 1.6, "inflow_peak": 1.785}