{"nodes": 2025, "cells": 3845, "object_boundaries": ["on_boundary && x[0]>0.25694 && x[0]< 0.34042 && x[1]>0.16992 && x[1]< 0.25341"], "height": 0.41, "width": 1.6, "inflow_peak": 1.46}