{"nodes": 2183, "object_boundaries": ["on_boundary && x[0]>0.32668 && x[0]< 0.48168 && x[1]>0.14747 && x[1]< 0.35699", "on_boundary && x[0]>0.83823 && x[0]< 1.05202 && x[1]>0.00418 && x[1]< 0.21347"], "height": 0.41, "width": 1.6, "inflow_peak": 1.7}