{"nodes": 2013, "object_boundaries": ["on_boundary && x[0]>0.16287 && x[0]< 0.36377 && x[1]>0.13622 && x[1]< 0.30803", "on_boundary && x[0]>0.70373 && x[0]< 0.95047 && x[1]>0.17002 && x[1]< 0.40978"], "height": 0.41, "width": 1.6, "inflow_peak": 1.59}