{"nodes": 1734, "object_boundaries": ["on_boundary && x[0]>0.21659 && x[0]< 0.4523 && x[1]>0.18829 && x[1]< 0.40273"], "height": 0.41, "width": 1.6, "inflow_peak": 0.61}