{"nodes": 2121, "object_boundaries": ["on_boundary && x[0]>0.37369 && x[0]< 0.5771 && x[1]>0.09465 && x[1]< 0.2764"], "height": 0.41, "width": 1.6, "inflow_peak": 1.3}