{"nodes": 1678, "object_boundaries": ["on_boundary && x[0]>0.3438 && x[0]< 0.59293 && x[1]>0.13405 && x[1]< 0.40129"], "height": 0.41, "width": 1.6, "inflow_peak": 1.97}