{"nodes": 1979, "object_boundaries": ["on_boundary && x[0]>0.40631 && x[0]< 0.6051 && x[1]>0.1707 && x[1]< 0.39587"], "height": 0.41, "width": 1.6, "inflow_peak": 0.69}