{"nodes": 2061, "cells": 3892, "object_boundaries": ["on_boundary && x[0]>0.35987 && x[0]< 0.61093 && x[1]>0.14537 && x[1]< 0.39643"], "height": 0.41, "width": 1.6, "inflow_peak": 1.209}