{"nodes": 2130, "object_boundaries": ["on_boundary && x[0]>0.19743 && x[0]< 0.37812 && x[1]>0.19193 && x[1]< 0.37262"], "height": 0.41, "width": 1.6, "inflow_peak": 1.572}