{"nodes": 1724, "object_boundaries": ["on_boundary && x[0]>0.30421 && x[0]< 0.51517 && x[1]>0.15474 && x[1]< 0.3657"], "height": 0.41, "width": 1.6, "inflow_peak": 0.27}