{"nodes": 1957, "cells": 3704, "object_boundaries": ["on_boundary && x[0]>0.1599 && x[0]< 0.26026 && x[1]>0.2314 && x[1]< 0.33177"], "height": 0.41, "width": 1.6, "inflow_peak": 0.421}