{"nodes": 1730, "object_boundaries": ["on_boundary && x[0]>0.06517 && x[0]< 0.27101 && x[1]>0.11259 && x[1]< 0.32458"], "height": 0.41, "width": 1.6, "inflow_peak": 1.18}