{"nodes": 1931, "object_boundaries": ["on_boundary && x[0]>0.37259 && x[0]< 0.53907 && x[1]>0.11556 && x[1]< 0.28203"], "height": 0.41, "width": 1.6, "inflow_peak": 0.92}