{"nodes": 2335, "cells": 4456, "object_boundaries": ["on_boundary && x[0]>0.20142 && x[0]< 0.26872 && x[1]>0.21676 && x[1]< 0.28405", "on_boundary && x[0]>0.63226 && x[0]< 0.69411 && x[1]>0.09891 && x[1]< 0.16076"], "height": 0.41, "width": 1.6, "inflow_peak": 1.49}