{"nodes": 1875, "object_boundaries": ["on_boundary && x[0]>0.09863 && x[0]< 0.32955 && x[1]>0.04756 && x[1]< 0.27848"], "height": 0.41, "width": 1.6, "inflow_peak": 1.01}