{"nodes": 1996, "cells": 3777, "object_boundaries": ["on_boundary && x[0]>0.15314 && x[0]< 0.35907 && x[1]>0.01595 && x[1]< 0.22188"], "height": 0.41, "width": 1.6, "inflow_peak": 1.8}