{"nodes": 2872, "object_boundaries": ["on_boundary && x[0]>0.34327 && x[0]< 0.48461 && x[1]>0.15452 && x[1]< 0.29586", "on_boundary && x[0]>0.85069 && x[0]< 1.0691 && x[1]>0.07682 && x[1]< 0.29522"], "height": 0.41, "width": 1.6, "inflow_peak": 0.25}