{"nodes": 2313, "object_boundaries": ["on_boundary && x[0]>0.22122 && x[0]< 0.37522 && x[1]>0.15103 && x[1]< 0.30503"], "height": 0.41, "width": 1.6, "inflow_peak": 1.26}