{"nodes": 2038, "object_boundaries": ["on_boundary && x[0]>0.15694 && x[0]< 0.36013 && x[1]>0.09747 && x[1]< 0.30066"], "height": 0.41, "width": 1.6, "inflow_peak": 1.58}