{"nodes": 2466, "cells": 4684, "object_boundaries": ["on_boundary && x[0]>0.24864 && x[0]< 0.32988 && x[1]>0.19506 && x[1]< 0.2763", "on_boundary && x[0]>0.67099 && x[0]< 0.82656 && x[1]>0.05472 && x[1]< 0.21029"], "height": 0.41, "width": 1.6, "inflow_peak": 1.11}