{"nodes": 2185, "object_boundaries": ["on_boundary && x[0]>0.26034 && x[0]< 0.43354 && x[1]>0.0695 && x[1]< 0.24269"], "height": 0.41, "width": 1.6, "inflow_peak": 1.61}