{"nodes": 2676, "object_boundaries": ["on_boundary && x[0]>0.26926 && x[0]< 0.39648 && x[1]>0.09189 && x[1]< 0.21911", "on_boundary && x[0]>0.70145 && x[0]< 0.94334 && x[1]>-0.0114 && x[1]< 0.23049"], "height": 0.41, "width": 1.6, "inflow_peak": 1.21}