{"nodes": 2045, "cells": 3868, "object_boundaries": ["on_boundary && x[0]>0.18822 && x[0]< 0.41453 && x[1]>0.01782 && x[1]< 0.24413"], "height": 0.41, "width": 1.6, "inflow_peak": 1.08}