{"nodes": 1949, "object_boundaries": ["on_boundary && x[0]>0.16891 && x[0]< 0.39175 && x[1]>0.07885 && x[1]< 0.30169"], "height": 0.41, "width": 1.6, "inflow_peak": 0.74}