{"nodes": 1664, "object_boundaries": ["on_boundary && x[0]>0.21417 && x[0]< 0.44751 && x[1]>0.01147 && x[1]< 0.22787"], "height": 0.41, "width": 1.6, "inflow_peak": 1.78}