{"nodes": 1811, "object_boundaries": ["on_boundary && x[0]>0.21109 && x[0]< 0.34444 && x[1]>0.18474 && x[1]< 0.31809"], "height": 0.41, "width": 1.6, "inflow_peak": 0.93}