{"nodes": 1951, "object_boundaries": ["on_boundary && x[0]>0.13691 && x[0]< 0.37805 && x[1]>0.05731 && x[1]< 0.23548"], "height": 0.41, "width": 1.6, "inflow_peak": 0.75}