{"nodes": 2083, "cells": 3946, "object_boundaries": ["on_boundary && x[0]>0.23755 && x[0]< 0.34816 && x[1]>0.2436 && x[1]< 0.34597"], "height": 0.41, "width": 1.6, "inflow_peak": 0.668}