{"nodes": 1839, "object_boundaries": ["on_boundary && x[0]>0.22585 && x[0]< 0.41471 && x[1]>0.08308 && x[1]< 0.27179", "on_boundary && x[0]>0.6555 && x[0]< 0.81594 && x[1]>0.22174 && x[1]< 0.37826"], "height": 0.41, "width": 1.6, "inflow_peak": 1.07}