{"nodes": 1720, "object_boundaries": ["on_boundary && x[0]>0.18874 && x[0]< 0.42777 && x[1]>0.09237 && x[1]< 0.35661"], "height": 0.41, "width": 1.6, "inflow_peak": 1.17}