{"nodes": 1988, "object_boundaries": ["on_boundary && x[0]>0.10133 && x[0]< 0.30897 && x[1]>0.14605 && x[1]< 0.35369"], "height": 0.41, "width": 1.6, "inflow_peak": 0.98}