{"nodes": 2086, "cells": 3943, "object_boundaries": ["on_boundary && x[0]>0.21928 && x[0]< 0.46789 && x[1]>0.11116 && x[1]< 0.35978"], "height": 0.41, "width": 1.6, "inflow_peak": 1.54}