{"nodes": 1995, "object_boundaries": ["on_boundary && x[0]>0.07571 && x[0]< 0.27721 && x[1]>0.10194 && x[1]< 0.30868"], "height": 0.41, "width": 1.6, "inflow_peak": 1.52}