{"nodes": 1863, "object_boundaries": ["on_boundary && x[0]>0.36115 && x[0]< 0.60272 && x[1]>0.16777 && x[1]< 0.41193"], "height": 0.41, "width": 1.6, "inflow_peak": 1.46}