{"nodes": 1929, "object_boundaries": ["on_boundary && x[0]>0.2649 && x[0]< 0.51136 && x[1]>0.06868 && x[1]< 0.29069"], "height": 0.41, "width": 1.6, "inflow_peak": 1.88}