{"nodes": 2393, "object_boundaries": ["on_boundary && x[0]>0.35003 && x[0]< 0.55802 && x[1]>0.17011 && x[1]< 0.3781", "on_boundary && x[0]>0.88807 && x[0]< 1.09654 && x[1]>0.11857 && x[1]< 0.32704"], "height": 0.41, "width": 1.6, "inflow_peak": 1.29}