{"nodes": 2387, "cells": 4526, "object_boundaries": ["on_boundary && x[0]>0.3484 && x[0]< 0.49015 && x[1]>0.06749 && x[1]< 0.20924", "on_boundary && x[0]>0.62946 && x[0]< 0.72358 && x[1]>0.07942 && x[1]< 0.17353"], "height": 0.41, "width": 1.6, "inflow_peak": 1.968}