{"nodes": 2566, "object_boundaries": ["on_boundary && x[0]>0.13833 && x[0]< 0.31045 && x[1]>0.06861 && x[1]< 0.24073", "on_boundary && x[0]>0.76001 && x[0]< 0.95869 && x[1]>0.16639 && x[1]< 0.36507"], "height": 0.41, "width": 1.6, "inflow_peak": 2.03}