{"nodes": 2023, "object_boundaries": ["on_boundary && x[0]>0.17792 && x[0]< 0.37942 && x[1]>0.10818 && x[1]< 0.31079"], "height": 0.41, "width": 1.6, "inflow_peak": 1.97}