{"nodes": 1991, "object_boundaries": ["on_boundary && x[0]>0.14081 && x[0]< 0.31899 && x[1]>0.02466 && x[1]< 0.25833"], "height": 0.41, "width": 1.6, "inflow_peak": 0.86}