{"nodes": 2132, "object_boundaries": ["on_boundary && x[0]>0.30576 && x[0]< 0.52499 && x[1]>0.12849 && x[1]< 0.27818"], "height": 0.41, "width": 1.6, "inflow_peak": 0.62}