{"nodes": 1727, "object_boundaries": ["on_boundary && x[0]>0.10294 && x[0]< 0.30005 && x[1]>0.02783 && x[1]< 0.23032"], "height": 0.41, "width": 1.6, "inflow_peak": 1.35}