{"nodes": 2013, "object_boundaries": ["on_boundary && x[0]>0.27774 && x[0]< 0.41715 && x[1]>0.0882 && x[1]< 0.31352"], "height": 0.41, "width": 1.6, "inflow_peak": 0.71}