{"nodes": 2394, "object_boundaries": ["on_boundary && x[0]>0.15968 && x[0]< 0.31549 && x[1]>0.19691 && x[1]< 0.35271", "on_boundary && x[0]>0.81283 && x[0]< 1.06743 && x[1]>0.12739 && x[1]< 0.38198"], "height": 0.41, "width": 1.6, "inflow_peak": 1.04}