{"nodes": 2375, "object_boundaries": ["on_boundary && x[0]>0.35133 && x[0]< 0.50801 && x[1]>0.15857 && x[1]< 0.31525"], "height": 0.41, "width": 1.6, "inflow_peak": 1.65}