{"nodes": 2524, "cells": 4775, "object_boundaries": ["on_boundary && x[0]>0.33133 && x[0]< 0.57769 && x[1]>0.08357 && x[1]< 0.32992", "on_boundary && x[0]>0.70473 && x[0]< 0.9547 && x[1]>0.00745 && x[1]< 0.25742"], "height": 0.41, "width": 1.6, "inflow_peak": 1.82}