{"nodes": 2465, "object_boundaries": ["on_boundary && x[0]>0.19582 && x[0]< 0.39847 && x[1]>0.11786 && x[1]< 0.23786"], "height": 0.41, "width": 1.6, "inflow_peak": 2.0}