{"nodes": 2135, "object_boundaries": ["on_boundary && x[0]>0.31579 && x[0]< 0.47961 && x[1]>0.16491 && x[1]< 0.37116"], "height": 0.41, "width": 1.6, "inflow_peak": 2.04}