{"nodes": 2156, "object_boundaries": ["on_boundary && x[0]>0.12171 && x[0]< 0.33605 && x[1]>0.1267 && x[1]< 0.28498"], "height": 0.41, "width": 1.6, "inflow_peak": 1.4}