{"nodes": 1991, "object_boundaries": ["on_boundary && x[0]>0.31945 && x[0]< 0.4874 && x[1]>0.06312 && x[1]< 0.31568"], "height": 0.41, "width": 1.6, "inflow_peak": 1.7}