{"nodes": 1720, "object_boundaries": ["on_boundary && x[0]>0.34447 && x[0]< 0.49928 && x[1]>0.0226 && x[1]< 0.1774"], "height": 0.41, "width": 1.6, "inflow_peak": 0.35}