{"nodes": 2107, "object_boundaries": ["on_boundary && x[0]>0.27076 && x[0]< 0.4571 && x[1]>0.0117 && x[1]< 0.19804"], "height": 0.41, "width": 1.6, "inflow_peak": 1.64}