{"nodes": 1805, "object_boundaries": ["on_boundary && x[0]>0.088 && x[0]< 0.34023 && x[1]>-0.01011 && x[1]< 0.24213"], "height": 0.41, "width": 1.6, "inflow_peak": 0.69}