{"nodes": 1959, "object_boundaries": ["on_boundary && x[0]>0.26616 && x[0]< 0.49177 && x[1]>0.06321 && x[1]< 0.28883"], "height": 0.41, "width": 1.6, "inflow_peak": 0.62}