{"nodes": 2240, "object_boundaries": ["on_boundary && x[0]>0.31053 && x[0]< 0.48203 && x[1]>0.06924 && x[1]< 0.24073"], "height": 0.41, "width": 1.6, "inflow_peak": 0.689}