{"nodes": 2161, "object_boundaries": ["on_boundary && x[0]>0.18449 && x[0]< 0.35425 && x[1]>0.02367 && x[1]< 0.19343"], "height": 0.41, "width": 1.6, "inflow_peak": 1.924}