{"nodes": 2049, "cells": 3898, "object_boundaries": ["on_boundary && x[0]>0.34089 && x[0]< 0.49972 && x[1]>0.09682 && x[1]< 0.25565"], "height": 0.41, "width": 1.6, "inflow_peak": 0.811}