{"nodes": 2006, "cells": 3802, "object_boundaries": ["on_boundary && x[0]>0.21728 && x[0]< 0.31733 && x[1]>0.22246 && x[1]< 0.32251"], "height": 0.41, "width": 1.6, "inflow_peak": 0.359}