{"nodes": 1854, "object_boundaries": ["on_boundary && x[0]>0.11584 && x[0]< 0.35927 && x[1]>0.1315 && x[1]< 0.37492"], "height": 0.41, "width": 1.6, "inflow_peak": 1.611}