{"nodes": 2049, "cells": 3881, "object_boundaries": ["on_boundary && x[0]>0.2362 && x[0]< 0.39411 && x[1]>0.06556 && x[1]< 0.13939"], "height": 0.41, "width": 1.6, "inflow_peak": 1.128}