{"nodes": 1851, "object_boundaries": ["on_boundary && x[0]>0.16714 && x[0]< 0.44714 && x[1]>0.08125 && x[1]< 0.31238"], "height": 0.41, "width": 1.6, "inflow_peak": 1.4}