{"nodes": 1837, "object_boundaries": ["on_boundary && x[0]>0.13376 && x[0]< 0.38387 && x[1]>0.0169 && x[1]< 0.27042"], "height": 0.41, "width": 1.6, "inflow_peak": 1.39}