{"nodes": 2217, "object_boundaries": ["on_boundary && x[0]>0.21904 && x[0]< 0.41686 && x[1]>0.05625 && x[1]< 0.21273"], "height": 0.41, "width": 1.6, "inflow_peak": 0.15}