{"nodes": 1948, "object_boundaries": ["on_boundary && x[0]>0.16697 && x[0]< 0.39637 && x[1]>0.08494 && x[1]< 0.30668"], "height": 0.41, "width": 1.6, "inflow_peak": 0.87}