{"nodes": 2081, "object_boundaries": ["on_boundary && x[0]>0.28985 && x[0]< 0.47838 && x[1]>0.11402 && x[1]< 0.33192"], "height": 0.41, "width": 1.6, "inflow_peak": 1.78}