{"nodes": 1979, "cells": 3745, "object_boundaries": ["on_boundary && x[0]>0.11132 && x[0]< 0.31035 && x[1]>0.12932 && x[1]< 0.32836"], "height": 0.41, "width": 1.6, "inflow_peak": 0.509}