{"nodes": 2032, "object_boundaries": ["on_boundary && x[0]>0.2409 && x[0]< 0.44297 && x[1]>0.01829 && x[1]< 0.22037"], "height": 0.41, "width": 1.6, "inflow_peak": 0.571}