{"nodes": 2244, "object_boundaries": ["on_boundary && x[0]>0.18928 && x[0]< 0.43169 && x[1]>0.05721 && x[1]< 0.194"], "height": 0.41, "width": 1.6, "inflow_peak": 0.15}