{"nodes": 1811, "object_boundaries": ["on_boundary && x[0]>0.39399 && x[0]< 0.62372 && x[1]>0.04277 && x[1]< 0.31069"], "height": 0.41, "width": 1.6, "inflow_peak": 0.64}