{"nodes": 2029, "object_boundaries": ["on_boundary && x[0]>0.29133 && x[0]< 0.51582 && x[1]>0.00205 && x[1]< 0.19795"], "height": 0.41, "width": 1.6, "inflow_peak": 1.85}