{"nodes": 2153, "object_boundaries": ["on_boundary && x[0]>0.15506 && x[0]< 0.41696 && x[1]>0.03552 && x[1]< 0.29741"], "height": 0.41, "width": 1.6, "inflow_peak": 1.6}