{"nodes": 1973, "object_boundaries": ["on_boundary && x[0]>0.13825 && x[0]< 0.34287 && x[1]>0.01809 && x[1]< 0.22271"], "height": 0.41, "width": 1.6, "inflow_peak": 1.66}