{"nodes": 2120, "cells": 4013, "object_boundaries": ["on_boundary && x[0]>0.23431 && x[0]< 0.38606 && x[1]>0.1202 && x[1]< 0.26482"], "height": 0.41, "width": 1.6, "inflow_peak": 1.236}