{"nodes": 2130, "cells": 4050, "object_boundaries": ["on_boundary && x[0]>0.32776 && x[0]< 0.49868 && x[1]>0.02705 && x[1]< 0.19797"], "height": 0.41, "width": 1.6, "inflow_peak": 1.56}