{"nodes": 2358, "object_boundaries": ["on_boundary && x[0]>0.2968 && x[0]< 0.45561 && x[1]>0.13344 && x[1]< 0.29225"], "height": 0.41, "width": 1.6, "inflow_peak": 1.18}