{"nodes": 2030, "object_boundaries": ["on_boundary && x[0]>0.23006 && x[0]< 0.41146 && x[1]>0.01967 && x[1]< 0.24806"], "height": 0.41, "width": 1.6, "inflow_peak": 1.39}