{"nodes": 2070, "cells": 3920, "object_boundaries": ["on_boundary && x[0]>0.2612 && x[0]< 0.45261 && x[1]>0.07041 && x[1]< 0.31753"], "height": 0.41, "width": 1.6, "inflow_peak": 0.46}