{"nodes": 1754, "object_boundaries": ["on_boundary && x[0]>0.32223 && x[0]< 0.60223 && x[1]>0.1029 && x[1]< 0.3829"], "height": 0.41, "width": 1.6, "inflow_peak": 0.97}