{"nodes": 2042, "cells": 3863, "object_boundaries": ["on_boundary && x[0]>0.09743 && x[0]< 0.32158 && x[1]>0.10905 && x[1]< 0.33319"], "height": 0.41, "width": 1.6, "inflow_peak": 1.991}