{"nodes": 2183, "object_boundaries": ["on_boundary && x[0]>0.17931 && x[0]< 0.34616 && x[1]>0.06381 && x[1]< 0.23066"], "height": 0.41, "width": 1.6, "inflow_peak": 2.35}