{"nodes": 1751, "object_boundaries": ["on_boundary && x[0]>0.37797 && x[0]< 0.49917 && x[1]>0.10382 && x[1]< 0.22502"], "height": 0.41, "width": 1.6, "inflow_peak": 0.52}