{"nodes": 2069, "cells": 3930, "object_boundaries": ["on_boundary && x[0]>0.33099 && x[0]< 0.53994 && x[1]>0.10317 && x[1]< 0.251"], "height": 0.41, "width": 1.6, "inflow_peak": 2.05}