{"nodes": 1950, "cells": 3703, "object_boundaries": ["on_boundary && x[0]>0.21423 && x[0]< 0.27413 && x[1]>0.13031 && x[1]< 0.19021"], "height": 0.41, "width": 1.6, "inflow_peak": 2.112}