{"nodes": 1658, "object_boundaries": ["on_boundary && x[0]>0.18135 && x[0]< 0.43 && x[1]>0.00772 && x[1]< 0.26128"], "height": 0.41, "width": 1.6, "inflow_peak": 1.61}