{"nodes": 1685, "object_boundaries": ["on_boundary && x[0]>0.42262 && x[0]< 0.63497 && x[1]>0.04446 && x[1]< 0.25681"], "height": 0.41, "width": 1.6, "inflow_peak": 0.83}