{"nodes": 1991, "cells": 3757, "object_boundaries": ["on_boundary && x[0]>0.07568 && x[0]< 0.31229 && x[1]>0.05988 && x[1]< 0.29649"], "height": 0.41, "width": 1.6, "inflow_peak": 1.05}