{"nodes": 2001, "cells": 3788, "object_boundaries": ["on_boundary && x[0]>0.10062 && x[0]< 0.29114 && x[1]>0.04561 && x[1]< 0.25659"], "height": 0.41, "width": 1.6, "inflow_peak": 0.95}