{"nodes": 2153, "object_boundaries": ["on_boundary && x[0]>0.25906 && x[0]< 0.43397 && x[1]>0.19807 && x[1]< 0.37375"], "height": 0.41, "width": 1.6, "inflow_peak": 0.76}