{"nodes": 2314, "object_boundaries": ["on_boundary && x[0]>0.28834 && x[0]< 0.5234 && x[1]>0.08876 && x[1]< 0.22024"], "height": 0.41, "width": 1.6, "inflow_peak": 0.85}