{"nodes": 2150, "cells": 4074, "object_boundaries": ["on_boundary && x[0]>0.24401 && x[0]< 0.49093 && x[1]>0.17077 && x[1]< 0.39486"], "height": 0.41, "width": 1.6, "inflow_peak": 2.03}