{"nodes": 2484, "cells": 4722, "object_boundaries": ["on_boundary && x[0]>0.14064 && x[0]< 0.22159 && x[1]>0.06532 && x[1]< 0.15638", "on_boundary && x[0]>0.62324 && x[0]< 0.73222 && x[1]>0.07919 && x[1]< 0.24195"], "height": 0.41, "width": 1.6, "inflow_peak": 0.558}