{"nodes": 2178, "object_boundaries": ["on_boundary && x[0]>0.16439 && x[0]< 0.45305 && x[1]>0.07874 && x[1]< 0.31306"], "height": 0.41, "width": 1.6, "inflow_peak": 0.76}