{"nodes": 1652, "object_boundaries": ["on_boundary && x[0]>0.00033 && x[0]< 0.32216 && x[1]>0.10804 && x[1]< 0.36662"], "height": 0.41, "width": 1.6, "inflow_peak": 1.42}