{"nodes": 2161, "object_boundaries": ["on_boundary && x[0]>0.40221 && x[0]< 0.58076 && x[1]>0.12091 && x[1]< 0.29946"], "height": 0.41, "width": 1.6, "inflow_peak": 1.417}