{"nodes": 1940, "cells": 3677, "object_boundaries": ["on_boundary && x[0]>0.10106 && x[0]< 0.26933 && x[1]>0.15681 && x[1]< 0.32508"], "height": 0.41, "width": 1.6, "inflow_peak": 1.75}