{"nodes": 1844, "object_boundaries": ["on_boundary && x[0]>0.21572 && x[0]< 0.46774 && x[1]>0.07779 && x[1]< 0.32981"], "height": 0.41, "width": 1.6, "inflow_peak": 2.113}