{"nodes": 2075, "cells": 3919, "object_boundaries": ["on_boundary && x[0]>0.40575 && x[0]< 0.56982 && x[1]>0.05103 && x[1]< 0.2151"], "height": 0.41, "width": 1.6, "inflow_peak": 1.52}