{"nodes": 2002, "object_boundaries": ["on_boundary && x[0]>0.14429 && x[0]< 0.35239 && x[1]>0.09522 && x[1]< 0.30332"], "height": 0.41, "width": 1.6, "inflow_peak": 2.096}