{"nodes": 2101, "object_boundaries": ["on_boundary && x[0]>0.05158 && x[0]< 0.30724 && x[1]>0.04143 && x[1]< 0.29709"], "height": 0.41, "width": 1.6, "inflow_peak": 1.29}