{"nodes": 1988, "cells": 3777, "object_boundaries": ["on_boundary && x[0]>0.30938 && x[0]< 0.46386 && x[1]>0.1713 && x[1]< 0.32578"], "height": 0.41, "width": 1.6, "inflow_peak": 1.329}