{"nodes": 2093, "cells": 3953, "object_boundaries": ["on_boundary && x[0]>0.38324 && x[0]< 0.55278 && x[1]>0.0457 && x[1]< 0.21524"], "height": 0.41, "width": 1.6, "inflow_peak": 0.298}