{"nodes": 1935, "object_boundaries": ["on_boundary && x[0]>0.20401 && x[0]< 0.42347 && x[1]>-0.00315 && x[1]< 0.22373"], "height": 0.41, "width": 1.6, "inflow_peak": 1.69}