{"nodes": 2024, "cells": 3830, "object_boundaries": ["on_boundary && x[0]>0.14569 && x[0]< 0.31189 && x[1]>0.08302 && x[1]< 0.15695"], "height": 0.41, "width": 1.6, "inflow_peak": 1.301}