{"nodes": 2419, "object_boundaries": ["on_boundary && x[0]>0.32926 && x[0]< 0.48238 && x[1]>0.16123 && x[1]< 0.30377"], "height": 0.41, "width": 1.6, "inflow_peak": 0.36}