{"nodes": 2376, "object_boundaries": ["on_boundary && x[0]>0.2092 && x[0]< 0.35642 && x[1]>0.18534 && x[1]< 0.33256"], "height": 0.41, "width": 1.6, "inflow_peak": 0.65}