{"nodes": 2151, "object_boundaries": ["on_boundary && x[0]>0.30716 && x[0]< 0.4981 && x[1]>0.1351 && x[1]< 0.32604"], "height": 0.41, "width": 1.6, "inflow_peak": 1.72}