{"nodes": 2203, "object_boundaries": ["on_boundary && x[0]>0.04955 && x[0]< 0.25365 && x[1]>0.12424 && x[1]< 0.32833", "on_boundary && x[0]>0.78183 && x[0]< 1.01812 && x[1]>0.18177 && x[1]< 0.41807"], "height": 0.41, "width": 1.6, "inflow_peak": 0.85}