{"nodes": 2022, "object_boundaries": ["on_boundary && x[0]>0.29008 && x[0]< 0.50352 && x[1]>0.1229 && x[1]< 0.33634"], "height": 0.41, "width": 1.6, "inflow_peak": 0.5}