{"nodes": 1948, "object_boundaries": ["on_boundary && x[0]>0.06331 && x[0]< 0.30194 && x[1]>0.18547 && x[1]< 0.37117"], "height": 0.41, "width": 1.6, "inflow_peak": 1.29}