{"nodes": 1979, "object_boundaries": ["on_boundary && x[0]>0.36219 && x[0]< 0.56298 && x[1]>-0.01201 && x[1]< 0.21201"], "height": 0.41, "width": 1.6, "inflow_peak": 0.86}