{"nodes": 2108, "object_boundaries": ["on_boundary && x[0]>0.157 && x[0]< 0.36228 && x[1]>0.18291 && x[1]< 0.3558"], "height": 0.41, "width": 1.6, "inflow_peak": 1.44}