{"nodes": 2845, "object_boundaries": ["on_boundary && x[0]>0.18859 && x[0]< 0.39579 && x[1]>0.14266 && x[1]< 0.35711", "on_boundary && x[0]>0.78307 && x[0]< 0.9609 && x[1]>0.02903 && x[1]< 0.22055"], "height": 0.41, "width": 1.6, "inflow_peak": 0.42}