{"nodes": 2100, "object_boundaries": ["on_boundary && x[0]>0.37615 && x[0]< 0.59586 && x[1]>0.16992 && x[1]< 0.35733"], "height": 0.41, "width": 1.6, "inflow_peak": 0.6}