{"nodes": 1740, "object_boundaries": ["on_boundary && x[0]>0.06288 && x[0]< 0.27947 && x[1]>0.10998 && x[1]< 0.29071"], "height": 0.41, "width": 1.6, "inflow_peak": 0.76}