{"nodes": 1755, "object_boundaries": ["on_boundary && x[0]>0.07941 && x[0]< 0.25487 && x[1]>0.16879 && x[1]< 0.34426"], "height": 0.41, "width": 1.6, "inflow_peak": 0.35}