{"nodes": 1720, "object_boundaries": ["on_boundary && x[0]>0.11125 && x[0]< 0.31714 && x[1]>0.1187 && x[1]< 0.33397"], "height": 0.41, "width": 1.6, "inflow_peak": 0.15}