{"nodes": 1717, "object_boundaries": ["on_boundary && x[0]>0.25013 && x[0]< 0.46573 && x[1]>0.08487 && x[1]< 0.2979"], "height": 0.41, "width": 1.6, "inflow_peak": 2.01}