{"nodes": 1712, "object_boundaries": ["on_boundary && x[0]>0.09895 && x[0]< 0.27248 && x[1]>0.20246 && x[1]< 0.38037"], "height": 0.41, "width": 1.6, "inflow_peak": 1.11}