{"nodes": 1787, "object_boundaries": ["on_boundary && x[0]>0.17965 && x[0]< 0.37526 && x[1]>0.08537 && x[1]< 0.29006"], "height": 0.41, "width": 1.6, "inflow_peak": 2.35}