{"nodes": 2024, "cells": 3836, "object_boundaries": ["on_boundary && x[0]>0.13548 && x[0]< 0.30954 && x[1]>-0.0063 && x[1]< 0.19739"], "height": 0.41, "width": 1.6, "inflow_peak": 0.28}