{"nodes": 1714, "object_boundaries": ["on_boundary && x[0]>0.10692 && x[0]< 0.35393 && x[1]>0.05298 && x[1]< 0.22052"], "height": 0.41, "width": 1.6, "inflow_peak": 1.73}