{"nodes": 2288, "object_boundaries": ["on_boundary && x[0]>0.21052 && x[0]< 0.35502 && x[1]>0.07308 && x[1]< 0.24038"], "height": 0.41, "width": 1.6, "inflow_peak": 1.41}