{"nodes": 2035, "cells": 3859, "object_boundaries": ["on_boundary && x[0]>0.16614 && x[0]< 0.31782 && x[1]>0.10614 && x[1]< 0.32931"], "height": 0.41, "width": 1.6, "inflow_peak": 1.96}