{"nodes": 1811, "object_boundaries": ["on_boundary && x[0]>0.35218 && x[0]< 0.5203 && x[1]>0.17565 && x[1]< 0.3413"], "height": 0.41, "width": 1.6, "inflow_peak": 0.57}