{"nodes": 2182, "cells": 4137, "object_boundaries": ["on_boundary && x[0]>0.24793 && x[0]< 0.49796 && x[1]>0.07257 && x[1]< 0.28859"], "height": 0.41, "width": 1.6, "inflow_peak": 1.28}