{"nodes": 1834, "object_boundaries": ["on_boundary && x[0]>0.19329 && x[0]< 0.44329 && x[1]>0.0248 && x[1]< 0.2748"], "height": 0.41, "width": 1.6, "inflow_peak": 0.64}