{"nodes": 1721, "object_boundaries": ["on_boundary && x[0]>0.10887 && x[0]< 0.38887 && x[1]>0.0745 && x[1]< 0.3545"], "height": 0.41, "width": 1.6, "inflow_peak": 0.92}