{"nodes": 2443, "cells": 4627, "object_boundaries": ["on_boundary && x[0]>0.27957 && x[0]< 0.49993 && x[1]>0.04158 && x[1]< 0.26195", "on_boundary && x[0]>0.67542 && x[0]< 0.90397 && x[1]>-0.01107 && x[1]< 0.21748"], "height": 0.41, "width": 1.6, "inflow_peak": 0.63}