{"nodes": 1757, "object_boundaries": ["on_boundary && x[0]>0.28852 && x[0]< 0.40852 && x[1]>0.2035 && x[1]< 0.3235"], "height": 0.41, "width": 1.6, "inflow_peak": 1.58}