{"nodes": 2100, "cells": 3980, "object_boundaries": ["on_boundary && x[0]>0.25658 && x[0]< 0.42147 && x[1]>0.23809 && x[1]< 0.32973"], "height": 0.41, "width": 1.6, "inflow_peak": 1.078}