{"nodes": 2145, "object_boundaries": ["on_boundary && x[0]>0.43556 && x[0]< 0.62444 && x[1]>-0.01521 && x[1]< 0.21521", "on_boundary && x[0]>0.60037 && x[0]< 0.86017 && x[1]>0.06672 && x[1]< 0.28461"], "height": 0.41, "width": 1.6, "inflow_peak": 2.13}