{"nodes": 2151, "object_boundaries": ["on_boundary && x[0]>0.30158 && x[0]< 0.42158 && x[1]>0.11787 && x[1]< 0.36966"], "height": 0.41, "width": 1.6, "inflow_peak": 1.34}