{"nodes": 1965, "object_boundaries": ["on_boundary && x[0]>0.26074 && x[0]< 0.49301 && x[1]>0.06401 && x[1]< 0.28844"], "height": 0.41, "width": 1.6, "inflow_peak": 1.62}