{"nodes": 2032, "object_boundaries": ["on_boundary && x[0]>0.27388 && x[0]< 0.51701 && x[1]>0.12667 && x[1]< 0.30933"], "height": 0.41, "width": 1.6, "inflow_peak": 2.11}