{"nodes": 2099, "object_boundaries": ["on_boundary && x[0]>0.1797 && x[0]< 0.35861 && x[1]>0.09792 && x[1]< 0.29648"], "height": 0.41, "width": 1.6, "inflow_peak": 0.18}