{"nodes": 2007, "object_boundaries": ["on_boundary && x[0]>0.30181 && x[0]< 0.5069 && x[1]>0.05422 && x[1]< 0.27036"], "height": 0.41, "width": 1.6, "inflow_peak": 1.48}