{"nodes": 2039, "cells": 3865, "object_boundaries": ["on_boundary && x[0]>0.18525 && x[0]< 0.39001 && x[1]>0.08097 && x[1]< 0.27165"], "height": 0.41, "width": 1.6, "inflow_peak": 2.16}