{"nodes": 2146, "object_boundaries": ["on_boundary && x[0]>0.248 && x[0]< 0.44121 && x[1]>0.09268 && x[1]< 0.28876"], "height": 0.41, "width": 1.6, "inflow_peak": 1.79}