{"nodes": 2145, "object_boundaries": ["on_boundary && x[0]>0.30047 && x[0]< 0.51047 && x[1]>0.06753 && x[1]< 0.2437"], "height": 0.41, "width": 1.6, "inflow_peak": 1.26}