{"nodes": 1992, "cells": 3767, "object_boundaries": ["on_boundary && x[0]>0.09629 && x[0]< 0.31407 && x[1]>0.19316 && x[1]< 0.39398"], "height": 0.41, "width": 1.6, "inflow_peak": 1.16}