{"nodes": 2012, "object_boundaries": ["on_boundary && x[0]>0.21917 && x[0]< 0.39881 && x[1]>0.09886 && x[1]< 0.33202"], "height": 0.41, "width": 1.6, "inflow_peak": 0.97}