{"nodes": 2066, "cells": 3912, "object_boundaries": ["on_boundary && x[0]>0.21676 && x[0]< 0.35483 && x[1]>0.18092 && x[1]< 0.30542"], "height": 0.41, "width": 1.6, "inflow_peak": 0.666}