{"nodes": 2213, "object_boundaries": ["on_boundary && x[0]>0.20365 && x[0]< 0.32365 && x[1]>0.16255 && x[1]< 0.3752"], "height": 0.41, "width": 1.6, "inflow_peak": 1.27}