{"nodes": 2125, "cells": 4039, "object_boundaries": ["on_boundary && x[0]>0.26194 && x[0]< 0.36423 && x[1]>0.1266 && x[1]< 0.21006"], "height": 0.41, "width": 1.6, "inflow_peak": 0.768}