{"nodes": 2065, "object_boundaries": ["on_boundary && x[0]>0.09325 && x[0]< 0.23971 && x[1]>0.15869 && x[1]< 0.35347", "on_boundary && x[0]>0.67383 && x[0]< 0.89248 && x[1]>0.15184 && x[1]< 0.37181"], "height": 0.41, "width": 1.6, "inflow_peak": 1.34}