{"nodes": 1676, "object_boundaries": ["on_boundary && x[0]>0.01389 && x[0]< 0.25218 && x[1]>0.13571 && x[1]< 0.4275"], "height": 0.41, "width": 1.6, "inflow_peak": 1.44}