{"nodes": 2077, "object_boundaries": ["on_boundary && x[0]>0.17813 && x[0]< 0.41288 && x[1]>0.00214 && x[1]< 0.28214"], "height": 0.41, "width": 1.6, "inflow_peak": 0.42}