{"nodes": 2013, "object_boundaries": ["on_boundary && x[0]>0.30813 && x[0]< 0.52755 && x[1]>0.01443 && x[1]< 0.23385"], "height": 0.41, "width": 1.6, "inflow_peak": 0.814}