{"nodes": 2077, "object_boundaries": ["on_boundary && x[0]>0.21622 && x[0]< 0.41021 && x[1]>0.17642 && x[1]< 0.37041"], "height": 0.41, "width": 1.6, "inflow_peak": 0.921}