{"nodes": 2060, "cells": 3898, "object_boundaries": ["on_boundary && x[0]>0.25584 && x[0]< 0.48115 && x[1]>0.1379 && x[1]< 0.36321"], "height": 0.41, "width": 1.6, "inflow_peak": 1.794}