{"nodes": 1884, "object_boundaries": ["on_boundary && x[0]>0.18337 && x[0]< 0.43383 && x[1]>0.04682 && x[1]< 0.29728"], "height": 0.41, "width": 1.6, "inflow_peak": 2.215}