{"nodes": 2000, "cells": 3802, "object_boundaries": ["on_boundary && x[0]>0.27011 && x[0]< 0.33244 && x[1]>0.17729 && x[1]< 0.23963"], "height": 0.41, "width": 1.6, "inflow_peak": 0.454}