{"nodes": 2047, "cells": 3872, "object_boundaries": ["on_boundary && x[0]>0.11342 && x[0]< 0.23905 && x[1]>0.13759 && x[1]< 0.26229"], "height": 0.41, "width": 1.6, "inflow_peak": 0.801}