{"nodes": 2056, "cells": 3904, "object_boundaries": ["on_boundary && x[0]>0.37898 && x[0]< 0.54787 && x[1]>0.03777 && x[1]< 0.23158"], "height": 0.41, "width": 1.6, "inflow_peak": 2.24}