{"nodes": 2117, "object_boundaries": ["on_boundary && x[0]>0.10057 && x[0]< 0.26738 && x[1]>0.07588 && x[1]< 0.25867"], "height": 0.41, "width": 1.6, "inflow_peak": 0.53}