{"nodes": 2164, "object_boundaries": ["on_boundary && x[0]>0.37553 && x[0]< 0.54723 && x[1]>0.14849 && x[1]< 0.3202"], "height": 0.41, "width": 1.6, "inflow_peak": 1.029}