{"nodes": 2196, "object_boundaries": ["on_boundary && x[0]>0.34775 && x[0]< 0.51319 && x[1]>0.21098 && x[1]< 0.37642"], "height": 0.41, "width": 1.6, "inflow_peak": 0.638}