{"nodes": 2163, "object_boundaries": ["on_boundary && x[0]>0.34855 && x[0]< 0.51623 && x[1]>0.13758 && x[1]< 0.30526"], "height": 0.41, "width": 1.6, "inflow_peak": 0.36}