{"nodes": 1874, "object_boundaries": ["on_boundary && x[0]>0.11193 && x[0]< 0.35085 && x[1]>0.1358 && x[1]< 0.37472"], "height": 0.41, "width": 1.6, "inflow_peak": 0.35}