{"nodes": 2089, "cells": 3961, "object_boundaries": ["on_boundary && x[0]>0.34782 && x[0]< 0.46798 && x[1]>0.20356 && x[1]< 0.32372"], "height": 0.41, "width": 1.6, "inflow_peak": 0.929}