{"nodes": 1883, "object_boundaries": ["on_boundary && x[0]>0.43626 && x[0]< 0.58321 && x[1]>0.14528 && x[1]< 0.29223"], "height": 0.41, "width": 1.6, "inflow_peak": 1.75}