{"nodes": 2617, "cells": 4984, "object_boundaries": ["on_boundary && x[0]>0.24708 && x[0]< 0.31484 && x[1]>0.10131 && x[1]< 0.19684", "on_boundary && x[0]>0.70021 && x[0]< 0.83902 && x[1]>0.13339 && x[1]< 0.27389"], "height": 0.41, "width": 1.6, "inflow_peak": 1.794}