{"nodes": 2224, "object_boundaries": ["on_boundary && x[0]>0.1172 && x[0]< 0.35839 && x[1]>0.13494 && x[1]< 0.29132", "on_boundary && x[0]>0.77454 && x[0]< 0.95412 && x[1]>0.12287 && x[1]< 0.32628"], "height": 0.41, "width": 1.6, "inflow_peak": 1.83}