{"nodes": 2250, "object_boundaries": ["on_boundary && x[0]>0.28094 && x[0]< 0.51887 && x[1]>0.12016 && x[1]< 0.27681"], "height": 0.41, "width": 1.6, "inflow_peak": 0.52}