{"nodes": 1802, "object_boundaries": ["on_boundary && x[0]>0.11369 && x[0]< 0.27715 && x[1]>0.09039 && x[1]< 0.24827"], "height": 0.41, "width": 1.6, "inflow_peak": 1.19}