{"nodes": 2151, "object_boundaries": ["on_boundary && x[0]>0.28435 && x[0]< 0.51139 && x[1]>0.07065 && x[1]< 0.29601"], "height": 0.41, "width": 1.6, "inflow_peak": 1.14}