{"nodes": 1756, "object_boundaries": ["on_boundary && x[0]>0.19993 && x[0]< 0.40779 && x[1]>0.06379 && x[1]< 0.25241"], "height": 0.41, "width": 1.6, "inflow_peak": 1.64}