{"nodes": 1726, "object_boundaries": ["on_boundary && x[0]>0.32235 && x[0]< 0.55953 && x[1]>0.03091 && x[1]< 0.22463"], "height": 0.41, "width": 1.6, "inflow_peak": 2.21}