{"nodes": 1744, "object_boundaries": ["on_boundary && x[0]>0.21627 && x[0]< 0.40788 && x[1]>0.0818 && x[1]< 0.27777"], "height": 0.41, "width": 1.6, "inflow_peak": 1.0}