{"nodes": 1767, "object_boundaries": ["on_boundary && x[0]>0.04141 && x[0]< 0.32269 && x[1]>0.16781 && x[1]< 0.42296", "on_boundary && x[0]>0.62816 && x[0]< 0.8095 && x[1]>0.02841 && x[1]< 0.21405"], "height": 0.41, "width": 1.6, "inflow_peak": 1.14}