{"nodes": 2127, "cells": 4040, "object_boundaries": ["on_boundary && x[0]>0.23982 && x[0]< 0.43794 && x[1]>0.18453 && x[1]< 0.38626"], "height": 0.41, "width": 1.6, "inflow_peak": 0.79}