{"nodes": 2021, "object_boundaries": ["on_boundary && x[0]>0.34792 && x[0]< 0.5536 && x[1]>0.04456 && x[1]< 0.25023"], "height": 0.41, "width": 1.6, "inflow_peak": 1.74}