{"nodes": 2054, "cells": 3893, "object_boundaries": ["on_boundary && x[0]>0.24735 && x[0]< 0.36335 && x[1]>0.09319 && x[1]< 0.20585"], "height": 0.41, "width": 1.6, "inflow_peak": 0.888}