{"nodes": 2286, "object_boundaries": ["on_boundary && x[0]>0.29153 && x[0]< 0.43723 && x[1]>0.06705 && x[1]< 0.25002"], "height": 0.41, "width": 1.6, "inflow_peak": 1.27}