{"nodes": 2093, "cells": 3962, "object_boundaries": ["on_boundary && x[0]>0.30575 && x[0]< 0.44788 && x[1]>0.1859 && x[1]< 0.32803"], "height": 0.41, "width": 1.6, "inflow_peak": 1.217}