{"nodes": 1990, "object_boundaries": ["on_boundary && x[0]>0.21839 && x[0]< 0.38591 && x[1]>0.10921 && x[1]< 0.27674"], "height": 0.41, "width": 1.6, "inflow_peak": 2.12}