{"nodes": 2002, "cells": 3792, "object_boundaries": ["on_boundary && x[0]>0.34473 && x[0]< 0.54121 && x[1]>0.12578 && x[1]< 0.32226"], "height": 0.41, "width": 1.6, "inflow_peak": 0.69}