{"nodes": 1977, "object_boundaries": ["on_boundary && x[0]>0.22008 && x[0]< 0.43673 && x[1]>0.00827 && x[1]< 0.22492"], "height": 0.41, "width": 1.6, "inflow_peak": 1.43}