{"nodes": 1848, "object_boundaries": ["on_boundary && x[0]>0.30207 && x[0]< 0.55748 && x[1]>0.02967 && x[1]< 0.28508"], "height": 0.41, "width": 1.6, "inflow_peak": 0.43}