{"nodes": 1985, "cells": 3775, "object_boundaries": ["on_boundary && x[0]>0.45631 && x[0]< 0.50889 && x[1]>0.11838 && x[1]< 0.17095"], "height": 0.41, "width": 1.6, "inflow_peak": 1.823}