{"nodes": 2151, "object_boundaries": ["on_boundary && x[0]>0.21181 && x[0]< 0.38746 && x[1]>0.19891 && x[1]< 0.37456"], "height": 0.41, "width": 1.6, "inflow_peak": 0.598}