{"nodes": 2014, "cells": 3809, "object_boundaries": ["on_boundary && x[0]>0.14277 && x[0]< 0.36129 && x[1]>0.05108 && x[1]< 0.2696"], "height": 0.41, "width": 1.6, "inflow_peak": 1.26}