{"nodes": 2036, "object_boundaries": ["on_boundary && x[0]>0.19676 && x[0]< 0.40925 && x[1]>0.08911 && x[1]< 0.3016"], "height": 0.41, "width": 1.6, "inflow_peak": 0.928}