{"nodes": 2378, "object_boundaries": ["on_boundary && x[0]>0.25853 && x[0]< 0.40377 && x[1]>0.18968 && x[1]< 0.33493"], "height": 0.41, "width": 1.6, "inflow_peak": 1.913}