{"nodes": 1843, "object_boundaries": ["on_boundary && x[0]>0.13823 && x[0]< 0.38574 && x[1]>0.13101 && x[1]< 0.37853"], "height": 0.41, "width": 1.6, "inflow_peak": 1.92}