{"nodes": 2309, "object_boundaries": ["on_boundary && x[0]>0.29244 && x[0]< 0.43943 && x[1]>0.22573 && x[1]< 0.37272"], "height": 0.41, "width": 1.6, "inflow_peak": 0.49}