{"nodes": 2142, "cells": 4058, "object_boundaries": ["on_boundary && x[0]>0.20948 && x[0]< 0.34105 && x[1]>0.12566 && x[1]< 0.25724"], "height": 0.41, "width": 1.6, "inflow_peak": 0.285}