{"nodes": 2116, "cells": 4010, "object_boundaries": ["on_boundary && x[0]>0.29865 && x[0]< 0.50859 && x[1]>0.16882 && x[1]< 0.37875"], "height": 0.41, "width": 1.6, "inflow_peak": 0.29}