{"nodes": 1893, "object_boundaries": ["on_boundary && x[0]>0.103 && x[0]< 0.33376 && x[1]>0.12239 && x[1]< 0.35315"], "height": 0.41, "width": 1.6, "inflow_peak": 0.337}