{"nodes": 2312, "object_boundaries": ["on_boundary && x[0]>0.19179 && x[0]< 0.34862 && x[1]>0.15945 && x[1]< 0.31627"], "height": 0.41, "width": 1.6, "inflow_peak": 1.029}