{"nodes": 1962, "cells": 3720, "object_boundaries": ["on_boundary && x[0]>0.14902 && x[0]< 0.23059 && x[1]>0.24483 && x[1]< 0.3264"], "height": 0.41, "width": 1.6, "inflow_peak": 0.739}