{"nodes": 1988, "cells": 3770, "object_boundaries": ["on_boundary && x[0]>0.18545 && x[0]< 0.28327 && x[1]>0.24818 && x[1]< 0.32596"], "height": 0.41, "width": 1.6, "inflow_peak": 1.379}