{"nodes": 2071, "object_boundaries": ["on_boundary && x[0]>0.1494 && x[0]< 0.31355 && x[1]>0.19931 && x[1]< 0.40069"], "height": 0.41, "width": 1.6, "inflow_peak": 1.02}