{"nodes": 2134, "object_boundaries": ["on_boundary && x[0]>0.39735 && x[0]< 0.65589 && x[1]>0.1626 && x[1]< 0.33409"], "height": 0.41, "width": 1.6, "inflow_peak": 1.04}