{"nodes": 2039, "object_boundaries": ["on_boundary && x[0]>0.27909 && x[0]< 0.48032 && x[1]>0.13046 && x[1]< 0.33169"], "height": 0.41, "width": 1.6, "inflow_peak": 1.93}