{"nodes": 2264, "object_boundaries": ["on_boundary && x[0]>0.22633 && x[0]< 0.48234 && x[1]>0.14285 && x[1]< 0.39886"], "height": 0.41, "width": 1.6, "inflow_peak": 1.26}