{"nodes": 1902, "object_boundaries": ["on_boundary && x[0]>0.03975 && x[0]< 0.2605 && x[1]>0.0888 && x[1]< 0.30956"], "height": 0.41, "width": 1.6, "inflow_peak": 0.74}