{"nodes": 1715, "object_boundaries": ["on_boundary && x[0]>0.08213 && x[0]< 0.28146 && x[1]>0.03301 && x[1]< 0.23233"], "height": 0.41, "width": 1.6, "inflow_peak": 0.38}