{"nodes": 1701, "object_boundaries": ["on_boundary && x[0]>0.15328 && x[0]< 0.3581 && x[1]>0.19759 && x[1]< 0.40241"], "height": 0.41, "width": 1.6, "inflow_peak": 1.5}