{"nodes": 2089, "cells": 3960, "object_boundaries": ["on_boundary && x[0]>0.43116 && x[0]< 0.55155 && x[1]>0.07313 && x[1]< 0.1987"], "height": 0.41, "width": 1.6, "inflow_peak": 1.849}