{"nodes": 1980, "cells": 3755, "object_boundaries": ["on_boundary && x[0]>0.20655 && x[0]< 0.38117 && x[1]>0.0281 && x[1]< 0.20272"], "height": 0.41, "width": 1.6, "inflow_peak": 1.33}