{"nodes": 1915, "object_boundaries": ["on_boundary && x[0]>0.09796 && x[0]< 0.26889 && x[1]>0.11316 && x[1]< 0.31442"], "height": 0.41, "width": 1.6, "inflow_peak": 0.51}