{"nodes": 2436, "object_boundaries": ["on_boundary && x[0]>0.04218 && x[0]< 0.27192 && x[1]>0.06009 && x[1]< 0.31453", "on_boundary && x[0]>0.80333 && x[0]< 0.94742 && x[1]>0.07617 && x[1]< 0.25915"], "height": 0.41, "width": 1.6, "inflow_peak": 0.6}