{"nodes": 1713, "object_boundaries": ["on_boundary && x[0]>0.35912 && x[0]< 0.57809 && x[1]>0.15863 && x[1]< 0.36548"], "height": 0.41, "width": 1.6, "inflow_peak": 2.16}