{"nodes": 2201, "cells": 4190, "object_boundaries": ["on_boundary && x[0]>0.3764 && x[0]< 0.48795 && x[1]>0.2502 && x[1]< 0.31675"], "height": 0.41, "width": 1.6, "inflow_peak": 0.273}