{"nodes": 2471, "cells": 4714, "object_boundaries": ["on_boundary && x[0]>0.34776 && x[0]< 0.51796 && x[1]>0.16979 && x[1]< 0.40744", "on_boundary && x[0]>0.73797 && x[0]< 0.88503 && x[1]>0.12944 && x[1]< 0.27103"], "height": 0.41, "width": 1.6, "inflow_peak": 2.07}