{"nodes": 2024, "cells": 3818, "object_boundaries": ["on_boundary && x[0]>0.17141 && x[0]< 0.33302 && x[1]>0.21135 && x[1]< 0.37296"], "height": 0.41, "width": 1.6, "inflow_peak": 0.545}