{"nodes": 2136, "object_boundaries": ["on_boundary && x[0]>0.23603 && x[0]< 0.41768 && x[1]>0.18534 && x[1]< 0.36699"], "height": 0.41, "width": 1.6, "inflow_peak": 1.53}