{"nodes": 1656, "object_boundaries": ["on_boundary && x[0]>0.34018 && x[0]< 0.5949 && x[1]>0.04711 && x[1]< 0.28181"], "height": 0.41, "width": 1.6, "inflow_peak": 2.35}