{"nodes": 1687, "object_boundaries": ["on_boundary && x[0]>0.17361 && x[0]< 0.44077 && x[1]>-0.03044 && x[1]< 0.2186"], "height": 0.41, "width": 1.6, "inflow_peak": 2.11}