{"nodes": 2220, "object_boundaries": ["on_boundary && x[0]>0.40457 && x[0]< 0.5721 && x[1]>0.05881 && x[1]< 0.22634"], "height": 0.41, "width": 1.6, "inflow_peak": 2.14}