{"nodes": 2097, "cells": 3976, "object_boundaries": ["on_boundary && x[0]>0.31286 && x[0]< 0.4528 && x[1]>0.19435 && x[1]< 0.29885"], "height": 0.41, "width": 1.6, "inflow_peak": 1.916}