{"nodes": 2195, "object_boundaries": ["on_boundary && x[0]>0.03412 && x[0]< 0.24384 && x[1]>0.17207 && x[1]< 0.29207"], "height": 0.41, "width": 1.6, "inflow_peak": 1.31}