{"nodes": 1833, "object_boundaries": ["on_boundary && x[0]>0.37567 && x[0]< 0.54329 && x[1]>0.14078 && x[1]< 0.2918"], "height": 0.41, "width": 1.6, "inflow_peak": 1.86}