{"nodes": 2085, "cells": 3941, "object_boundaries": ["on_boundary && x[0]>0.35151 && x[0]< 0.60425 && x[1]>0.17455 && x[1]< 0.41698"], "height": 0.41, "width": 1.6, "inflow_peak": 1.49}