{"nodes": 2089, "object_boundaries": ["on_boundary && x[0]>0.11996 && x[0]< 0.28204 && x[1]>0.10016 && x[1]< 0.30445"], "height": 0.41, "width": 1.6, "inflow_peak": 0.6}