{"nodes": 1999, "object_boundaries": ["on_boundary && x[0]>0.25078 && x[0]< 0.41921 && x[1]>0.22488 && x[1]< 0.37512"], "height": 0.41, "width": 1.6, "inflow_peak": 1.49}