{"nodes": 2143, "cells": 4054, "object_boundaries": ["on_boundary && x[0]>0.28068 && x[0]< 0.5379 && x[1]>0.08718 && x[1]< 0.3444"], "height": 0.41, "width": 1.6, "inflow_peak": 0.95}