{"nodes": 2089, "cells": 3955, "object_boundaries": ["on_boundary && x[0]>0.34143 && x[0]< 0.48217 && x[1]>0.18466 && x[1]< 0.3254"], "height": 0.41, "width": 1.6, "inflow_peak": 1.153}