{"nodes": 1717, "object_boundaries": ["on_boundary && x[0]>0.29179 && x[0]< 0.52474 && x[1]>0.12686 && x[1]< 0.36539"], "height": 0.41, "width": 1.6, "inflow_peak": 1.36}