{"nodes": 2242, "object_boundaries": ["on_boundary && x[0]>0.1579 && x[0]< 0.31247 && x[1]>0.20258 && x[1]< 0.36247"], "height": 0.41, "width": 1.6, "inflow_peak": 0.26}