{"nodes": 2048, "object_boundaries": ["on_boundary && x[0]>0.25038 && x[0]< 0.43033 && x[1]>0.16901 && x[1]< 0.38125"], "height": 0.41, "width": 1.6, "inflow_peak": 1.1}