{"nodes": 2120, "object_boundaries": ["on_boundary && x[0]>0.22268 && x[0]< 0.41239 && x[1]>0.17042 && x[1]< 0.42958"], "height": 0.41, "width": 1.6, "inflow_peak": 0.97}