{"nodes": 1915, "cells": 3632, "object_boundaries": ["on_boundary && x[0]>0.15258 && x[0]< 0.21727 && x[1]>0.08732 && x[1]< 0.14855"], "height": 0.41, "width": 1.6, "inflow_peak": 0.256}