{"nodes": 1937, "object_boundaries": ["on_boundary && x[0]>0.25674 && x[0]< 0.48976 && x[1]>0.09108 && x[1]< 0.3241"], "height": 0.41, "width": 1.6, "inflow_peak": 2.182}