{"nodes": 1834, "object_boundaries": ["on_boundary && x[0]>0.24456 && x[0]< 0.50038 && x[1]>0.06747 && x[1]< 0.32329"], "height": 0.41, "width": 1.6, "inflow_peak": 0.464}