{"nodes": 1926, "cells": 3655, "object_boundaries": ["on_boundary && x[0]>0.15828 && x[0]< 0.21819 && x[1]>0.0771 && x[1]< 0.13701"], "height": 0.41, "width": 1.6, "inflow_peak": 1.466}