{"nodes": 2074, "object_boundaries": ["on_boundary && x[0]>0.18526 && x[0]< 0.38169 && x[1]>0.09131 && x[1]< 0.29572"], "height": 0.41, "width": 1.6, "inflow_peak": 2.35}