{"nodes": 1989, "cells": 3778, "object_boundaries": ["on_boundary && x[0]>0.40109 && x[0]< 0.56127 && x[1]>0.02919 && x[1]< 0.18213"], "height": 0.41, "width": 1.6, "inflow_peak": 0.44}