{"nodes": 2317, "object_boundaries": ["on_boundary && x[0]>0.24994 && x[0]< 0.43202 && x[1]>0.10124 && x[1]< 0.2546"], "height": 0.41, "width": 1.6, "inflow_peak": 0.98}