{"nodes": 2120, "object_boundaries": ["on_boundary && x[0]>0.30108 && x[0]< 0.4967 && x[1]>0.08038 && x[1]< 0.27601"], "height": 0.41, "width": 1.6, "inflow_peak": 1.429}