{"nodes": 1787, "object_boundaries": ["on_boundary && x[0]>0.16824 && x[0]< 0.42998 && x[1]>0.16854 && x[1]< 0.43027"], "height": 0.41, "width": 1.6, "inflow_peak": 1.962}