{"nodes": 1806, "object_boundaries": ["on_boundary && x[0]>0.12828 && x[0]< 0.38614 && x[1]>0.06058 && x[1]< 0.31844"], "height": 0.41, "width": 1.6, "inflow_peak": 2.066}