{"nodes": 2027, "cells": 3831, "object_boundaries": ["on_boundary && x[0]>0.13864 && x[0]< 0.27931 && x[1]>0.11292 && x[1]< 0.25358"], "height": 0.41, "width": 1.6, "inflow_peak": 2.067}