{"nodes": 2953, "object_boundaries": ["on_boundary && x[0]>0.2203 && x[0]< 0.40718 && x[1]>0.05376 && x[1]< 0.3047", "on_boundary && x[0]>0.79558 && x[0]< 0.94998 && x[1]>0.03792 && x[1]< 0.22523"], "height": 0.41, "width": 1.6, "inflow_peak": 2.01}