{"nodes": 2554, "object_boundaries": ["on_boundary && x[0]>0.29983 && x[0]< 0.48067 && x[1]>0.12941 && x[1]< 0.33224", "on_boundary && x[0]>0.76129 && x[0]< 0.88129 && x[1]>0.1657 && x[1]< 0.32086"], "height": 0.41, "width": 1.6, "inflow_peak": 0.77}