{"nodes": 2328, "object_boundaries": ["on_boundary && x[0]>0.40371 && x[0]< 0.56698 && x[1]>0.20505 && x[1]< 0.35378"], "height": 0.41, "width": 1.6, "inflow_peak": 1.54}