{"nodes": 2123, "cells": 4027, "object_boundaries": ["on_boundary && x[0]>0.41277 && x[0]< 0.55285 && x[1]>0.24662 && x[1]< 0.35207"], "height": 0.41, "width": 1.6, "inflow_peak": 1.767}