{"nodes": 2116, "cells": 4010, "object_boundaries": ["on_boundary && x[0]>0.13454 && x[0]< 0.26451 && x[1]>0.216 && x[1]< 0.34597"], "height": 0.41, "width": 1.6, "inflow_peak": 0.891}