{"nodes": 2122, "cells": 4035, "object_boundaries": ["on_boundary && x[0]>0.27739 && x[0]< 0.45687 && x[1]>0.12154 && x[1]< 0.30449"], "height": 0.41, "width": 1.6, "inflow_peak": 0.99}