{"nodes": 1713, "object_boundaries": ["on_boundary && x[0]>0.24724 && x[0]< 0.42813 && x[1]>0.08397 && x[1]< 0.26486"], "height": 0.41, "width": 1.6, "inflow_peak": 1.15}