{"nodes": 2129, "object_boundaries": ["on_boundary && x[0]>0.28763 && x[0]< 0.47763 && x[1]>0.04321 && x[1]< 0.23322"], "height": 0.41, "width": 1.6, "inflow_peak": 1.55}