{"nodes": 2015, "cells": 3822, "object_boundaries": ["on_boundary && x[0]>0.11243 && x[0]< 0.32591 && x[1]>0.10152 && x[1]< 0.24822"], "height": 0.41, "width": 1.6, "inflow_peak": 0.55}