{"nodes": 2275, "object_boundaries": ["on_boundary && x[0]>0.38056 && x[0]< 0.50669 && x[1]>0.08919 && x[1]< 0.26924"], "height": 0.41, "width": 1.6, "inflow_peak": 1.31}