{"nodes": 2100, "object_boundaries": ["on_boundary && x[0]>0.14185 && x[0]< 0.3395 && x[1]>0.08167 && x[1]< 0.36167"], "height": 0.41, "width": 1.6, "inflow_peak": 1.1}