{"nodes": 1756, "object_boundaries": ["on_boundary && x[0]>0.31712 && x[0]< 0.43979 && x[1]>0.06579 && x[1]< 0.18846"], "height": 0.41, "width": 1.6, "inflow_peak": 1.38}