{"nodes": 1993, "cells": 3790, "object_boundaries": ["on_boundary && x[0]>0.37838 && x[0]< 0.52359 && x[1]>0.15831 && x[1]< 0.30352"], "height": 0.41, "width": 1.6, "inflow_peak": 1.31}