{"nodes": 1901, "object_boundaries": ["on_boundary && x[0]>0.14882 && x[0]< 0.38398 && x[1]>0.11917 && x[1]< 0.35434"], "height": 0.41, "width": 1.6, "inflow_peak": 2.046}