{"nodes": 2005, "object_boundaries": ["on_boundary && x[0]>0.29146 && x[0]< 0.50674 && x[1]>0.12448 && x[1]< 0.33976"], "height": 0.41, "width": 1.6, "inflow_peak": 1.556}