{"nodes": 2109, "object_boundaries": ["on_boundary && x[0]>0.22016 && x[0]< 0.50016 && x[1]>0.12099 && x[1]< 0.40099"], "height": 0.41, "width": 1.6, "inflow_peak": 0.968}