{"nodes": 2000, "cells": 3789, "object_boundaries": ["on_boundary && x[0]>0.22749 && x[0]< 0.32907 && x[1]>0.16011 && x[1]< 0.26169"], "height": 0.41, "width": 1.6, "inflow_peak": 0.463}