{"nodes": 1695, "object_boundaries": ["on_boundary && x[0]>0.39322 && x[0]< 0.62339 && x[1]>0.05512 && x[1]< 0.29965"], "height": 0.41, "width": 1.6, "inflow_peak": 0.32}