{"nodes": 2127, "cells": 4036, "object_boundaries": ["on_boundary && x[0]>0.21986 && x[0]< 0.43972 && x[1]>0.05741 && x[1]< 0.25615"], "height": 0.41, "width": 1.6, "inflow_peak": 0.86}