{"nodes": 2294, "object_boundaries": ["on_boundary && x[0]>0.22384 && x[0]< 0.46863 && x[1]>0.10058 && x[1]< 0.26269", "on_boundary && x[0]>0.61549 && x[0]< 0.77494 && x[1]>0.0469 && x[1]< 0.21054"], "height": 0.41, "width": 1.6, "inflow_peak": 0.61}