{"nodes": 2166, "cells": 4106, "object_boundaries": ["on_boundary && x[0]>0.29223 && x[0]< 0.43772 && x[1]>0.10916 && x[1]< 0.24492"], "height": 0.41, "width": 1.6, "inflow_peak": 0.931}