{"nodes": 2141, "object_boundaries": ["on_boundary && x[0]>0.22865 && x[0]< 0.39379 && x[1]>0.09646 && x[1]< 0.29796"], "height": 0.41, "width": 1.6, "inflow_peak": 1.1}