{"nodes": 2070, "cells": 3920, "object_boundaries": ["on_boundary && x[0]>0.3551 && x[0]< 0.4563 && x[1]>0.16375 && x[1]< 0.32113"], "height": 0.41, "width": 1.6, "inflow_peak": 1.319}