{"nodes": 1885, "object_boundaries": ["on_boundary && x[0]>0.33518 && x[0]< 0.5625 && x[1]>0.01318 && x[1]< 0.26254"], "height": 0.41, "width": 1.6, "inflow_peak": 1.17}