{"nodes": 1962, "object_boundaries": ["on_boundary && x[0]>0.21272 && x[0]< 0.41128 && x[1]>0.05179 && x[1]< 0.24522"], "height": 0.41, "width": 1.6, "inflow_peak": 0.41}