{"nodes": 2104, "object_boundaries": ["on_boundary && x[0]>0.22436 && x[0]< 0.43946 && x[1]>0.10537 && x[1]< 0.32047"], "height": 0.41, "width": 1.6, "inflow_peak": 1.32}