{"nodes": 2044, "object_boundaries": ["on_boundary && x[0]>0.36282 && x[0]< 0.57033 && x[1]>0.11751 && x[1]< 0.32223"], "height": 0.41, "width": 1.6, "inflow_peak": 1.11}