{"nodes": 2091, "cells": 3976, "object_boundaries": ["on_boundary && x[0]>0.36482 && x[0]< 0.53392 && x[1]>0.0591 && x[1]< 0.2282"], "height": 0.41, "width": 1.6, "inflow_peak": 1.43}