{"nodes": 2207, "object_boundaries": ["on_boundary && x[0]>0.36959 && x[0]< 0.54956 && x[1]>0.12729 && x[1]< 0.30726"], "height": 0.41, "width": 1.6, "inflow_peak": 0.35}