{"nodes": 2236, "object_boundaries": ["on_boundary && x[0]>0.24455 && x[0]< 0.4316 && x[1]>0.04398 && x[1]< 0.23103", "on_boundary && x[0]>0.58696 && x[0]< 0.85293 && x[1]>0.06505 && x[1]< 0.33103"], "height": 0.41, "width": 1.6, "inflow_peak": 1.45}