{"nodes": 2972, "object_boundaries": ["on_boundary && x[0]>0.15908 && x[0]< 0.3269 && x[1]>0.04523 && x[1]< 0.21305", "on_boundary && x[0]>0.70252 && x[0]< 0.90516 && x[1]>0.15631 && x[1]< 0.35894"], "height": 0.41, "width": 1.6, "inflow_peak": 0.17}