{"nodes": 2323, "object_boundaries": ["on_boundary && x[0]>0.28231 && x[0]< 0.44363 && x[1]>0.10277 && x[1]< 0.26409"], "height": 0.41, "width": 1.6, "inflow_peak": 1.53}