{"nodes": 2463, "object_boundaries": ["on_boundary && x[0]>0.32148 && x[0]< 0.50273 && x[1]>0.08504 && x[1]< 0.21185"], "height": 0.41, "width": 1.6, "inflow_peak": 1.38}