{"nodes": 1997, "object_boundaries": ["on_boundary && x[0]>0.05846 && x[0]< 0.30059 && x[1]>0.21317 && x[1]< 0.38338"], "height": 0.41, "width": 1.6, "inflow_peak": 0.95}