{"nodes": 2128, "object_boundaries": ["on_boundary && x[0]>0.2359 && x[0]< 0.41295 && x[1]>0.08039 && x[1]< 0.29112"], "height": 0.41, "width": 1.6, "inflow_peak": 0.65}