{"nodes": 2140, "object_boundaries": ["on_boundary && x[0]>0.43251 && x[0]< 0.62749 && x[1]>0.1765 && x[1]< 0.33387"], "height": 0.41, "width": 1.6, "inflow_peak": 1.44}