{"nodes": 2032, "cells": 3858, "object_boundaries": ["on_boundary && x[0]>0.31017 && x[0]< 0.3967 && x[1]>0.12761 && x[1]< 0.21302"], "height": 0.41, "width": 1.6, "inflow_peak": 1.106}