{"nodes": 2076, "object_boundaries": ["on_boundary && x[0]>0.13371 && x[0]< 0.3081 && x[1]>0.15869 && x[1]< 0.36012"], "height": 0.41, "width": 1.6, "inflow_peak": 0.94}