{"nodes": 1995, "cells": 3786, "object_boundaries": ["on_boundary && x[0]>0.15629 && x[0]< 0.31141 && x[1]>0.1527 && x[1]< 0.33848"], "height": 0.41, "width": 1.6, "inflow_peak": 1.53}