{"nodes": 2429, "object_boundaries": ["on_boundary && x[0]>0.11595 && x[0]< 0.27415 && x[1]>0.10595 && x[1]< 0.22595"], "height": 0.41, "width": 1.6, "inflow_peak": 1.3}