{"nodes": 2149, "object_boundaries": ["on_boundary && x[0]>0.37921 && x[0]< 0.56804 && x[1]>0.14031 && x[1]< 0.32437"], "height": 0.41, "width": 1.6, "inflow_peak": 1.84}