{"nodes": 2040, "cells": 3879, "object_boundaries": ["on_boundary && x[0]>0.3893 && x[0]< 0.44583 && x[1]>0.1718 && x[1]< 0.25405"], "height": 0.41, "width": 1.6, "inflow_peak": 1.822}