{"nodes": 1912, "object_boundaries": ["on_boundary && x[0]>0.45592 && x[0]< 0.60408 && x[1]>0.09205 && x[1]< 0.24021"], "height": 0.41, "width": 1.6, "inflow_peak": 1.6}