{"nodes": 2390, "object_boundaries": ["on_boundary && x[0]>0.19969 && x[0]< 0.34359 && x[1]>0.06483 && x[1]< 0.20873"], "height": 0.41, "width": 1.6, "inflow_peak": 1.24}