{"nodes": 2038, "cells": 3853, "object_boundaries": ["on_boundary && x[0]>0.20932 && x[0]< 0.43987 && x[1]>0.01222 && x[1]< 0.24277"], "height": 0.41, "width": 1.6, "inflow_peak": 1.16}