{"nodes": 1996, "object_boundaries": ["on_boundary && x[0]>0.39 && x[0]< 0.67 && x[1]>0.00805 && x[1]< 0.28805", "on_boundary && x[0]>0.79609 && x[0]< 1.01891 && x[1]>0.18859 && x[1]< 0.41141"], "height": 0.41, "width": 1.6, "inflow_peak": 1.56}