{"nodes": 2052, "cells": 3883, "object_boundaries": ["on_boundary && x[0]>0.18961 && x[0]< 0.31498 && x[1]>0.09655 && x[1]< 0.2384"], "height": 0.41, "width": 1.6, "inflow_peak": 0.85}