{"nodes": 2277, "object_boundaries": ["on_boundary && x[0]>0.11617 && x[0]< 0.36387 && x[1]>0.12118 && x[1]< 0.24118"], "height": 0.41, "width": 1.6, "inflow_peak": 0.97}