{"nodes": 2228, "object_boundaries": ["on_boundary && x[0]>0.21286 && x[0]< 0.45906 && x[1]>0.08254 && x[1]< 0.22872"], "height": 0.41, "width": 1.6, "inflow_peak": 0.71}