{"nodes": 2012, "cells": 3814, "object_boundaries": ["on_boundary && x[0]>0.15583 && x[0]< 0.33905 && x[1]>0.11099 && x[1]< 0.30579"], "height": 0.41, "width": 1.6, "inflow_peak": 1.41}