{"nodes": 2322, "object_boundaries": ["on_boundary && x[0]>0.35044 && x[0]< 0.52533 && x[1]>0.16975 && x[1]< 0.31057"], "height": 0.41, "width": 1.6, "inflow_peak": 0.52}