{"nodes": 1957, "object_boundaries": ["on_boundary && x[0]>0.23083 && x[0]< 0.44475 && x[1]>0.18811 && x[1]< 0.40634"], "height": 0.41, "width": 1.6, "inflow_peak": 1.99}