{"nodes": 2091, "object_boundaries": ["on_boundary && x[0]>0.16025 && x[0]< 0.33468 && x[1]>0.08989 && x[1]< 0.28995"], "height": 0.41, "width": 1.6, "inflow_peak": 1.85}