{"nodes": 2044, "cells": 3866, "object_boundaries": ["on_boundary && x[0]>0.08059 && x[0]< 0.30088 && x[1]>0.03824 && x[1]< 0.25854"], "height": 0.41, "width": 1.6, "inflow_peak": 2.17}