{"nodes": 1886, "object_boundaries": ["on_boundary && x[0]>0.02227 && x[0]< 0.24522 && x[1]>0.159 && x[1]< 0.38195"], "height": 0.41, "width": 1.6, "inflow_peak": 1.776}