{"nodes": 2168, "object_boundaries": ["on_boundary && x[0]>0.19395 && x[0]< 0.36878 && x[1]>0.11858 && x[1]< 0.29341"], "height": 0.41, "width": 1.6, "inflow_peak": 0.891}