{"nodes": 1901, "cells": 3606, "object_boundaries": ["on_boundary && x[0]>0.09155 && x[0]< 0.23796 && x[1]>0.03361 && x[1]< 0.18002"], "height": 0.41, "width": 1.6, "inflow_peak": 1.313}