{"nodes": 2077, "object_boundaries": ["on_boundary && x[0]>0.37027 && x[0]< 0.57235 && x[1]>0.10445 && x[1]< 0.30653"], "height": 0.41, "width": 1.6, "inflow_peak": 1.76}