{"nodes": 1979, "object_boundaries": ["on_boundary && x[0]>0.21384 && x[0]< 0.43139 && x[1]>0.09434 && x[1]< 0.31188"], "height": 0.41, "width": 1.6, "inflow_peak": 0.751}