{"nodes": 1853, "object_boundaries": ["on_boundary && x[0]>0.14725 && x[0]< 0.39231 && x[1]>0.14417 && x[1]< 0.38923"], "height": 0.41, "width": 1.6, "inflow_peak": 2.122}