{"nodes": 2048, "object_boundaries": ["on_boundary && x[0]>0.23899 && x[0]< 0.3606 && x[1]>0.10907 && x[1]< 0.23068"], "height": 0.41, "width": 1.6, "inflow_peak": 0.574}