{"nodes": 2043, "object_boundaries": ["on_boundary && x[0]>0.34972 && x[0]< 0.52123 && x[1]>0.09644 && x[1]< 0.32181"], "height": 0.41, "width": 1.6, "inflow_peak": 1.33}