{"nodes": 1992, "object_boundaries": ["on_boundary && x[0]>0.22145 && x[0]< 0.46372 && x[1]>0.05448 && x[1]< 0.27552", "on_boundary && x[0]>0.71568 && x[0]< 0.88855 && x[1]>0.02966 && x[1]< 0.21378"], "height": 0.41, "width": 1.6, "inflow_peak": 2.14}