{"nodes": 2021, "cells": 3832, "object_boundaries": ["on_boundary && x[0]>0.15199 && x[0]< 0.24733 && x[1]>0.1338 && x[1]< 0.21599"], "height": 0.41, "width": 1.6, "inflow_peak": 1.565}