{"nodes": 2426, "object_boundaries": ["on_boundary && x[0]>0.33587 && x[0]< 0.4759 && x[1]>0.08466 && x[1]< 0.22469"], "height": 0.41, "width": 1.6, "inflow_peak": 0.25}