{"nodes": 2206, "object_boundaries": ["on_boundary && x[0]>0.19046 && x[0]< 0.44001 && x[1]>0.11842 && x[1]< 0.36797"], "height": 0.41, "width": 1.6, "inflow_peak": 1.59}