{"nodes": 1974, "cells": 3744, "object_boundaries": ["on_boundary && x[0]>0.23866 && x[0]< 0.40858 && x[1]>0.01627 && x[1]< 0.18619"], "height": 0.41, "width": 1.6, "inflow_peak": 2.12}