{"nodes": 1838, "object_boundaries": ["on_boundary && x[0]>0.24073 && x[0]< 0.38638 && x[1]>0.20691 && x[1]< 0.35256"], "height": 0.41, "width": 1.6, "inflow_peak": 1.74}