{"nodes": 2183, "object_boundaries": ["on_boundary && x[0]>0.27849 && x[0]< 0.4681 && x[1]>0.06817 && x[1]< 0.25778"], "height": 0.41, "width": 1.6, "inflow_peak": 1.406}