{"nodes": 1931, "object_boundaries": ["on_boundary && x[0]>0.02848 && x[0]< 0.23152 && x[1]>0.05946 && x[1]< 0.26251"], "height": 0.41, "width": 1.6, "inflow_peak": 1.421}