{"nodes": 2209, "object_boundaries": ["on_boundary && x[0]>0.14763 && x[0]< 0.31109 && x[1]>0.06957 && x[1]< 0.23303"], "height": 0.41, "width": 1.6, "inflow_peak": 0.963}