{"nodes": 1977, "cells": 3754, "object_boundaries": ["on_boundary && x[0]>0.27789 && x[0]< 0.346 && x[1]>0.09185 && x[1]< 0.15996"], "height": 0.41, "width": 1.6, "inflow_peak": 0.474}