{"nodes": 2149, "object_boundaries": ["on_boundary && x[0]>0.19528 && x[0]< 0.47323 && x[1]>0.04701 && x[1]< 0.32495"], "height": 0.41, "width": 1.6, "inflow_peak": 1.96}