{"nodes": 2007, "cells": 3809, "object_boundaries": ["on_boundary && x[0]>0.21789 && x[0]< 0.37432 && x[1]>0.10116 && x[1]< 0.29213"], "height": 0.41, "width": 1.6, "inflow_peak": 1.71}