{"nodes": 2010, "object_boundaries": ["on_boundary && x[0]>0.17649 && x[0]< 0.38379 && x[1]>0.01561 && x[1]< 0.2114"], "height": 0.41, "width": 1.6, "inflow_peak": 1.85}