{"nodes": 2057, "object_boundaries": ["on_boundary && x[0]>0.05026 && x[0]< 0.31728 && x[1]>0.07527 && x[1]< 0.33497"], "height": 0.41, "width": 1.6, "inflow_peak": 1.32}