{"nodes": 2268, "object_boundaries": ["on_boundary && x[0]>0.36614 && x[0]< 0.55508 && x[1]>0.07451 && x[1]< 0.22183"], "height": 0.41, "width": 1.6, "inflow_peak": 1.15}