{"nodes": 2098, "cells": 3982, "object_boundaries": ["on_boundary && x[0]>0.41186 && x[0]< 0.51676 && x[1]>0.15491 && x[1]< 0.2598"], "height": 0.41, "width": 1.6, "inflow_peak": 0.635}