{"nodes": 1676, "object_boundaries": ["on_boundary && x[0]>0.21856 && x[0]< 0.39247 && x[1]>0.10037 && x[1]< 0.27428"], "height": 0.41, "width": 1.6, "inflow_peak": 1.46}