{"nodes": 1798, "object_boundaries": ["on_boundary && x[0]>0.22681 && x[0]< 0.42158 && x[1]>0.09021 && x[1]< 0.28498"], "height": 0.41, "width": 1.6, "inflow_peak": 1.69}