{"nodes": 2234, "object_boundaries": ["on_boundary && x[0]>0.16697 && x[0]< 0.42263 && x[1]>0.04613 && x[1]< 0.30179"], "height": 0.41, "width": 1.6, "inflow_peak": 1.073}