{"nodes": 2335, "object_boundaries": ["on_boundary && x[0]>0.28107 && x[0]< 0.42136 && x[1]>0.04179 && x[1]< 0.18208"], "height": 0.41, "width": 1.6, "inflow_peak": 1.119}