{"nodes": 2033, "cells": 3849, "object_boundaries": ["on_boundary && x[0]>0.20207 && x[0]< 0.41381 && x[1]>0.16096 && x[1]< 0.3727"], "height": 0.41, "width": 1.6, "inflow_peak": 0.803}