{"nodes": 2256, "object_boundaries": ["on_boundary && x[0]>0.19645 && x[0]< 0.35459 && x[1]>0.1261 && x[1]< 0.33856", "on_boundary && x[0]>0.70742 && x[0]< 0.90932 && x[1]>0.02789 && x[1]< 0.18553"], "height": 0.41, "width": 1.6, "inflow_peak": 0.62}