{"nodes": 1730, "object_boundaries": ["on_boundary && x[0]>0.18992 && x[0]< 0.39954 && x[1]>0.11066 && x[1]< 0.29696"], "height": 0.41, "width": 1.6, "inflow_peak": 0.98}