{"nodes": 2065, "cells": 3918, "object_boundaries": ["on_boundary && x[0]>0.34813 && x[0]< 0.5198 && x[1]>0.12505 && x[1]< 0.34001"], "height": 0.41, "width": 1.6, "inflow_peak": 1.4}