{"nodes": 2061, "cells": 3892, "object_boundaries": ["on_boundary && x[0]>0.19008 && x[0]< 0.35228 && x[1]>0.0779 && x[1]< 0.24009"], "height": 0.41, "width": 1.6, "inflow_peak": 1.079}