{"nodes": 1948, "cells": 3683, "object_boundaries": ["on_boundary && x[0]>0.08019 && x[0]< 0.27913 && x[1]>0.00129 && x[1]< 0.20023"], "height": 0.41, "width": 1.6, "inflow_peak": 0.883}