{"nodes": 2498, "object_boundaries": ["on_boundary && x[0]>0.15109 && x[0]< 0.27109 && x[1]>0.18879 && x[1]< 0.30879"], "height": 0.41, "width": 1.6, "inflow_peak": 0.667}