{"nodes": 1848, "object_boundaries": ["on_boundary && x[0]>0.36991 && x[0]< 0.62455 && x[1]>0.10636 && x[1]< 0.361"], "height": 0.41, "width": 1.6, "inflow_peak": 2.243}