{"nodes": 2078, "cells": 3934, "object_boundaries": ["on_boundary && x[0]>0.1858 && x[0]< 0.32666 && x[1]>0.03354 && x[1]< 0.1744"], "height": 0.41, "width": 1.6, "inflow_peak": 0.596}