{"nodes": 2048, "cells": 3885, "object_boundaries": ["on_boundary && x[0]>0.28334 && x[0]< 0.47661 && x[1]>0.05517 && x[1]< 0.24843"], "height": 0.41, "width": 1.6, "inflow_peak": 1.08}