{"nodes": 1872, "object_boundaries": ["on_boundary && x[0]>0.07108 && x[0]< 0.30577 && x[1]>0.11363 && x[1]< 0.34832"], "height": 0.41, "width": 1.6, "inflow_peak": 0.642}