{"nodes": 2073, "object_boundaries": ["on_boundary && x[0]>0.30028 && x[0]< 0.50645 && x[1]>0.08745 && x[1]< 0.29362"], "height": 0.41, "width": 1.6, "inflow_peak": 1.412}