{"nodes": 1966, "object_boundaries": ["on_boundary && x[0]>0.23528 && x[0]< 0.46196 && x[1]>0.05663 && x[1]< 0.2833"], "height": 0.41, "width": 1.6, "inflow_peak": 0.582}