{"nodes": 2071, "object_boundaries": ["on_boundary && x[0]>0.26597 && x[0]< 0.4587 && x[1]>0.17886 && x[1]< 0.37159"], "height": 0.41, "width": 1.6, "inflow_peak": 2.003}