{"nodes": 2223, "object_boundaries": ["on_boundary && x[0]>0.21135 && x[0]< 0.38025 && x[1]>0.05159 && x[1]< 0.22049"], "height": 0.41, "width": 1.6, "inflow_peak": 1.723}