{"nodes": 2200, "object_boundaries": ["on_boundary && x[0]>0.11896 && x[0]< 0.37135 && x[1]>0.11502 && x[1]< 0.36741"], "height": 0.41, "width": 1.6, "inflow_peak": 0.72}