{"nodes": 3243, "object_boundaries": ["on_boundary && x[0]>0.26378 && x[0]< 0.46302 && x[1]>0.11186 && x[1]< 0.31111", "on_boundary && x[0]>0.65979 && x[0]< 0.77979 && x[1]>0.15911 && x[1]< 0.27911"], "height": 0.41, "width": 1.6, "inflow_peak": 1.2}