{"nodes": 2103, "object_boundaries": ["on_boundary && x[0]>0.24837 && x[0]< 0.44145 && x[1]>0.04073 && x[1]< 0.23381"], "height": 0.41, "width": 1.6, "inflow_peak": 2.02}