{"nodes": 2668, "object_boundaries": ["on_boundary && x[0]>0.33453 && x[0]< 0.59142 && x[1]>0.05994 && x[1]< 0.31683", "on_boundary && x[0]>0.78384 && x[0]< 0.92515 && x[1]>0.08751 && x[1]< 0.22882"], "height": 0.41, "width": 1.6, "inflow_peak": 1.02}