{"nodes": 1986, "cells": 3774, "object_boundaries": ["on_boundary && x[0]>0.21034 && x[0]< 0.3619 && x[1]>0.0931 && x[1]< 0.24633"], "height": 0.41, "width": 1.6, "inflow_peak": 0.52}