{"nodes": 2018, "object_boundaries": ["on_boundary && x[0]>0.16163 && x[0]< 0.36546 && x[1]>0.05174 && x[1]< 0.25557"], "height": 0.41, "width": 1.6, "inflow_peak": 0.42}