{"nodes": 1967, "cells": 3723, "object_boundaries": ["on_boundary && x[0]>0.12361 && x[0]< 0.22709 && x[1]>0.19031 && x[1]< 0.2938"], "height": 0.41, "width": 1.6, "inflow_peak": 2.074}