{"nodes": 1930, "object_boundaries": ["on_boundary && x[0]>0.29167 && x[0]< 0.52754 && x[1]>0.08333 && x[1]< 0.3192"], "height": 0.41, "width": 1.6, "inflow_peak": 0.789}