{"nodes": 2262, "object_boundaries": ["on_boundary && x[0]>0.17074 && x[0]< 0.32227 && x[1]>0.21517 && x[1]< 0.36671"], "height": 0.41, "width": 1.6, "inflow_peak": 0.925}