{"nodes": 1879, "object_boundaries": ["on_boundary && x[0]>0.04958 && x[0]< 0.27098 && x[1]>0.0114 && x[1]< 0.23281"], "height": 0.41, "width": 1.6, "inflow_peak": 1.282}