{"nodes": 1975, "cells": 3755, "object_boundaries": ["on_boundary && x[0]>0.23563 && x[0]< 0.28633 && x[1]>0.08118 && x[1]< 0.13189"], "height": 0.41, "width": 1.6, "inflow_peak": 1.164}