{"nodes": 2513, "object_boundaries": ["on_boundary && x[0]>0.25091 && x[0]< 0.37763 && x[1]>0.18397 && x[1]< 0.31068"], "height": 0.41, "width": 1.6, "inflow_peak": 0.15}