{"nodes": 1960, "object_boundaries": ["on_boundary && x[0]>0.23791 && x[0]< 0.46527 && x[1]>0.04473 && x[1]< 0.27208"], "height": 0.41, "width": 1.6, "inflow_peak": 1.243}