{"nodes": 1983, "object_boundaries": ["on_boundary && x[0]>0.22663 && x[0]< 0.36592 && x[1]>0.07493 && x[1]< 0.21422"], "height": 0.41, "width": 1.6, "inflow_peak": 1.38}