{"nodes": 2061, "cells": 3890, "object_boundaries": ["on_boundary && x[0]>0.19746 && x[0]< 0.45432 && x[1]>-0.02154 && x[1]< 0.23532"], "height": 0.41, "width": 1.6, "inflow_peak": 1.01}