{"nodes": 1885, "object_boundaries": ["on_boundary && x[0]>0.07741 && x[0]< 0.30781 && x[1]>0.0773 && x[1]< 0.30771"], "height": 0.41, "width": 1.6, "inflow_peak": 1.14}