{"nodes": 1948, "object_boundaries": ["on_boundary && x[0]>0.15322 && x[0]< 0.37438 && x[1]>0.11588 && x[1]< 0.33704"], "height": 0.41, "width": 1.6, "inflow_peak": 1.084}