{"nodes": 1912, "object_boundaries": ["on_boundary && x[0]>0.22535 && x[0]< 0.37794 && x[1]>0.07658 && x[1]< 0.22917"], "height": 0.41, "width": 1.6, "inflow_peak": 2.067}