{"nodes": 2081, "object_boundaries": ["on_boundary && x[0]>0.19077 && x[0]< 0.37826 && x[1]>0.02969 && x[1]< 0.21718"], "height": 0.41, "width": 1.6, "inflow_peak": 1.46}