{"nodes": 1674, "object_boundaries": ["on_boundary && x[0]>0.3068 && x[0]< 0.57472 && x[1]>0.17053 && x[1]< 0.43378"], "height": 0.41, "width": 1.6, "inflow_peak": 0.37}