{"nodes": 2020, "cells": 3818, "object_boundaries": ["on_boundary && x[0]>0.1063 && x[0]< 0.334 && x[1]>0.04916 && x[1]< 0.27686"], "height": 0.41, "width": 1.6, "inflow_peak": 0.39}