{"nodes": 1985, "cells": 3766, "object_boundaries": ["on_boundary && x[0]>0.40779 && x[0]< 0.57678 && x[1]>0.19291 && x[1]< 0.3619"], "height": 0.41, "width": 1.6, "inflow_peak": 0.64}