{"nodes": 1937, "object_boundaries": ["on_boundary && x[0]>0.39816 && x[0]< 0.53796 && x[1]>0.12128 && x[1]< 0.26107"], "height": 0.41, "width": 1.6, "inflow_peak": 1.03}