{"nodes": 1864, "object_boundaries": ["on_boundary && x[0]>0.24563 && x[0]< 0.49212 && x[1]>0.0166 && x[1]< 0.26309"], "height": 0.41, "width": 1.6, "inflow_peak": 1.08}