{"nodes": 1789, "object_boundaries": ["on_boundary && x[0]>0.02131 && x[0]< 0.28043 && x[1]>-0.02956 && x[1]< 0.22956"], "height": 0.41, "width": 1.6, "inflow_peak": 1.95}