{"nodes": 2822, "object_boundaries": ["on_boundary && x[0]>0.26062 && x[0]< 0.45497 && x[1]>0.04125 && x[1]< 0.23561", "on_boundary && x[0]>0.80933 && x[0]< 0.93721 && x[1]>0.07623 && x[1]< 0.20411"], "height": 0.41, "width": 1.6, "inflow_peak": 0.79}