{"nodes": 2225, "object_boundaries": ["on_boundary && x[0]>0.13789 && x[0]< 0.38988 && x[1]>0.06207 && x[1]< 0.31406"], "height": 0.41, "width": 1.6, "inflow_peak": 1.21}