{"nodes": 2085, "object_boundaries": ["on_boundary && x[0]>0.29988 && x[0]< 0.54689 && x[1]>0.09825 && x[1]< 0.34526", "on_boundary && x[0]>0.84879 && x[0]< 1.09919 && x[1]>0.0504 && x[1]< 0.3008"], "height": 0.41, "width": 1.6, "inflow_peak": 1.05}