{"nodes": 2731, "object_boundaries": ["on_boundary && x[0]>0.10044 && x[0]< 0.28569 && x[1]>0.08168 && x[1]< 0.26693", "on_boundary && x[0]>0.90523 && x[0]< 1.05528 && x[1]>0.04678 && x[1]< 0.19684"], "height": 0.41, "width": 1.6, "inflow_peak": 0.4}