{"nodes": 2055, "cells": 3900, "object_boundaries": ["on_boundary && x[0]>0.3812 && x[0]< 0.47889 && x[1]>0.11416 && x[1]< 0.21186"], "height": 0.41, "width": 1.6, "inflow_peak": 0.573}