{"nodes": 2070, "object_boundaries": ["on_boundary && x[0]>0.15312 && x[0]< 0.34577 && x[1]>0.08113 && x[1]< 0.27379"], "height": 0.41, "width": 1.6, "inflow_peak": 0.816}