{"nodes": 1894, "object_boundaries": ["on_boundary && x[0]>0.21784 && x[0]< 0.45233 && x[1]>0.01065 && x[1]< 0.24514"], "height": 0.41, "width": 1.6, "inflow_peak": 0.945}