{"nodes": 1967, "cells": 3727, "object_boundaries": ["on_boundary && x[0]>0.127 && x[0]< 0.30734 && x[1]>0.19078 && x[1]< 0.37112"], "height": 0.41, "width": 1.6, "inflow_peak": 0.565}