{"nodes": 2067, "object_boundaries": ["on_boundary && x[0]>0.1912 && x[0]< 0.42712 && x[1]>0.04644 && x[1]< 0.28075"], "height": 0.41, "width": 1.6, "inflow_peak": 2.11}