{"nodes": 1959, "object_boundaries": ["on_boundary && x[0]>0.19248 && x[0]< 0.35914 && x[1]>0.11591 && x[1]< 0.28257"], "height": 0.41, "width": 1.6, "inflow_peak": 1.24}