{"nodes": 1936, "object_boundaries": ["on_boundary && x[0]>0.34903 && x[0]< 0.50809 && x[1]>0.11241 && x[1]< 0.27147"], "height": 0.41, "width": 1.6, "inflow_peak": 1.48}