{"nodes": 1892, "object_boundaries": ["on_boundary && x[0]>0.06877 && x[0]< 0.19392 && x[1]>0.08453 && x[1]< 0.20967"], "height": 0.41, "width": 1.6, "inflow_peak": 1.42}