{"nodes": 2475, "object_boundaries": ["on_boundary && x[0]>0.33827 && x[0]< 0.45827 && x[1]>0.14343 && x[1]< 0.29813"], "height": 0.41, "width": 1.6, "inflow_peak": 0.99}