{"nodes": 1703, "object_boundaries": ["on_boundary && x[0]>0.37105 && x[0]< 0.59993 && x[1]>0.15953 && x[1]< 0.3706"], "height": 0.41, "width": 1.6, "inflow_peak": 0.96}