{"nodes": 1920, "object_boundaries": ["on_boundary && x[0]>0.24178 && x[0]< 0.47371 && x[1]>0.16761 && x[1]< 0.39954"], "height": 0.41, "width": 1.6, "inflow_peak": 2.03}