{"nodes": 1928, "object_boundaries": ["on_boundary && x[0]>0.18734 && x[0]< 0.41565 && x[1]>0.06575 && x[1]< 0.29407"], "height": 0.41, "width": 1.6, "inflow_peak": 1.03}