{"nodes": 1944, "cells": 3680, "object_boundaries": ["on_boundary && x[0]>0.07866 && x[0]< 0.26032 && x[1]>0.04161 && x[1]< 0.22327"], "height": 0.41, "width": 1.6, "inflow_peak": 1.31}