{"nodes": 2201, "object_boundaries": ["on_boundary && x[0]>0.29612 && x[0]< 0.53499 && x[1]>0.02884 && x[1]< 0.26771"], "height": 0.41, "width": 1.6, "inflow_peak": 1.64}