{"nodes": 1681, "object_boundaries": ["on_boundary && x[0]>0.27611 && x[0]< 0.54122 && x[1]>0.00454 && x[1]< 0.26729"], "height": 0.41, "width": 1.6, "inflow_peak": 1.18}