{"nodes": 1897, "object_boundaries": ["on_boundary && x[0]>0.22436 && x[0]< 0.45733 && x[1]>0.03942 && x[1]< 0.2724"], "height": 0.41, "width": 1.6, "inflow_peak": 2.16}