{"nodes": 1953, "object_boundaries": ["on_boundary && x[0]>0.33751 && x[0]< 0.56832 && x[1]>0.10689 && x[1]< 0.3377"], "height": 0.41, "width": 1.6, "inflow_peak": 0.58}