{"nodes": 2020, "object_boundaries": ["on_boundary && x[0]>0.28245 && x[0]< 0.41125 && x[1]>0.15175 && x[1]< 0.28055"], "height": 0.41, "width": 1.6, "inflow_peak": 2.35}