{"nodes": 1984, "cells": 3762, "object_boundaries": ["on_boundary && x[0]>0.20819 && x[0]< 0.38463 && x[1]>0.05193 && x[1]< 0.22838"], "height": 0.41, "width": 1.6, "inflow_peak": 0.384}