{"nodes": 1944, "object_boundaries": ["on_boundary && x[0]>0.14784 && x[0]< 0.32403 && x[1]>0.08986 && x[1]< 0.26604"], "height": 0.41, "width": 1.6, "inflow_peak": 1.84}