{"nodes": 1680, "object_boundaries": ["on_boundary && x[0]>0.28994 && x[0]< 0.54073 && x[1]>0.02048 && x[1]< 0.23713"], "height": 0.41, "width": 1.6, "inflow_peak": 1.31}