{"nodes": 1674, "object_boundaries": ["on_boundary && x[0]>0.31333 && x[0]< 0.52117 && x[1]>0.04472 && x[1]< 0.3504"], "height": 0.41, "width": 1.6, "inflow_peak": 1.29}