{"nodes": 2112, "cells": 4012, "object_boundaries": ["on_boundary && x[0]>0.25992 && x[0]< 0.44766 && x[1]>0.16147 && x[1]< 0.34488"], "height": 0.41, "width": 1.6, "inflow_peak": 1.17}