{"nodes": 2018, "cells": 3819, "object_boundaries": ["on_boundary && x[0]>0.22115 && x[0]< 0.32709 && x[1]>0.15277 && x[1]< 0.29052"], "height": 0.41, "width": 1.6, "inflow_peak": 1.732}