{"nodes": 2124, "object_boundaries": ["on_boundary && x[0]>0.27332 && x[0]< 0.45604 && x[1]>0.04805 && x[1]< 0.22848"], "height": 0.41, "width": 1.6, "inflow_peak": 1.31}