{"nodes": 2075, "cells": 3919, "object_boundaries": ["on_boundary && x[0]>0.12349 && x[0]< 0.37899 && x[1]>0.04309 && x[1]< 0.29602"], "height": 0.41, "width": 1.6, "inflow_peak": 0.49}