{"nodes": 2003, "cells": 3809, "object_boundaries": ["on_boundary && x[0]>0.32714 && x[0]< 0.38419 && x[1]>0.11835 && x[1]< 0.1754"], "height": 0.41, "width": 1.6, "inflow_peak": 0.976}