{"nodes": 2060, "cells": 3901, "object_boundaries": ["on_boundary && x[0]>0.17799 && x[0]< 0.2913 && x[1]>0.05348 && x[1]< 0.17888"], "height": 0.41, "width": 1.6, "inflow_peak": 2.143}