{"nodes": 2039, "object_boundaries": ["on_boundary && x[0]>0.16949 && x[0]< 0.38968 && x[1]>0.01462 && x[1]< 0.20004"], "height": 0.41, "width": 1.6, "inflow_peak": 1.12}