{"nodes": 2154, "cells": 4092, "object_boundaries": ["on_boundary && x[0]>0.3248 && x[0]< 0.52814 && x[1]>0.11476 && x[1]< 0.31501"], "height": 0.41, "width": 1.6, "inflow_peak": 2.18}