{"nodes": 2136, "cells": 4056, "object_boundaries": ["on_boundary && x[0]>0.37562 && x[0]< 0.47958 && x[1]>0.10245 && x[1]< 0.1809"], "height": 0.41, "width": 1.6, "inflow_peak": 0.834}