{"nodes": 1714, "object_boundaries": ["on_boundary && x[0]>0.15221 && x[0]< 0.37945 && x[1]>0.13225 && x[1]< 0.36233"], "height": 0.41, "width": 1.6, "inflow_peak": 1.24}