{"nodes": 1700, "object_boundaries": ["on_boundary && x[0]>0.17112 && x[0]< 0.38774 && x[1]>0.11216 && x[1]< 0.32765"], "height": 0.41, "width": 1.6, "inflow_peak": 1.67}