{"nodes": 2076, "object_boundaries": ["on_boundary && x[0]>0.14055 && x[0]< 0.3889 && x[1]>0.06145 && x[1]< 0.30099"], "height": 0.41, "width": 1.6, "inflow_peak": 2.18}