{"nodes": 2016, "object_boundaries": ["on_boundary && x[0]>0.37595 && x[0]< 0.55179 && x[1]>0.11607 && x[1]< 0.35707"], "height": 0.41, "width": 1.6, "inflow_peak": 0.73}