{"nodes": 1768, "object_boundaries": ["on_boundary && x[0]>0.27343 && x[0]< 0.44387 && x[1]>0.11108 && x[1]< 0.31573"], "height": 0.41, "width": 1.6, "inflow_peak": 2.35}