{"nodes": 2155, "object_boundaries": ["on_boundary && x[0]>0.1767 && x[0]< 0.35035 && x[1]>0.06289 && x[1]< 0.23654"], "height": 0.41, "width": 1.6, "inflow_peak": 1.568}