{"nodes": 2036, "cells": 3840, "object_boundaries": ["on_boundary && x[0]>0.09941 && x[0]< 0.35768 && x[1]>0.10319 && x[1]< 0.36146"], "height": 0.41, "width": 1.6, "inflow_peak": 1.907}