{"nodes": 2123, "object_boundaries": ["on_boundary && x[0]>0.38598 && x[0]< 0.56982 && x[1]>0.18536 && x[1]< 0.3692"], "height": 0.41, "width": 1.6, "inflow_peak": 1.295}