{"nodes": 2269, "object_boundaries": ["on_boundary && x[0]>0.29267 && x[0]< 0.45274 && x[1]>0.07047 && x[1]< 0.23054"], "height": 0.41, "width": 1.6, "inflow_peak": 1.525}