{"nodes": 1951, "object_boundaries": ["on_boundary && x[0]>0.10075 && x[0]< 0.31023 && x[1]>0.06587 && x[1]< 0.27535"], "height": 0.41, "width": 1.6, "inflow_peak": 1.778}