{"nodes": 2024, "object_boundaries": ["on_boundary && x[0]>0.16917 && x[0]< 0.36184 && x[1]>0.019 && x[1]< 0.21168"], "height": 0.41, "width": 1.6, "inflow_peak": 1.52}