{"nodes": 3201, "object_boundaries": ["on_boundary && x[0]>0.25013 && x[0]< 0.45821 && x[1]>0.03008 && x[1]< 0.30671", "on_boundary && x[0]>0.59173 && x[0]< 0.83984 && x[1]>0.1034 && x[1]< 0.30918"], "height": 0.41, "width": 1.6, "inflow_peak": 1.48}