{"nodes": 2090, "cells": 3970, "object_boundaries": ["on_boundary && x[0]>0.37994 && x[0]< 0.47565 && x[1]>0.11453 && x[1]< 0.21086"], "height": 0.41, "width": 1.6, "inflow_peak": 1.749}