{"nodes": 1703, "object_boundaries": ["on_boundary && x[0]>0.09705 && x[0]< 0.29772 && x[1]>0.12205 && x[1]< 0.32556"], "height": 0.41, "width": 1.6, "inflow_peak": 2.14}