{"nodes": 1733, "object_boundaries": ["on_boundary && x[0]>0.25616 && x[0]< 0.46555 && x[1]>-0.00303 && x[1]< 0.21032"], "height": 0.41, "width": 1.6, "inflow_peak": 1.08}