{"nodes": 2048, "object_boundaries": ["on_boundary && x[0]>0.00934 && x[0]< 0.25066 && x[1]>0.14804 && x[1]< 0.38937"], "height": 0.41, "width": 1.6, "inflow_peak": 1.2}