{"nodes": 2107, "cells": 4000, "object_boundaries": ["on_boundary && x[0]>0.25946 && x[0]< 0.45072 && x[1]>0.02854 && x[1]< 0.20613"], "height": 0.41, "width": 1.6, "inflow_peak": 0.83}