{"nodes": 1729, "object_boundaries": ["on_boundary && x[0]>0.21603 && x[0]< 0.42769 && x[1]>0.11133 && x[1]< 0.30405"], "height": 0.41, "width": 1.6, "inflow_peak": 1.35}