{"nodes": 2089, "cells": 3958, "object_boundaries": ["on_boundary && x[0]>0.34504 && x[0]< 0.47655 && x[1]>0.08271 && x[1]< 0.21442"], "height": 0.41, "width": 1.6, "inflow_peak": 2.107}