{"nodes": 1838, "object_boundaries": ["on_boundary && x[0]>0.06677 && x[0]< 0.3213 && x[1]>0.02836 && x[1]< 0.26197"], "height": 0.41, "width": 1.6, "inflow_peak": 1.2}