{"nodes": 2159, "object_boundaries": ["on_boundary && x[0]>0.32596 && x[0]< 0.47593 && x[1]>0.09354 && x[1]< 0.28744"], "height": 0.41, "width": 1.6, "inflow_peak": 1.02}