{"nodes": 2054, "object_boundaries": ["on_boundary && x[0]>0.21797 && x[0]< 0.42895 && x[1]>0.108 && x[1]< 0.32454"], "height": 0.41, "width": 1.6, "inflow_peak": 2.35}