{"nodes": 2369, "cells": 4512, "object_boundaries": ["on_boundary && x[0]>0.16744 && x[0]< 0.35766 && x[1]>0.06392 && x[1]< 0.25414", "on_boundary && x[0]>0.69128 && x[0]< 0.84885 && x[1]>0.08028 && x[1]< 0.23786"], "height": 0.41, "width": 1.6, "inflow_peak": 1.56}