{"nodes": 2091, "object_boundaries": ["on_boundary && x[0]>0.19505 && x[0]< 0.38705 && x[1]>0.10318 && x[1]< 0.29517"], "height": 0.41, "width": 1.6, "inflow_peak": 2.35}