{"nodes": 1754, "object_boundaries": ["on_boundary && x[0]>0.43214 && x[0]< 0.62786 && x[1]>0.07778 && x[1]< 0.27349"], "height": 0.41, "width": 1.6, "inflow_peak": 1.87}