{"nodes": 2204, "object_boundaries": ["on_boundary && x[0]>0.30066 && x[0]< 0.48219 && x[1]>0.10483 && x[1]< 0.28637"], "height": 0.41, "width": 1.6, "inflow_peak": 0.76}