{"nodes": 2636, "object_boundaries": ["on_boundary && x[0]>0.16587 && x[0]< 0.33062 && x[1]>0.06197 && x[1]< 0.22672", "on_boundary && x[0]>0.89896 && x[0]< 1.07841 && x[1]>0.05511 && x[1]< 0.23456"], "height": 0.41, "width": 1.6, "inflow_peak": 1.34}