{"nodes": 1824, "object_boundaries": ["on_boundary && x[0]>0.18469 && x[0]< 0.44418 && x[1]>0.0913 && x[1]< 0.35079"], "height": 0.41, "width": 1.6, "inflow_peak": 0.97}