{"nodes": 2123, "object_boundaries": ["on_boundary && x[0]>0.15104 && x[0]< 0.31651 && x[1]>0.07224 && x[1]< 0.25655"], "height": 0.41, "width": 1.6, "inflow_peak": 1.33}