{"nodes": 2026, "object_boundaries": ["on_boundary && x[0]>0.14144 && x[0]< 0.30284 && x[1]>0.09506 && x[1]< 0.33052"], "height": 0.41, "width": 1.6, "inflow_peak": 1.07}