{"nodes": 2031, "cells": 3848, "object_boundaries": ["on_boundary && x[0]>0.24495 && x[0]< 0.3299 && x[1]>0.08571 && x[1]< 0.22097"], "height": 0.41, "width": 1.6, "inflow_peak": 1.956}