{"nodes": 1883, "object_boundaries": ["on_boundary && x[0]>0.19859 && x[0]< 0.35819 && x[1]>0.15939 && x[1]< 0.31899"], "height": 0.41, "width": 1.6, "inflow_peak": 1.499}