{"nodes": 2029, "object_boundaries": ["on_boundary && x[0]>0.37811 && x[0]< 0.58132 && x[1]>0.18059 && x[1]< 0.3838"], "height": 0.41, "width": 1.6, "inflow_peak": 1.331}