{"nodes": 1768, "object_boundaries": ["on_boundary && x[0]>0.10851 && x[0]< 0.37724 && x[1]>0.06756 && x[1]< 0.3363"], "height": 0.41, "width": 1.6, "inflow_peak": 1.87}