{"nodes": 2286, "object_boundaries": ["on_boundary && x[0]>0.36195 && x[0]< 0.52005 && x[1]>0.06296 && x[1]< 0.22106"], "height": 0.41, "width": 1.6, "inflow_peak": 2.093}