{"nodes": 2022, "cells": 3842, "object_boundaries": ["on_boundary && x[0]>0.34969 && x[0]< 0.52899 && x[1]>0.18837 && x[1]< 0.33595"], "height": 0.41, "width": 1.6, "inflow_peak": 1.49}