{"nodes": 1960, "object_boundaries": ["on_boundary && x[0]>0.199 && x[0]< 0.41591 && x[1]>0.06792 && x[1]< 0.29461"], "height": 0.41, "width": 1.6, "inflow_peak": 1.37}