{"nodes": 1955, "object_boundaries": ["on_boundary && x[0]>0.14811 && x[0]< 0.36583 && x[1]>0.13706 && x[1]< 0.35392"], "height": 0.41, "width": 1.6, "inflow_peak": 0.75}