{"nodes": 2103, "cells": 3976, "object_boundaries": ["on_boundary && x[0]>0.22278 && x[0]< 0.38484 && x[1]>0.08483 && x[1]< 0.24293"], "height": 0.41, "width": 1.6, "inflow_peak": 1.501}