{"nodes": 2185, "object_boundaries": ["on_boundary && x[0]>0.19659 && x[0]< 0.41662 && x[1]>0.16624 && x[1]< 0.32124"], "height": 0.41, "width": 1.6, "inflow_peak": 1.96}