{"nodes": 2039, "object_boundaries": ["on_boundary && x[0]>0.29686 && x[0]< 0.50237 && x[1]>0.14126 && x[1]< 0.34676"], "height": 0.41, "width": 1.6, "inflow_peak": 0.82}