{"nodes": 1978, "cells": 3755, "object_boundaries": ["on_boundary && x[0]>0.15912 && x[0]< 0.22926 && x[1]>0.11734 && x[1]< 0.18749"], "height": 0.41, "width": 1.6, "inflow_peak": 1.681}