{"nodes": 2206, "object_boundaries": ["on_boundary && x[0]>0.35878 && x[0]< 0.53458 && x[1]>0.05927 && x[1]< 0.23506"], "height": 0.41, "width": 1.6, "inflow_peak": 1.123}