{"nodes": 1922, "object_boundaries": ["on_boundary && x[0]>0.33597 && x[0]< 0.57198 && x[1]>0.16394 && x[1]< 0.39995"], "height": 0.41, "width": 1.6, "inflow_peak": 1.281}