{"nodes": 2282, "object_boundaries": ["on_boundary && x[0]>0.31816 && x[0]< 0.48082 && x[1]>0.07302 && x[1]< 0.23568"], "height": 0.41, "width": 1.6, "inflow_peak": 0.378}