{"nodes": 1675, "object_boundaries": ["on_boundary && x[0]>0.06299 && x[0]< 0.26622 && x[1]>0.1861 && x[1]< 0.43093", "on_boundary && x[0]>0.6172 && x[0]< 0.84014 && x[1]>-0.01276 && x[1]< 0.25231"], "height": 0.41, "width": 1.6, "inflow_peak": 1.22}