{"nodes": 2052, "cells": 3892, "object_boundaries": ["on_boundary && x[0]>0.15294 && x[0]< 0.24729 && x[1]>0.20797 && x[1]< 0.29197"], "height": 0.41, "width": 1.6, "inflow_peak": 0.545}