{"nodes": 1748, "object_boundaries": ["on_boundary && x[0]>0.20262 && x[0]< 0.36673 && x[1]>0.1436 && x[1]< 0.33034"], "height": 0.41, "width": 1.6, "inflow_peak": 1.81}