{"nodes": 1860, "object_boundaries": ["on_boundary && x[0]>0.26439 && x[0]< 0.51052 && x[1]>0.11109 && x[1]< 0.35722"], "height": 0.41, "width": 1.6, "inflow_peak": 0.85}