{"nodes": 2012, "cells": 3821, "object_boundaries": ["on_boundary && x[0]>0.3967 && x[0]< 0.5631 && x[1]>0.02208 && x[1]< 0.18848"], "height": 0.41, "width": 1.6, "inflow_peak": 0.61}