{"nodes": 1765, "object_boundaries": ["on_boundary && x[0]>0.35226 && x[0]< 0.54447 && x[1]>0.12864 && x[1]< 0.32085"], "height": 0.41, "width": 1.6, "inflow_peak": 1.02}