{"nodes": 2250, "object_boundaries": ["on_boundary && x[0]>0.32829 && x[0]< 0.57589 && x[1]>0.16903 && x[1]< 0.41663", "on_boundary && x[0]>0.66134 && x[0]< 0.85421 && x[1]>0.09366 && x[1]< 0.28654"], "height": 0.41, "width": 1.6, "inflow_peak": 1.46}