{"nodes": 1965, "cells": 3736, "object_boundaries": ["on_boundary && x[0]>0.41636 && x[0]< 0.55674 && x[1]>0.21659 && x[1]< 0.35697"], "height": 0.41, "width": 1.6, "inflow_peak": 2.13}