{"nodes": 1911, "object_boundaries": ["on_boundary && x[0]>0.30074 && x[0]< 0.54206 && x[1]>0.0603 && x[1]< 0.30162"], "height": 0.41, "width": 1.6, "inflow_peak": 0.74}