{"nodes": 2060, "cells": 3881, "object_boundaries": ["on_boundary && x[0]>0.04627 && x[0]< 0.30399 && x[1]>0.13191 && x[1]< 0.41184"], "height": 0.41, "width": 1.6, "inflow_peak": 1.27}