{"nodes": 1735, "object_boundaries": ["on_boundary && x[0]>0.13086 && x[0]< 0.32007 && x[1]>0.03622 && x[1]< 0.22543"], "height": 0.41, "width": 1.6, "inflow_peak": 1.76}