{"nodes": 2163, "cells": 4104, "object_boundaries": ["on_boundary && x[0]>0.2522 && x[0]< 0.37202 && x[1]>0.12745 && x[1]< 0.24727"], "height": 0.41, "width": 1.6, "inflow_peak": 1.133}