{"nodes": 2079, "cells": 3946, "object_boundaries": ["on_boundary && x[0]>0.23921 && x[0]< 0.3392 && x[1]>0.24435 && x[1]< 0.34438"], "height": 0.41, "width": 1.6, "inflow_peak": 1.501}