{"nodes": 1685, "object_boundaries": ["on_boundary && x[0]>0.087 && x[0]< 0.35278 && x[1]>0.0673 && x[1]< 0.35239"], "height": 0.41, "width": 1.6, "inflow_peak": 1.19}