{"nodes": 2001, "object_boundaries": ["on_boundary && x[0]>0.32213 && x[0]< 0.50506 && x[1]>-0.02382 && x[1]< 0.22858"], "height": 0.41, "width": 1.6, "inflow_peak": 0.41}