{"nodes": 2095, "cells": 3962, "object_boundaries": ["on_boundary && x[0]>0.11843 && x[0]< 0.31006 && x[1]>0.08234 && x[1]< 0.19579"], "height": 0.41, "width": 1.6, "inflow_peak": 0.32}