{"nodes": 1765, "object_boundaries": ["on_boundary && x[0]>0.27548 && x[0]< 0.45802 && x[1]>0.08143 && x[1]< 0.27653"], "height": 0.41, "width": 1.6, "inflow_peak": 1.22}