{"nodes": 1818, "object_boundaries": ["on_boundary && x[0]>0.3619 && x[0]< 0.51262 && x[1]>0.20645 && x[1]< 0.35386"], "height": 0.41, "width": 1.6, "inflow_peak": 0.52}