{"nodes": 1951, "cells": 3703, "object_boundaries": ["on_boundary && x[0]>0.15429 && x[0]< 0.21829 && x[1]>0.18189 && x[1]< 0.24589"], "height": 0.41, "width": 1.6, "inflow_peak": 1.82}