{"nodes": 1659, "object_boundaries": ["on_boundary && x[0]>0.21252 && x[0]< 0.48843 && x[1]>0.12264 && x[1]< 0.38183"], "height": 0.41, "width": 1.6, "inflow_peak": 2.17}