{"nodes": 1689, "object_boundaries": ["on_boundary && x[0]>0.30055 && x[0]< 0.50058 && x[1]>0.15025 && x[1]< 0.35561"], "height": 0.41, "width": 1.6, "inflow_peak": 0.62}