{"nodes": 2032, "object_boundaries": ["on_boundary && x[0]>0.17786 && x[0]< 0.37797 && x[1]>0.08519 && x[1]< 0.28529"], "height": 0.41, "width": 1.6, "inflow_peak": 1.25}