{"nodes": 2086, "cells": 3960, "object_boundaries": ["on_boundary && x[0]>0.19988 && x[0]< 0.38521 && x[1]>0.16318 && x[1]< 0.35318"], "height": 0.41, "width": 1.6, "inflow_peak": 1.48}