{"nodes": 2103, "object_boundaries": ["on_boundary && x[0]>0.23946 && x[0]< 0.45434 && x[1]>0.20391 && x[1]< 0.38053"], "height": 0.41, "width": 1.6, "inflow_peak": 0.71}