{"nodes": 2038, "cells": 3859, "object_boundaries": ["on_boundary && x[0]>0.36426 && x[0]< 0.5551 && x[1]>0.04041 && x[1]< 0.27229"], "height": 0.41, "width": 1.6, "inflow_peak": 0.43}