{"nodes": 1998, "cells": 3789, "object_boundaries": ["on_boundary && x[0]>0.12909 && x[0]< 0.23143 && x[1]>0.13602 && x[1]< 0.21345"], "height": 0.41, "width": 1.6, "inflow_peak": 1.912}