{"nodes": 2051, "cells": 3883, "object_boundaries": ["on_boundary && x[0]>0.22981 && x[0]< 0.42459 && x[1]>0.14995 && x[1]< 0.38881"], "height": 0.41, "width": 1.6, "inflow_peak": 1.33}