{"nodes": 2022, "cells": 3821, "object_boundaries": ["on_boundary && x[0]>0.13175 && x[0]< 0.27111 && x[1]>0.18444 && x[1]< 0.32743"], "height": 0.41, "width": 1.6, "inflow_peak": 0.864}