{"nodes": 2155, "object_boundaries": ["on_boundary && x[0]>0.31455 && x[0]< 0.55357 && x[1]>0.02695 && x[1]< 0.19233"], "height": 0.41, "width": 1.6, "inflow_peak": 0.49}