{"nodes": 2032, "object_boundaries": ["on_boundary && x[0]>0.21218 && x[0]< 0.43316 && x[1]>0.0501 && x[1]< 0.27521"], "height": 0.41, "width": 1.6, "inflow_peak": 1.33}