{"nodes": 2059, "object_boundaries": ["on_boundary && x[0]>0.30805 && x[0]< 0.52314 && x[1]>0.04835 && x[1]< 0.25819"], "height": 0.41, "width": 1.6, "inflow_peak": 1.01}