{"nodes": 2114, "object_boundaries": ["on_boundary && x[0]>0.32242 && x[0]< 0.51669 && x[1]>0.10157 && x[1]< 0.29585"], "height": 0.41, "width": 1.6, "inflow_peak": 0.57}