{"nodes": 1832, "object_boundaries": ["on_boundary && x[0]>0.10825 && x[0]< 0.35538 && x[1]>0.01842 && x[1]< 0.26555"], "height": 0.41, "width": 1.6, "inflow_peak": 1.78}