{"nodes": 2273, "object_boundaries": ["on_boundary && x[0]>0.12156 && x[0]< 0.30653 && x[1]>0.10045 && x[1]< 0.28541", "on_boundary && x[0]>0.8668 && x[0]< 1.10886 && x[1]>0.1744 && x[1]< 0.41646"], "height": 0.41, "width": 1.6, "inflow_peak": 1.92}