{"nodes": 2097, "cells": 3973, "object_boundaries": ["on_boundary && x[0]>0.4221 && x[0]< 0.55602 && x[1]>0.15929 && x[1]< 0.29321"], "height": 0.41, "width": 1.6, "inflow_peak": 1.338}