{"nodes": 2393, "object_boundaries": ["on_boundary && x[0]>0.32108 && x[0]< 0.46183 && x[1]>0.09398 && x[1]< 0.23472"], "height": 0.41, "width": 1.6, "inflow_peak": 1.46}