{"nodes": 2036, "object_boundaries": ["on_boundary && x[0]>0.23155 && x[0]< 0.47056 && x[1]>0.00462 && x[1]< 0.21277"], "height": 0.41, "width": 1.6, "inflow_peak": 1.5}