{"nodes": 1754, "object_boundaries": ["on_boundary && x[0]>0.3697 && x[0]< 0.56453 && x[1]>0.10599 && x[1]< 0.28755"], "height": 0.41, "width": 1.6, "inflow_peak": 1.86}