{"nodes": 1692, "object_boundaries": ["on_boundary && x[0]>0.29548 && x[0]< 0.51206 && x[1]>0.12284 && x[1]< 0.38282"], "height": 0.41, "width": 1.6, "inflow_peak": 0.48}