{"nodes": 2113, "cells": 4008, "object_boundaries": ["on_boundary && x[0]>0.30704 && x[0]< 0.47525 && x[1]>0.17346 && x[1]< 0.24167"], "height": 0.41, "width": 1.6, "inflow_peak": 0.36}