{"nodes": 1710, "object_boundaries": ["on_boundary && x[0]>0.19565 && x[0]< 0.36346 && x[1]>0.07436 && x[1]< 0.24323"], "height": 0.41, "width": 1.6, "inflow_peak": 0.87}