{"nodes": 1664, "object_boundaries": ["on_boundary && x[0]>0.04333 && x[0]< 0.31883 && x[1]>0.11606 && x[1]< 0.37805"], "height": 0.41, "width": 1.6, "inflow_peak": 0.88}