{"nodes": 2342, "object_boundaries": ["on_boundary && x[0]>0.29998 && x[0]< 0.53396 && x[1]>0.10728 && x[1]< 0.24861"], "height": 0.41, "width": 1.6, "inflow_peak": 2.09}