{"nodes": 2096, "object_boundaries": ["on_boundary && x[0]>0.09476 && x[0]< 0.3149 && x[1]>0.11373 && x[1]< 0.28815"], "height": 0.41, "width": 1.6, "inflow_peak": 1.69}