{"nodes": 2283, "object_boundaries": ["on_boundary && x[0]>0.22714 && x[0]< 0.37043 && x[1]>0.02784 && x[1]< 0.21136"], "height": 0.41, "width": 1.6, "inflow_peak": 1.09}