{"nodes": 2936, "object_boundaries": ["on_boundary && x[0]>0.18169 && x[0]< 0.33807 && x[1]>0.11296 && x[1]< 0.26934", "on_boundary && x[0]>0.5967 && x[0]< 0.78248 && x[1]>0.15188 && x[1]< 0.33767"], "height": 0.41, "width": 1.6, "inflow_peak": 0.95}