{"nodes": 1954, "cells": 3713, "object_boundaries": ["on_boundary && x[0]>0.1955 && x[0]< 0.24674 && x[1]>0.13969 && x[1]< 0.19093"], "height": 0.41, "width": 1.6, "inflow_peak": 1.98}