{"nodes": 1691, "object_boundaries": ["on_boundary && x[0]>0.27392 && x[0]< 0.4926 && x[1]>0.08627 && x[1]< 0.30495"], "height": 0.41, "width": 1.6, "inflow_peak": 1.1}