{"nodes": 1700, "object_boundaries": ["on_boundary && x[0]>0.31442 && x[0]< 0.53031 && x[1]>0.04722 && x[1]< 0.2719"], "height": 0.41, "width": 1.6, "inflow_peak": 1.31}