{"nodes": 2254, "object_boundaries": ["on_boundary && x[0]>0.12856 && x[0]< 0.35861 && x[1]>0.07128 && x[1]< 0.30134"], "height": 0.41, "width": 1.6, "inflow_peak": 1.39}