{"nodes": 2069, "cells": 3910, "object_boundaries": ["on_boundary && x[0]>0.1532 && x[0]< 0.38932 && x[1]>0.08705 && x[1]< 0.33936"], "height": 0.41, "width": 1.6, "inflow_peak": 1.48}