{"nodes": 2034, "cells": 3851, "object_boundaries": ["on_boundary && x[0]>0.29801 && x[0]< 0.36541 && x[1]>0.06131 && x[1]< 0.22642"], "height": 0.41, "width": 1.6, "inflow_peak": 1.175}