{"nodes": 2082, "object_boundaries": ["on_boundary && x[0]>0.19257 && x[0]< 0.41082 && x[1]>0.02271 && x[1]< 0.2048"], "height": 0.41, "width": 1.6, "inflow_peak": 0.86}