{"nodes": 2144, "object_boundaries": ["on_boundary && x[0]>0.15904 && x[0]< 0.41694 && x[1]>0.06677 && x[1]< 0.21392"], "height": 0.41, "width": 1.6, "inflow_peak": 0.95}