{"nodes": 2083, "object_boundaries": ["on_boundary && x[0]>0.18822 && x[0]< 0.35678 && x[1]>0.00977 && x[1]< 0.2228"], "height": 0.41, "width": 1.6, "inflow_peak": 0.71}