{"nodes": 2610, "cells": 4964, "object_boundaries": ["on_boundary && x[0]>0.3282 && x[0]< 0.537 && x[1]>0.03881 && x[1]< 0.2195", "on_boundary && x[0]>0.57942 && x[0]< 0.80785 && x[1]>0.08454 && x[1]< 0.29985"], "height": 0.41, "width": 1.6, "inflow_peak": 1.51}