{"nodes": 1838, "object_boundaries": ["on_boundary && x[0]>0.23041 && x[0]< 0.41441 && x[1]>0.17509 && x[1]< 0.37504", "on_boundary && x[0]>0.75237 && x[0]< 0.94855 && x[1]>0.08189 && x[1]< 0.25618"], "height": 0.41, "width": 1.6, "inflow_peak": 1.68}