{"nodes": 2129, "cells": 4036, "object_boundaries": ["on_boundary && x[0]>0.40223 && x[0]< 0.5666 && x[1]>0.16911 && x[1]< 0.27518"], "height": 0.41, "width": 1.6, "inflow_peak": 0.69}