{"nodes": 2199, "object_boundaries": ["on_boundary && x[0]>0.26344 && x[0]< 0.42921 && x[1]>0.05712 && x[1]< 0.29248"], "height": 0.41, "width": 1.6, "inflow_peak": 0.56}