{"nodes": 3186, "object_boundaries": ["on_boundary && x[0]>0.36693 && x[0]< 0.53691 && x[1]>0.08605 && x[1]< 0.25602", "on_boundary && x[0]>0.71956 && x[0]< 0.92163 && x[1]>0.03935 && x[1]< 0.24142"], "height": 0.41, "width": 1.6, "inflow_peak": 1.97}