{"nodes": 3074, "object_boundaries": ["on_boundary && x[0]>0.2421 && x[0]< 0.37601 && x[1]>0.06416 && x[1]< 0.19808", "on_boundary && x[0]>0.7115 && x[0]< 0.89286 && x[1]>0.13199 && x[1]< 0.31335"], "height": 0.41, "width": 1.6, "inflow_peak": 1.07}