{"nodes": 2160, "object_boundaries": ["on_boundary && x[0]>0.09876 && x[0]< 0.26008 && x[1]>0.19433 && x[1]< 0.35565"], "height": 0.41, "width": 1.6, "inflow_peak": 0.54}