{"nodes": 2192, "object_boundaries": ["on_boundary && x[0]>0.25491 && x[0]< 0.41329 && x[1]>0.16002 && x[1]< 0.35552"], "height": 0.41, "width": 1.6, "inflow_peak": 2.12}