{"nodes": 1902, "object_boundaries": ["on_boundary && x[0]>0.05824 && x[0]< 0.25209 && x[1]>0.10325 && x[1]< 0.34786"], "height": 0.41, "width": 1.6, "inflow_peak": 1.32}