{"nodes": 2344, "object_boundaries": ["on_boundary && x[0]>0.08432 && x[0]< 0.26238 && x[1]>0.13665 && x[1]< 0.26309"], "height": 0.41, "width": 1.6, "inflow_peak": 0.47}