{"nodes": 2248, "object_boundaries": ["on_boundary && x[0]>0.2688 && x[0]< 0.45293 && x[1]>0.02936 && x[1]< 0.17678"], "height": 0.41, "width": 1.6, "inflow_peak": 1.83}