{"nodes": 2013, "object_boundaries": ["on_boundary && x[0]>0.25894 && x[0]< 0.47842 && x[1]>0.16433 && x[1]< 0.38381"], "height": 0.41, "width": 1.6, "inflow_peak": 2.35}