{"nodes": 2353, "object_boundaries": ["on_boundary && x[0]>0.34261 && x[0]< 0.53826 && x[1]>0.18458 && x[1]< 0.38023", "on_boundary && x[0]>0.85783 && x[0]< 1.08041 && x[1]>0.00928 && x[1]< 0.23186"], "height": 0.41, "width": 1.6, "inflow_peak": 0.7}