{"nodes": 2383, "object_boundaries": ["on_boundary && x[0]>0.03492 && x[0]< 0.22508 && x[1]>0.01866 && x[1]< 0.20883", "on_boundary && x[0]>0.84767 && x[0]< 1.03702 && x[1]>0.07273 && x[1]< 0.26208"], "height": 0.41, "width": 1.6, "inflow_peak": 2.02}