{"nodes": 1916, "cells": 3636, "object_boundaries": ["on_boundary && x[0]>0.18095 && x[0]< 0.23703 && x[1]>0.09512 && x[1]< 0.15121"], "height": 0.41, "width": 1.6, "inflow_peak": 0.889}