{"nodes": 2004, "object_boundaries": ["on_boundary && x[0]>0.169 && x[0]< 0.36635 && x[1]>0.16099 && x[1]< 0.37137"], "height": 0.41, "width": 1.6, "inflow_peak": 0.65}