{"nodes": 1685, "object_boundaries": ["on_boundary && x[0]>0.03763 && x[0]< 0.22237 && x[1]>0.0802 && x[1]< 0.26495"], "height": 0.41, "width": 1.6, "inflow_peak": 0.67}