{"nodes": 1841, "object_boundaries": ["on_boundary && x[0]>0.19264 && x[0]< 0.44475 && x[1]>0.13643 && x[1]< 0.38853"], "height": 0.41, "width": 1.6, "inflow_peak": 0.91}