{"nodes": 2170, "cells": 4107, "object_boundaries": ["on_boundary && x[0]>0.41446 && x[0]< 0.58289 && x[1]>0.19968 && x[1]< 0.36946"], "height": 0.41, "width": 1.6, "inflow_peak": 0.428}