{"nodes": 1692, "object_boundaries": ["on_boundary && x[0]>0.15098 && x[0]< 0.40402 && x[1]>0.17056 && x[1]< 0.43507"], "height": 0.41, "width": 1.6, "inflow_peak": 2.03}