{"nodes": 1691, "object_boundaries": ["on_boundary && x[0]>0.1508 && x[0]< 0.36255 && x[1]>0.11352 && x[1]< 0.34175"], "height": 0.41, "width": 1.6, "inflow_peak": 2.15}