{"nodes": 2083, "cells": 3957, "object_boundaries": ["on_boundary && x[0]>0.34526 && x[0]< 0.52763 && x[1]>0.10515 && x[1]< 0.27725"], "height": 0.41, "width": 1.6, "inflow_peak": 0.96}