{"nodes": 2383, "object_boundaries": ["on_boundary && x[0]>0.26652 && x[0]< 0.41515 && x[1]>0.1304 && x[1]< 0.27904"], "height": 0.41, "width": 1.6, "inflow_peak": 0.81}