{"nodes": 2075, "object_boundaries": ["on_boundary && x[0]>0.28766 && x[0]< 0.50098 && x[1]>0.09764 && x[1]< 0.33884"], "height": 0.41, "width": 1.6, "inflow_peak": 1.5}