{"nodes": 2000, "cells": 3792, "object_boundaries": ["on_boundary && x[0]>0.13303 && x[0]< 0.2366 && x[1]>0.17676 && x[1]< 0.25873"], "height": 0.41, "width": 1.6, "inflow_peak": 1.127}