{"nodes": 1722, "object_boundaries": ["on_boundary && x[0]>0.37857 && x[0]< 0.61802 && x[1]>0.09739 && x[1]< 0.36219"], "height": 0.41, "width": 1.6, "inflow_peak": 0.78}