{"nodes": 1833, "object_boundaries": ["on_boundary && x[0]>0.35428 && x[0]< 0.52466 && x[1]>0.11015 && x[1]< 0.3533", "on_boundary && x[0]>0.88349 && x[0]< 1.08439 && x[1]>0.13603 && x[1]< 0.32445"], "height": 0.41, "width": 1.6, "inflow_peak": 0.73}