{"nodes": 1721, "object_boundaries": ["on_boundary && x[0]>0.12967 && x[0]< 0.36669 && x[1]>0.19231 && x[1]< 0.39179"], "height": 0.41, "width": 1.6, "inflow_peak": 1.18}