{"nodes": 1727, "object_boundaries": ["on_boundary && x[0]>0.17886 && x[0]< 0.41276 && x[1]>0.09656 && x[1]< 0.32599"], "height": 0.41, "width": 1.6, "inflow_peak": 0.71}