{"nodes": 2636, "cells": 5024, "object_boundaries": ["on_boundary && x[0]>0.19193 && x[0]< 0.40497 && x[1]>0.14637 && x[1]< 0.32519", "on_boundary && x[0]>0.5924 && x[0]< 0.81166 && x[1]>0.20087 && x[1]< 0.40551"], "height": 0.41, "width": 1.6, "inflow_peak": 1.13}