{"nodes": 2084, "cells": 3960, "object_boundaries": ["on_boundary && x[0]>0.34126 && x[0]< 0.43327 && x[1]>0.05552 && x[1]< 0.14522"], "height": 0.41, "width": 1.6, "inflow_peak": 0.962}