{"nodes": 3112, "object_boundaries": ["on_boundary && x[0]>0.25627 && x[0]< 0.50683 && x[1]>0.11028 && x[1]< 0.25365", "on_boundary && x[0]>0.73776 && x[0]< 0.96897 && x[1]>0.09701 && x[1]< 0.30447"], "height": 0.41, "width": 1.6, "inflow_peak": 1.04}