{"nodes": 1861, "object_boundaries": ["on_boundary && x[0]>0.25964 && x[0]< 0.50969 && x[1]>-0.01115 && x[1]< 0.23889"], "height": 0.41, "width": 1.6, "inflow_peak": 1.26}