{"nodes": 2341, "object_boundaries": ["on_boundary && x[0]>0.11118 && x[0]< 0.34169 && x[1]>0.05117 && x[1]< 0.28168", "on_boundary && x[0]>0.80177 && x[0]< 0.99386 && x[1]>0.11625 && x[1]< 0.30834"], "height": 0.41, "width": 1.6, "inflow_peak": 1.78}