{"nodes": 2029, "object_boundaries": ["on_boundary && x[0]>0.14108 && x[0]< 0.34744 && x[1]>0.12137 && x[1]< 0.32773"], "height": 0.41, "width": 1.6, "inflow_peak": 1.28}