{"nodes": 1895, "object_boundaries": ["on_boundary && x[0]>0.36857 && x[0]< 0.60292 && x[1]>0.10841 && x[1]< 0.34277"], "height": 0.41, "width": 1.6, "inflow_peak": 0.746}