{"nodes": 2385, "object_boundaries": ["on_boundary && x[0]>0.38948 && x[0]< 0.5344 && x[1]>0.19754 && x[1]< 0.34245"], "height": 0.41, "width": 1.6, "inflow_peak": 1.367}