{"nodes": 2033, "cells": 3845, "object_boundaries": ["on_boundary && x[0]>0.16995 && x[0]< 0.30482 && x[1]>0.19391 && x[1]< 0.32878"], "height": 0.41, "width": 1.6, "inflow_peak": 1.305}