{"nodes": 2242, "object_boundaries": ["on_boundary && x[0]>0.21036 && x[0]< 0.36892 && x[1]>0.04811 && x[1]< 0.20667"], "height": 0.41, "width": 1.6, "inflow_peak": 0.639}