{"nodes": 2211, "object_boundaries": ["on_boundary && x[0]>0.3579 && x[0]< 0.52426 && x[1]>0.03944 && x[1]< 0.2058"], "height": 0.41, "width": 1.6, "inflow_peak": 0.99}