{"nodes": 2057, "cells": 3894, "object_boundaries": ["on_boundary && x[0]>0.1785 && x[0]< 0.39733 && x[1]>0.09517 && x[1]< 0.31399"], "height": 0.41, "width": 1.6, "inflow_peak": 0.73}