{"nodes": 2983, "object_boundaries": ["on_boundary && x[0]>0.29339 && x[0]< 0.45438 && x[1]>0.13007 && x[1]< 0.29106", "on_boundary && x[0]>0.80297 && x[0]< 0.97226 && x[1]>0.11385 && x[1]< 0.28315"], "height": 0.41, "width": 1.6, "inflow_peak": 0.69}