{"nodes": 2066, "cells": 3910, "object_boundaries": ["on_boundary && x[0]>0.24789 && x[0]< 0.38597 && x[1]>0.09507 && x[1]< 0.23315"], "height": 0.41, "width": 1.6, "inflow_peak": 2.23}