{"nodes": 1662, "object_boundaries": ["on_boundary && x[0]>0.27292 && x[0]< 0.52132 && x[1]>0.11787 && x[1]< 0.36535"], "height": 0.41, "width": 1.6, "inflow_peak": 1.35}