{"nodes": 2104, "object_boundaries": ["on_boundary && x[0]>0.31019 && x[0]< 0.50651 && x[1]>0.11856 && x[1]< 0.31488"], "height": 0.41, "width": 1.6, "inflow_peak": 0.97}