{"nodes": 2135, "cells": 4047, "object_boundaries": ["on_boundary && x[0]>0.35019 && x[0]< 0.5781 && x[1]>0.17845 && x[1]< 0.3955"], "height": 0.41, "width": 1.6, "inflow_peak": 1.99}