{"nodes": 2023, "cells": 3844, "object_boundaries": ["on_boundary && x[0]>0.30304 && x[0]< 0.46585 && x[1]>0.17943 && x[1]< 0.34224"], "height": 0.41, "width": 1.6, "inflow_peak": 0.51}