{"nodes": 2097, "cells": 3984, "object_boundaries": ["on_boundary && x[0]>0.27402 && x[0]< 0.36752 && x[1]>0.0884 && x[1]< 0.1819"], "height": 0.41, "width": 1.6, "inflow_peak": 2.146}