{"nodes": 1748, "object_boundaries": ["on_boundary && x[0]>0.09862 && x[0]< 0.3198 && x[1]>0.11932 && x[1]< 0.3405"], "height": 0.41, "width": 1.6, "inflow_peak": 1.93}