{"nodes": 1688, "object_boundaries": ["on_boundary && x[0]>0.30495 && x[0]< 0.56284 && x[1]>0.09067 && x[1]< 0.35342"], "height": 0.41, "width": 1.6, "inflow_peak": 1.03}