{"nodes": 1709, "object_boundaries": ["on_boundary && x[0]>0.12243 && x[0]< 0.36825 && x[1]>0.02939 && x[1]< 0.26187"], "height": 0.41, "width": 1.6, "inflow_peak": 1.54}