{"nodes": 1961, "object_boundaries": ["on_boundary && x[0]>0.27176 && x[0]< 0.45972 && x[1]>0.14957 && x[1]< 0.39745"], "height": 0.41, "width": 1.6, "inflow_peak": 1.32}