{"nodes": 2081, "cells": 3952, "object_boundaries": ["on_boundary && x[0]>0.26131 && x[0]< 0.38781 && x[1]>0.16917 && x[1]< 0.2316"], "height": 0.41, "width": 1.6, "inflow_peak": 0.602}