{"nodes": 2324, "object_boundaries": ["on_boundary && x[0]>0.27435 && x[0]< 0.52749 && x[1]>0.08926 && x[1]< 0.25312"], "height": 0.41, "width": 1.6, "inflow_peak": 0.15}