{"nodes": 1971, "object_boundaries": ["on_boundary && x[0]>0.11401 && x[0]< 0.34734 && x[1]>0.05973 && x[1]< 0.26356"], "height": 0.41, "width": 1.6, "inflow_peak": 2.04}