{"nodes": 2024, "cells": 3836, "object_boundaries": ["on_boundary && x[0]>0.10784 && x[0]< 0.28284 && x[1]>0.09886 && x[1]< 0.31038"], "height": 0.41, "width": 1.6, "inflow_peak": 2.17}