{"nodes": 2050, "cells": 3898, "object_boundaries": ["on_boundary && x[0]>0.43901 && x[0]< 0.51234 && x[1]>0.14125 && x[1]< 0.21458"], "height": 0.41, "width": 1.6, "inflow_peak": 0.889}