{"nodes": 2250, "object_boundaries": ["on_boundary && x[0]>0.25005 && x[0]< 0.43069 && x[1]>0.08983 && x[1]< 0.27047", "on_boundary && x[0]>0.76417 && x[0]< 1.04417 && x[1]>0.11162 && x[1]< 0.39162"], "height": 0.41, "width": 1.6, "inflow_peak": 2.35}