{"nodes": 2049, "cells": 3889, "object_boundaries": ["on_boundary && x[0]>0.23705 && x[0]< 0.42238 && x[1]>0.06624 && x[1]< 0.25157"], "height": 0.41, "width": 1.6, "inflow_peak": 1.76}