{"nodes": 2031, "cells": 3836, "object_boundaries": ["on_boundary && x[0]>0.14445 && x[0]< 0.29257 && x[1]>0.21973 && x[1]< 0.36785"], "height": 0.41, "width": 1.6, "inflow_peak": 0.343}