{"nodes": 2074, "object_boundaries": ["on_boundary && x[0]>0.11498 && x[0]< 0.3022 && x[1]>0.04602 && x[1]< 0.23325"], "height": 0.41, "width": 1.6, "inflow_peak": 0.282}