{"nodes": 2094, "cells": 3962, "object_boundaries": ["on_boundary && x[0]>0.30072 && x[0]< 0.53842 && x[1]>0.01471 && x[1]< 0.25241"], "height": 0.41, "width": 1.6, "inflow_peak": 0.448}