{"nodes": 2039, "cells": 3875, "object_boundaries": ["on_boundary && x[0]>0.36454 && x[0]< 0.44217 && x[1]>0.1462 && x[1]< 0.22383"], "height": 0.41, "width": 1.6, "inflow_peak": 1.091}