{"nodes": 2269, "object_boundaries": ["on_boundary && x[0]>0.10324 && x[0]< 0.24511 && x[1]>0.07186 && x[1]< 0.21372"], "height": 0.41, "width": 1.6, "inflow_peak": 1.402}