{"nodes": 1938, "object_boundaries": ["on_boundary && x[0]>0.08057 && x[0]< 0.28929 && x[1]>0.00414 && x[1]< 0.21286"], "height": 0.41, "width": 1.6, "inflow_peak": 0.879}