{"nodes": 2022, "cells": 3819, "object_boundaries": ["on_boundary && x[0]>0.07459 && x[0]< 0.31106 && x[1]>0.13209 && x[1]< 0.36856"], "height": 0.41, "width": 1.6, "inflow_peak": 1.849}