{"nodes": 1925, "object_boundaries": ["on_boundary && x[0]>0.2763 && x[0]< 0.50931 && x[1]>0.01404 && x[1]< 0.24705"], "height": 0.41, "width": 1.6, "inflow_peak": 0.835}