{"nodes": 1974, "cells": 3742, "object_boundaries": ["on_boundary && x[0]>0.22765 && x[0]< 0.31528 && x[1]>0.15072 && x[1]< 0.23836"], "height": 0.41, "width": 1.6, "inflow_peak": 0.431}