{"nodes": 2319, "object_boundaries": ["on_boundary && x[0]>0.22744 && x[0]< 0.37748 && x[1]>0.04991 && x[1]< 0.19995"], "height": 0.41, "width": 1.6, "inflow_peak": 0.826}