{"nodes": 2055, "object_boundaries": ["on_boundary && x[0]>0.35436 && x[0]< 0.56535 && x[1]>0.09031 && x[1]< 0.30129"], "height": 0.41, "width": 1.6, "inflow_peak": 2.06}