{"nodes": 2091, "object_boundaries": ["on_boundary && x[0]>0.1018 && x[0]< 0.28683 && x[1]>0.1398 && x[1]< 0.32483"], "height": 0.41, "width": 1.6, "inflow_peak": 0.95}