{"nodes": 2116, "object_boundaries": ["on_boundary && x[0]>0.30326 && x[0]< 0.51948 && x[1]>0.09822 && x[1]< 0.34364"], "height": 0.41, "width": 1.6, "inflow_peak": 2.35}