{"nodes": 1734, "object_boundaries": ["on_boundary && x[0]>0.13826 && x[0]< 0.3345 && x[1]>0.02416 && x[1]< 0.22156"], "height": 0.41, "width": 1.6, "inflow_peak": 0.72}