{"nodes": 1952, "object_boundaries": ["on_boundary && x[0]>0.15627 && x[0]< 0.37616 && x[1]>0.16903 && x[1]< 0.38892"], "height": 0.41, "width": 1.6, "inflow_peak": 1.64}