{"nodes": 2136, "cells": 4048, "object_boundaries": ["on_boundary && x[0]>0.31038 && x[0]< 0.52345 && x[1]>0.1539 && x[1]< 0.4009"], "height": 0.41, "width": 1.6, "inflow_peak": 1.35}