{"nodes": 2149, "object_boundaries": ["on_boundary && x[0]>0.26021 && x[0]< 0.40645 && x[1]>0.05545 && x[1]< 0.28928"], "height": 0.41, "width": 1.6, "inflow_peak": 0.85}