{"nodes": 2211, "object_boundaries": ["on_boundary && x[0]>0.15653 && x[0]< 0.39901 && x[1]>0.07122 && x[1]< 0.23017", "on_boundary && x[0]>0.72772 && x[0]< 0.92431 && x[1]>0.15623 && x[1]< 0.35445"], "height": 0.41, "width": 1.6, "inflow_peak": 1.64}