{"nodes": 2631, "cells": 5001, "object_boundaries": ["on_boundary && x[0]>0.24708 && x[0]< 0.36681 && x[1]>0.20158 && x[1]< 0.30273", "on_boundary && x[0]>0.60613 && x[0]< 0.75448 && x[1]>0.07305 && x[1]< 0.24673"], "height": 0.41, "width": 1.6, "inflow_peak": 1.929}