{"nodes": 1934, "object_boundaries": ["on_boundary && x[0]>0.03588 && x[0]< 0.28828 && x[1]>0.12249 && x[1]< 0.31722"], "height": 0.41, "width": 1.6, "inflow_peak": 1.12}