{"nodes": 1797, "object_boundaries": ["on_boundary && x[0]>0.15857 && x[0]< 0.33946 && x[1]>0.08824 && x[1]< 0.26424"], "height": 0.41, "width": 1.6, "inflow_peak": 2.26}