{"nodes": 2286, "object_boundaries": ["on_boundary && x[0]>0.19731 && x[0]< 0.39977 && x[1]>0.07243 && x[1]< 0.2749", "on_boundary && x[0]>0.7535 && x[0]< 0.99781 && x[1]>0.10125 && x[1]< 0.34556"], "height": 0.41, "width": 1.6, "inflow_peak": 0.95}