{"nodes": 2080, "cells": 3939, "object_boundaries": ["on_boundary && x[0]>0.42257 && x[0]< 0.55702 && x[1]>0.08948 && x[1]< 0.22392"], "height": 0.41, "width": 1.6, "inflow_peak": 2.006}