{"nodes": 2996, "object_boundaries": ["on_boundary && x[0]>0.23797 && x[0]< 0.37988 && x[1]>0.20288 && x[1]< 0.3448", "on_boundary && x[0]>0.85109 && x[0]< 1.01397 && x[1]>0.05563 && x[1]< 0.21852"], "height": 0.41, "width": 1.6, "inflow_peak": 1.53}