{"nodes": 2093, "object_boundaries": ["on_boundary && x[0]>0.39508 && x[0]< 0.58552 && x[1]>0.16897 && x[1]< 0.3594"], "height": 0.41, "width": 1.6, "inflow_peak": 0.68}