{"nodes": 2099, "cells": 3971, "object_boundaries": ["on_boundary && x[0]>0.19287 && x[0]< 0.33627 && x[1]>0.2272 && x[1]< 0.37707"], "height": 0.41, "width": 1.6, "inflow_peak": 0.634}