{"nodes": 1756, "object_boundaries": ["on_boundary && x[0]>0.30521 && x[0]< 0.49691 && x[1]>0.14936 && x[1]< 0.32957"], "height": 0.41, "width": 1.6, "inflow_peak": 1.46}