{"nodes": 1795, "object_boundaries": ["on_boundary && x[0]>0.31518 && x[0]< 0.44172 && x[1]>0.08668 && x[1]< 0.21322"], "height": 0.41, "width": 1.6, "inflow_peak": 1.82}