{"nodes": 2051, "cells": 3875, "object_boundaries": ["on_boundary && x[0]>0.14845 && x[0]< 0.38948 && x[1]>0.15856 && x[1]< 0.39959"], "height": 0.41, "width": 1.6, "inflow_peak": 0.52}