{"nodes": 2185, "cells": 4134, "object_boundaries": ["on_boundary && x[0]>0.36909 && x[0]< 0.54791 && x[1]>0.19607 && x[1]< 0.36911"], "height": 0.41, "width": 1.6, "inflow_peak": 0.486}