{"nodes": 1716, "object_boundaries": ["on_boundary && x[0]>0.28788 && x[0]< 0.43569 && x[1]>0.21867 && x[1]< 0.36648"], "height": 0.41, "width": 1.6, "inflow_peak": 1.63}