{"nodes": 1731, "object_boundaries": ["on_boundary && x[0]>0.25705 && x[0]< 0.43975 && x[1]>0.06947 && x[1]< 0.25216"], "height": 0.41, "width": 1.6, "inflow_peak": 0.79}