{"nodes": 1695, "object_boundaries": ["on_boundary && x[0]>0.30181 && x[0]< 0.57193 && x[1]>0.06064 && x[1]< 0.34492"], "height": 0.41, "width": 1.6, "inflow_peak": 1.47}