{"nodes": 2083, "cells": 3948, "object_boundaries": ["on_boundary && x[0]>0.19213 && x[0]< 0.39586 && x[1]>0.08479 && x[1]< 0.28851"], "height": 0.41, "width": 1.6, "inflow_peak": 1.03}