{"nodes": 2091, "cells": 3968, "object_boundaries": ["on_boundary && x[0]>0.39186 && x[0]< 0.5115 && x[1]>0.08195 && x[1]< 0.20159"], "height": 0.41, "width": 1.6, "inflow_peak": 1.092}