{"nodes": 1700, "object_boundaries": ["on_boundary && x[0]>0.25105 && x[0]< 0.48552 && x[1]>0.0507 && x[1]< 0.2946"], "height": 0.41, "width": 1.6, "inflow_peak": 1.38}