{"nodes": 1672, "object_boundaries": ["on_boundary && x[0]>0.20719 && x[0]< 0.39392 && x[1]>0.03565 && x[1]< 0.22156"], "height": 0.41, "width": 1.6, "inflow_peak": 1.28}