{"nodes": 2270, "object_boundaries": ["on_boundary && x[0]>0.21395 && x[0]< 0.37243 && x[1]>0.14989 && x[1]< 0.30837"], "height": 0.41, "width": 1.6, "inflow_peak": 2.24}