{"nodes": 2083, "cells": 3956, "object_boundaries": ["on_boundary && x[0]>0.27063 && x[0]< 0.36886 && x[1]>0.20348 && x[1]< 0.3017"], "height": 0.41, "width": 1.6, "inflow_peak": 1.964}