{"nodes": 1688, "object_boundaries": ["on_boundary && x[0]>0.05686 && x[0]< 0.31851 && x[1]>0.08576 && x[1]< 0.34177"], "height": 0.41, "width": 1.6, "inflow_peak": 1.45}