{"nodes": 1684, "object_boundaries": ["on_boundary && x[0]>0.18856 && x[0]< 0.39577 && x[1]>0.15419 && x[1]< 0.36141"], "height": 0.41, "width": 1.6, "inflow_peak": 1.93}