{"nodes": 1958, "cells": 3713, "object_boundaries": ["on_boundary && x[0]>0.12463 && x[0]< 0.29334 && x[1]>0.10529 && x[1]< 0.274"], "height": 0.41, "width": 1.6, "inflow_peak": 1.58}