{"nodes": 1983, "cells": 3751, "object_boundaries": ["on_boundary && x[0]>0.13837 && x[0]< 0.34407 && x[1]>0.001 && x[1]< 0.2067"], "height": 0.41, "width": 1.6, "inflow_peak": 1.067}