{"nodes": 2367, "object_boundaries": ["on_boundary && x[0]>0.37441 && x[0]< 0.51854 && x[1]>0.03791 && x[1]< 0.18204"], "height": 0.41, "width": 1.6, "inflow_peak": 1.612}