{"nodes": 1745, "object_boundaries": ["on_boundary && x[0]>0.0809 && x[0]< 0.34987 && x[1]>0.11798 && x[1]< 0.38695"], "height": 0.41, "width": 1.6, "inflow_peak": 1.155}