{"nodes": 2141, "object_boundaries": ["on_boundary && x[0]>0.19312 && x[0]< 0.36979 && x[1]>0.18904 && x[1]< 0.36571"], "height": 0.41, "width": 1.6, "inflow_peak": 0.849}