{"nodes": 1867, "object_boundaries": ["on_boundary && x[0]>0.1244 && x[0]< 0.33137 && x[1]>0.13378 && x[1]< 0.39236"], "height": 0.41, "width": 1.6, "inflow_peak": 1.84}