{"nodes": 2325, "object_boundaries": ["on_boundary && x[0]>0.08487 && x[0]< 0.21248 && x[1]>0.15185 && x[1]< 0.29733"], "height": 0.41, "width": 1.6, "inflow_peak": 1.22}