{"nodes": 1891, "object_boundaries": ["on_boundary && x[0]>0.20772 && x[0]< 0.42225 && x[1]>-0.00995 && x[1]< 0.23463"], "height": 0.41, "width": 1.6, "inflow_peak": 1.63}