{"nodes": 2087, "cells": 3952, "object_boundaries": ["on_boundary && x[0]>0.43964 && x[0]< 0.54424 && x[1]>0.18385 && x[1]< 0.34876"], "height": 0.41, "width": 1.6, "inflow_peak": 2.189}