{"nodes": 2024, "object_boundaries": ["on_boundary && x[0]>0.0901 && x[0]< 0.28814 && x[1]>0.07911 && x[1]< 0.27648"], "height": 0.41, "width": 1.6, "inflow_peak": 0.91}