{"nodes": 2093, "cells": 3960, "object_boundaries": ["on_boundary && x[0]>0.3623 && x[0]< 0.60261 && x[1]>0.09711 && x[1]< 0.33743"], "height": 0.41, "width": 1.6, "inflow_peak": 1.597}