{"nodes": 2045, "cells": 3884, "object_boundaries": ["on_boundary && x[0]>0.35644 && x[0]< 0.44319 && x[1]>0.13483 && x[1]< 0.22159"], "height": 0.41, "width": 1.6, "inflow_peak": 1.685}