{"nodes": 2256, "object_boundaries": ["on_boundary && x[0]>0.34394 && x[0]< 0.49151 && x[1]>0.12468 && x[1]< 0.2882"], "height": 0.41, "width": 1.6, "inflow_peak": 1.05}