{"nodes": 2015, "cells": 3823, "object_boundaries": ["on_boundary && x[0]>0.23477 && x[0]< 0.4058 && x[1]>0.20088 && x[1]< 0.38665"], "height": 0.41, "width": 1.6, "inflow_peak": 0.87}