{"nodes": 1899, "object_boundaries": ["on_boundary && x[0]>0.0458 && x[0]< 0.28717 && x[1]>0.10674 && x[1]< 0.32018"], "height": 0.41, "width": 1.6, "inflow_peak": 2.01}