{"nodes": 1828, "object_boundaries": ["on_boundary && x[0]>0.01868 && x[0]< 0.25284 && x[1]>0.05116 && x[1]< 0.28786"], "height": 0.41, "width": 1.6, "inflow_peak": 0.48}