{"nodes": 1971, "object_boundaries": ["on_boundary && x[0]>0.35525 && x[0]< 0.57939 && x[1]>0.02975 && x[1]< 0.2539"], "height": 0.41, "width": 1.6, "inflow_peak": 1.273}