{"nodes": 1966, "cells": 3737, "object_boundaries": ["on_boundary && x[0]>0.21566 && x[0]< 0.26639 && x[1]>0.19375 && x[1]< 0.24448"], "height": 0.41, "width": 1.6, "inflow_peak": 1.741}