{"nodes": 2131, "cells": 4032, "object_boundaries": ["on_boundary && x[0]>0.31619 && x[0]< 0.56853 && x[1]>0.04364 && x[1]< 0.29599"], "height": 0.41, "width": 1.6, "inflow_peak": 1.828}