{"nodes": 2209, "object_boundaries": ["on_boundary && x[0]>0.39821 && x[0]< 0.56396 && x[1]>0.19895 && x[1]< 0.36469"], "height": 0.41, "width": 1.6, "inflow_peak": 0.543}