{"nodes": 2594, "cells": 4920, "object_boundaries": ["on_boundary && x[0]>0.13222 && x[0]< 0.24319 && x[1]>0.0814 && x[1]< 0.15868", "on_boundary && x[0]>0.75518 && x[0]< 0.97852 && x[1]>0.18917 && x[1]< 0.30354"], "height": 0.41, "width": 1.6, "inflow_peak": 2.059}