{"nodes": 1861, "object_boundaries": ["on_boundary && x[0]>0.36671 && x[0]< 0.58855 && x[1]>0.07622 && x[1]< 0.34368"], "height": 0.41, "width": 1.6, "inflow_peak": 0.7}