{"nodes": 1708, "object_boundaries": ["on_boundary && x[0]>0.22496 && x[0]< 0.45943 && x[1]>0.04424 && x[1]< 0.27485"], "height": 0.41, "width": 1.6, "inflow_peak": 1.01}