{"nodes": 2093, "object_boundaries": ["on_boundary && x[0]>0.19849 && x[0]< 0.40335 && x[1]>0.13848 && x[1]< 0.34483"], "height": 0.41, "width": 1.6, "inflow_peak": 0.93}