{"nodes": 2345, "object_boundaries": ["on_boundary && x[0]>0.3403 && x[0]< 0.50293 && x[1]>0.17942 && x[1]< 0.33108"], "height": 0.41, "width": 1.6, "inflow_peak": 0.54}