{"nodes": 2247, "object_boundaries": ["on_boundary && x[0]>0.24547 && x[0]< 0.48455 && x[1]>0.16906 && x[1]< 0.32285"], "height": 0.41, "width": 1.6, "inflow_peak": 0.74}