{"nodes": 1992, "cells": 3779, "object_boundaries": ["on_boundary && x[0]>0.2767 && x[0]< 0.36144 && x[1]>0.06195 && x[1]< 0.14242"], "height": 0.41, "width": 1.6, "inflow_peak": 1.37}