{"nodes": 2064, "object_boundaries": ["on_boundary && x[0]>0.24294 && x[0]< 0.42289 && x[1]>0.0493 && x[1]< 0.27556"], "height": 0.41, "width": 1.6, "inflow_peak": 2.02}