{"nodes": 1878, "object_boundaries": ["on_boundary && x[0]>0.39541 && x[0]< 0.54122 && x[1]>0.03241 && x[1]< 0.17822"], "height": 0.41, "width": 1.6, "inflow_peak": 0.82}