{"nodes": 2190, "object_boundaries": ["on_boundary && x[0]>0.09453 && x[0]< 0.24219 && x[1]>0.03747 && x[1]< 0.18513"], "height": 0.41, "width": 1.6, "inflow_peak": 2.049}