{"nodes": 2186, "object_boundaries": ["on_boundary && x[0]>0.18808 && x[0]< 0.35804 && x[1]>0.01619 && x[1]< 0.18614"], "height": 0.41, "width": 1.6, "inflow_peak": 2.315}