{"nodes": 1970, "cells": 3744, "object_boundaries": ["on_boundary && x[0]>0.28658 && x[0]< 0.34276 && x[1]>0.27007 && x[1]< 0.32625"], "height": 0.41, "width": 1.6, "inflow_peak": 0.286}