{"nodes": 2342, "object_boundaries": ["on_boundary && x[0]>0.21262 && x[0]< 0.35841 && x[1]>0.22493 && x[1]< 0.37071"], "height": 0.41, "width": 1.6, "inflow_peak": 1.366}