{"nodes": 2016, "cells": 3799, "object_boundaries": ["on_boundary && x[0]>0.09068 && x[0]< 0.26032 && x[1]>0.16498 && x[1]< 0.33462"], "height": 0.41, "width": 1.6, "inflow_peak": 2.182}