{"nodes": 1993, "cells": 3784, "object_boundaries": ["on_boundary && x[0]>0.25195 && x[0]< 0.41687 && x[1]>0.06001 && x[1]< 0.22493"], "height": 0.41, "width": 1.6, "inflow_peak": 0.665}