{"nodes": 2071, "object_boundaries": ["on_boundary && x[0]>0.24166 && x[0]< 0.48243 && x[1]>0.15013 && x[1]< 0.39089", "on_boundary && x[0]>0.81985 && x[0]< 1.06323 && x[1]>0.05436 && x[1]< 0.29774"], "height": 0.41, "width": 1.6, "inflow_peak": 1.06}