{"nodes": 2034, "object_boundaries": ["on_boundary && x[0]>0.28045 && x[0]< 0.5012 && x[1]>0.02339 && x[1]< 0.24414"], "height": 0.41, "width": 1.6, "inflow_peak": 1.52}