{"nodes": 2090, "object_boundaries": ["on_boundary && x[0]>0.21986 && x[0]< 0.41507 && x[1]>0.08746 && x[1]< 0.28268"], "height": 0.41, "width": 1.6, "inflow_peak": 1.93}