{"nodes": 2443, "object_boundaries": ["on_boundary && x[0]>0.14569 && x[0]< 0.32625 && x[1]>0.13619 && x[1]< 0.31675", "on_boundary && x[0]>0.87465 && x[0]< 1.08798 && x[1]>0.05234 && x[1]< 0.26568"], "height": 0.41, "width": 1.6, "inflow_peak": 0.3}