{"nodes": 1982, "object_boundaries": ["on_boundary && x[0]>0.12779 && x[0]< 0.33119 && x[1]>-0.0017 && x[1]< 0.2017"], "height": 0.41, "width": 1.6, "inflow_peak": 1.551}