{"nodes": 2133, "object_boundaries": ["on_boundary && x[0]>0.14634 && x[0]< 0.32646 && x[1]>0.10009 && x[1]< 0.28021"], "height": 0.41, "width": 1.6, "inflow_peak": 0.758}