{"nodes": 2062, "object_boundaries": ["on_boundary && x[0]>0.1342 && x[0]< 0.32949 && x[1]>0.10038 && x[1]< 0.29568"], "height": 0.41, "width": 1.6, "inflow_peak": 0.848}