{"nodes": 2131, "cells": 4034, "object_boundaries": ["on_boundary && x[0]>0.30907 && x[0]< 0.5539 && x[1]>0.10469 && x[1]< 0.34952"], "height": 0.41, "width": 1.6, "inflow_peak": 0.385}