{"nodes": 2049, "object_boundaries": ["on_boundary && x[0]>0.21023 && x[0]< 0.40946 && x[1]>0.15064 && x[1]< 0.34987"], "height": 0.41, "width": 1.6, "inflow_peak": 1.44}