{"nodes": 2061, "cells": 3916, "object_boundaries": ["on_boundary && x[0]>0.3712 && x[0]< 0.53704 && x[1]>0.17894 && x[1]< 0.34478"], "height": 0.41, "width": 1.6, "inflow_peak": 2.06}