{"nodes": 2065, "object_boundaries": ["on_boundary && x[0]>0.38183 && x[0]< 0.58198 && x[1]>0.14981 && x[1]< 0.34995"], "height": 0.41, "width": 1.6, "inflow_peak": 0.72}