{"nodes": 2088, "object_boundaries": ["on_boundary && x[0]>0.31294 && x[0]< 0.51839 && x[1]>0.10695 && x[1]< 0.3124"], "height": 0.41, "width": 1.6, "inflow_peak": 1.51}