{"nodes": 1754, "object_boundaries": ["on_boundary && x[0]>0.29419 && x[0]< 0.52267 && x[1]>-0.00527 && x[1]< 0.22321"], "height": 0.41, "width": 1.6, "inflow_peak": 1.1}