{"nodes": 2185, "object_boundaries": ["on_boundary && x[0]>0.11926 && x[0]< 0.26506 && x[1]>0.11519 && x[1]< 0.29705"], "height": 0.41, "width": 1.6, "inflow_peak": 2.0}