{"nodes": 1948, "object_boundaries": ["on_boundary && x[0]>0.09676 && x[0]< 0.30736 && x[1]>0.00049 && x[1]< 0.26003", "on_boundary && x[0]>0.70317 && x[0]< 0.86959 && x[1]>0.03951 && x[1]< 0.22804"], "height": 0.41, "width": 1.6, "inflow_peak": 1.67}