{"nodes": 1978, "cells": 3747, "object_boundaries": ["on_boundary && x[0]>0.15298 && x[0]< 0.22821 && x[1]>0.20662 && x[1]< 0.31908"], "height": 0.41, "width": 1.6, "inflow_peak": 2.024}