{"nodes": 1885, "object_boundaries": ["on_boundary && x[0]>0.04749 && x[0]< 0.29291 && x[1]>0.02803 && x[1]< 0.24702"], "height": 0.41, "width": 1.6, "inflow_peak": 0.83}