{"nodes": 2007, "object_boundaries": ["on_boundary && x[0]>0.35896 && x[0]< 0.61534 && x[1]>0.08664 && x[1]< 0.29459"], "height": 0.41, "width": 1.6, "inflow_peak": 2.11}