{"nodes": 2202, "object_boundaries": ["on_boundary && x[0]>0.30917 && x[0]< 0.53587 && x[1]>0.08505 && x[1]< 0.25298"], "height": 0.41, "width": 1.6, "inflow_peak": 0.8}