{"nodes": 1992, "object_boundaries": ["on_boundary && x[0]>0.14191 && x[0]< 0.36359 && x[1]>0.08572 && x[1]< 0.3074"], "height": 0.41, "width": 1.6, "inflow_peak": 0.62}