{"nodes": 2359, "object_boundaries": ["on_boundary && x[0]>0.27505 && x[0]< 0.49747 && x[1]>0.02054 && x[1]< 0.24296", "on_boundary && x[0]>0.72842 && x[0]< 0.94014 && x[1]>0.07903 && x[1]< 0.29076"], "height": 0.41, "width": 1.6, "inflow_peak": 1.27}