{"nodes": 1977, "object_boundaries": ["on_boundary && x[0]>0.31805 && x[0]< 0.44852 && x[1]>0.08189 && x[1]< 0.21235"], "height": 0.41, "width": 1.6, "inflow_peak": 1.1}