{"nodes": 2406, "cells": 4561, "object_boundaries": ["on_boundary && x[0]>0.14932 && x[0]< 0.24401 && x[1]>0.1368 && x[1]< 0.23148", "on_boundary && x[0]>0.71815 && x[0]< 0.86691 && x[1]>0.12424 && x[1]< 0.273"], "height": 0.41, "width": 1.6, "inflow_peak": 0.273}