{"nodes": 2015, "cells": 3826, "object_boundaries": ["on_boundary && x[0]>0.22657 && x[0]< 0.39633 && x[1]>0.03457 && x[1]< 0.20433"], "height": 0.41, "width": 1.6, "inflow_peak": 0.58}