{"nodes": 1886, "object_boundaries": ["on_boundary && x[0]>0.33921 && x[0]< 0.50262 && x[1]>0.08719 && x[1]< 0.2506"], "height": 0.41, "width": 1.6, "inflow_peak": 1.15}