{"nodes": 1891, "object_boundaries": ["on_boundary && x[0]>0.26548 && x[0]< 0.43855 && x[1]>0.06585 && x[1]< 0.2311"], "height": 0.41, "width": 1.6, "inflow_peak": 2.27}