{"nodes": 2028, "object_boundaries": ["on_boundary && x[0]>0.20953 && x[0]< 0.42978 && x[1]>0.13513 && x[1]< 0.35538"], "height": 0.41, "width": 1.6, "inflow_peak": 1.18}