{"nodes": 1719, "object_boundaries": ["on_boundary && x[0]>0.2438 && x[0]< 0.46183 && x[1]>0.1133 && x[1]< 0.33133"], "height": 0.41, "width": 1.6, "inflow_peak": 2.03}