{"nodes": 1667, "object_boundaries": ["on_boundary && x[0]>0.31854 && x[0]< 0.52907 && x[1]>0.09395 && x[1]< 0.29844"], "height": 0.41, "width": 1.6, "inflow_peak": 1.47}