{"nodes": 2121, "cells": 4020, "object_boundaries": ["on_boundary && x[0]>0.28896 && x[0]< 0.5189 && x[1]>0.01427 && x[1]< 0.24421"], "height": 0.41, "width": 1.6, "inflow_peak": 1.26}