{"nodes": 2091, "object_boundaries": ["on_boundary && x[0]>0.23029 && x[0]< 0.42587 && x[1]>0.18205 && x[1]< 0.37763"], "height": 0.41, "width": 1.6, "inflow_peak": 0.39}