{"nodes": 1780, "object_boundaries": ["on_boundary && x[0]>0.1949 && x[0]< 0.38558 && x[1]>0.16682 && x[1]< 0.35749"], "height": 0.41, "width": 1.6, "inflow_peak": 1.68}