{"nodes": 2072, "cells": 3922, "object_boundaries": ["on_boundary && x[0]>0.1191 && x[0]< 0.23741 && x[1]>0.15224 && x[1]< 0.27056"], "height": 0.41, "width": 1.6, "inflow_peak": 0.473}