{"nodes": 1684, "object_boundaries": ["on_boundary && x[0]>0.25226 && x[0]< 0.47139 && x[1]>0.1575 && x[1]< 0.37663"], "height": 0.41, "width": 1.6, "inflow_peak": 0.81}