{"nodes": 1994, "cells": 3792, "object_boundaries": ["on_boundary && x[0]>0.26145 && x[0]< 0.40599 && x[1]>0.06536 && x[1]< 0.20991"], "height": 0.41, "width": 1.6, "inflow_peak": 2.04}