{"nodes": 2007, "cells": 3793, "object_boundaries": ["on_boundary && x[0]>0.07546 && x[0]< 0.30032 && x[1]>0.07996 && x[1]< 0.30482"], "height": 0.41, "width": 1.6, "inflow_peak": 0.781}