{"nodes": 1871, "object_boundaries": ["on_boundary && x[0]>0.27598 && x[0]< 0.51461 && x[1]>0.12821 && x[1]< 0.36684"], "height": 0.41, "width": 1.6, "inflow_peak": 1.181}