{"nodes": 2144, "object_boundaries": ["on_boundary && x[0]>0.36011 && x[0]< 0.55252 && x[1]>0.13349 && x[1]< 0.3259"], "height": 0.41, "width": 1.6, "inflow_peak": 1.403}