{"nodes": 2121, "cells": 4015, "object_boundaries": ["on_boundary && x[0]>0.33841 && x[0]< 0.49 && x[1]>0.1326 && x[1]< 0.28419"], "height": 0.41, "width": 1.6, "inflow_peak": 1.292}