{"nodes": 1989, "cells": 3782, "object_boundaries": ["on_boundary && x[0]>0.26294 && x[0]< 0.32506 && x[1]>0.17622 && x[1]< 0.22703"], "height": 0.41, "width": 1.6, "inflow_peak": 1.557}