{"nodes": 1864, "object_boundaries": ["on_boundary && x[0]>0.1598 && x[0]< 0.39284 && x[1]>0.05402 && x[1]< 0.30065"], "height": 0.41, "width": 1.6, "inflow_peak": 0.97}