{"nodes": 2205, "object_boundaries": ["on_boundary && x[0]>0.1555 && x[0]< 0.32302 && x[1]>0.16955 && x[1]< 0.33707"], "height": 0.41, "width": 1.6, "inflow_peak": 0.46}