{"nodes": 1781, "object_boundaries": ["on_boundary && x[0]>0.11137 && x[0]< 0.28077 && x[1]>0.07004 && x[1]< 0.23945"], "height": 0.41, "width": 1.6, "inflow_peak": 0.36}