{"nodes": 2023, "cells": 3832, "object_boundaries": ["on_boundary && x[0]>0.19161 && x[0]< 0.30308 && x[1]>0.1069 && x[1]< 0.21837"], "height": 0.41, "width": 1.6, "inflow_peak": 0.752}