{"nodes": 2630, "object_boundaries": ["on_boundary && x[0]>0.32389 && x[0]< 0.49993 && x[1]>0.06066 && x[1]< 0.2367", "on_boundary && x[0]>0.87149 && x[0]< 1.06679 && x[1]>0.17848 && x[1]< 0.37378"], "height": 0.41, "width": 1.6, "inflow_peak": 2.21}