{"nodes": 2324, "object_boundaries": ["on_boundary && x[0]>0.40486 && x[0]< 0.54801 && x[1]>0.13414 && x[1]< 0.27729"], "height": 0.41, "width": 1.6, "inflow_peak": 1.59}