{"nodes": 2139, "cells": 4046, "object_boundaries": ["on_boundary && x[0]>0.34759 && x[0]< 0.51504 && x[1]>0.12779 && x[1]< 0.29524"], "height": 0.41, "width": 1.6, "inflow_peak": 1.649}