{"nodes": 3070, "object_boundaries": ["on_boundary && x[0]>0.23468 && x[0]< 0.41216 && x[1]>0.09749 && x[1]< 0.27498", "on_boundary && x[0]>0.77695 && x[0]< 0.91305 && x[1]>0.13048 && x[1]< 0.26658"], "height": 0.41, "width": 1.6, "inflow_peak": 0.67}