{"nodes": 1806, "object_boundaries": ["on_boundary && x[0]>0.08602 && x[0]< 0.34006 && x[1]>0.01916 && x[1]< 0.27321"], "height": 0.41, "width": 1.6, "inflow_peak": 0.69}