{"nodes": 2090, "cells": 3949, "object_boundaries": ["on_boundary && x[0]>0.30531 && x[0]< 0.47094 && x[1]>0.06047 && x[1]< 0.2261"], "height": 0.41, "width": 1.6, "inflow_peak": 1.028}