{"nodes": 2411, "object_boundaries": ["on_boundary && x[0]>0.37479 && x[0]< 0.50736 && x[1]>0.12353 && x[1]< 0.2561"], "height": 0.41, "width": 1.6, "inflow_peak": 2.03}