{"nodes": 1912, "cells": 3627, "object_boundaries": ["on_boundary && x[0]>0.10737 && x[0]< 0.25685 && x[1]>0.04884 && x[1]< 0.19833"], "height": 0.41, "width": 1.6, "inflow_peak": 0.98}