{"nodes": 1864, "object_boundaries": ["on_boundary && x[0]>0.14955 && x[0]< 0.40464 && x[1]>0.11232 && x[1]< 0.36741"], "height": 0.41, "width": 1.6, "inflow_peak": 1.096}