{"nodes": 1982, "cells": 3759, "object_boundaries": ["on_boundary && x[0]>0.13155 && x[0]< 0.30532 && x[1]>0.04125 && x[1]< 0.21502"], "height": 0.41, "width": 1.6, "inflow_peak": 1.234}