{"nodes": 1884, "object_boundaries": ["on_boundary && x[0]>0.17395 && x[0]< 0.32103 && x[1]>0.16616 && x[1]< 0.31325"], "height": 0.41, "width": 1.6, "inflow_peak": 1.0}