{"nodes": 1815, "object_boundaries": ["on_boundary && x[0]>0.13345 && x[0]< 0.38662 && x[1]>0.12396 && x[1]< 0.37713"], "height": 0.41, "width": 1.6, "inflow_peak": 0.629}