{"nodes": 2172, "cells": 4114, "object_boundaries": ["on_boundary && x[0]>0.29453 && x[0]< 0.53726 && x[1]>0.06584 && x[1]< 0.31114"], "height": 0.41, "width": 1.6, "inflow_peak": 1.12}