{"nodes": 2122, "cells": 4030, "object_boundaries": ["on_boundary && x[0]>0.36737 && x[0]< 0.45821 && x[1]>0.15696 && x[1]< 0.2478"], "height": 0.41, "width": 1.6, "inflow_peak": 1.678}