{"nodes": 2030, "cells": 3851, "object_boundaries": ["on_boundary && x[0]>0.32361 && x[0]< 0.50902 && x[1]>0.04353 && x[1]< 0.22894"], "height": 0.41, "width": 1.6, "inflow_peak": 0.79}