{"nodes": 2125, "object_boundaries": ["on_boundary && x[0]>0.22314 && x[0]< 0.40997 && x[1]>0.03524 && x[1]< 0.22207"], "height": 0.41, "width": 1.6, "inflow_peak": 0.46}