{"nodes": 2067, "object_boundaries": ["on_boundary && x[0]>0.31782 && x[0]< 0.52343 && x[1]>0.11376 && x[1]< 0.31937"], "height": 0.41, "width": 1.6, "inflow_peak": 1.02}