{"nodes": 1919, "object_boundaries": ["on_boundary && x[0]>0.27051 && x[0]< 0.50612 && x[1]>0.05317 && x[1]< 0.28879"], "height": 0.41, "width": 1.6, "inflow_peak": 1.98}