{"nodes": 2286, "object_boundaries": ["on_boundary && x[0]>0.14658 && x[0]< 0.37947 && x[1]>0.03333 && x[1]< 0.26622"], "height": 0.41, "width": 1.6, "inflow_peak": 1.98}