{"nodes": 2060, "cells": 3902, "object_boundaries": ["on_boundary && x[0]>0.05753 && x[0]< 0.27073 && x[1]>0.08031 && x[1]< 0.29351"], "height": 0.41, "width": 1.6, "inflow_peak": 1.4}