{"nodes": 2255, "object_boundaries": ["on_boundary && x[0]>0.14996 && x[0]< 0.3054 && x[1]>0.15233 && x[1]< 0.30776"], "height": 0.41, "width": 1.6, "inflow_peak": 1.21}