{"nodes": 1690, "object_boundaries": ["on_boundary && x[0]>0.08676 && x[0]< 0.30568 && x[1]>0.10847 && x[1]< 0.32739"], "height": 0.41, "width": 1.6, "inflow_peak": 2.33}