{"nodes": 2104, "cells": 3990, "object_boundaries": ["on_boundary && x[0]>0.42628 && x[0]< 0.5614 && x[1]>0.11501 && x[1]< 0.22613"], "height": 0.41, "width": 1.6, "inflow_peak": 2.151}