{"nodes": 2138, "object_boundaries": ["on_boundary && x[0]>0.09035 && x[0]< 0.23355 && x[1]>0.14082 && x[1]< 0.34001"], "height": 0.41, "width": 1.6, "inflow_peak": 1.06}