{"nodes": 2119, "cells": 4020, "object_boundaries": ["on_boundary && x[0]>0.239 && x[0]< 0.36042 && x[1]>0.05473 && x[1]< 0.17615"], "height": 0.41, "width": 1.6, "inflow_peak": 1.06}