{"nodes": 2097, "cells": 3976, "object_boundaries": ["on_boundary && x[0]>0.29204 && x[0]< 0.51153 && x[1]>0.17476 && x[1]< 0.39425"], "height": 0.41, "width": 1.6, "inflow_peak": 0.66}