{"nodes": 2160, "object_boundaries": ["on_boundary && x[0]>0.20585 && x[0]< 0.38416 && x[1]>0.17301 && x[1]< 0.35132"], "height": 0.41, "width": 1.6, "inflow_peak": 0.78}