{"nodes": 1963, "object_boundaries": ["on_boundary && x[0]>0.36867 && x[0]< 0.59912 && x[1]>0.06223 && x[1]< 0.31631", "on_boundary && x[0]>0.88416 && x[0]< 1.07952 && x[1]>0.0274 && x[1]< 0.21824"], "height": 0.41, "width": 1.6, "inflow_peak": 1.31}