{"nodes": 2143, "object_boundaries": ["on_boundary && x[0]>0.31734 && x[0]< 0.52079 && x[1]>0.10582 && x[1]< 0.29"], "height": 0.41, "width": 1.6, "inflow_peak": 1.47}