{"nodes": 1916, "object_boundaries": ["on_boundary && x[0]>0.1906 && x[0]< 0.32027 && x[1]>0.05601 && x[1]< 0.28067"], "height": 0.41, "width": 1.6, "inflow_peak": 1.2}