{"nodes": 2065, "cells": 3922, "object_boundaries": ["on_boundary && x[0]>0.34398 && x[0]< 0.53264 && x[1]>0.04005 && x[1]< 0.22738"], "height": 0.41, "width": 1.6, "inflow_peak": 1.75}