{"nodes": 1871, "object_boundaries": ["on_boundary && x[0]>0.37246 && x[0]< 0.61659 && x[1]>0.03604 && x[1]< 0.28017"], "height": 0.41, "width": 1.6, "inflow_peak": 1.374}