{"nodes": 2090, "object_boundaries": ["on_boundary && x[0]>0.35895 && x[0]< 0.54272 && x[1]>0.01572 && x[1]< 0.19949"], "height": 0.41, "width": 1.6, "inflow_peak": 0.834}