{"nodes": 2169, "object_boundaries": ["on_boundary && x[0]>0.20513 && x[0]< 0.3765 && x[1]>0.14572 && x[1]< 0.31709"], "height": 0.41, "width": 1.6, "inflow_peak": 1.759}