{"nodes": 1986, "cells": 3752, "object_boundaries": ["on_boundary && x[0]>0.0703 && x[0]< 0.28999 && x[1]>0.12882 && x[1]< 0.34851"], "height": 0.41, "width": 1.6, "inflow_peak": 0.662}