{"nodes": 2370, "object_boundaries": ["on_boundary && x[0]>0.20227 && x[0]< 0.35049 && x[1]>0.16543 && x[1]< 0.31365"], "height": 0.41, "width": 1.6, "inflow_peak": 0.442}