{"nodes": 2048, "cells": 3882, "object_boundaries": ["on_boundary && x[0]>0.28766 && x[0]< 0.39906 && x[1]>0.09733 && x[1]< 0.20873"], "height": 0.41, "width": 1.6, "inflow_peak": 1.451}