{"nodes": 2039, "object_boundaries": ["on_boundary && x[0]>0.28536 && x[0]< 0.49605 && x[1]>0.01094 && x[1]< 0.22162"], "height": 0.41, "width": 1.6, "inflow_peak": 1.42}