{"nodes": 2322, "object_boundaries": ["on_boundary && x[0]>0.33039 && x[0]< 0.57097 && x[1]>0.09355 && x[1]< 0.33414"], "height": 0.41, "width": 1.6, "inflow_peak": 1.52}