{"nodes": 2890, "object_boundaries": ["on_boundary && x[0]>0.24216 && x[0]< 0.42903 && x[1]>0.12669 && x[1]< 0.31356", "on_boundary && x[0]>0.73762 && x[0]< 0.89636 && x[1]>0.07433 && x[1]< 0.23307"], "height": 0.41, "width": 1.6, "inflow_peak": 1.37}