{"nodes": 2353, "cells": 4460, "object_boundaries": ["on_boundary && x[0]>0.08658 && x[0]< 0.32448 && x[1]>0.09323 && x[1]< 0.33113", "on_boundary && x[0]>0.84952 && x[0]< 1.02042 && x[1]>0.17284 && x[1]< 0.34373"], "height": 0.41, "width": 1.6, "inflow_peak": 1.08}