{"nodes": 2148, "cells": 4065, "object_boundaries": ["on_boundary && x[0]>0.35403 && x[0]< 0.60749 && x[1]>0.02379 && x[1]< 0.27932"], "height": 0.41, "width": 1.6, "inflow_peak": 0.34}