{"nodes": 2177, "object_boundaries": ["on_boundary && x[0]>0.27065 && x[0]< 0.5261 && x[1]>0.02846 && x[1]< 0.28391"], "height": 0.41, "width": 1.6, "inflow_peak": 1.71}