{"nodes": 2096, "object_boundaries": ["on_boundary && x[0]>0.16722 && x[0]< 0.35147 && x[1]>0.10981 && x[1]< 0.29406"], "height": 0.41, "width": 1.6, "inflow_peak": 0.81}