{"nodes": 2092, "cells": 3957, "object_boundaries": ["on_boundary && x[0]>0.2852 && x[0]< 0.43828 && x[1]>0.10215 && x[1]< 0.25523"], "height": 0.41, "width": 1.6, "inflow_peak": 2.034}