{"nodes": 2185, "object_boundaries": ["on_boundary && x[0]>0.287 && x[0]< 0.47253 && x[1]>0.12027 && x[1]< 0.3058"], "height": 0.41, "width": 1.6, "inflow_peak": 1.116}