{"nodes": 1885, "object_boundaries": ["on_boundary && x[0]>0.22026 && x[0]< 0.46328 && x[1]>0.08986 && x[1]< 0.33288"], "height": 0.41, "width": 1.6, "inflow_peak": 1.166}