{"nodes": 2209, "object_boundaries": ["on_boundary && x[0]>0.24575 && x[0]< 0.5102 && x[1]>0.14358 && x[1]< 0.40802"], "height": 0.41, "width": 1.6, "inflow_peak": 0.947}