{"nodes": 2115, "cells": 4007, "object_boundaries": ["on_boundary && x[0]>0.34423 && x[0]< 0.57448 && x[1]>0.12826 && x[1]< 0.3585"], "height": 0.41, "width": 1.6, "inflow_peak": 0.348}