{"nodes": 2065, "object_boundaries": ["on_boundary && x[0]>0.2356 && x[0]< 0.43643 && x[1]>0.15793 && x[1]< 0.35876"], "height": 0.41, "width": 1.6, "inflow_peak": 0.15}