{"nodes": 2034, "object_boundaries": ["on_boundary && x[0]>0.1742 && x[0]< 0.32613 && x[1]>0.07096 && x[1]< 0.26204"], "height": 0.41, "width": 1.6, "inflow_peak": 1.31}