{"nodes": 2003, "cells": 3786, "object_boundaries": ["on_boundary && x[0]>0.10144 && x[0]< 0.26321 && x[1]>0.2457 && x[1]< 0.33973"], "height": 0.41, "width": 1.6, "inflow_peak": 1.408}