{"nodes": 1877, "object_boundaries": ["on_boundary && x[0]>0.20838 && x[0]< 0.41839 && x[1]>0.10563 && x[1]< 0.37083"], "height": 0.41, "width": 1.6, "inflow_peak": 1.36}