{"nodes": 1987, "cells": 3759, "object_boundaries": ["on_boundary && x[0]>0.04331 && x[0]< 0.28672 && x[1]>0.18493 && x[1]< 0.34412"], "height": 0.41, "width": 1.6, "inflow_peak": 0.69}