{"nodes": 2113, "object_boundaries": ["on_boundary && x[0]>0.29434 && x[0]< 0.44962 && x[1]>0.04292 && x[1]< 0.25705"], "height": 0.41, "width": 1.6, "inflow_peak": 2.07}