{"nodes": 1996, "object_boundaries": ["on_boundary && x[0]>0.27535 && x[0]< 0.44358 && x[1]>0.08896 && x[1]< 0.34375"], "height": 0.41, "width": 1.6, "inflow_peak": 0.85}