{"nodes": 1706, "object_boundaries": ["on_boundary && x[0]>0.16905 && x[0]< 0.33048 && x[1]>0.04048 && x[1]< 0.21427"], "height": 0.41, "width": 1.6, "inflow_peak": 2.23}