{"nodes": 2082, "cells": 3944, "object_boundaries": ["on_boundary && x[0]>0.30414 && x[0]< 0.40745 && x[1]>0.02074 && x[1]< 0.15939"], "height": 0.41, "width": 1.6, "inflow_peak": 2.24}