{"nodes": 1759, "object_boundaries": ["on_boundary && x[0]>0.35835 && x[0]< 0.54037 && x[1]>0.20079 && x[1]< 0.38148", "on_boundary && x[0]>0.65585 && x[0]< 0.84734 && x[1]>0.15075 && x[1]< 0.3456"], "height": 0.41, "width": 1.6, "inflow_peak": 1.25}