{"nodes": 2020, "object_boundaries": ["on_boundary && x[0]>0.23026 && x[0]< 0.41049 && x[1]>0.06846 && x[1]< 0.29304"], "height": 0.41, "width": 1.6, "inflow_peak": 0.86}