{"nodes": 2154, "object_boundaries": ["on_boundary && x[0]>0.30376 && x[0]< 0.47843 && x[1]>0.21065 && x[1]< 0.38531"], "height": 0.41, "width": 1.6, "inflow_peak": 1.04}