{"nodes": 2112, "object_boundaries": ["on_boundary && x[0]>0.28585 && x[0]< 0.55196 && x[1]>0.07731 && x[1]< 0.32247"], "height": 0.41, "width": 1.6, "inflow_peak": 0.73}