{"nodes": 1921, "object_boundaries": ["on_boundary && x[0]>0.13532 && x[0]< 0.36319 && x[1]>0.02502 && x[1]< 0.25289"], "height": 0.41, "width": 1.6, "inflow_peak": 1.725}