{"nodes": 1870, "object_boundaries": ["on_boundary && x[0]>0.26974 && x[0]< 0.51781 && x[1]>0.04577 && x[1]< 0.29384"], "height": 0.41, "width": 1.6, "inflow_peak": 1.266}