{"nodes": 2048, "cells": 3868, "object_boundaries": ["on_boundary && x[0]>0.17369 && x[0]< 0.42005 && x[1]>0.11275 && x[1]< 0.3591"], "height": 0.41, "width": 1.6, "inflow_peak": 1.614}