{"nodes": 2188, "object_boundaries": ["on_boundary && x[0]>0.23217 && x[0]< 0.40588 && x[1]>0.04882 && x[1]< 0.22253"], "height": 0.41, "width": 1.6, "inflow_peak": 1.059}