{"nodes": 2046, "object_boundaries": ["on_boundary && x[0]>0.2338 && x[0]< 0.4386 && x[1]>0.06661 && x[1]< 0.27141"], "height": 0.41, "width": 1.6, "inflow_peak": 1.289}