{"nodes": 1992, "object_boundaries": ["on_boundary && x[0]>0.21034 && x[0]< 0.41002 && x[1]>0.19095 && x[1]< 0.4073"], "height": 0.41, "width": 1.6, "inflow_peak": 0.15}