{"nodes": 1848, "object_boundaries": ["on_boundary && x[0]>0.03945 && x[0]< 0.26321 && x[1]>-0.00094 && x[1]< 0.23174"], "height": 0.41, "width": 1.6, "inflow_peak": 1.23}