{"nodes": 2151, "object_boundaries": ["on_boundary && x[0]>0.31388 && x[0]< 0.47757 && x[1]>0.06662 && x[1]< 0.26584"], "height": 0.41, "width": 1.6, "inflow_peak": 0.45}