{"nodes": 2036, "cells": 3863, "object_boundaries": ["on_boundary && x[0]>0.27779 && x[0]< 0.45178 && x[1]>0.08267 && x[1]< 0.28201"], "height": 0.41, "width": 1.6, "inflow_peak": 1.36}