{"nodes": 2076, "cells": 3930, "object_boundaries": ["on_boundary && x[0]>0.19006 && x[0]< 0.33049 && x[1]>0.17138 && x[1]< 0.30339"], "height": 0.41, "width": 1.6, "inflow_peak": 1.663}