{"nodes": 2101, "object_boundaries": ["on_boundary && x[0]>0.10425 && x[0]< 0.34714 && x[1]>0.13595 && x[1]< 0.30033"], "height": 0.41, "width": 1.6, "inflow_peak": 0.69}