{"nodes": 2064, "object_boundaries": ["on_boundary && x[0]>0.18765 && x[0]< 0.36568 && x[1]>0.05839 && x[1]< 0.27647"], "height": 0.41, "width": 1.6, "inflow_peak": 1.09}