{"nodes": 1803, "object_boundaries": ["on_boundary && x[0]>0.39998 && x[0]< 0.56908 && x[1]>0.15287 && x[1]< 0.3234"], "height": 0.41, "width": 1.6, "inflow_peak": 1.71}