{"nodes": 2461, "cells": 4679, "object_boundaries": ["on_boundary && x[0]>0.10382 && x[0]< 0.21012 && x[1]>0.21039 && x[1]< 0.32891", "on_boundary && x[0]>0.83717 && x[0]< 0.93391 && x[1]>0.18668 && x[1]< 0.28223"], "height": 0.41, "width": 1.6, "inflow_peak": 1.082}