{"nodes": 2199, "object_boundaries": ["on_boundary && x[0]>0.36886 && x[0]< 0.5393 && x[1]>0.04613 && x[1]< 0.21657"], "height": 0.41, "width": 1.6, "inflow_peak": 1.61}