{"nodes": 1990, "object_boundaries": ["on_boundary && x[0]>0.38524 && x[0]< 0.59791 && x[1]>0.05744 && x[1]< 0.27011"], "height": 0.41, "width": 1.6, "inflow_peak": 1.278}