{"nodes": 1962, "cells": 3726, "object_boundaries": ["on_boundary && x[0]>0.20465 && x[0]< 0.26597 && x[1]>0.23549 && x[1]< 0.29682"], "height": 0.41, "width": 1.6, "inflow_peak": 0.962}