{"nodes": 2265, "object_boundaries": ["on_boundary && x[0]>0.18027 && x[0]< 0.4172 && x[1]>0.07136 && x[1]< 0.30829"], "height": 0.41, "width": 1.6, "inflow_peak": 2.35}