{"nodes": 1970, "cells": 3731, "object_boundaries": ["on_boundary && x[0]>0.18191 && x[0]< 0.35231 && x[1]>-0.00016 && x[1]< 0.20212"], "height": 0.41, "width": 1.6, "inflow_peak": 0.36}