{"nodes": 2108, "object_boundaries": ["on_boundary && x[0]>0.17595 && x[0]< 0.32367 && x[1]>0.19144 && x[1]< 0.40645"], "height": 0.41, "width": 1.6, "inflow_peak": 1.05}