{"nodes": 1875, "object_boundaries": ["on_boundary && x[0]>0.03074 && x[0]< 0.27172 && x[1]>0.12762 && x[1]< 0.34446"], "height": 0.41, "width": 1.6, "inflow_peak": 1.01}