{"nodes": 2221, "object_boundaries": ["on_boundary && x[0]>0.36698 && x[0]< 0.59575 && x[1]>0.14352 && x[1]< 0.29912"], "height": 0.41, "width": 1.6, "inflow_peak": 0.98}