{"nodes": 2014, "cells": 3821, "object_boundaries": ["on_boundary && x[0]>0.23865 && x[0]< 0.35812 && x[1]>0.07388 && x[1]< 0.12893"], "height": 0.41, "width": 1.6, "inflow_peak": 2.178}