{"nodes": 2370, "object_boundaries": ["on_boundary && x[0]>0.18823 && x[0]< 0.43375 && x[1]>0.01695 && x[1]< 0.26247", "on_boundary && x[0]>0.75323 && x[0]< 0.93402 && x[1]>0.09411 && x[1]< 0.27489"], "height": 0.41, "width": 1.6, "inflow_peak": 2.01}