{"nodes": 2043, "cells": 3871, "object_boundaries": ["on_boundary && x[0]>0.32942 && x[0]< 0.53367 && x[1]>0.18128 && x[1]< 0.38553"], "height": 0.41, "width": 1.6, "inflow_peak": 0.61}