{"nodes": 2130, "object_boundaries": ["on_boundary && x[0]>0.08602 && x[0]< 0.25527 && x[1]>0.07939 && x[1]< 0.24864"], "height": 0.41, "width": 1.6, "inflow_peak": 1.14}