{"nodes": 2553, "object_boundaries": ["on_boundary && x[0]>0.16385 && x[0]< 0.28385 && x[1]>0.18637 && x[1]< 0.30637"], "height": 0.41, "width": 1.6, "inflow_peak": 1.17}