{"nodes": 2553, "object_boundaries": ["on_boundary && x[0]>0.35361 && x[0]< 0.56949 && x[1]>0.07099 && x[1]< 0.28687", "on_boundary && x[0]>0.74549 && x[0]< 0.92528 && x[1]>0.13448 && x[1]< 0.31427"], "height": 0.41, "width": 1.6, "inflow_peak": 0.45}