{"nodes": 2159, "object_boundaries": ["on_boundary && x[0]>0.22858 && x[0]< 0.44975 && x[1]>0.03563 && x[1]< 0.27563"], "height": 0.41, "width": 1.6, "inflow_peak": 0.17}