{"nodes": 2091, "object_boundaries": ["on_boundary && x[0]>0.41043 && x[0]< 0.5801 && x[1]>0.06166 && x[1]< 0.25773"], "height": 0.41, "width": 1.6, "inflow_peak": 0.49}