{"nodes": 2065, "cells": 3906, "object_boundaries": ["on_boundary && x[0]>0.34552 && x[0]< 0.56518 && x[1]>0.04811 && x[1]< 0.29583"], "height": 0.41, "width": 1.6, "inflow_peak": 1.78}