{"nodes": 2380, "object_boundaries": ["on_boundary && x[0]>0.16679 && x[0]< 0.39111 && x[1]>0.06833 && x[1]< 0.19002"], "height": 0.41, "width": 1.6, "inflow_peak": 1.48}