{"nodes": 1997, "object_boundaries": ["on_boundary && x[0]>0.15144 && x[0]< 0.30435 && x[1]>0.01238 && x[1]< 0.27014"], "height": 0.41, "width": 1.6, "inflow_peak": 0.62}