{"nodes": 2039, "cells": 3865, "object_boundaries": ["on_boundary && x[0]>0.24975 && x[0]< 0.35753 && x[1]>0.1978 && x[1]< 0.304"], "height": 0.41, "width": 1.6, "inflow_peak": 1.597}