{"nodes": 2008, "cells": 3817, "object_boundaries": ["on_boundary && x[0]>0.20791 && x[0]< 0.27945 && x[1]>0.16029 && x[1]< 0.21734"], "height": 0.41, "width": 1.6, "inflow_peak": 0.983}