{"nodes": 2065, "object_boundaries": ["on_boundary && x[0]>0.23653 && x[0]< 0.43652 && x[1]>0.13997 && x[1]< 0.33996"], "height": 0.41, "width": 1.6, "inflow_peak": 1.06}