{"nodes": 2768, "object_boundaries": ["on_boundary && x[0]>0.24502 && x[0]< 0.4392 && x[1]>0.12344 && x[1]< 0.31762", "on_boundary && x[0]>0.75376 && x[0]< 0.89632 && x[1]>0.04738 && x[1]< 0.18994"], "height": 0.41, "width": 1.6, "inflow_peak": 0.3}