{"nodes": 2237, "object_boundaries": ["on_boundary && x[0]>0.29672 && x[0]< 0.49866 && x[1]>0.18937 && x[1]< 0.39131", "on_boundary && x[0]>0.63959 && x[0]< 0.89208 && x[1]>0.07858 && x[1]< 0.33107"], "height": 0.41, "width": 1.6, "inflow_peak": 1.07}