{"nodes": 1901, "object_boundaries": ["on_boundary && x[0]>0.13431 && x[0]< 0.36339 && x[1]>0.05317 && x[1]< 0.28225"], "height": 0.41, "width": 1.6, "inflow_peak": 1.94}