{"nodes": 1975, "cells": 3752, "object_boundaries": ["on_boundary && x[0]>0.28498 && x[0]< 0.3479 && x[1]>0.12988 && x[1]< 0.19281"], "height": 0.41, "width": 1.6, "inflow_peak": 2.243}