{"nodes": 1923, "object_boundaries": ["on_boundary && x[0]>0.24311 && x[0]< 0.47814 && x[1]>0.01058 && x[1]< 0.2456"], "height": 0.41, "width": 1.6, "inflow_peak": 1.71}