{"nodes": 2607, "cells": 4940, "object_boundaries": ["on_boundary && x[0]>0.33199 && x[0]< 0.58213 && x[1]>0.06835 && x[1]< 0.3185", "on_boundary && x[0]>0.75116 && x[0]< 0.99506 && x[1]>0.1473 && x[1]< 0.39121"], "height": 0.41, "width": 1.6, "inflow_peak": 0.42}