{"nodes": 2145, "cells": 4057, "object_boundaries": ["on_boundary && x[0]>0.18631 && x[0]< 0.35696 && x[1]>0.10124 && x[1]< 0.2553"], "height": 0.41, "width": 1.6, "inflow_peak": 0.887}