{"nodes": 1992, "cells": 3778, "object_boundaries": ["on_boundary && x[0]>0.10565 && x[0]< 0.27098 && x[1]>0.11153 && x[1]< 0.27685"], "height": 0.41, "width": 1.6, "inflow_peak": 0.85}