{"nodes": 2295, "object_boundaries": ["on_boundary && x[0]>0.34967 && x[0]< 0.51588 && x[1]>0.16296 && x[1]< 0.32917"], "height": 0.41, "width": 1.6, "inflow_peak": 1.5}