{"nodes": 1688, "object_boundaries": ["on_boundary && x[0]>0.02677 && x[0]< 0.27519 && x[1]>0.06978 && x[1]< 0.33465"], "height": 0.41, "width": 1.6, "inflow_peak": 1.84}