{"nodes": 2141, "cells": 4055, "object_boundaries": ["on_boundary && x[0]>0.21609 && x[0]< 0.44991 && x[1]>0.13029 && x[1]< 0.37463"], "height": 0.41, "width": 1.6, "inflow_peak": 1.78}