{"nodes": 1690, "object_boundaries": ["on_boundary && x[0]>0.28436 && x[0]< 0.54989 && x[1]>0.02422 && x[1]< 0.27394"], "height": 0.41, "width": 1.6, "inflow_peak": 0.47}