{"nodes": 2004, "cells": 3805, "object_boundaries": ["on_boundary && x[0]>0.32743 && x[0]< 0.49395 && x[1]>0.03624 && x[1]< 0.20277"], "height": 0.41, "width": 1.6, "inflow_peak": 0.68}