{"nodes": 1710, "object_boundaries": ["on_boundary && x[0]>0.39329 && x[0]< 0.62455 && x[1]>-0.01613 && x[1]< 0.22579"], "height": 0.41, "width": 1.6, "inflow_peak": 0.92}