{"nodes": 1706, "object_boundaries": ["on_boundary && x[0]>0.31265 && x[0]< 0.53214 && x[1]>0.10993 && x[1]< 0.33132"], "height": 0.41, "width": 1.6, "inflow_peak": 1.97}