{"nodes": 2001, "cells": 3807, "object_boundaries": ["on_boundary && x[0]>0.38778 && x[0]< 0.43962 && x[1]>0.20353 && x[1]< 0.25537"], "height": 0.41, "width": 1.6, "inflow_peak": 1.493}