{"nodes": 2001, "object_boundaries": ["on_boundary && x[0]>0.28008 && x[0]< 0.49042 && x[1]>0.19066 && x[1]< 0.401"], "height": 0.41, "width": 1.6, "inflow_peak": 1.48}