{"nodes": 2024, "cells": 3840, "object_boundaries": ["on_boundary && x[0]>0.42403 && x[0]< 0.51701 && x[1]>0.0865 && x[1]< 0.17947"], "height": 0.41, "width": 1.6, "inflow_peak": 0.779}