{"nodes": 2418, "object_boundaries": ["on_boundary && x[0]>0.19492 && x[0]< 0.39871 && x[1]>0.16174 && x[1]< 0.36554", "on_boundary && x[0]>0.56715 && x[0]< 0.77376 && x[1]>0.06359 && x[1]< 0.2702"], "height": 0.41, "width": 1.6, "inflow_peak": 0.53}