{"nodes": 1845, "object_boundaries": ["on_boundary && x[0]>0.20514 && x[0]< 0.4545 && x[1]>0.047 && x[1]< 0.29636"], "height": 0.41, "width": 1.6, "inflow_peak": 1.379}