{"nodes": 1912, "cells": 3629, "object_boundaries": ["on_boundary && x[0]>0.08457 && x[0]< 0.22679 && x[1]>0.05209 && x[1]< 0.19431"], "height": 0.41, "width": 1.6, "inflow_peak": 0.521}