{"nodes": 2348, "cells": 4469, "object_boundaries": ["on_boundary && x[0]>0.19702 && x[0]< 0.28503 && x[1]>0.22853 && x[1]< 0.31655", "on_boundary && x[0]>0.76355 && x[0]< 0.8469 && x[1]>0.18626 && x[1]< 0.26961"], "height": 0.41, "width": 1.6, "inflow_peak": 0.561}