{"nodes": 2010, "object_boundaries": ["on_boundary && x[0]>0.20037 && x[0]< 0.41338 && x[1]>0.07842 && x[1]< 0.29142"], "height": 0.41, "width": 1.6, "inflow_peak": 0.63}