{"nodes": 2078, "object_boundaries": ["on_boundary && x[0]>0.25991 && x[0]< 0.4593 && x[1]>0.00887 && x[1]< 0.20827"], "height": 0.41, "width": 1.6, "inflow_peak": 0.39}