{"nodes": 2010, "object_boundaries": ["on_boundary && x[0]>0.15116 && x[0]< 0.34732 && x[1]>0.20192 && x[1]< 0.39808"], "height": 0.41, "width": 1.6, "inflow_peak": 0.53}