{"nodes": 2425, "cells": 4575, "object_boundaries": ["on_boundary && x[0]>0.06845 && x[0]< 0.32022 && x[1]>0.1183 && x[1]< 0.37007", "on_boundary && x[0]>0.75495 && x[0]< 1.00225 && x[1]>-0.01914 && x[1]< 0.22816"], "height": 0.41, "width": 1.6, "inflow_peak": 1.71}