{"nodes": 2002, "cells": 3773, "object_boundaries": ["on_boundary && x[0]>0.10142 && x[0]< 0.35331 && x[1]>-0.01504 && x[1]< 0.24423"], "height": 0.41, "width": 1.6, "inflow_peak": 0.84}