{"nodes": 2153, "object_boundaries": ["on_boundary && x[0]>0.29318 && x[0]< 0.4814 && x[1]>0.09937 && x[1]< 0.28759"], "height": 0.41, "width": 1.6, "inflow_peak": 0.836}