{"nodes": 1929, "object_boundaries": ["on_boundary && x[0]>0.23975 && x[0]< 0.467 && x[1]>0.08561 && x[1]< 0.31287"], "height": 0.41, "width": 1.6, "inflow_peak": 1.882}