{"nodes": 2152, "object_boundaries": ["on_boundary && x[0]>0.26581 && x[0]< 0.4477 && x[1]>0.02031 && x[1]< 0.18948"], "height": 0.41, "width": 1.6, "inflow_peak": 1.89}