{"nodes": 1979, "cells": 3752, "object_boundaries": ["on_boundary && x[0]>0.19073 && x[0]< 0.28712 && x[1]>0.10726 && x[1]< 0.18388"], "height": 0.41, "width": 1.6, "inflow_peak": 0.686}