{"nodes": 1706, "object_boundaries": ["on_boundary && x[0]>0.27906 && x[0]< 0.54306 && x[1]>0.08322 && x[1]< 0.3314"], "height": 0.41, "width": 1.6, "inflow_peak": 1.04}