{"nodes": 1760, "object_boundaries": ["on_boundary && x[0]>0.27772 && x[0]< 0.50129 && x[1]>0.1381 && x[1]< 0.36167"], "height": 0.41, "width": 1.6, "inflow_peak": 2.04}