{"nodes": 2040, "cells": 3882, "object_boundaries": ["on_boundary && x[0]>0.32639 && x[0]< 0.47672 && x[1]>0.15693 && x[1]< 0.30726"], "height": 0.41, "width": 1.6, "inflow_peak": 0.34}