{"nodes": 3235, "object_boundaries": ["on_boundary && x[0]>0.28536 && x[0]< 0.45914 && x[1]>0.13069 && x[1]< 0.30447", "on_boundary && x[0]>0.70907 && x[0]< 0.98907 && x[1]>0.06022 && x[1]< 0.34022"], "height": 0.41, "width": 1.6, "inflow_peak": 0.51}