{"nodes": 2280, "object_boundaries": ["on_boundary && x[0]>0.19506 && x[0]< 0.34569 && x[1]>0.21441 && x[1]< 0.36505"], "height": 0.41, "width": 1.6, "inflow_peak": 1.68}