{"nodes": 2344, "object_boundaries": ["on_boundary && x[0]>0.13739 && x[0]< 0.34326 && x[1]>0.08038 && x[1]< 0.28625", "on_boundary && x[0]>0.6267 && x[0]< 0.86001 && x[1]>0.03764 && x[1]< 0.27095"], "height": 0.41, "width": 1.6, "inflow_peak": 0.79}