{"nodes": 2116, "object_boundaries": ["on_boundary && x[0]>0.17975 && x[0]< 0.35805 && x[1]>0.03946 && x[1]< 0.21776"], "height": 0.41, "width": 1.6, "inflow_peak": 1.53}