{"nodes": 2054, "object_boundaries": ["on_boundary && x[0]>0.3784 && x[0]< 0.57546 && x[1]>0.19127 && x[1]< 0.38833"], "height": 0.41, "width": 1.6, "inflow_peak": 0.658}