{"nodes": 2014, "cells": 3817, "object_boundaries": ["on_boundary && x[0]>0.17275 && x[0]< 0.36402 && x[1]>0.06853 && x[1]< 0.2598"], "height": 0.41, "width": 1.6, "inflow_peak": 1.264}