{"nodes": 1873, "object_boundaries": ["on_boundary && x[0]>0.40962 && x[0]< 0.64874 && x[1]>0.12873 && x[1]< 0.36785"], "height": 0.41, "width": 1.6, "inflow_peak": 1.139}