{"nodes": 2056, "object_boundaries": ["on_boundary && x[0]>0.3031 && x[0]< 0.51181 && x[1]>0.05914 && x[1]< 0.26785"], "height": 0.41, "width": 1.6, "inflow_peak": 1.768}