{"nodes": 1676, "object_boundaries": ["on_boundary && x[0]>0.02329 && x[0]< 0.296 && x[1]>0.04479 && x[1]< 0.30002"], "height": 0.41, "width": 1.6, "inflow_peak": 1.71}