{"nodes": 2007, "cells": 3806, "object_boundaries": ["on_boundary && x[0]>0.19095 && x[0]< 0.37513 && x[1]>0.16626 && x[1]< 0.35044"], "height": 0.41, "width": 1.6, "inflow_peak": 0.72}