{"nodes": 1695, "object_boundaries": ["on_boundary && x[0]>0.17657 && x[0]< 0.35893 && x[1]>0.13949 && x[1]< 0.31939"], "height": 0.41, "width": 1.6, "inflow_peak": 0.39}