{"nodes": 1947, "cells": 3698, "object_boundaries": ["on_boundary && x[0]>0.21709 && x[0]< 0.27213 && x[1]>0.08813 && x[1]< 0.14317"], "height": 0.41, "width": 1.6, "inflow_peak": 2.122}