{"nodes": 2046, "cells": 3870, "object_boundaries": ["on_boundary && x[0]>0.12289 && x[0]< 0.34805 && x[1]>0.08305 && x[1]< 0.30821"], "height": 0.41, "width": 1.6, "inflow_peak": 1.626}