{"nodes": 2052, "object_boundaries": ["on_boundary && x[0]>0.30117 && x[0]< 0.50701 && x[1]>0.03485 && x[1]< 0.24069"], "height": 0.41, "width": 1.6, "inflow_peak": 0.736}