{"nodes": 2283, "object_boundaries": ["on_boundary && x[0]>0.16673 && x[0]< 0.40811 && x[1]>0.09296 && x[1]< 0.33434"], "height": 0.41, "width": 1.6, "inflow_peak": 1.485}