{"nodes": 1979, "object_boundaries": ["on_boundary && x[0]>0.09805 && x[0]< 0.30608 && x[1]>0.1579 && x[1]< 0.36593"], "height": 0.41, "width": 1.6, "inflow_peak": 1.726}