{"nodes": 2088, "cells": 3951, "object_boundaries": ["on_boundary && x[0]>0.1684 && x[0]< 0.40305 && x[1]>0.06598 && x[1]< 0.30063"], "height": 0.41, "width": 1.6, "inflow_peak": 1.84}