{"nodes": 1893, "object_boundaries": ["on_boundary && x[0]>0.28361 && x[0]< 0.52466 && x[1]>0.01577 && x[1]< 0.25682"], "height": 0.41, "width": 1.6, "inflow_peak": 1.376}