{"nodes": 1985, "object_boundaries": ["on_boundary && x[0]>0.31677 && x[0]< 0.4974 && x[1]>0.10877 && x[1]< 0.35944"], "height": 0.41, "width": 1.6, "inflow_peak": 1.8}