{"nodes": 2444, "object_boundaries": ["on_boundary && x[0]>0.30673 && x[0]< 0.52192 && x[1]>0.12893 && x[1]< 0.24893"], "height": 0.41, "width": 1.6, "inflow_peak": 1.54}