{"nodes": 2156, "cells": 4091, "object_boundaries": ["on_boundary && x[0]>0.36144 && x[0]< 0.61806 && x[1]>0.13675 && x[1]< 0.3213"], "height": 0.41, "width": 1.6, "inflow_peak": 2.04}