{"nodes": 2152, "object_boundaries": ["on_boundary && x[0]>0.26644 && x[0]< 0.48023 && x[1]>0.09716 && x[1]< 0.25297"], "height": 0.41, "width": 1.6, "inflow_peak": 0.82}