{"nodes": 2194, "object_boundaries": ["on_boundary && x[0]>0.37505 && x[0]< 0.63816 && x[1]>0.04989 && x[1]< 0.31301"], "height": 0.41, "width": 1.6, "inflow_peak": 1.798}