{"nodes": 1883, "object_boundaries": ["on_boundary && x[0]>0.13632 && x[0]< 0.37032 && x[1]>0.01164 && x[1]< 0.24564"], "height": 0.41, "width": 1.6, "inflow_peak": 1.739}