{"nodes": 2147, "object_boundaries": ["on_boundary && x[0]>0.23715 && x[0]< 0.4232 && x[1]>0.13754 && x[1]< 0.32359"], "height": 0.41, "width": 1.6, "inflow_peak": 0.898}