{"nodes": 2043, "cells": 3883, "object_boundaries": ["on_boundary && x[0]>0.27745 && x[0]< 0.44514 && x[1]>0.12074 && x[1]< 0.28842"], "height": 0.41, "width": 1.6, "inflow_peak": 1.547}