{"nodes": 2145, "object_boundaries": ["on_boundary && x[0]>0.30177 && x[0]< 0.48422 && x[1]>0.01498 && x[1]< 0.19742"], "height": 0.41, "width": 1.6, "inflow_peak": 0.813}