{"nodes": 2228, "object_boundaries": ["on_boundary && x[0]>0.24137 && x[0]< 0.41226 && x[1]>0.09079 && x[1]< 0.26168"], "height": 0.41, "width": 1.6, "inflow_peak": 1.728}