{"nodes": 2085, "cells": 3951, "object_boundaries": ["on_boundary && x[0]>0.39132 && x[0]< 0.60759 && x[1]>0.03668 && x[1]< 0.25296"], "height": 0.41, "width": 1.6, "inflow_peak": 1.58}