{"nodes": 2095, "cells": 3976, "object_boundaries": ["on_boundary && x[0]>0.36351 && x[0]< 0.58951 && x[1]>0.14828 && x[1]< 0.32068"], "height": 0.41, "width": 1.6, "inflow_peak": 1.35}