{"nodes": 2052, "cells": 3902, "object_boundaries": ["on_boundary && x[0]>0.36074 && x[0]< 0.41216 && x[1]>0.20252 && x[1]< 0.29324"], "height": 0.41, "width": 1.6, "inflow_peak": 1.903}