{"nodes": 1957, "object_boundaries": ["on_boundary && x[0]>0.37141 && x[0]< 0.60036 && x[1]>0.13841 && x[1]< 0.36737"], "height": 0.41, "width": 1.6, "inflow_peak": 1.53}