{"nodes": 2006, "cells": 3807, "object_boundaries": ["on_boundary && x[0]>0.19622 && x[0]< 0.37043 && x[1]>0.15342 && x[1]< 0.32763"], "height": 0.41, "width": 1.6, "inflow_peak": 1.62}