{"nodes": 1961, "cells": 3721, "object_boundaries": ["on_boundary && x[0]>0.101 && x[0]< 0.26223 && x[1]>0.09157 && x[1]< 0.2528"], "height": 0.41, "width": 1.6, "inflow_peak": 0.708}