{"nodes": 1991, "object_boundaries": ["on_boundary && x[0]>0.15851 && x[0]< 0.37469 && x[1]>0.12925 && x[1]< 0.34542"], "height": 0.41, "width": 1.6, "inflow_peak": 0.725}