{"nodes": 2236, "object_boundaries": ["on_boundary && x[0]>0.11728 && x[0]< 0.35026 && x[1]>0.14066 && x[1]< 0.37365"], "height": 0.41, "width": 1.6, "inflow_peak": 1.801}