{"nodes": 1885, "object_boundaries": ["on_boundary && x[0]>0.01694 && x[0]< 0.24306 && x[1]>0.10287 && x[1]< 0.32898"], "height": 0.41, "width": 1.6, "inflow_peak": 1.231}