{"nodes": 1900, "object_boundaries": ["on_boundary && x[0]>0.12742 && x[0]< 0.38715 && x[1]>0.14754 && x[1]< 0.36602"], "height": 0.41, "width": 1.6, "inflow_peak": 1.65}