{"nodes": 2241, "object_boundaries": ["on_boundary && x[0]>0.31244 && x[0]< 0.53354 && x[1]>0.13461 && x[1]< 0.25461"], "height": 0.41, "width": 1.6, "inflow_peak": 0.59}