{"nodes": 1946, "object_boundaries": ["on_boundary && x[0]>0.07229 && x[0]< 0.23381 && x[1]>0.11231 && x[1]< 0.3701"], "height": 0.41, "width": 1.6, "inflow_peak": 1.93}