{"nodes": 1834, "object_boundaries": ["on_boundary && x[0]>0.29424 && x[0]< 0.54293 && x[1]>0.07019 && x[1]< 0.32832"], "height": 0.41, "width": 1.6, "inflow_peak": 0.51}