{"nodes": 2077, "cells": 3944, "object_boundaries": ["on_boundary && x[0]>0.25497 && x[0]< 0.46449 && x[1]>0.11016 && x[1]< 0.27925"], "height": 0.41, "width": 1.6, "inflow_peak": 0.3}