{"nodes": 2057, "cells": 3897, "object_boundaries": ["on_boundary && x[0]>0.39186 && x[0]< 0.51332 && x[1]>0.06915 && x[1]< 0.19061"], "height": 0.41, "width": 1.6, "inflow_peak": 1.472}