{"nodes": 2128, "object_boundaries": ["on_boundary && x[0]>0.21894 && x[0]< 0.40443 && x[1]>0.04378 && x[1]< 0.22927"], "height": 0.41, "width": 1.6, "inflow_peak": 0.563}