{"nodes": 2087, "cells": 3941, "object_boundaries": ["on_boundary && x[0]>0.1127 && x[0]< 0.3725 && x[1]>0.08685 && x[1]< 0.34665"], "height": 0.41, "width": 1.6, "inflow_peak": 0.47}