{"nodes": 1756, "object_boundaries": ["on_boundary && x[0]>0.40944 && x[0]< 0.57739 && x[1]>0.15873 && x[1]< 0.32668"], "height": 0.41, "width": 1.6, "inflow_peak": 1.99}