{"nodes": 2021, "object_boundaries": ["on_boundary && x[0]>0.13267 && x[0]< 0.33378 && x[1]>0.1726 && x[1]< 0.3737"], "height": 0.41, "width": 1.6, "inflow_peak": 0.33}