{"nodes": 2148, "cells": 4066, "object_boundaries": ["on_boundary && x[0]>0.26889 && x[0]< 0.42699 && x[1]>0.17217 && x[1]< 0.33323"], "height": 0.41, "width": 1.6, "inflow_peak": 0.912}