{"nodes": 2272, "object_boundaries": ["on_boundary && x[0]>0.28234 && x[0]< 0.49386 && x[1]>0.12679 && x[1]< 0.28108"], "height": 0.41, "width": 1.6, "inflow_peak": 0.75}