{"nodes": 2049, "cells": 3883, "object_boundaries": ["on_boundary && x[0]>0.33951 && x[0]< 0.44811 && x[1]>0.04446 && x[1]< 0.16356"], "height": 0.41, "width": 1.6, "inflow_peak": 1.488}