{"nodes": 1841, "object_boundaries": ["on_boundary && x[0]>0.01515 && x[0]< 0.24485 && x[1]>0.05207 && x[1]< 0.28543"], "height": 0.41, "width": 1.6, "inflow_peak": 1.37}