{"nodes": 2085, "object_boundaries": ["on_boundary && x[0]>0.18736 && x[0]< 0.37431 && x[1]>0.10022 && x[1]< 0.30856"], "height": 0.41, "width": 1.6, "inflow_peak": 1.14}