{"nodes": 2027, "cells": 3848, "object_boundaries": ["on_boundary && x[0]>0.21758 && x[0]< 0.40442 && x[1]>0.19553 && x[1]< 0.35959"], "height": 0.41, "width": 1.6, "inflow_peak": 1.05}