{"nodes": 2125, "object_boundaries": ["on_boundary && x[0]>0.41666 && x[0]< 0.64334 && x[1]>0.11621 && x[1]< 0.3429"], "height": 0.41, "width": 1.6, "inflow_peak": 1.12}