{"nodes": 2009, "cells": 3802, "object_boundaries": ["on_boundary && x[0]>0.23519 && x[0]< 0.3202 && x[1]>0.05944 && x[1]< 0.20547"], "height": 0.41, "width": 1.6, "inflow_peak": 0.266}