{"nodes": 1901, "object_boundaries": ["on_boundary && x[0]>0.13166 && x[0]< 0.29806 && x[1]>0.14919 && x[1]< 0.31559"], "height": 0.41, "width": 1.6, "inflow_peak": 1.27}