{"nodes": 2054, "object_boundaries": ["on_boundary && x[0]>0.12779 && x[0]< 0.34015 && x[1]>0.01789 && x[1]< 0.19476"], "height": 0.41, "width": 1.6, "inflow_peak": 1.33}