{"nodes": 2198, "object_boundaries": ["on_boundary && x[0]>0.35067 && x[0]< 0.53487 && x[1]>0.03169 && x[1]< 0.18768"], "height": 0.41, "width": 1.6, "inflow_peak": 0.15}