{"nodes": 2441, "object_boundaries": ["on_boundary && x[0]>0.41223 && x[0]< 0.53223 && x[1]>0.15731 && x[1]< 0.30697"], "height": 0.41, "width": 1.6, "inflow_peak": 0.15}