{"nodes": 2000, "cells": 3799, "object_boundaries": ["on_boundary && x[0]>0.29899 && x[0]< 0.35895 && x[1]>0.13379 && x[1]< 0.21767"], "height": 0.41, "width": 1.6, "inflow_peak": 0.56}