{"nodes": 1859, "object_boundaries": ["on_boundary && x[0]>0.33764 && x[0]< 0.49724 && x[1]>0.15332 && x[1]< 0.31473"], "height": 0.41, "width": 1.6, "inflow_peak": 0.92}