{"nodes": 1362, "object_boundaries": ["on_boundary && x[0]>0.05027 && x[0]< 0.28235 && x[1]>0.12501 && x[1]< 0.34145"], "height": 0.41, "width": 1.6, "inflow_peak": 0.44}