{"nodes": 2084, "cells": 3966, "object_boundaries": ["on_boundary && x[0]>0.4685 && x[0]< 0.52697 && x[1]>0.13214 && x[1]< 0.19061"], "height": 0.41, "width": 1.6, "inflow_peak": 1.516}