{"nodes": 2069, "object_boundaries": ["on_boundary && x[0]>0.0717 && x[0]< 0.25011 && x[1]>0.14962 && x[1]< 0.32803"], "height": 0.41, "width": 1.6, "inflow_peak": 1.47}