{"nodes": 1697, "object_boundaries": ["on_boundary && x[0]>0.26356 && x[0]< 0.45846 && x[1]>0.03155 && x[1]< 0.2373"], "height": 0.41, "width": 1.6, "inflow_peak": 1.3}