{"nodes": 1790, "object_boundaries": ["on_boundary && x[0]>0.17104 && x[0]< 0.33672 && x[1]>0.10115 && x[1]< 0.26683"], "height": 0.41, "width": 1.6, "inflow_peak": 0.87}