{"nodes": 1797, "object_boundaries": ["on_boundary && x[0]>0.16407 && x[0]< 0.33101 && x[1]>0.03521 && x[1]< 0.20214"], "height": 0.41, "width": 1.6, "inflow_peak": 1.73}