{"nodes": 2188, "object_boundaries": ["on_boundary && x[0]>0.22921 && x[0]< 0.40906 && x[1]>0.06742 && x[1]< 0.23177"], "height": 0.41, "width": 1.6, "inflow_peak": 1.0}