{"nodes": 2085, "object_boundaries": ["on_boundary && x[0]>0.31079 && x[0]< 0.45436 && x[1]>0.05238 && x[1]< 0.29971"], "height": 0.41, "width": 1.6, "inflow_peak": 0.86}