{"nodes": 2085, "cells": 3951, "object_boundaries": ["on_boundary && x[0]>0.33779 && x[0]< 0.54799 && x[1]>0.10509 && x[1]< 0.32754"], "height": 0.41, "width": 1.6, "inflow_peak": 0.97}