{"nodes": 2042, "cells": 3861, "object_boundaries": ["on_boundary && x[0]>0.21433 && x[0]< 0.34981 && x[1]>0.171 && x[1]< 0.31477"], "height": 0.41, "width": 1.6, "inflow_peak": 2.107}