{"nodes": 2506, "cells": 4747, "object_boundaries": ["on_boundary && x[0]>0.13305 && x[0]< 0.34906 && x[1]>0.08262 && x[1]< 0.34073", "on_boundary && x[0]>0.72731 && x[0]< 0.95194 && x[1]>-0.00198 && x[1]< 0.22286"], "height": 0.41, "width": 1.6, "inflow_peak": 1.89}