{"nodes": 2071, "cells": 3930, "object_boundaries": ["on_boundary && x[0]>0.2557 && x[0]< 0.32271 && x[1]>0.07555 && x[1]< 0.1786"], "height": 0.41, "width": 1.6, "inflow_peak": 1.339}