{"nodes": 1711, "object_boundaries": ["on_boundary && x[0]>0.11415 && x[0]< 0.33772 && x[1]>0.03978 && x[1]< 0.26335"], "height": 0.41, "width": 1.6, "inflow_peak": 1.36}