{"nodes": 1751, "object_boundaries": ["on_boundary && x[0]>0.27363 && x[0]< 0.47959 && x[1]>0.03548 && x[1]< 0.24143"], "height": 0.41, "width": 1.6, "inflow_peak": 0.15}