{"nodes": 2224, "object_boundaries": ["on_boundary && x[0]>0.34021 && x[0]< 0.51978 && x[1]>0.10823 && x[1]< 0.2878"], "height": 0.41, "width": 1.6, "inflow_peak": 1.6}