{"nodes": 2313, "object_boundaries": ["on_boundary && x[0]>0.15083 && x[0]< 0.37965 && x[1]>0.07455 && x[1]< 0.30337"], "height": 0.41, "width": 1.6, "inflow_peak": 1.206}