{"nodes": 2040, "cells": 3863, "object_boundaries": ["on_boundary && x[0]>0.38722 && x[0]< 0.59895 && x[1]>0.19175 && x[1]< 0.40348"], "height": 0.41, "width": 1.6, "inflow_peak": 1.434}