{"nodes": 1738, "object_boundaries": ["on_boundary && x[0]>0.20001 && x[0]< 0.48001 && x[1]>-0.02142 && x[1]< 0.25858"], "height": 0.41, "width": 1.6, "inflow_peak": 1.018}