{"nodes": 2175, "object_boundaries": ["on_boundary && x[0]>0.31044 && x[0]< 0.49408 && x[1]>0.14429 && x[1]< 0.32792"], "height": 0.41, "width": 1.6, "inflow_peak": 0.49}