{"nodes": 2014, "cells": 3827, "object_boundaries": ["on_boundary && x[0]>0.23044 && x[0]< 0.3019 && x[1]>0.18474 && x[1]< 0.2562"], "height": 0.41, "width": 1.6, "inflow_peak": 0.258}