{"nodes": 2097, "object_boundaries": ["on_boundary && x[0]>0.21139 && x[0]< 0.40231 && x[1]>0.14669 && x[1]< 0.33761"], "height": 0.41, "width": 1.6, "inflow_peak": 1.09}