{"nodes": 1358, "object_boundaries": ["on_boundary && x[0]>0.28678 && x[0]< 0.54745 && x[1]>0.13801 && x[1]< 0.37881"], "height": 0.41, "width": 1.6, "inflow_peak": 1.94}