{"nodes": 2061, "object_boundaries": ["on_boundary && x[0]>0.18062 && x[0]< 0.41217 && x[1]>0.057 && x[1]< 0.29557"], "height": 0.41, "width": 1.6, "inflow_peak": 0.93}