{"nodes": 2333, "cells": 4418, "object_boundaries": ["on_boundary && x[0]>0.14102 && x[0]< 0.29736 && x[1]>0.04323 && x[1]< 0.19957", "on_boundary && x[0]>0.87091 && x[0]< 0.95166 && x[1]>0.09227 && x[1]< 0.17302"], "height": 0.41, "width": 1.6, "inflow_peak": 1.885}