{"nodes": 2497, "object_boundaries": ["on_boundary && x[0]>0.21592 && x[0]< 0.41415 && x[1]>0.02641 && x[1]< 0.22464", "on_boundary && x[0]>0.90027 && x[0]< 1.09425 && x[1]>0.03743 && x[1]< 0.23142"], "height": 0.41, "width": 1.6, "inflow_peak": 1.85}