{"nodes": 2870, "object_boundaries": ["on_boundary && x[0]>0.19674 && x[0]< 0.33474 && x[1]>0.14069 && x[1]< 0.27868", "on_boundary && x[0]>0.74467 && x[0]< 0.94847 && x[1]>0.07561 && x[1]< 0.27941"], "height": 0.41, "width": 1.6, "inflow_peak": 1.97}