{"nodes": 2170, "cells": 4107, "object_boundaries": ["on_boundary && x[0]>0.24274 && x[0]< 0.48616 && x[1]>0.05678 && x[1]< 0.32895"], "height": 0.41, "width": 1.6, "inflow_peak": 1.37}