{"nodes": 1681, "object_boundaries": ["on_boundary && x[0]>0.15696 && x[0]< 0.32628 && x[1]>0.02478 && x[1]< 0.21598"], "height": 0.41, "width": 1.6, "inflow_peak": 1.7}