{"nodes": 2569, "cells": 4882, "object_boundaries": ["on_boundary && x[0]>0.1377 && x[0]< 0.31538 && x[1]>0.03063 && x[1]< 0.20636", "on_boundary && x[0]>0.71774 && x[0]< 0.99244 && x[1]>0.05385 && x[1]< 0.28697"], "height": 0.41, "width": 1.6, "inflow_peak": 0.67}