{"nodes": 1762, "object_boundaries": ["on_boundary && x[0]>0.02787 && x[0]< 0.23213 && x[1]>0.16539 && x[1]< 0.37362", "on_boundary && x[0]>0.85975 && x[0]< 1.03746 && x[1]>0.06553 && x[1]< 0.25527"], "height": 0.41, "width": 1.6, "inflow_peak": 1.6}