{"nodes": 1731, "object_boundaries": ["on_boundary && x[0]>0.20131 && x[0]< 0.41649 && x[1]>0.00723 && x[1]< 0.22182", "on_boundary && x[0]>0.71699 && x[0]< 0.8868 && x[1]>0.07933 && x[1]< 0.23049"], "height": 0.41, "width": 1.6, "inflow_peak": 0.46}