{"nodes": 1816, "object_boundaries": ["on_boundary && x[0]>0.14081 && x[0]< 0.353 && x[1]>0.11396 && x[1]< 0.33114", "on_boundary && x[0]>0.62094 && x[0]< 0.82386 && x[1]>0.10827 && x[1]< 0.28844"], "height": 0.41, "width": 1.6, "inflow_peak": 2.19}