{"nodes": 2400, "object_boundaries": ["on_boundary && x[0]>0.06051 && x[0]< 0.26836 && x[1]>0.16019 && x[1]< 0.36805", "on_boundary && x[0]>0.65588 && x[0]< 0.8526 && x[1]>0.1399 && x[1]< 0.33662"], "height": 0.41, "width": 1.6, "inflow_peak": 1.25}