{"nodes": 1941, "cells": 3687, "object_boundaries": ["on_boundary && x[0]>0.22057 && x[0]< 0.36388 && x[1]>0.07002 && x[1]< 0.21333"], "height": 0.41, "width": 1.6, "inflow_peak": 0.73}