{"nodes": 2206, "object_boundaries": ["on_boundary && x[0]>0.21607 && x[0]< 0.38969 && x[1]>0.05749 && x[1]< 0.23111"], "height": 0.41, "width": 1.6, "inflow_peak": 1.19}