{"nodes": 2724, "object_boundaries": ["on_boundary && x[0]>0.29181 && x[0]< 0.50353 && x[1]>0.18977 && x[1]< 0.40149", "on_boundary && x[0]>0.61769 && x[0]< 0.76703 && x[1]>0.16434 && x[1]< 0.31368"], "height": 0.41, "width": 1.6, "inflow_peak": 0.52}