{"nodes": 2106, "object_boundaries": ["on_boundary && x[0]>0.28848 && x[0]< 0.4748 && x[1]>0.20176 && x[1]< 0.38808"], "height": 0.41, "width": 1.6, "inflow_peak": 1.7}