{"nodes": 2067, "cells": 3914, "object_boundaries": ["on_boundary && x[0]>0.26936 && x[0]< 0.49087 && x[1]>0.04703 && x[1]< 0.26854"], "height": 0.41, "width": 1.6, "inflow_peak": 2.08}