{"nodes": 2050, "object_boundaries": ["on_boundary && x[0]>0.42513 && x[0]< 0.62645 && x[1]>0.16614 && x[1]< 0.36746"], "height": 0.41, "width": 1.6, "inflow_peak": 0.91}