{"nodes": 1979, "object_boundaries": ["on_boundary && x[0]>0.30231 && x[0]< 0.50427 && x[1]>0.02876 && x[1]< 0.22755"], "height": 0.41, "width": 1.6, "inflow_peak": 2.09}