{"nodes": 2075, "object_boundaries": ["on_boundary && x[0]>0.2458 && x[0]< 0.44574 && x[1]>0.04274 && x[1]< 0.24267"], "height": 0.41, "width": 1.6, "inflow_peak": 1.18}