{"nodes": 2193, "object_boundaries": ["on_boundary && x[0]>0.21069 && x[0]< 0.36143 && x[1]>0.01809 && x[1]< 0.20416"], "height": 0.41, "width": 1.6, "inflow_peak": 1.38}