{"nodes": 2071, "cells": 3929, "object_boundaries": ["on_boundary && x[0]>0.23734 && x[0]< 0.46977 && x[1]>0.03363 && x[1]< 0.18656"], "height": 0.41, "width": 1.6, "inflow_peak": 2.11}