{"nodes": 2034, "object_boundaries": ["on_boundary && x[0]>0.07965 && x[0]< 0.31105 && x[1]>0.16614 && x[1]< 0.33904"], "height": 0.41, "width": 1.6, "inflow_peak": 0.15}