{"nodes": 1955, "object_boundaries": ["on_boundary && x[0]>0.16271 && x[0]< 0.33911 && x[1]>0.05116 && x[1]< 0.30165"], "height": 0.41, "width": 1.6, "inflow_peak": 0.99}