{"nodes": 2186, "object_boundaries": ["on_boundary && x[0]>0.43255 && x[0]< 0.62745 && x[1]>0.08615 && x[1]< 0.33128"], "height": 0.41, "width": 1.6, "inflow_peak": 0.29}