{"nodes": 2071, "object_boundaries": ["on_boundary && x[0]>0.36888 && x[0]< 0.57779 && x[1]>0.10741 && x[1]< 0.31632"], "height": 0.41, "width": 1.6, "inflow_peak": 0.99}