{"nodes": 2042, "cells": 3874, "object_boundaries": ["on_boundary && x[0]>0.14671 && x[0]< 0.23074 && x[1]>0.15785 && x[1]< 0.24188"], "height": 0.41, "width": 1.6, "inflow_peak": 0.937}