{"nodes": 1746, "object_boundaries": ["on_boundary && x[0]>0.25411 && x[0]< 0.4216 && x[1]>0.06823 && x[1]< 0.24578"], "height": 0.41, "width": 1.6, "inflow_peak": 1.07}