{"nodes": 2068, "cells": 3926, "object_boundaries": ["on_boundary && x[0]>0.33016 && x[0]< 0.50244 && x[1]>0.19285 && x[1]< 0.36513"], "height": 0.41, "width": 1.6, "inflow_peak": 0.66}