{"nodes": 2211, "object_boundaries": ["on_boundary && x[0]>0.08739 && x[0]< 0.24192 && x[1]>0.06813 && x[1]< 0.22266"], "height": 0.41, "width": 1.6, "inflow_peak": 0.652}