{"nodes": 2004, "cells": 3804, "object_boundaries": ["on_boundary && x[0]>0.25704 && x[0]< 0.42732 && x[1]>0.18875 && x[1]< 0.35904"], "height": 0.41, "width": 1.6, "inflow_peak": 0.974}