{"nodes": 2319, "object_boundaries": ["on_boundary && x[0]>0.2963 && x[0]< 0.44021 && x[1]>0.07199 && x[1]< 0.2159"], "height": 0.41, "width": 1.6, "inflow_peak": 1.368}