{"nodes": 2058, "object_boundaries": ["on_boundary && x[0]>0.36875 && x[0]< 0.55101 && x[1]>0.08815 && x[1]< 0.27042"], "height": 0.41, "width": 1.6, "inflow_peak": 0.72}