{"nodes": 2313, "object_boundaries": ["on_boundary && x[0]>0.24079 && x[0]< 0.39724 && x[1]>0.05296 && x[1]< 0.20941"], "height": 0.41, "width": 1.6, "inflow_peak": 1.64}