{"nodes": 2118, "object_boundaries": ["on_boundary && x[0]>0.36239 && x[0]< 0.54725 && x[1]>0.19535 && x[1]< 0.38021"], "height": 0.41, "width": 1.6, "inflow_peak": 1.86}