{"nodes": 2029, "cells": 3834, "object_boundaries": ["on_boundary && x[0]>0.09679 && x[0]< 0.33093 && x[1]>0.1368 && x[1]< 0.37093"], "height": 0.41, "width": 1.6, "inflow_peak": 1.19}