{"nodes": 2025, "cells": 3837, "object_boundaries": ["on_boundary && x[0]>0.21809 && x[0]< 0.32544 && x[1]>0.12606 && x[1]< 0.23341"], "height": 0.41, "width": 1.6, "inflow_peak": 1.835}