{"nodes": 2885, "object_boundaries": ["on_boundary && x[0]>0.34499 && x[0]< 0.54831 && x[1]>0.10001 && x[1]< 0.30334", "on_boundary && x[0]>0.88129 && x[0]< 1.05549 && x[1]>0.08787 && x[1]< 0.26208"], "height": 0.41, "width": 1.6, "inflow_peak": 1.3}