{"nodes": 1881, "object_boundaries": ["on_boundary && x[0]>0.21673 && x[0]< 0.45497 && x[1]>0.15199 && x[1]< 0.39023"], "height": 0.41, "width": 1.6, "inflow_peak": 1.22}