{"nodes": 1669, "object_boundaries": ["on_boundary && x[0]>0.0025 && x[0]< 0.31964 && x[1]>0.00573 && x[1]< 0.22431"], "height": 0.41, "width": 1.6, "inflow_peak": 1.2}