{"nodes": 1729, "object_boundaries": ["on_boundary && x[0]>0.23374 && x[0]< 0.39989 && x[1]>0.10687 && x[1]< 0.26442"], "height": 0.41, "width": 1.6, "inflow_peak": 2.14}