{"nodes": 2160, "cells": 4106, "object_boundaries": ["on_boundary && x[0]>0.21648 && x[0]< 0.40319 && x[1]>0.12487 && x[1]< 0.29811"], "height": 0.41, "width": 1.6, "inflow_peak": 1.2}