{"nodes": 1691, "object_boundaries": ["on_boundary && x[0]>0.12919 && x[0]< 0.401 && x[1]>0.11174 && x[1]< 0.31496"], "height": 0.41, "width": 1.6, "inflow_peak": 1.62}