{"nodes": 2159, "object_boundaries": ["on_boundary && x[0]>0.24229 && x[0]< 0.41658 && x[1]>0.11522 && x[1]< 0.29541"], "height": 0.41, "width": 1.6, "inflow_peak": 0.95}