{"nodes": 2189, "object_boundaries": ["on_boundary && x[0]>0.21879 && x[0]< 0.45229 && x[1]>0.12009 && x[1]< 0.33715"], "height": 0.41, "width": 1.6, "inflow_peak": 1.79}