{"nodes": 1687, "object_boundaries": ["on_boundary && x[0]>0.09189 && x[0]< 0.36868 && x[1]>0.04007 && x[1]< 0.23552"], "height": 0.41, "width": 1.6, "inflow_peak": 0.15}