{"nodes": 2003, "object_boundaries": ["on_boundary && x[0]>0.18971 && x[0]< 0.36546 && x[1]>0.02853 && x[1]< 0.26374"], "height": 0.41, "width": 1.6, "inflow_peak": 1.68}