{"nodes": 2201, "cells": 4168, "object_boundaries": ["on_boundary && x[0]>0.22174 && x[0]< 0.50068 && x[1]>0.1038 && x[1]< 0.33266"], "height": 0.41, "width": 1.6, "inflow_peak": 0.93}