{"nodes": 2048, "object_boundaries": ["on_boundary && x[0]>0.25208 && x[0]< 0.45958 && x[1]>0.14133 && x[1]< 0.34883"], "height": 0.41, "width": 1.6, "inflow_peak": 0.57}