{"nodes": 2154, "object_boundaries": ["on_boundary && x[0]>0.10145 && x[0]< 0.27298 && x[1]>0.12953 && x[1]< 0.30106"], "height": 0.41, "width": 1.6, "inflow_peak": 1.18}