{"nodes": 3326, "object_boundaries": ["on_boundary && x[0]>0.40504 && x[0]< 0.63398 && x[1]>-0.00134 && x[1]< 0.2276", "on_boundary && x[0]>0.60738 && x[0]< 0.83725 && x[1]>0.02277 && x[1]< 0.25264"], "height": 0.41, "width": 1.6, "inflow_peak": 2.33}