{"nodes": 2077, "cells": 3933, "object_boundaries": ["on_boundary && x[0]>0.27211 && x[0]< 0.40692 && x[1]>0.14067 && x[1]< 0.27548"], "height": 0.41, "width": 1.6, "inflow_peak": 1.133}