{"nodes": 2446, "cells": 4656, "object_boundaries": ["on_boundary && x[0]>0.21464 && x[0]< 0.3926 && x[1]>0.07917 && x[1]< 0.25714", "on_boundary && x[0]>0.62804 && x[0]< 0.8289 && x[1]>0.03991 && x[1]< 0.24077"], "height": 0.41, "width": 1.6, "inflow_peak": 2.22}