{"nodes": 2115, "cells": 4009, "object_boundaries": ["on_boundary && x[0]>0.34995 && x[0]< 0.48214 && x[1]>0.15484 && x[1]< 0.28703"], "height": 0.41, "width": 1.6, "inflow_peak": 2.245}