{"nodes": 2025, "object_boundaries": ["on_boundary && x[0]>0.13645 && x[0]< 0.34626 && x[1]>0.12004 && x[1]< 0.32984"], "height": 0.41, "width": 1.6, "inflow_peak": 1.573}