{"nodes": 2136, "object_boundaries": ["on_boundary && x[0]>0.04417 && x[0]< 0.25798 && x[1]>0.16479 && x[1]< 0.3786", "on_boundary && x[0]>0.5658 && x[0]< 0.81689 && x[1]>0.04787 && x[1]< 0.29896"], "height": 0.41, "width": 1.6, "inflow_peak": 1.79}