{"nodes": 2698, "object_boundaries": ["on_boundary && x[0]>0.16831 && x[0]< 0.38035 && x[1]>0.13577 && x[1]< 0.34781", "on_boundary && x[0]>0.80249 && x[0]< 0.94868 && x[1]>0.09267 && x[1]< 0.23887"], "height": 0.41, "width": 1.6, "inflow_peak": 0.58}