{"nodes": 2131, "object_boundaries": ["on_boundary && x[0]>0.16677 && x[0]< 0.34556 && x[1]>0.17291 && x[1]< 0.3517"], "height": 0.41, "width": 1.6, "inflow_peak": 1.29}