{"nodes": 2171, "object_boundaries": ["on_boundary && x[0]>0.22248 && x[0]< 0.47545 && x[1]>0.17351 && x[1]< 0.42649"], "height": 0.41, "width": 1.6, "inflow_peak": 1.31}