{"nodes": 2452, "cells": 4657, "object_boundaries": ["on_boundary && x[0]>0.2766 && x[0]< 0.34346 && x[1]>0.25176 && x[1]< 0.31861", "on_boundary && x[0]>0.81919 && x[0]< 0.98258 && x[1]>0.13527 && x[1]< 0.29867"], "height": 0.41, "width": 1.6, "inflow_peak": 1.413}