{"nodes": 1837, "object_boundaries": ["on_boundary && x[0]>0.35319 && x[0]< 0.60753 && x[1]>0.1326 && x[1]< 0.38695"], "height": 0.41, "width": 1.6, "inflow_peak": 1.82}