{"nodes": 2029, "object_boundaries": ["on_boundary && x[0]>0.25966 && x[0]< 0.46349 && x[1]>0.19441 && x[1]< 0.39824"], "height": 0.41, "width": 1.6, "inflow_peak": 0.61}