{"nodes": 1984, "object_boundaries": ["on_boundary && x[0]>0.17064 && x[0]< 0.37675 && x[1]>0.00482 && x[1]< 0.21094"], "height": 0.41, "width": 1.6, "inflow_peak": 1.747}