{"nodes": 1996, "cells": 3793, "object_boundaries": ["on_boundary && x[0]>0.27887 && x[0]< 0.4351 && x[1]>0.16918 && x[1]< 0.3254"], "height": 0.41, "width": 1.6, "inflow_peak": 1.366}