{"nodes": 2024, "cells": 3824, "object_boundaries": ["on_boundary && x[0]>0.18357 && x[0]< 0.32673 && x[1]>0.0697 && x[1]< 0.21286"], "height": 0.41, "width": 1.6, "inflow_peak": 1.367}