{"nodes": 2224, "object_boundaries": ["on_boundary && x[0]>0.3516 && x[0]< 0.52135 && x[1]>0.1812 && x[1]< 0.35096"], "height": 0.41, "width": 1.6, "inflow_peak": 0.87}