{"nodes": 2188, "object_boundaries": ["on_boundary && x[0]>0.11147 && x[0]< 0.26788 && x[1]>0.0954 && x[1]< 0.25181"], "height": 0.41, "width": 1.6, "inflow_peak": 1.97}