{"nodes": 2165, "object_boundaries": ["on_boundary && x[0]>0.23361 && x[0]< 0.50387 && x[1]>-0.00884 && x[1]< 0.26142"], "height": 0.41, "width": 1.6, "inflow_peak": 0.24}