{"nodes": 2003, "cells": 3790, "object_boundaries": ["on_boundary && x[0]>0.06808 && x[0]< 0.27458 && x[1]>0.05458 && x[1]< 0.26108"], "height": 0.41, "width": 1.6, "inflow_peak": 0.85}