{"nodes": 2334, "object_boundaries": ["on_boundary && x[0]>0.23121 && x[0]< 0.51121 && x[1]>0.11042 && x[1]< 0.39042", "on_boundary && x[0]>0.7076 && x[0]< 0.87395 && x[1]>0.12706 && x[1]< 0.29341"], "height": 0.41, "width": 1.6, "inflow_peak": 0.58}