{"nodes": 2092, "cells": 3963, "object_boundaries": ["on_boundary && x[0]>0.19787 && x[0]< 0.41736 && x[1]>-0.01041 && x[1]< 0.19589"], "height": 0.41, "width": 1.6, "inflow_peak": 0.3}