{"nodes": 1819, "object_boundaries": ["on_boundary && x[0]>0.36578 && x[0]< 0.5326 && x[1]>0.11473 && x[1]< 0.28156"], "height": 0.41, "width": 1.6, "inflow_peak": 0.3}