{"nodes": 1984, "object_boundaries": ["on_boundary && x[0]>0.12651 && x[0]< 0.33583 && x[1]>0.14657 && x[1]< 0.35589"], "height": 0.41, "width": 1.6, "inflow_peak": 2.35}