{"nodes": 2250, "object_boundaries": ["on_boundary && x[0]>0.34303 && x[0]< 0.52258 && x[1]>0.10927 && x[1]< 0.28882"], "height": 0.41, "width": 1.6, "inflow_peak": 2.08}