{"nodes": 2124, "object_boundaries": ["on_boundary && x[0]>0.16738 && x[0]< 0.34768 && x[1]>0.13487 && x[1]< 0.31517"], "height": 0.41, "width": 1.6, "inflow_peak": 1.13}