{"nodes": 2136, "object_boundaries": ["on_boundary && x[0]>0.33575 && x[0]< 0.49426 && x[1]>0.047 && x[1]< 0.25348"], "height": 0.41, "width": 1.6, "inflow_peak": 2.22}