{"nodes": 2118, "object_boundaries": ["on_boundary && x[0]>0.22262 && x[0]< 0.40014 && x[1]>0.04946 && x[1]< 0.24205"], "height": 0.41, "width": 1.6, "inflow_peak": 0.8}