{"nodes": 1984, "cells": 3753, "object_boundaries": ["on_boundary && x[0]>0.0835 && x[0]< 0.25748 && x[1]>0.03821 && x[1]< 0.26703"], "height": 0.41, "width": 1.6, "inflow_peak": 1.01}