{"nodes": 2544, "object_boundaries": ["on_boundary && x[0]>0.10371 && x[0]< 0.27685 && x[1]>0.08894 && x[1]< 0.26208", "on_boundary && x[0]>0.80931 && x[0]< 1.00828 && x[1]>0.1754 && x[1]< 0.37437"], "height": 0.41, "width": 1.6, "inflow_peak": 1.34}