{"nodes": 2086, "object_boundaries": ["on_boundary && x[0]>0.1733 && x[0]< 0.35663 && x[1]>0.03198 && x[1]< 0.21531"], "height": 0.41, "width": 1.6, "inflow_peak": 1.52}