{"nodes": 2011, "cells": 3810, "object_boundaries": ["on_boundary && x[0]>0.21141 && x[0]< 0.40681 && x[1]>0.06419 && x[1]< 0.25958"], "height": 0.41, "width": 1.6, "inflow_peak": 0.7}