{"nodes": 1724, "object_boundaries": ["on_boundary && x[0]>0.12887 && x[0]< 0.40277 && x[1]>0.0636 && x[1]< 0.33163", "on_boundary && x[0]>0.56248 && x[0]< 0.83567 && x[1]>0.02994 && x[1]< 0.22195"], "height": 0.41, "width": 1.6, "inflow_peak": 1.4}