{"nodes": 1689, "object_boundaries": ["on_boundary && x[0]>0.42212 && x[0]< 0.63788 && x[1]>0.14212 && x[1]< 0.35636"], "height": 0.41, "width": 1.6, "inflow_peak": 1.22}