{"nodes": 3033, "object_boundaries": ["on_boundary && x[0]>0.33781 && x[0]< 0.56839 && x[1]>0.02777 && x[1]< 0.25835", "on_boundary && x[0]>0.60478 && x[0]< 0.75873 && x[1]>0.02302 && x[1]< 0.17698"], "height": 0.41, "width": 1.6, "inflow_peak": 1.8}