{"nodes": 2321, "object_boundaries": ["on_boundary && x[0]>0.19808 && x[0]< 0.34702 && x[1]>0.16586 && x[1]< 0.31479"], "height": 0.41, "width": 1.6, "inflow_peak": 0.69}