{"nodes": 1806, "object_boundaries": ["on_boundary && x[0]>0.1771 && x[0]< 0.43476 && x[1]>0.01778 && x[1]< 0.27544"], "height": 0.41, "width": 1.6, "inflow_peak": 1.73}