{"nodes": 1972, "cells": 3746, "object_boundaries": ["on_boundary && x[0]>0.23904 && x[0]< 0.3899 && x[1]>0.20889 && x[1]< 0.35974"], "height": 0.41, "width": 1.6, "inflow_peak": 1.58}