{"nodes": 2019, "cells": 3829, "object_boundaries": ["on_boundary && x[0]>0.24655 && x[0]< 0.34184 && x[1]>0.17983 && x[1]< 0.27513"], "height": 0.41, "width": 1.6, "inflow_peak": 1.482}