{"nodes": 2102, "object_boundaries": ["on_boundary && x[0]>0.35515 && x[0]< 0.47515 && x[1]>0.0291 && x[1]< 0.26218"], "height": 0.41, "width": 1.6, "inflow_peak": 1.38}