{"nodes": 2020, "cells": 3834, "object_boundaries": ["on_boundary && x[0]>0.3158 && x[0]< 0.47585 && x[1]>0.07455 && x[1]< 0.26497"], "height": 0.41, "width": 1.6, "inflow_peak": 1.42}