{"nodes": 2012, "cells": 3806, "object_boundaries": ["on_boundary && x[0]>0.15396 && x[0]< 0.28602 && x[1]>0.06384 && x[1]< 0.17997"], "height": 0.41, "width": 1.6, "inflow_peak": 2.016}