{"nodes": 1977, "object_boundaries": ["on_boundary && x[0]>0.15175 && x[0]< 0.40898 && x[1]>0.01851 && x[1]< 0.20721"], "height": 0.41, "width": 1.6, "inflow_peak": 1.6}