{"nodes": 1921, "object_boundaries": ["on_boundary && x[0]>0.1081 && x[0]< 0.32094 && x[1]>-0.00333 && x[1]< 0.20627"], "height": 0.41, "width": 1.6, "inflow_peak": 2.12}