{"nodes": 2221, "object_boundaries": ["on_boundary && x[0]>0.24308 && x[0]< 0.4817 && x[1]>0.01436 && x[1]< 0.18564"], "height": 0.41, "width": 1.6, "inflow_peak": 1.18}