{"nodes": 2077, "object_boundaries": ["on_boundary && x[0]>0.33989 && x[0]< 0.51044 && x[1]>0.12154 && x[1]< 0.33496"], "height": 0.41, "width": 1.6, "inflow_peak": 0.83}