{"nodes": 2124, "object_boundaries": ["on_boundary && x[0]>0.07333 && x[0]< 0.22885 && x[1]>0.05733 && x[1]< 0.21881"], "height": 0.41, "width": 1.6, "inflow_peak": 1.97}