{"nodes": 2177, "object_boundaries": ["on_boundary && x[0]>0.39318 && x[0]< 0.54087 && x[1]>0.08102 && x[1]< 0.26535"], "height": 0.41, "width": 1.6, "inflow_peak": 0.53}