{"nodes": 1757, "object_boundaries": ["on_boundary && x[0]>0.37513 && x[0]< 0.5786 && x[1]>0.09089 && x[1]< 0.29606"], "height": 0.41, "width": 1.6, "inflow_peak": 1.28}