{"nodes": 1716, "object_boundaries": ["on_boundary && x[0]>0.21369 && x[0]< 0.44788 && x[1]>0.13774 && x[1]< 0.37767"], "height": 0.41, "width": 1.6, "inflow_peak": 2.08}