{"nodes": 2087, "cells": 3956, "object_boundaries": ["on_boundary && x[0]>0.19492 && x[0]< 0.31774 && x[1]>0.2419 && x[1]< 0.35326"], "height": 0.41, "width": 1.6, "inflow_peak": 2.167}