{"nodes": 1727, "object_boundaries": ["on_boundary && x[0]>0.43802 && x[0]< 0.62198 && x[1]>0.11306 && x[1]< 0.29702"], "height": 0.41, "width": 1.6, "inflow_peak": 2.09}