{"nodes": 1664, "object_boundaries": ["on_boundary && x[0]>0.3011 && x[0]< 0.50746 && x[1]>0.01958 && x[1]< 0.22899"], "height": 0.41, "width": 1.6, "inflow_peak": 1.46}