{"nodes": 2104, "object_boundaries": ["on_boundary && x[0]>0.28371 && x[0]< 0.46839 && x[1]>0.15365 && x[1]< 0.33952"], "height": 0.41, "width": 1.6, "inflow_peak": 1.74}