{"nodes": 2107, "object_boundaries": ["on_boundary && x[0]>0.36893 && x[0]< 0.54785 && x[1]>0.10784 && x[1]< 0.31644"], "height": 0.41, "width": 1.6, "inflow_peak": 2.18}