{"nodes": 1942, "object_boundaries": ["on_boundary && x[0]>0.06023 && x[0]< 0.23448 && x[1]>0.16008 && x[1]< 0.31486"], "height": 0.41, "width": 1.6, "inflow_peak": 1.35}