{"nodes": 1973, "cells": 3733, "object_boundaries": ["on_boundary && x[0]>0.10416 && x[0]< 0.28568 && x[1]>0.02762 && x[1]< 0.243"], "height": 0.41, "width": 1.6, "inflow_peak": 2.12}