{"nodes": 2105, "cells": 3985, "object_boundaries": ["on_boundary && x[0]>0.29951 && x[0]< 0.45161 && x[1]>0.17881 && x[1]< 0.32116"], "height": 0.41, "width": 1.6, "inflow_peak": 0.332}