{"nodes": 2211, "object_boundaries": ["on_boundary && x[0]>0.29311 && x[0]< 0.44445 && x[1]>0.13525 && x[1]< 0.3243"], "height": 0.41, "width": 1.6, "inflow_peak": 0.71}