{"nodes": 2328, "object_boundaries": ["on_boundary && x[0]>0.2333 && x[0]< 0.47097 && x[1]>0.17396 && x[1]< 0.30985"], "height": 0.41, "width": 1.6, "inflow_peak": 1.63}