{"nodes": 1987, "object_boundaries": ["on_boundary && x[0]>0.03783 && x[0]< 0.2752 && x[1]>0.06722 && x[1]< 0.25197"], "height": 0.41, "width": 1.6, "inflow_peak": 1.94}