{"nodes": 2163, "object_boundaries": ["on_boundary && x[0]>0.19977 && x[0]< 0.37845 && x[1]>0.07641 && x[1]< 0.2551"], "height": 0.41, "width": 1.6, "inflow_peak": 0.56}