{"nodes": 1679, "object_boundaries": ["on_boundary && x[0]>0.11613 && x[0]< 0.33753 && x[1]>0.10667 && x[1]< 0.32808"], "height": 0.41, "width": 1.6, "inflow_peak": 0.69}