{"nodes": 1755, "object_boundaries": ["on_boundary && x[0]>0.05131 && x[0]< 0.20869 && x[1]>0.21218 && x[1]< 0.36956"], "height": 0.41, "width": 1.6, "inflow_peak": 1.1}