{"nodes": 2190, "cells": 4144, "object_boundaries": ["on_boundary && x[0]>0.3279 && x[0]< 0.59795 && x[1]>0.04155 && x[1]< 0.29759"], "height": 0.41, "width": 1.6, "inflow_peak": 0.79}