{"nodes": 2077, "cells": 3932, "object_boundaries": ["on_boundary && x[0]>0.17856 && x[0]< 0.41336 && x[1]>0.06266 && x[1]< 0.28064"], "height": 0.41, "width": 1.6, "inflow_peak": 1.68}