{"nodes": 2069, "cells": 3926, "object_boundaries": ["on_boundary && x[0]>0.14336 && x[0]< 0.24592 && x[1]>0.19345 && x[1]< 0.29741"], "height": 0.41, "width": 1.6, "inflow_peak": 0.547}