{"nodes": 2010, "cells": 3810, "object_boundaries": ["on_boundary && x[0]>0.4535 && x[0]< 0.52549 && x[1]>0.11876 && x[1]< 0.2438"], "height": 0.41, "width": 1.6, "inflow_peak": 0.809}