{"nodes": 2087, "cells": 3953, "object_boundaries": ["on_boundary && x[0]>0.29444 && x[0]< 0.51665 && x[1]>0.16202 && x[1]< 0.38423"], "height": 0.41, "width": 1.6, "inflow_peak": 2.168}