{"nodes": 1979, "cells": 3763, "object_boundaries": ["on_boundary && x[0]>0.2608 && x[0]< 0.31146 && x[1]>0.2544 && x[1]< 0.30506"], "height": 0.41, "width": 1.6, "inflow_peak": 2.093}