{"nodes": 1697, "object_boundaries": ["on_boundary && x[0]>0.1154 && x[0]< 0.37165 && x[1]>0.0759 && x[1]< 0.33429"], "height": 0.41, "width": 1.6, "inflow_peak": 1.19}