{"nodes": 1775, "object_boundaries": ["on_boundary && x[0]>0.31167 && x[0]< 0.47727 && x[1]>0.03254 && x[1]< 0.19815"], "height": 0.41, "width": 1.6, "inflow_peak": 0.42}