{"nodes": 1716, "object_boundaries": ["on_boundary && x[0]>0.33156 && x[0]< 0.49442 && x[1]>0.06025 && x[1]< 0.22311"], "height": 0.41, "width": 1.6, "inflow_peak": 1.72}