{"nodes": 2125, "object_boundaries": ["on_boundary && x[0]>0.26052 && x[0]< 0.45131 && x[1]>0.09585 && x[1]< 0.28665"], "height": 0.41, "width": 1.6, "inflow_peak": 1.13}