{"nodes": 2116, "object_boundaries": ["on_boundary && x[0]>0.15277 && x[0]< 0.42762 && x[1]>-0.01286 && x[1]< 0.26198"], "height": 0.41, "width": 1.6, "inflow_peak": 1.48}