{"nodes": 1881, "object_boundaries": ["on_boundary && x[0]>0.26363 && x[0]< 0.43192 && x[1]>0.01586 && x[1]< 0.18414"], "height": 0.41, "width": 1.6, "inflow_peak": 1.29}