{"nodes": 2090, "cells": 3958, "object_boundaries": ["on_boundary && x[0]>0.26537 && x[0]< 0.40199 && x[1]>0.03394 && x[1]< 0.17056"], "height": 0.41, "width": 1.6, "inflow_peak": 2.157}