{"nodes": 1703, "object_boundaries": ["on_boundary && x[0]>0.24494 && x[0]< 0.48497 && x[1]>0.1537 && x[1]< 0.42211"], "height": 0.41, "width": 1.6, "inflow_peak": 0.9}