{"nodes": 2582, "cells": 4916, "object_boundaries": ["on_boundary && x[0]>0.32005 && x[0]< 0.44319 && x[1]>0.06833 && x[1]< 0.18043", "on_boundary && x[0]>0.79074 && x[0]< 0.89257 && x[1]>0.12657 && x[1]< 0.2223"], "height": 0.41, "width": 1.6, "inflow_peak": 0.304}