{"nodes": 2224, "object_boundaries": ["on_boundary && x[0]>0.30448 && x[0]< 0.54942 && x[1]>0.06708 && x[1]< 0.21698"], "height": 0.41, "width": 1.6, "inflow_peak": 1.09}