{"nodes": 2066, "cells": 3905, "object_boundaries": ["on_boundary && x[0]>0.16471 && x[0]< 0.40811 && x[1]>0.12065 && x[1]< 0.36405"], "height": 0.41, "width": 1.6, "inflow_peak": 1.07}