{"nodes": 1965, "cells": 3723, "object_boundaries": ["on_boundary && x[0]>0.10453 && x[0]< 0.26474 && x[1]>0.01821 && x[1]< 0.21673"], "height": 0.41, "width": 1.6, "inflow_peak": 2.13}