{"nodes": 2104, "object_boundaries": ["on_boundary && x[0]>0.1949 && x[0]< 0.42716 && x[1]>0.03998 && x[1]< 0.29276"], "height": 0.41, "width": 1.6, "inflow_peak": 1.32}