{"nodes": 1658, "object_boundaries": ["on_boundary && x[0]>0.06152 && x[0]< 0.36839 && x[1]>0.06465 && x[1]< 0.30585"], "height": 0.41, "width": 1.6, "inflow_peak": 2.14}