{"nodes": 1693, "object_boundaries": ["on_boundary && x[0]>0.20855 && x[0]< 0.43911 && x[1]>0.0314 && x[1]< 0.25444"], "height": 0.41, "width": 1.6, "inflow_peak": 1.99}