{"nodes": 1985, "cells": 3762, "object_boundaries": ["on_boundary && x[0]>0.15838 && x[0]< 0.25039 && x[1]>0.24692 && x[1]< 0.33894"], "height": 0.41, "width": 1.6, "inflow_peak": 0.807}