{"nodes": 2113, "object_boundaries": ["on_boundary && x[0]>0.19858 && x[0]< 0.38386 && x[1]>0.01578 && x[1]< 0.20105"], "height": 0.41, "width": 1.6, "inflow_peak": 1.768}