{"nodes": 2193, "object_boundaries": ["on_boundary && x[0]>0.30856 && x[0]< 0.48773 && x[1]>0.06655 && x[1]< 0.24572"], "height": 0.41, "width": 1.6, "inflow_peak": 0.557}