{"nodes": 1701, "object_boundaries": ["on_boundary && x[0]>0.21893 && x[0]< 0.44701 && x[1]>0.14517 && x[1]< 0.36011"], "height": 0.41, "width": 1.6, "inflow_peak": 1.13}