{"nodes": 2099, "object_boundaries": ["on_boundary && x[0]>0.11048 && x[0]< 0.29398 && x[1]>0.05088 && x[1]< 0.23438"], "height": 0.41, "width": 1.6, "inflow_peak": 2.18}