{"nodes": 2071, "cells": 3936, "object_boundaries": ["on_boundary && x[0]>0.32693 && x[0]< 0.49275 && x[1]>0.04391 && x[1]< 0.20972"], "height": 0.41, "width": 1.6, "inflow_peak": 1.62}