{"nodes": 2137, "cells": 4052, "object_boundaries": ["on_boundary && x[0]>0.28344 && x[0]< 0.4226 && x[1]>0.20599 && x[1]< 0.34515"], "height": 0.41, "width": 1.6, "inflow_peak": 1.057}