{"nodes": 1703, "object_boundaries": ["on_boundary && x[0]>0.22425 && x[0]< 0.38371 && x[1]>0.09926 && x[1]< 0.25872"], "height": 0.41, "width": 1.6, "inflow_peak": 1.05}