{"nodes": 1691, "object_boundaries": ["on_boundary && x[0]>0.02244 && x[0]< 0.23756 && x[1]>0.00868 && x[1]< 0.22379"], "height": 0.41, "width": 1.6, "inflow_peak": 1.12}