{"nodes": 2474, "object_boundaries": ["on_boundary && x[0]>0.29139 && x[0]< 0.41987 && x[1]>0.2096 && x[1]< 0.33808"], "height": 0.41, "width": 1.6, "inflow_peak": 2.35}