{"nodes": 1814, "object_boundaries": ["on_boundary && x[0]>0.21127 && x[0]< 0.46803 && x[1]>0.13417 && x[1]< 0.39093"], "height": 0.41, "width": 1.6, "inflow_peak": 2.206}