{"nodes": 2032, "cells": 3860, "object_boundaries": ["on_boundary && x[0]>0.34073 && x[0]< 0.41966 && x[1]>0.25065 && x[1]< 0.32957"], "height": 0.41, "width": 1.6, "inflow_peak": 0.516}