{"nodes": 1980, "object_boundaries": ["on_boundary && x[0]>0.38044 && x[0]< 0.60177 && x[1]>0.1437 && x[1]< 0.36503"], "height": 0.41, "width": 1.6, "inflow_peak": 0.905}