{"nodes": 2023, "object_boundaries": ["on_boundary && x[0]>0.22707 && x[0]< 0.40385 && x[1]>0.03568 && x[1]< 0.26526"], "height": 0.41, "width": 1.6, "inflow_peak": 1.02}