{"nodes": 2188, "object_boundaries": ["on_boundary && x[0]>0.25679 && x[0]< 0.49405 && x[1]>0.0435 && x[1]< 0.25342"], "height": 0.41, "width": 1.6, "inflow_peak": 1.21}