{"nodes": 2003, "cells": 3794, "object_boundaries": ["on_boundary && x[0]>0.44329 && x[0]< 0.51896 && x[1]>0.07561 && x[1]< 0.20508"], "height": 0.41, "width": 1.6, "inflow_peak": 2.203}