{"nodes": 2218, "object_boundaries": ["on_boundary && x[0]>0.30697 && x[0]< 0.50804 && x[1]>0.11527 && x[1]< 0.28436"], "height": 0.41, "width": 1.6, "inflow_peak": 1.48}