{"nodes": 1865, "object_boundaries": ["on_boundary && x[0]>0.20027 && x[0]< 0.44951 && x[1]>-0.00764 && x[1]< 0.22548"], "height": 0.41, "width": 1.6, "inflow_peak": 2.01}