{"nodes": 2102, "cells": 3986, "object_boundaries": ["on_boundary && x[0]>0.29379 && x[0]< 0.50218 && x[1]>0.11292 && x[1]< 0.3213"], "height": 0.41, "width": 1.6, "inflow_peak": 1.33}