{"nodes": 2111, "object_boundaries": ["on_boundary && x[0]>0.10083 && x[0]< 0.37451 && x[1]>0.02762 && x[1]< 0.3013"], "height": 0.41, "width": 1.6, "inflow_peak": 0.15}