{"nodes": 2041, "cells": 3868, "object_boundaries": ["on_boundary && x[0]>0.17569 && x[0]< 0.37676 && x[1]>0.05397 && x[1]< 0.25504"], "height": 0.41, "width": 1.6, "inflow_peak": 1.87}