{"nodes": 2065, "object_boundaries": ["on_boundary && x[0]>0.2112 && x[0]< 0.43972 && x[1]>0.03675 && x[1]< 0.2215"], "height": 0.41, "width": 1.6, "inflow_peak": 1.8}