{"nodes": 2087, "object_boundaries": ["on_boundary && x[0]>0.26846 && x[0]< 0.50901 && x[1]>0.03202 && x[1]< 0.21098"], "height": 0.41, "width": 1.6, "inflow_peak": 0.97}