{"nodes": 1991, "object_boundaries": ["on_boundary && x[0]>0.2069 && x[0]< 0.44052 && x[1]>0.10522 && x[1]< 0.31402"], "height": 0.41, "width": 1.6, "inflow_peak": 2.14}