{"nodes": 1658, "object_boundaries": ["on_boundary && x[0]>0.24009 && x[0]< 0.48892 && x[1]>0.09209 && x[1]< 0.34647"], "height": 0.41, "width": 1.6, "inflow_peak": 1.99}