{"nodes": 1716, "object_boundaries": ["on_boundary && x[0]>0.07107 && x[0]< 0.28252 && x[1]>0.16524 && x[1]< 0.37669"], "height": 0.41, "width": 1.6, "inflow_peak": 1.09}