{"nodes": 1976, "cells": 3732, "object_boundaries": ["on_boundary && x[0]>0.08478 && x[0]< 0.30472 && x[1]>-0.00688 && x[1]< 0.21306"], "height": 0.41, "width": 1.6, "inflow_peak": 1.27}