{"nodes": 1983, "cells": 3767, "object_boundaries": ["on_boundary && x[0]>0.13193 && x[0]< 0.28695 && x[1]>0.16599 && x[1]< 0.32101"], "height": 0.41, "width": 1.6, "inflow_peak": 0.598}