{"nodes": 2007, "cells": 3819, "object_boundaries": ["on_boundary && x[0]>0.31963 && x[0]< 0.37042 && x[1]>0.17282 && x[1]< 0.22361"], "height": 0.41, "width": 1.6, "inflow_peak": 1.116}