{"nodes": 2155, "object_boundaries": ["on_boundary && x[0]>0.11665 && x[0]< 0.34686 && x[1]>-0.01511 && x[1]< 0.21511"], "height": 0.41, "width": 1.6, "inflow_peak": 0.944}