{"nodes": 1917, "object_boundaries": ["on_boundary && x[0]>0.25517 && x[0]< 0.49704 && x[1]>0.17656 && x[1]< 0.40418"], "height": 0.41, "width": 1.6, "inflow_peak": 1.08}