{"nodes": 2127, "cells": 4034, "object_boundaries": ["on_boundary && x[0]>0.27076 && x[0]< 0.5251 && x[1]>0.18403 && x[1]< 0.36474"], "height": 0.41, "width": 1.6, "inflow_peak": 0.6}