{"nodes": 2044, "object_boundaries": ["on_boundary && x[0]>0.1887 && x[0]< 0.34052 && x[1]>0.05012 && x[1]< 0.2968"], "height": 0.41, "width": 1.6, "inflow_peak": 0.46}