{"nodes": 2049, "object_boundaries": ["on_boundary && x[0]>0.16356 && x[0]< 0.40882 && x[1]>0.05514 && x[1]< 0.24234"], "height": 0.41, "width": 1.6, "inflow_peak": 0.15}