{"nodes": 2061, "object_boundaries": ["on_boundary && x[0]>0.17613 && x[0]< 0.37028 && x[1]>0.10343 && x[1]< 0.29758"], "height": 0.41, "width": 1.6, "inflow_peak": 0.949}