{"nodes": 2020, "cells": 3843, "object_boundaries": ["on_boundary && x[0]>0.29806 && x[0]< 0.4452 && x[1]>0.18154 && x[1]< 0.32867"], "height": 0.41, "width": 1.6, "inflow_peak": 1.132}