{"nodes": 2063, "cells": 3900, "object_boundaries": ["on_boundary && x[0]>0.2245 && x[0]< 0.37277 && x[1]>0.16267 && x[1]< 0.31094"], "height": 0.41, "width": 1.6, "inflow_peak": 2.044}