{"nodes": 2323, "object_boundaries": ["on_boundary && x[0]>0.15115 && x[0]< 0.33491 && x[1]>0.13156 && x[1]< 0.26789"], "height": 0.41, "width": 1.6, "inflow_peak": 1.5}