{"nodes": 2224, "object_boundaries": ["on_boundary && x[0]>0.32403 && x[0]< 0.51111 && x[1]>0.03113 && x[1]< 0.1855"], "height": 0.41, "width": 1.6, "inflow_peak": 1.21}