{"nodes": 2131, "object_boundaries": ["on_boundary && x[0]>0.3147 && x[0]< 0.47809 && x[1]>0.10374 && x[1]< 0.30343"], "height": 0.41, "width": 1.6, "inflow_peak": 1.76}