{"nodes": 2026, "cells": 3840, "object_boundaries": ["on_boundary && x[0]>0.34682 && x[0]< 0.51165 && x[1]>0.16964 && x[1]< 0.38836"], "height": 0.41, "width": 1.6, "inflow_peak": 0.38}