{"nodes": 2111, "object_boundaries": ["on_boundary && x[0]>0.27746 && x[0]< 0.39943 && x[1]>0.08119 && x[1]< 0.28147"], "height": 0.41, "width": 1.6, "inflow_peak": 1.39}