{"nodes": 1897, "object_boundaries": ["on_boundary && x[0]>0.08179 && x[0]< 0.26745 && x[1]>0.02603 && x[1]< 0.28296"], "height": 0.41, "width": 1.6, "inflow_peak": 1.49}