{"nodes": 1994, "cells": 3783, "object_boundaries": ["on_boundary && x[0]>0.27783 && x[0]< 0.34523 && x[1]>0.12782 && x[1]< 0.22767"], "height": 0.41, "width": 1.6, "inflow_peak": 0.653}