{"nodes": 1707, "object_boundaries": ["on_boundary && x[0]>0.29006 && x[0]< 0.51917 && x[1]>0.08338 && x[1]< 0.34967"], "height": 0.41, "width": 1.6, "inflow_peak": 0.37}