{"nodes": 1690, "object_boundaries": ["on_boundary && x[0]>0.13726 && x[0]< 0.34307 && x[1]>0.10435 && x[1]< 0.30659"], "height": 0.41, "width": 1.6, "inflow_peak": 0.41}