{"nodes": 2055, "cells": 3895, "object_boundaries": ["on_boundary && x[0]>0.18282 && x[0]< 0.28581 && x[1]>0.19921 && x[1]< 0.30371"], "height": 0.41, "width": 1.6, "inflow_peak": 0.799}