{"nodes": 2060, "cells": 3911, "object_boundaries": ["on_boundary && x[0]>0.19485 && x[0]< 0.28048 && x[1]>0.25709 && x[1]< 0.34446"], "height": 0.41, "width": 1.6, "inflow_peak": 2.185}