{"nodes": 2060, "cells": 3898, "object_boundaries": ["on_boundary && x[0]>0.35843 && x[0]< 0.58558 && x[1]>0.06464 && x[1]< 0.29179"], "height": 0.41, "width": 1.6, "inflow_peak": 1.93}