{"nodes": 2243, "object_boundaries": ["on_boundary && x[0]>0.20679 && x[0]< 0.46126 && x[1]>0.14661 && x[1]< 0.40108"], "height": 0.41, "width": 1.6, "inflow_peak": 1.15}