{"nodes": 2297, "object_boundaries": ["on_boundary && x[0]>0.19597 && x[0]< 0.34389 && x[1]>0.21977 && x[1]< 0.3677"], "height": 0.41, "width": 1.6, "inflow_peak": 1.853}