{"nodes": 1736, "object_boundaries": ["on_boundary && x[0]>0.19749 && x[0]< 0.47749 && x[1]>0.07193 && x[1]< 0.35193"], "height": 0.41, "width": 1.6, "inflow_peak": 1.046}