{"nodes": 2077, "object_boundaries": ["on_boundary && x[0]>0.29012 && x[0]< 0.48939 && x[1]>0.04483 && x[1]< 0.2441"], "height": 0.41, "width": 1.6, "inflow_peak": 1.142}