{"nodes": 1983, "cells": 3766, "object_boundaries": ["on_boundary && x[0]>0.19571 && x[0]< 0.35383 && x[1]>0.02908 && x[1]< 0.1872"], "height": 0.41, "width": 1.6, "inflow_peak": 1.299}