{"nodes": 2099, "cells": 3970, "object_boundaries": ["on_boundary && x[0]>0.36823 && x[0]< 0.52429 && x[1]>0.06109 && x[1]< 0.21715"], "height": 0.41, "width": 1.6, "inflow_peak": 1.692}