{"nodes": 1793, "object_boundaries": ["on_boundary && x[0]>0.22832 && x[0]< 0.49268 && x[1]>0.00375 && x[1]< 0.26811"], "height": 0.41, "width": 1.6, "inflow_peak": 0.842}