{"nodes": 1726, "object_boundaries": ["on_boundary && x[0]>0.20951 && x[0]< 0.42517 && x[1]>0.12216 && x[1]< 0.35866"], "height": 0.41, "width": 1.6, "inflow_peak": 1.19}