{"nodes": 2057, "cells": 3910, "object_boundaries": ["on_boundary && x[0]>0.18646 && x[0]< 0.26557 && x[1]>0.14351 && x[1]< 0.21601"], "height": 0.41, "width": 1.6, "inflow_peak": 1.267}