{"nodes": 2539, "cells": 4812, "object_boundaries": ["on_boundary && x[0]>0.34742 && x[0]< 0.58436 && x[1]>0.05944 && x[1]< 0.29638", "on_boundary && x[0]>0.69359 && x[0]< 0.92983 && x[1]>0.17221 && x[1]< 0.40845"], "height": 0.41, "width": 1.6, "inflow_peak": 1.06}