{"nodes": 2402, "object_boundaries": ["on_boundary && x[0]>0.0894 && x[0]< 0.24709 && x[1]>0.12649 && x[1]< 0.28419", "on_boundary && x[0]>0.80382 && x[0]< 1.04673 && x[1]>0.01032 && x[1]< 0.25323"], "height": 0.41, "width": 1.6, "inflow_peak": 1.65}