{"nodes": 2661, "object_boundaries": ["on_boundary && x[0]>0.08304 && x[0]< 0.22754 && x[1]>0.15982 && x[1]< 0.30432", "on_boundary && x[0]>0.83716 && x[0]< 1.02641 && x[1]>0.19814 && x[1]< 0.38739"], "height": 0.41, "width": 1.6, "inflow_peak": 0.67}