{"nodes": 2307, "object_boundaries": ["on_boundary && x[0]>0.25769 && x[0]< 0.50346 && x[1]>0.11379 && x[1]< 0.35957"], "height": 0.41, "width": 1.6, "inflow_peak": 0.96}