{"nodes": 2011, "cells": 3791, "object_boundaries": ["on_boundary && x[0]>0.13342 && x[0]< 0.29745 && x[1]>0.09536 && x[1]< 0.25939"], "height": 0.41, "width": 1.6, "inflow_peak": 1.126}