{"nodes": 1971, "object_boundaries": ["on_boundary && x[0]>0.20845 && x[0]< 0.38796 && x[1]>0.09517 && x[1]< 0.3455"], "height": 0.41, "width": 1.6, "inflow_peak": 1.1}