{"nodes": 2318, "object_boundaries": ["on_boundary && x[0]>0.38007 && x[0]< 0.53044 && x[1]>0.14293 && x[1]< 0.29486"], "height": 0.41, "width": 1.6, "inflow_peak": 2.09}