{"nodes": 2039, "object_boundaries": ["on_boundary && x[0]>0.15922 && x[0]< 0.33746 && x[1]>0.03353 && x[1]< 0.25044"], "height": 0.41, "width": 1.6, "inflow_peak": 1.51}