{"nodes": 1907, "object_boundaries": ["on_boundary && x[0]>0.33479 && x[0]< 0.57738 && x[1]>0.11006 && x[1]< 0.35265"], "height": 0.41, "width": 1.6, "inflow_peak": 0.803}