{"nodes": 2039, "cells": 3873, "object_boundaries": ["on_boundary && x[0]>0.33902 && x[0]< 0.51197 && x[1]>0.17815 && x[1]< 0.35109"], "height": 0.41, "width": 1.6, "inflow_peak": 0.893}