{"nodes": 2327, "object_boundaries": ["on_boundary && x[0]>0.19144 && x[0]< 0.34158 && x[1]>0.11529 && x[1]< 0.26543"], "height": 0.41, "width": 1.6, "inflow_peak": 1.649}