{"nodes": 2055, "cells": 3894, "object_boundaries": ["on_boundary && x[0]>0.35237 && x[0]< 0.47166 && x[1]>0.2013 && x[1]< 0.32059"], "height": 0.41, "width": 1.6, "inflow_peak": 1.901}