{"nodes": 1952, "cells": 3708, "object_boundaries": ["on_boundary && x[0]>0.14316 && x[0]< 0.28744 && x[1]>0.17616 && x[1]< 0.32044"], "height": 0.41, "width": 1.6, "inflow_peak": 1.92}