{"nodes": 2028, "object_boundaries": ["on_boundary && x[0]>0.22671 && x[0]< 0.45658 && x[1]>-0.02498 && x[1]< 0.20956"], "height": 0.41, "width": 1.6, "inflow_peak": 1.0}