{"nodes": 1960, "object_boundaries": ["on_boundary && x[0]>0.32889 && x[0]< 0.46671 && x[1]>0.09924 && x[1]< 0.23706"], "height": 0.41, "width": 1.6, "inflow_peak": 1.05}