{"nodes": 1845, "object_boundaries": ["on_boundary && x[0]>0.21413 && x[0]< 0.46458 && x[1]>0.09508 && x[1]< 0.34553"], "height": 0.41, "width": 1.6, "inflow_peak": 1.21}