{"nodes": 1968, "object_boundaries": ["on_boundary && x[0]>0.15395 && x[0]< 0.36832 && x[1]>0.06035 && x[1]< 0.27472"], "height": 0.41, "width": 1.6, "inflow_peak": 0.99}