{"nodes": 1944, "cells": 3692, "object_boundaries": ["on_boundary && x[0]>0.40114 && x[0]< 0.54743 && x[1]>0.22183 && x[1]< 0.36812"], "height": 0.41, "width": 1.6, "inflow_peak": 0.35}