{"nodes": 1989, "object_boundaries": ["on_boundary && x[0]>0.41759 && x[0]< 0.64241 && x[1]>0.06676 && x[1]< 0.29158"], "height": 0.41, "width": 1.6, "inflow_peak": 1.53}