{"nodes": 2127, "cells": 4032, "object_boundaries": ["on_boundary && x[0]>0.25721 && x[0]< 0.50661 && x[1]>0.10536 && x[1]< 0.30348"], "height": 0.41, "width": 1.6, "inflow_peak": 1.43}