{"nodes": 1848, "object_boundaries": ["on_boundary && x[0]>0.13673 && x[0]< 0.29149 && x[1]>0.10158 && x[1]< 0.25634"], "height": 0.41, "width": 1.6, "inflow_peak": 1.69}