{"nodes": 2048, "cells": 3886, "object_boundaries": ["on_boundary && x[0]>0.44914 && x[0]< 0.52554 && x[1]>0.18175 && x[1]< 0.30124"], "height": 0.41, "width": 1.6, "inflow_peak": 1.137}