{"nodes": 2077, "cells": 3936, "object_boundaries": ["on_boundary && x[0]>0.37056 && x[0]< 0.56831 && x[1]>0.15989 && x[1]< 0.35764"], "height": 0.41, "width": 1.6, "inflow_peak": 1.86}