{"nodes": 1924, "object_boundaries": ["on_boundary && x[0]>0.17878 && x[0]< 0.40482 && x[1]>0.06772 && x[1]< 0.29376"], "height": 0.41, "width": 1.6, "inflow_peak": 1.472}