{"nodes": 2000, "cells": 3788, "object_boundaries": ["on_boundary && x[0]>0.20967 && x[0]< 0.31623 && x[1]>0.07341 && x[1]< 0.17997"], "height": 0.41, "width": 1.6, "inflow_peak": 0.545}