{"nodes": 2114, "cells": 4006, "object_boundaries": ["on_boundary && x[0]>0.33426 && x[0]< 0.56023 && x[1]>0.14497 && x[1]< 0.37095"], "height": 0.41, "width": 1.6, "inflow_peak": 1.572}