{"nodes": 2169, "object_boundaries": ["on_boundary && x[0]>0.3787 && x[0]< 0.55323 && x[1]>0.04838 && x[1]< 0.22291"], "height": 0.41, "width": 1.6, "inflow_peak": 1.163}