{"nodes": 1833, "object_boundaries": ["on_boundary && x[0]>0.0596 && x[0]< 0.30548 && x[1]>0.07095 && x[1]< 0.31683"], "height": 0.41, "width": 1.6, "inflow_peak": 1.576}