{"nodes": 1849, "object_boundaries": ["on_boundary && x[0]>0.1957 && x[0]< 0.35847 && x[1]>0.01861 && x[1]< 0.18139"], "height": 0.41, "width": 1.6, "inflow_peak": 1.41}