{"nodes": 2294, "object_boundaries": ["on_boundary && x[0]>0.25582 && x[0]< 0.47654 && x[1]>0.14366 && x[1]< 0.36439", "on_boundary && x[0]>0.85889 && x[0]< 1.07167 && x[1]>0.12032 && x[1]< 0.3331"], "height": 0.41, "width": 1.6, "inflow_peak": 0.15}