{"nodes": 2038, "cells": 3864, "object_boundaries": ["on_boundary && x[0]>0.27787 && x[0]< 0.38196 && x[1]>0.1113 && x[1]< 0.2154"], "height": 0.41, "width": 1.6, "inflow_peak": 0.514}