{"nodes": 1868, "object_boundaries": ["on_boundary && x[0]>0.29657 && x[0]< 0.54535 && x[1]>0.05624 && x[1]< 0.30502"], "height": 0.41, "width": 1.6, "inflow_peak": 1.62}