{"nodes": 2090, "object_boundaries": ["on_boundary && x[0]>0.31367 && x[0]< 0.52685 && x[1]>0.11354 && x[1]< 0.32672"], "height": 0.41, "width": 1.6, "inflow_peak": 2.05}