{"nodes": 2302, "object_boundaries": ["on_boundary && x[0]>0.09765 && x[0]< 0.24262 && x[1]>0.15773 && x[1]< 0.3027"], "height": 0.41, "width": 1.6, "inflow_peak": 0.59}