{"nodes": 2060, "cells": 3902, "object_boundaries": ["on_boundary && x[0]>0.21585 && x[0]< 0.43607 && x[1]>0.073 && x[1]< 0.28172"], "height": 0.41, "width": 1.6, "inflow_peak": 2.01}