{"nodes": 2025, "object_boundaries": ["on_boundary && x[0]>0.10613 && x[0]< 0.33113 && x[1]>0.07018 && x[1]< 0.25658"], "height": 0.41, "width": 1.6, "inflow_peak": 1.11}