{"nodes": 2012, "cells": 3822, "object_boundaries": ["on_boundary && x[0]>0.18949 && x[0]< 0.26576 && x[1]>0.16775 && x[1]< 0.23903"], "height": 0.41, "width": 1.6, "inflow_peak": 1.287}