{"nodes": 1999, "object_boundaries": ["on_boundary && x[0]>0.25506 && x[0]< 0.49045 && x[1]>0.00704 && x[1]< 0.20493"], "height": 0.41, "width": 1.6, "inflow_peak": 0.39}