{"nodes": 2168, "object_boundaries": ["on_boundary && x[0]>0.26133 && x[0]< 0.49675 && x[1]>0.02361 && x[1]< 0.2435"], "height": 0.41, "width": 1.6, "inflow_peak": 0.49}