{"nodes": 1990, "object_boundaries": ["on_boundary && x[0]>0.33067 && x[0]< 0.55294 && x[1]>0.09276 && x[1]< 0.31503"], "height": 0.41, "width": 1.6, "inflow_peak": 2.03}