{"nodes": 1765, "object_boundaries": ["on_boundary && x[0]>0.27781 && x[0]< 0.50518 && x[1]>0.01341 && x[1]< 0.24078"], "height": 0.41, "width": 1.6, "inflow_peak": 1.27}