{"nodes": 2097, "cells": 3982, "object_boundaries": ["on_boundary && x[0]>0.25648 && x[0]< 0.35637 && x[1]>0.15974 && x[1]< 0.2562"], "height": 0.41, "width": 1.6, "inflow_peak": 1.084}