{"nodes": 1970, "cells": 3740, "object_boundaries": ["on_boundary && x[0]>0.19309 && x[0]< 0.27539 && x[1]>0.21309 && x[1]< 0.26429"], "height": 0.41, "width": 1.6, "inflow_peak": 0.29}