{"nodes": 2288, "object_boundaries": ["on_boundary && x[0]>0.18401 && x[0]< 0.33542 && x[1]>0.04899 && x[1]< 0.20782"], "height": 0.41, "width": 1.6, "inflow_peak": 0.75}