{"nodes": 2069, "object_boundaries": ["on_boundary && x[0]>0.37079 && x[0]< 0.57049 && x[1]>0.09395 && x[1]< 0.32856"], "height": 0.41, "width": 1.6, "inflow_peak": 1.48}