{"nodes": 2121, "cells": 4011, "object_boundaries": ["on_boundary && x[0]>0.30619 && x[0]< 0.56031 && x[1]>0.04303 && x[1]< 0.29966"], "height": 0.41, "width": 1.6, "inflow_peak": 0.93}