{"nodes": 1976, "object_boundaries": ["on_boundary && x[0]>0.05658 && x[0]< 0.28406 && x[1]>0.01925 && x[1]< 0.1988"], "height": 0.41, "width": 1.6, "inflow_peak": 1.6}