{"nodes": 2076, "cells": 3932, "object_boundaries": ["on_boundary && x[0]>0.42479 && x[0]< 0.55607 && x[1]>0.14452 && x[1]< 0.2758"], "height": 0.41, "width": 1.6, "inflow_peak": 1.968}