{"nodes": 2570, "object_boundaries": ["on_boundary && x[0]>0.34274 && x[0]< 0.48375 && x[1]>0.07697 && x[1]< 0.21797", "on_boundary && x[0]>0.80789 && x[0]< 1.04108 && x[1]>0.05084 && x[1]< 0.28403"], "height": 0.41, "width": 1.6, "inflow_peak": 0.93}