{"nodes": 2358, "object_boundaries": ["on_boundary && x[0]>0.20385 && x[0]< 0.41433 && x[1]>0.08063 && x[1]< 0.29111", "on_boundary && x[0]>0.7384 && x[0]< 0.94844 && x[1]>0.13249 && x[1]< 0.34253"], "height": 0.41, "width": 1.6, "inflow_peak": 1.46}