{"nodes": 2932, "object_boundaries": ["on_boundary && x[0]>0.15012 && x[0]< 0.36349 && x[1]>0.05388 && x[1]< 0.26725", "on_boundary && x[0]>0.80422 && x[0]< 0.97289 && x[1]>0.14912 && x[1]< 0.31779"], "height": 0.41, "width": 1.6, "inflow_peak": 0.48}