{"nodes": 2026, "object_boundaries": ["on_boundary && x[0]>0.29027 && x[0]< 0.50289 && x[1]>0.10557 && x[1]< 0.31819"], "height": 0.41, "width": 1.6, "inflow_peak": 1.17}