{"nodes": 1989, "cells": 3774, "object_boundaries": ["on_boundary && x[0]>0.19393 && x[0]< 0.27556 && x[1]>0.1846 && x[1]< 0.26622"], "height": 0.41, "width": 1.6, "inflow_peak": 0.907}