{"nodes": 2530, "cells": 4782, "object_boundaries": ["on_boundary && x[0]>0.09018 && x[0]< 0.34664 && x[1]>0.12543 && x[1]< 0.38189", "on_boundary && x[0]>0.5645 && x[0]< 0.81723 && x[1]>0.16729 && x[1]< 0.42002"], "height": 0.41, "width": 1.6, "inflow_peak": 1.82}