{"nodes": 2150, "object_boundaries": ["on_boundary && x[0]>0.22221 && x[0]< 0.50221 && x[1]>-0.00712 && x[1]< 0.27288"], "height": 0.41, "width": 1.6, "inflow_peak": 1.4}