{"nodes": 1943, "object_boundaries": ["on_boundary && x[0]>0.06139 && x[0]< 0.26754 && x[1]>0.04766 && x[1]< 0.25381"], "height": 0.41, "width": 1.6, "inflow_peak": 1.58}