{"nodes": 2161, "object_boundaries": ["on_boundary && x[0]>0.22987 && x[0]< 0.4686 && x[1]>0.1411 && x[1]< 0.37983"], "height": 0.41, "width": 1.6, "inflow_peak": 1.48}