{"nodes": 2052, "cells": 3883, "object_boundaries": ["on_boundary && x[0]>0.0903 && x[0]< 0.33634 && x[1]>0.17555 && x[1]< 0.37173"], "height": 0.41, "width": 1.6, "inflow_peak": 1.38}