{"nodes": 2154, "object_boundaries": ["on_boundary && x[0]>0.20199 && x[0]< 0.432 && x[1]>0.15985 && x[1]< 0.32703"], "height": 0.41, "width": 1.6, "inflow_peak": 0.52}