{"nodes": 2143, "cells": 4064, "object_boundaries": ["on_boundary && x[0]>0.16921 && x[0]< 0.38216 && x[1]>0.10161 && x[1]< 0.31455"], "height": 0.41, "width": 1.6, "inflow_peak": 1.15}