{"nodes": 1833, "object_boundaries": ["on_boundary && x[0]>0.21338 && x[0]< 0.47046 && x[1]>0.09476 && x[1]< 0.35184"], "height": 0.41, "width": 1.6, "inflow_peak": 1.64}