{"nodes": 1848, "object_boundaries": ["on_boundary && x[0]>0.17781 && x[0]< 0.42796 && x[1]>0.03416 && x[1]< 0.28431"], "height": 0.41, "width": 1.6, "inflow_peak": 1.65}