{"nodes": 2179, "object_boundaries": ["on_boundary && x[0]>0.18621 && x[0]< 0.35901 && x[1]>0.14119 && x[1]< 0.31399"], "height": 0.41, "width": 1.6, "inflow_peak": 0.26}