{"nodes": 2497, "object_boundaries": ["on_boundary && x[0]>0.28633 && x[0]< 0.48416 && x[1]>0.00505 && x[1]< 0.20289", "on_boundary && x[0]>0.7612 && x[0]< 0.94468 && x[1]>0.12489 && x[1]< 0.30837"], "height": 0.41, "width": 1.6, "inflow_peak": 2.17}