{"nodes": 2088, "cells": 3950, "object_boundaries": ["on_boundary && x[0]>0.30236 && x[0]< 0.45022 && x[1]>0.0752 && x[1]< 0.22306"], "height": 0.41, "width": 1.6, "inflow_peak": 0.366}