{"nodes": 2108, "cells": 4003, "object_boundaries": ["on_boundary && x[0]>0.31014 && x[0]< 0.53553 && x[1]>0.12379 && x[1]< 0.29172"], "height": 0.41, "width": 1.6, "inflow_peak": 0.53}