{"nodes": 2113, "cells": 4014, "object_boundaries": ["on_boundary && x[0]>0.31136 && x[0]< 0.4278 && x[1]>0.24707 && x[1]< 0.33826"], "height": 0.41, "width": 1.6, "inflow_peak": 1.96}