{"nodes": 1796, "object_boundaries": ["on_boundary && x[0]>0.2836 && x[0]< 0.45615 && x[1]>0.11384 && x[1]< 0.28635"], "height": 0.41, "width": 1.6, "inflow_peak": 2.01}