{"nodes": 1793, "object_boundaries": ["on_boundary && x[0]>0.29309 && x[0]< 0.4825 && x[1]>0.1595 && x[1]< 0.33833", "on_boundary && x[0]>0.90833 && x[0]< 1.08919 && x[1]>0.10065 && x[1]< 0.26346"], "height": 0.41, "width": 1.6, "inflow_peak": 1.0}