{"nodes": 1696, "object_boundaries": ["on_boundary && x[0]>0.17127 && x[0]< 0.42805 && x[1]>0.06697 && x[1]< 0.34996"], "height": 0.41, "width": 1.6, "inflow_peak": 1.64}