{"nodes": 2164, "object_boundaries": ["on_boundary && x[0]>0.18902 && x[0]< 0.45388 && x[1]>0.09759 && x[1]< 0.29285"], "height": 0.41, "width": 1.6, "inflow_peak": 1.49}