{"nodes": 2086, "cells": 3947, "object_boundaries": ["on_boundary && x[0]>0.26151 && x[0]< 0.50452 && x[1]>0.15656 && x[1]< 0.38414"], "height": 0.41, "width": 1.6, "inflow_peak": 0.9}