{"nodes": 1951, "object_boundaries": ["on_boundary && x[0]>0.27131 && x[0]< 0.45892 && x[1]>0.16019 && x[1]< 0.41455"], "height": 0.41, "width": 1.6, "inflow_peak": 1.69}