{"nodes": 1911, "object_boundaries": ["on_boundary && x[0]>0.08325 && x[0]< 0.30591 && x[1]>0.02254 && x[1]< 0.2452"], "height": 0.41, "width": 1.6, "inflow_peak": 1.939}