{"nodes": 1986, "cells": 3762, "object_boundaries": ["on_boundary && x[0]>0.17714 && x[0]< 0.36718 && x[1]>0.01338 && x[1]< 0.20343"], "height": 0.41, "width": 1.6, "inflow_peak": 1.195}