{"nodes": 1862, "object_boundaries": ["on_boundary && x[0]>0.22974 && x[0]< 0.47929 && x[1]>0.08998 && x[1]< 0.33954"], "height": 0.41, "width": 1.6, "inflow_peak": 1.461}