{"nodes": 1903, "object_boundaries": ["on_boundary && x[0]>0.26114 && x[0]< 0.49776 && x[1]>0.00725 && x[1]< 0.24387"], "height": 0.41, "width": 1.6, "inflow_peak": 0.61}