{"nodes": 1682, "object_boundaries": ["on_boundary && x[0]>0.26685 && x[0]< 0.45856 && x[1]>0.12528 && x[1]< 0.31699"], "height": 0.41, "width": 1.6, "inflow_peak": 1.6}