{"nodes": 2067, "object_boundaries": ["on_boundary && x[0]>0.16548 && x[0]< 0.36484 && x[1]>0.069 && x[1]< 0.26836"], "height": 0.41, "width": 1.6, "inflow_peak": 0.828}