{"nodes": 2464, "object_boundaries": ["on_boundary && x[0]>0.16487 && x[0]< 0.29198 && x[1]>0.10835 && x[1]< 0.23546"], "height": 0.41, "width": 1.6, "inflow_peak": 1.18}