{"nodes": 2111, "object_boundaries": ["on_boundary && x[0]>0.25604 && x[0]< 0.4452 && x[1]>0.03822 && x[1]< 0.22738"], "height": 0.41, "width": 1.6, "inflow_peak": 1.672}