{"nodes": 2005, "object_boundaries": ["on_boundary && x[0]>0.18588 && x[0]< 0.38812 && x[1]>0.19594 && x[1]< 0.39818"], "height": 0.41, "width": 1.6, "inflow_peak": 1.012}