{"nodes": 2021, "cells": 3839, "object_boundaries": ["on_boundary && x[0]>0.31846 && x[0]< 0.39709 && x[1]>0.0895 && x[1]< 0.16813"], "height": 0.41, "width": 1.6, "inflow_peak": 1.946}