{"nodes": 2115, "cells": 3998, "object_boundaries": ["on_boundary && x[0]>0.2473 && x[0]< 0.5039 && x[1]>0.11467 && x[1]< 0.37127"], "height": 0.41, "width": 1.6, "inflow_peak": 0.867}