{"nodes": 2044, "cells": 3877, "object_boundaries": ["on_boundary && x[0]>0.35996 && x[0]< 0.45708 && x[1]>0.16807 && x[1]< 0.27649"], "height": 0.41, "width": 1.6, "inflow_peak": 0.323}