{"nodes": 1892, "object_boundaries": ["on_boundary && x[0]>0.15809 && x[0]< 0.36304 && x[1]>0.07989 && x[1]< 0.26277", "on_boundary && x[0]>0.60254 && x[0]< 0.79688 && x[1]>0.13281 && x[1]< 0.30449"], "height": 0.41, "width": 1.6, "inflow_peak": 1.85}