{"nodes": 1979, "object_boundaries": ["on_boundary && x[0]>0.21045 && x[0]< 0.4246 && x[1]>0.04964 && x[1]< 0.26241"], "height": 0.41, "width": 1.6, "inflow_peak": 0.56}