{"nodes": 1740, "object_boundaries": ["on_boundary && x[0]>0.21463 && x[0]< 0.4172 && x[1]>0.1153 && x[1]< 0.33163"], "height": 0.41, "width": 1.6, "inflow_peak": 1.42}