{"nodes": 1898, "object_boundaries": ["on_boundary && x[0]>0.18248 && x[0]< 0.41574 && x[1]>0.1263 && x[1]< 0.35957"], "height": 0.41, "width": 1.6, "inflow_peak": 0.812}