{"nodes": 2004, "cells": 3805, "object_boundaries": ["on_boundary && x[0]>0.37505 && x[0]< 0.45377 && x[1]>0.23059 && x[1]< 0.30931"], "height": 0.41, "width": 1.6, "inflow_peak": 2.135}