{"nodes": 2366, "object_boundaries": ["on_boundary && x[0]>0.40488 && x[0]< 0.55164 && x[1]>0.07665 && x[1]< 0.22341"], "height": 0.41, "width": 1.6, "inflow_peak": 0.77}