{"nodes": 1971, "cells": 3744, "object_boundaries": ["on_boundary && x[0]>0.28889 && x[0]< 0.34895 && x[1]>0.08052 && x[1]< 0.14059"], "height": 0.41, "width": 1.6, "inflow_peak": 0.684}