{"nodes": 2238, "object_boundaries": ["on_boundary && x[0]>0.15546 && x[0]< 0.31613 && x[1]>0.12495 && x[1]< 0.28562"], "height": 0.41, "width": 1.6, "inflow_peak": 0.9}