{"nodes": 1640, "object_boundaries": ["on_boundary && x[0]>0.17366 && x[0]< 0.47226 && x[1]>0.03426 && x[1]< 0.31388"], "height": 0.41, "width": 1.6, "inflow_peak": 0.79}