{"nodes": 2047, "object_boundaries": ["on_boundary && x[0]>0.10794 && x[0]< 0.37149 && x[1]>0.02455 && x[1]< 0.28153"], "height": 0.41, "width": 1.6, "inflow_peak": 1.3}