{"nodes": 2143, "object_boundaries": ["on_boundary && x[0]>0.16597 && x[0]< 0.34606 && x[1]>0.11994 && x[1]< 0.30004"], "height": 0.41, "width": 1.6, "inflow_peak": 0.848}