{"nodes": 2377, "cells": 4512, "object_boundaries": ["on_boundary && x[0]>0.14051 && x[0]< 0.26429 && x[1]>0.15206 && x[1]< 0.27584", "on_boundary && x[0]>0.84646 && x[0]< 0.93824 && x[1]>0.12886 && x[1]< 0.22064"], "height": 0.41, "width": 1.6, "inflow_peak": 1.003}