{"nodes": 1849, "object_boundaries": ["on_boundary && x[0]>0.23351 && x[0]< 0.48739 && x[1]>0.07547 && x[1]< 0.32934"], "height": 0.41, "width": 1.6, "inflow_peak": 1.32}