{"nodes": 2491, "object_boundaries": ["on_boundary && x[0]>0.13074 && x[0]< 0.36459 && x[1]>0.0513 && x[1]< 0.28515", "on_boundary && x[0]>0.78456 && x[0]< 0.94214 && x[1]>0.09499 && x[1]< 0.25258"], "height": 0.41, "width": 1.6, "inflow_peak": 1.94}