{"nodes": 2107, "object_boundaries": ["on_boundary && x[0]>0.21018 && x[0]< 0.38658 && x[1]>0.02483 && x[1]< 0.20123"], "height": 0.41, "width": 1.6, "inflow_peak": 1.93}