{"nodes": 2043, "cells": 3870, "object_boundaries": ["on_boundary && x[0]>0.2997 && x[0]< 0.50835 && x[1]>0.17504 && x[1]< 0.38369"], "height": 0.41, "width": 1.6, "inflow_peak": 1.28}