{"nodes": 1915, "object_boundaries": ["on_boundary && x[0]>0.30732 && x[0]< 0.54489 && x[1]>0.04369 && x[1]< 0.28126"], "height": 0.41, "width": 1.6, "inflow_peak": 0.81}