{"nodes": 2088, "cells": 3952, "object_boundaries": ["on_boundary && x[0]>0.2682 && x[0]< 0.40962 && x[1]>0.1088 && x[1]< 0.25022"], "height": 0.41, "width": 1.6, "inflow_peak": 0.686}