{"nodes": 2140, "object_boundaries": ["on_boundary && x[0]>0.23031 && x[0]< 0.40755 && x[1]>0.20601 && x[1]< 0.38325"], "height": 0.41, "width": 1.6, "inflow_peak": 1.767}