{"nodes": 2048, "cells": 3869, "object_boundaries": ["on_boundary && x[0]>0.181 && x[0]< 0.33186 && x[1]>0.2042 && x[1]< 0.35506"], "height": 0.41, "width": 1.6, "inflow_peak": 2.235}