{"nodes": 2018, "cells": 3833, "object_boundaries": ["on_boundary && x[0]>0.3015 && x[0]< 0.46906 && x[1]>0.16817 && x[1]< 0.33574"], "height": 0.41, "width": 1.6, "inflow_peak": 1.222}