{"nodes": 2043, "object_boundaries": ["on_boundary && x[0]>0.27436 && x[0]< 0.46934 && x[1]>0.19725 && x[1]< 0.39223"], "height": 0.41, "width": 1.6, "inflow_peak": 1.486}