{"nodes": 2134, "object_boundaries": ["on_boundary && x[0]>0.18143 && x[0]< 0.3652 && x[1]>0.09704 && x[1]< 0.28081"], "height": 0.41, "width": 1.6, "inflow_peak": 0.859}