{"nodes": 2086, "cells": 3953, "object_boundaries": ["on_boundary && x[0]>0.3401 && x[0]< 0.45026 && x[1]>0.0968 && x[1]< 0.23929"], "height": 0.41, "width": 1.6, "inflow_peak": 1.968}