{"nodes": 1981, "object_boundaries": ["on_boundary && x[0]>0.1502 && x[0]< 0.36735 && x[1]>0.15062 && x[1]< 0.35938"], "height": 0.41, "width": 1.6, "inflow_peak": 0.76}