{"nodes": 1983, "object_boundaries": ["on_boundary && x[0]>0.14993 && x[0]< 0.39497 && x[1]>0.01978 && x[1]< 0.20939"], "height": 0.41, "width": 1.6, "inflow_peak": 1.14}