{"nodes": 2016, "object_boundaries": ["on_boundary && x[0]>0.22263 && x[0]< 0.44192 && x[1]>0.04751 && x[1]< 0.2668"], "height": 0.41, "width": 1.6, "inflow_peak": 0.87}