{"nodes": 2387, "object_boundaries": ["on_boundary && x[0]>0.30932 && x[0]< 0.46421 && x[1]>0.15166 && x[1]< 0.30655"], "height": 0.41, "width": 1.6, "inflow_peak": 0.59}