{"nodes": 2074, "object_boundaries": ["on_boundary && x[0]>0.34338 && x[0]< 0.55044 && x[1]>0.0548 && x[1]< 0.26187"], "height": 0.41, "width": 1.6, "inflow_peak": 2.23}