{"nodes": 1988, "object_boundaries": ["on_boundary && x[0]>0.2412 && x[0]< 0.46658 && x[1]>0.12968 && x[1]< 0.35506"], "height": 0.41, "width": 1.6, "inflow_peak": 1.56}