{"nodes": 2321, "object_boundaries": ["on_boundary && x[0]>0.20701 && x[0]< 0.42796 && x[1]>0.02313 && x[1]< 0.24409", "on_boundary && x[0]>0.56853 && x[0]< 0.77721 && x[1]>0.05754 && x[1]< 0.26622"], "height": 0.41, "width": 1.6, "inflow_peak": 1.69}