{"nodes": 2453, "cells": 4652, "object_boundaries": ["on_boundary && x[0]>0.24746 && x[0]< 0.4613 && x[1]>0.05794 && x[1]< 0.27177", "on_boundary && x[0]>0.86764 && x[0]< 1.08911 && x[1]>0.07759 && x[1]< 0.29906"], "height": 0.41, "width": 1.6, "inflow_peak": 2.13}