{"nodes": 2947, "object_boundaries": ["on_boundary && x[0]>0.21431 && x[0]< 0.48262 && x[1]>-0.00961 && x[1]< 0.25871", "on_boundary && x[0]>0.663 && x[0]< 0.85818 && x[1]>0.00241 && x[1]< 0.19759"], "height": 0.41, "width": 1.6, "inflow_peak": 2.18}