{"nodes": 2615, "object_boundaries": ["on_boundary && x[0]>0.18643 && x[0]< 0.37269 && x[1]>0.15834 && x[1]< 0.3446", "on_boundary && x[0]>0.75552 && x[0]< 0.95074 && x[1]>0.11473 && x[1]< 0.30995"], "height": 0.41, "width": 1.6, "inflow_peak": 0.94}