{"nodes": 2081, "cells": 3937, "object_boundaries": ["on_boundary && x[0]>0.38826 && x[0]< 0.53316 && x[1]>0.11733 && x[1]< 0.26222"], "height": 0.41, "width": 1.6, "inflow_peak": 1.76}