{"nodes": 1953, "cells": 3700, "object_boundaries": ["on_boundary && x[0]>0.1257 && x[0]< 0.1897 && x[1]>0.18169 && x[1]< 0.28933"], "height": 0.41, "width": 1.6, "inflow_peak": 1.06}