{"nodes": 2259, "object_boundaries": ["on_boundary && x[0]>0.28947 && x[0]< 0.45923 && x[1]>0.18924 && x[1]< 0.34995"], "height": 0.41, "width": 1.6, "inflow_peak": 0.85}