{"nodes": 1879, "object_boundaries": ["on_boundary && x[0]>0.12267 && x[0]< 0.34296 && x[1]>0.17579 && x[1]< 0.41626"], "height": 0.41, "width": 1.6, "inflow_peak": 1.83}