{"nodes": 2009, "object_boundaries": ["on_boundary && x[0]>0.14823 && x[0]< 0.3542 && x[1]>0.07135 && x[1]< 0.27766"], "height": 0.41, "width": 1.6, "inflow_peak": 0.15}