{"nodes": 1883, "object_boundaries": ["on_boundary && x[0]>0.05179 && x[0]< 0.27292 && x[1]>0.05779 && x[1]< 0.29448"], "height": 0.41, "width": 1.6, "inflow_peak": 1.31}