{"nodes": 1688, "object_boundaries": ["on_boundary && x[0]>0.06099 && x[0]< 0.26222 && x[1]>0.09564 && x[1]< 0.29841"], "height": 0.41, "width": 1.6, "inflow_peak": 0.37}