{"nodes": 2133, "cells": 4040, "object_boundaries": ["on_boundary && x[0]>0.16658 && x[0]< 0.40156 && x[1]>0.10351 && x[1]< 0.33849"], "height": 0.41, "width": 1.6, "inflow_peak": 1.67}