{"nodes": 2113, "cells": 4009, "object_boundaries": ["on_boundary && x[0]>0.28336 && x[0]< 0.42595 && x[1]>0.15701 && x[1]< 0.25091"], "height": 0.41, "width": 1.6, "inflow_peak": 1.81}