{"nodes": 1830, "object_boundaries": ["on_boundary && x[0]>0.21154 && x[0]< 0.44592 && x[1]>0.06221 && x[1]< 0.33955"], "height": 0.41, "width": 1.6, "inflow_peak": 1.09}