{"nodes": 2497, "object_boundaries": ["on_boundary && x[0]>0.36035 && x[0]< 0.48484 && x[1]>0.141 && x[1]< 0.26549"], "height": 0.41, "width": 1.6, "inflow_peak": 0.6}