{"nodes": 1995, "cells": 3770, "object_boundaries": ["on_boundary && x[0]>0.07908 && x[0]< 0.29793 && x[1]>0.16905 && x[1]< 0.3879"], "height": 0.41, "width": 1.6, "inflow_peak": 0.93}