{"nodes": 1664, "object_boundaries": ["on_boundary && x[0]>0.03603 && x[0]< 0.30591 && x[1]>0.03434 && x[1]< 0.298"], "height": 0.41, "width": 1.6, "inflow_peak": 0.43}