{"nodes": 2018, "cells": 3833, "object_boundaries": ["on_boundary && x[0]>0.36143 && x[0]< 0.52891 && x[1]>0.19288 && x[1]< 0.36035"], "height": 0.41, "width": 1.6, "inflow_peak": 1.59}