{"nodes": 1859, "object_boundaries": ["on_boundary && x[0]>0.31033 && x[0]< 0.56192 && x[1]>0.11686 && x[1]< 0.36845"], "height": 0.41, "width": 1.6, "inflow_peak": 1.32}