{"nodes": 1954, "cells": 3710, "object_boundaries": ["on_boundary && x[0]>0.20454 && x[0]< 0.26755 && x[1]>0.16894 && x[1]< 0.23195"], "height": 0.41, "width": 1.6, "inflow_peak": 1.266}