{"nodes": 2508, "object_boundaries": ["on_boundary && x[0]>0.45608 && x[0]< 0.57608 && x[1]>0.16742 && x[1]< 0.28742"], "height": 0.41, "width": 1.6, "inflow_peak": 0.74}