{"nodes": 2206, "object_boundaries": ["on_boundary && x[0]>0.06672 && x[0]< 0.29695 && x[1]>0.08648 && x[1]< 0.31672"], "height": 0.41, "width": 1.6, "inflow_peak": 0.63}