{"nodes": 2205, "object_boundaries": ["on_boundary && x[0]>0.1501 && x[0]< 0.31671 && x[1]>0.03292 && x[1]< 0.19952"], "height": 0.41, "width": 1.6, "inflow_peak": 0.97}