{"nodes": 1817, "object_boundaries": ["on_boundary && x[0]>0.35293 && x[0]< 0.60923 && x[1]>0.1675 && x[1]< 0.42379"], "height": 0.41, "width": 1.6, "inflow_peak": 1.29}