{"nodes": 1884, "object_boundaries": ["on_boundary && x[0]>0.3415 && x[0]< 0.58786 && x[1]>0.05613 && x[1]< 0.30248"], "height": 0.41, "width": 1.6, "inflow_peak": 1.337}