{"nodes": 2256, "object_boundaries": ["on_boundary && x[0]>0.2134 && x[0]< 0.37428 && x[1]>0.07737 && x[1]< 0.23825"], "height": 0.41, "width": 1.6, "inflow_peak": 1.095}