{"nodes": 2009, "object_boundaries": ["on_boundary && x[0]>0.06962 && x[0]< 0.26337 && x[1]>0.20312 && x[1]< 0.39688"], "height": 0.41, "width": 1.6, "inflow_peak": 0.411}