{"nodes": 2059, "object_boundaries": ["on_boundary && x[0]>0.33318 && x[0]< 0.5191 && x[1]>0.09342 && x[1]< 0.29031"], "height": 0.41, "width": 1.6, "inflow_peak": 1.62}