{"nodes": 2064, "cells": 3901, "object_boundaries": ["on_boundary && x[0]>0.20811 && x[0]< 0.45021 && x[1]>0.16631 && x[1]< 0.40841"], "height": 0.41, "width": 1.6, "inflow_peak": 0.617}