{"nodes": 1948, "cells": 3697, "object_boundaries": ["on_boundary && x[0]>0.14464 && x[0]< 0.21041 && x[1]>0.18815 && x[1]< 0.25392"], "height": 0.41, "width": 1.6, "inflow_peak": 1.857}