{"nodes": 2421, "object_boundaries": ["on_boundary && x[0]>0.26315 && x[0]< 0.48622 && x[1]>0.10555 && x[1]< 0.32862", "on_boundary && x[0]>0.85959 && x[0]< 1.0487 && x[1]>0.15821 && x[1]< 0.34732"], "height": 0.41, "width": 1.6, "inflow_peak": 2.12}