{"nodes": 2027, "cells": 3841, "object_boundaries": ["on_boundary && x[0]>0.27702 && x[0]< 0.47671 && x[1]>0.14765 && x[1]< 0.34733"], "height": 0.41, "width": 1.6, "inflow_peak": 0.97}