{"nodes": 1900, "object_boundaries": ["on_boundary && x[0]>0.36388 && x[0]< 0.60164 && x[1]>0.03014 && x[1]< 0.2679"], "height": 0.41, "width": 1.6, "inflow_peak": 1.8}