{"nodes": 1972, "cells": 3729, "object_boundaries": ["on_boundary && x[0]>0.12379 && x[0]< 0.23885 && x[1]>0.10713 && x[1]< 0.22219"], "height": 0.41, "width": 1.6, "inflow_peak": 0.385}