{"nodes": 2034, "cells": 3862, "object_boundaries": ["on_boundary && x[0]>0.17505 && x[0]< 0.37272 && x[1]>0.09793 && x[1]< 0.25203"], "height": 0.41, "width": 1.6, "inflow_peak": 2.14}