{"nodes": 2019, "object_boundaries": ["on_boundary && x[0]>0.36787 && x[0]< 0.5535 && x[1]>-0.00935 && x[1]< 0.22218"], "height": 0.41, "width": 1.6, "inflow_peak": 2.23}