{"nodes": 2412, "object_boundaries": ["on_boundary && x[0]>0.30838 && x[0]< 0.54883 && x[1]>0.13483 && x[1]< 0.2678"], "height": 0.41, "width": 1.6, "inflow_peak": 1.67}