{"nodes": 2099, "cells": 3980, "object_boundaries": ["on_boundary && x[0]>0.18455 && x[0]< 0.34936 && x[1]>0.19579 && x[1]< 0.26789"], "height": 0.41, "width": 1.6, "inflow_peak": 1.587}