{"nodes": 2009, "object_boundaries": ["on_boundary && x[0]>0.24764 && x[0]< 0.46202 && x[1]>0.1493 && x[1]< 0.36368"], "height": 0.41, "width": 1.6, "inflow_peak": 1.589}