{"nodes": 2027, "cells": 3842, "object_boundaries": ["on_boundary && x[0]>0.31344 && x[0]< 0.50898 && x[1]>0.01398 && x[1]< 0.20952"], "height": 0.41, "width": 1.6, "inflow_peak": 2.037}