{"nodes": 2005, "object_boundaries": ["on_boundary && x[0]>0.03901 && x[0]< 0.22099 && x[1]>0.02216 && x[1]< 0.20415"], "height": 0.41, "width": 1.6, "inflow_peak": 1.799}