{"nodes": 2137, "object_boundaries": ["on_boundary && x[0]>0.33394 && x[0]< 0.52848 && x[1]>0.13477 && x[1]< 0.32931"], "height": 0.41, "width": 1.6, "inflow_peak": 1.859}