{"nodes": 2135, "object_boundaries": ["on_boundary && x[0]>0.20468 && x[0]< 0.39536 && x[1]>0.1039 && x[1]< 0.29459"], "height": 0.41, "width": 1.6, "inflow_peak": 1.556}