{"nodes": 1994, "object_boundaries": ["on_boundary && x[0]>0.25083 && x[0]< 0.46424 && x[1]>0.01491 && x[1]< 0.22832"], "height": 0.41, "width": 1.6, "inflow_peak": 1.528}