{"nodes": 2107, "cells": 3999, "object_boundaries": ["on_boundary && x[0]>0.36945 && x[0]< 0.5753 && x[1]>0.14429 && x[1]< 0.35014"], "height": 0.41, "width": 1.6, "inflow_peak": 2.053}