{"nodes": 2040, "object_boundaries": ["on_boundary && x[0]>0.31334 && x[0]< 0.52155 && x[1]>0.10333 && x[1]< 0.31154"], "height": 0.41, "width": 1.6, "inflow_peak": 0.827}