{"nodes": 2215, "object_boundaries": ["on_boundary && x[0]>0.30796 && x[0]< 0.48131 && x[1]>0.14345 && x[1]< 0.3168"], "height": 0.41, "width": 1.6, "inflow_peak": 1.82}