{"nodes": 1869, "object_boundaries": ["on_boundary && x[0]>0.17665 && x[0]< 0.42031 && x[1]>0.07661 && x[1]< 0.32027"], "height": 0.41, "width": 1.6, "inflow_peak": 0.688}