{"nodes": 1979, "cells": 3734, "object_boundaries": ["on_boundary && x[0]>0.10853 && x[0]< 0.25256 && x[1]>0.05578 && x[1]< 0.1998"], "height": 0.41, "width": 1.6, "inflow_peak": 1.041}