{"nodes": 2052, "cells": 3902, "object_boundaries": ["on_boundary && x[0]>0.32347 && x[0]< 0.48791 && x[1]>0.10115 && x[1]< 0.26559"], "height": 0.41, "width": 1.6, "inflow_peak": 0.488}