{"nodes": 2033, "cells": 3848, "object_boundaries": ["on_boundary && x[0]>0.15124 && x[0]< 0.27666 && x[1]>0.15763 && x[1]< 0.28305"], "height": 0.41, "width": 1.6, "inflow_peak": 0.386}