{"nodes": 2006, "cells": 3810, "object_boundaries": ["on_boundary && x[0]>0.24096 && x[0]< 0.40566 && x[1]>0.10497 && x[1]< 0.26966"], "height": 0.41, "width": 1.6, "inflow_peak": 1.265}