{"nodes": 2125, "cells": 4026, "object_boundaries": ["on_boundary && x[0]>0.36913 && x[0]< 0.51355 && x[1]>0.0606 && x[1]< 0.20012"], "height": 0.41, "width": 1.6, "inflow_peak": 0.815}