{"nodes": 1967, "cells": 3727, "object_boundaries": ["on_boundary && x[0]>0.10673 && x[0]< 0.28336 && x[1]>0.12971 && x[1]< 0.31094"], "height": 0.41, "width": 1.6, "inflow_peak": 0.92}