{"nodes": 2474, "object_boundaries": ["on_boundary && x[0]>0.28782 && x[0]< 0.41796 && x[1]>0.16583 && x[1]< 0.29597"], "height": 0.41, "width": 1.6, "inflow_peak": 1.47}