{"nodes": 2060, "cells": 3910, "object_boundaries": ["on_boundary && x[0]>0.2339 && x[0]< 0.32656 && x[1]>0.25108 && x[1]< 0.34374"], "height": 0.41, "width": 1.6, "inflow_peak": 1.178}