{"nodes": 2114, "cells": 4013, "object_boundaries": ["on_boundary && x[0]>0.36217 && x[0]< 0.55211 && x[1]>0.03256 && x[1]< 0.23138"], "height": 0.41, "width": 1.6, "inflow_peak": 1.29}