{"nodes": 2059, "object_boundaries": ["on_boundary && x[0]>0.02212 && x[0]< 0.25562 && x[1]>0.13241 && x[1]< 0.36592"], "height": 0.41, "width": 1.6, "inflow_peak": 1.695}