{"nodes": 2091, "cells": 3962, "object_boundaries": ["on_boundary && x[0]>0.20927 && x[0]< 0.4283 && x[1]>0.1442 && x[1]< 0.36323"], "height": 0.41, "width": 1.6, "inflow_peak": 1.314}