{"nodes": 2328, "object_boundaries": ["on_boundary && x[0]>0.23151 && x[0]< 0.39103 && x[1]>0.15511 && x[1]< 0.31463"], "height": 0.41, "width": 1.6, "inflow_peak": 1.763}