{"nodes": 2116, "object_boundaries": ["on_boundary && x[0]>0.2422 && x[0]< 0.43767 && x[1]>0.06525 && x[1]< 0.26073"], "height": 0.41, "width": 1.6, "inflow_peak": 1.42}