{"nodes": 2003, "object_boundaries": ["on_boundary && x[0]>0.23114 && x[0]< 0.43739 && x[1]>0.17957 && x[1]< 0.38582"], "height": 0.41, "width": 1.6, "inflow_peak": 0.98}