{"nodes": 2091, "cells": 3955, "object_boundaries": ["on_boundary && x[0]>0.36218 && x[0]< 0.60443 && x[1]>0.15044 && x[1]< 0.39269"], "height": 0.41, "width": 1.6, "inflow_peak": 2.05}