{"nodes": 2328, "cells": 4435, "object_boundaries": ["on_boundary && x[0]>0.25199 && x[0]< 0.31488 && x[1]>0.20232 && x[1]< 0.2652", "on_boundary && x[0]>0.84657 && x[0]< 0.93753 && x[1]>0.0913 && x[1]< 0.18225"], "height": 0.41, "width": 1.6, "inflow_peak": 1.952}