{"nodes": 2218, "object_boundaries": ["on_boundary && x[0]>0.20965 && x[0]< 0.42951 && x[1]>-0.00809 && x[1]< 0.21177", "on_boundary && x[0]>0.82728 && x[0]< 1.05232 && x[1]>0.12656 && x[1]< 0.3516"], "height": 0.41, "width": 1.6, "inflow_peak": 1.22}