{"nodes": 2263, "object_boundaries": ["on_boundary && x[0]>0.40898 && x[0]< 0.57454 && x[1]>0.13475 && x[1]< 0.30031"], "height": 0.41, "width": 1.6, "inflow_peak": 0.836}