{"nodes": 2045, "cells": 3883, "object_boundaries": ["on_boundary && x[0]>0.28789 && x[0]< 0.46639 && x[1]>0.11122 && x[1]< 0.28973"], "height": 0.41, "width": 1.6, "inflow_peak": 1.367}