{"nodes": 1787, "object_boundaries": ["on_boundary && x[0]>0.21996 && x[0]< 0.49358 && x[1]>0.06929 && x[1]< 0.34291"], "height": 0.41, "width": 1.6, "inflow_peak": 0.945}