{"nodes": 1818, "object_boundaries": ["on_boundary && x[0]>0.15212 && x[0]< 0.4065 && x[1]>0.14431 && x[1]< 0.39869"], "height": 0.41, "width": 1.6, "inflow_peak": 1.17}