{"nodes": 2930, "object_boundaries": ["on_boundary && x[0]>0.30105 && x[0]< 0.44557 && x[1]>0.15195 && x[1]< 0.29646", "on_boundary && x[0]>0.74752 && x[0]< 0.9474 && x[1]>0.11659 && x[1]< 0.31646"], "height": 0.41, "width": 1.6, "inflow_peak": 0.98}