{"nodes": 2066, "object_boundaries": ["on_boundary && x[0]>0.15583 && x[0]< 0.35031 && x[1]>0.11495 && x[1]< 0.30942"], "height": 0.41, "width": 1.6, "inflow_peak": 1.93}