{"nodes": 2010, "cells": 3823, "object_boundaries": ["on_boundary && x[0]>0.32836 && x[0]< 0.47576 && x[1]>0.09674 && x[1]< 0.24414"], "height": 0.41, "width": 1.6, "inflow_peak": 0.78}