{"nodes": 2132, "cells": 4032, "object_boundaries": ["on_boundary && x[0]>0.2888 && x[0]< 0.54545 && x[1]>0.04044 && x[1]< 0.29708"], "height": 0.41, "width": 1.6, "inflow_peak": 1.542}