{"nodes": 2055, "object_boundaries": ["on_boundary && x[0]>0.06178 && x[0]< 0.24827 && x[1]>0.13514 && x[1]< 0.32163"], "height": 0.41, "width": 1.6, "inflow_peak": 0.315}