{"nodes": 1803, "object_boundaries": ["on_boundary && x[0]>0.21949 && x[0]< 0.4843 && x[1]>0.06117 && x[1]< 0.32599"], "height": 0.41, "width": 1.6, "inflow_peak": 1.08}