{"nodes": 2019, "object_boundaries": ["on_boundary && x[0]>0.26049 && x[0]< 0.48697 && x[1]>0.03983 && x[1]< 0.26631"], "height": 0.41, "width": 1.6, "inflow_peak": 0.851}