{"nodes": 1868, "object_boundaries": ["on_boundary && x[0]>0.24163 && x[0]< 0.48842 && x[1]>0.0393 && x[1]< 0.2861"], "height": 0.41, "width": 1.6, "inflow_peak": 1.466}