{"nodes": 2104, "cells": 3990, "object_boundaries": ["on_boundary && x[0]>0.24497 && x[0]< 0.45566 && x[1]>0.13672 && x[1]< 0.34741"], "height": 0.41, "width": 1.6, "inflow_peak": 1.84}