{"nodes": 1710, "object_boundaries": ["on_boundary && x[0]>0.22811 && x[0]< 0.48515 && x[1]>0.18803 && x[1]< 0.44067"], "height": 0.41, "width": 1.6, "inflow_peak": 1.38}