{"nodes": 2133, "object_boundaries": ["on_boundary && x[0]>0.1675 && x[0]< 0.3464 && x[1]>0.12851 && x[1]< 0.30741"], "height": 0.41, "width": 1.6, "inflow_peak": 1.937}