{"nodes": 1898, "object_boundaries": ["on_boundary && x[0]>0.38016 && x[0]< 0.5335 && x[1]>0.13864 && x[1]< 0.29198"], "height": 0.41, "width": 1.6, "inflow_peak": 1.755}