{"nodes": 1994, "cells": 3777, "object_boundaries": ["on_boundary && x[0]>0.14568 && x[0]< 0.33715 && x[1]>0.10474 && x[1]< 0.29622"], "height": 0.41, "width": 1.6, "inflow_peak": 0.666}