{"nodes": 2199, "object_boundaries": ["on_boundary && x[0]>0.24829 && x[0]< 0.42277 && x[1]>0.05634 && x[1]< 0.23082"], "height": 0.41, "width": 1.6, "inflow_peak": 1.798}