{"nodes": 2413, "object_boundaries": ["on_boundary && x[0]>0.22372 && x[0]< 0.36776 && x[1]>0.1454 && x[1]< 0.28944"], "height": 0.41, "width": 1.6, "inflow_peak": 0.422}