{"nodes": 2082, "object_boundaries": ["on_boundary && x[0]>0.28773 && x[0]< 0.48905 && x[1]>0.07502 && x[1]< 0.27635"], "height": 0.41, "width": 1.6, "inflow_peak": 1.381}