{"nodes": 2050, "cells": 3894, "object_boundaries": ["on_boundary && x[0]>0.14975 && x[0]< 0.321 && x[1]>0.05428 && x[1]< 0.22553"], "height": 0.41, "width": 1.6, "inflow_peak": 0.96}