{"nodes": 1658, "object_boundaries": ["on_boundary && x[0]>0.11757 && x[0]< 0.37289 && x[1]>0.12884 && x[1]< 0.36539"], "height": 0.41, "width": 1.6, "inflow_peak": 1.31}