{"nodes": 1786, "object_boundaries": ["on_boundary && x[0]>0.37216 && x[0]< 0.56806 && x[1]>0.05341 && x[1]< 0.2493"], "height": 0.41, "width": 1.6, "inflow_peak": 0.4}