{"nodes": 2199, "cells": 4162, "object_boundaries": ["on_boundary && x[0]>0.30267 && x[0]< 0.46042 && x[1]>0.05367 && x[1]< 0.23214"], "height": 0.41, "width": 1.6, "inflow_peak": 1.568}