{"nodes": 1694, "object_boundaries": ["on_boundary && x[0]>0.16092 && x[0]< 0.3917 && x[1]>0.08574 && x[1]< 0.32864"], "height": 0.41, "width": 1.6, "inflow_peak": 1.04}