{"nodes": 1701, "object_boundaries": ["on_boundary && x[0]>0.19535 && x[0]< 0.40205 && x[1]>0.12236 && x[1]< 0.32199"], "height": 0.41, "width": 1.6, "inflow_peak": 2.21}