{"nodes": 3107, "object_boundaries": ["on_boundary && x[0]>0.4334 && x[0]< 0.61523 && x[1]>0.19791 && x[1]< 0.31911", "on_boundary && x[0]>0.63201 && x[0]< 0.8701 && x[1]>0.07445 && x[1]< 0.24771"], "height": 0.41, "width": 1.6, "inflow_peak": 0.96}