{"nodes": 2647, "cells": 5022, "object_boundaries": ["on_boundary && x[0]>0.30948 && x[0]< 0.47828 && x[1]>0.15808 && x[1]< 0.33383", "on_boundary && x[0]>0.71243 && x[0]< 0.83596 && x[1]>0.19082 && x[1]< 0.32635"], "height": 0.41, "width": 1.6, "inflow_peak": 1.439}