{"nodes": 1958, "object_boundaries": ["on_boundary && x[0]>0.23508 && x[0]< 0.43945 && x[1]>0.17358 && x[1]< 0.42642", "on_boundary && x[0]>0.64789 && x[0]< 0.98203 && x[1]>0.16346 && x[1]< 0.34775"], "height": 0.41, "width": 1.6, "inflow_peak": 1.32}