{"nodes": 2009, "cells": 3809, "object_boundaries": ["on_boundary && x[0]>0.36431 && x[0]< 0.45386 && x[1]>0.07946 && x[1]< 0.18179"], "height": 0.41, "width": 1.6, "inflow_peak": 0.454}