{"nodes": 2061, "object_boundaries": ["on_boundary && x[0]>0.15031 && x[0]< 0.35902 && x[1]>0.08504 && x[1]< 0.3045"], "height": 0.41, "width": 1.6, "inflow_peak": 2.2}