{"nodes": 2190, "cells": 4146, "object_boundaries": ["on_boundary && x[0]>0.29751 && x[0]< 0.58398 && x[1]>0.09867 && x[1]< 0.32823"], "height": 0.41, "width": 1.6, "inflow_peak": 0.44}