{"nodes": 1945, "object_boundaries": ["on_boundary && x[0]>0.39578 && x[0]< 0.592 && x[1]>0.08244 && x[1]< 0.32715"], "height": 0.41, "width": 1.6, "inflow_peak": 2.0}