{"nodes": 1687, "object_boundaries": ["on_boundary && x[0]>0.02558 && x[0]< 0.28597 && x[1]>0.09781 && x[1]< 0.34257"], "height": 0.41, "width": 1.6, "inflow_peak": 1.82}