{"nodes": 1767, "object_boundaries": ["on_boundary && x[0]>0.28304 && x[0]< 0.4748 && x[1]>0.15677 && x[1]< 0.34238"], "height": 0.41, "width": 1.6, "inflow_peak": 2.13}