{"nodes": 1993, "cells": 3756, "object_boundaries": ["on_boundary && x[0]>0.10362 && x[0]< 0.26649 && x[1]>0.20053 && x[1]< 0.3634"], "height": 0.41, "width": 1.6, "inflow_peak": 1.019}