{"nodes": 2263, "object_boundaries": ["on_boundary && x[0]>0.18831 && x[0]< 0.39775 && x[1]>0.00359 && x[1]< 0.21303", "on_boundary && x[0]>0.74084 && x[0]< 0.96333 && x[1]>0.1009 && x[1]< 0.32339"], "height": 0.41, "width": 1.6, "inflow_peak": 1.86}