{"nodes": 3364, "object_boundaries": ["on_boundary && x[0]>0.19552 && x[0]< 0.34043 && x[1]>0.18312 && x[1]< 0.32802", "on_boundary && x[0]>0.77338 && x[0]< 0.89338 && x[1]>0.19294 && x[1]< 0.31294"], "height": 0.41, "width": 1.6, "inflow_peak": 2.35}