{"nodes": 2136, "object_boundaries": ["on_boundary && x[0]>0.30519 && x[0]< 0.47854 && x[1]>0.0163 && x[1]< 0.18965"], "height": 0.41, "width": 1.6, "inflow_peak": 1.14}