{"nodes": 1867, "object_boundaries": ["on_boundary && x[0]>0.28514 && x[0]< 0.53382 && x[1]>0.04468 && x[1]< 0.29335"], "height": 0.41, "width": 1.6, "inflow_peak": 1.38}