{"nodes": 2043, "object_boundaries": ["on_boundary && x[0]>0.22924 && x[0]< 0.43883 && x[1]>0.09318 && x[1]< 0.30278"], "height": 0.41, "width": 1.6, "inflow_peak": 1.08}