{"nodes": 2208, "object_boundaries": ["on_boundary && x[0]>0.14107 && x[0]< 0.35115 && x[1]>0.153 && x[1]< 0.36307", "on_boundary && x[0]>0.83574 && x[0]< 1.07385 && x[1]>-0.00187 && x[1]< 0.23624"], "height": 0.41, "width": 1.6, "inflow_peak": 0.38}