{"nodes": 2697, "object_boundaries": ["on_boundary && x[0]>0.22818 && x[0]< 0.45491 && x[1]>0.09715 && x[1]< 0.32388", "on_boundary && x[0]>0.83486 && x[0]< 0.97432 && x[1]>0.07165 && x[1]< 0.21111"], "height": 0.41, "width": 1.6, "inflow_peak": 0.31}