{"nodes": 2122, "object_boundaries": ["on_boundary && x[0]>0.25258 && x[0]< 0.44506 && x[1]>0.09032 && x[1]< 0.2828"], "height": 0.41, "width": 1.6, "inflow_peak": 2.05}