{"nodes": 2384, "cells": 4536, "object_boundaries": ["on_boundary && x[0]>0.36874 && x[0]< 0.53502 && x[1]>0.09287 && x[1]< 0.25915", "on_boundary && x[0]>0.89612 && x[0]< 1.09447 && x[1]>0.16792 && x[1]< 0.36627"], "height": 0.41, "width": 1.6, "inflow_peak": 0.95}