{"nodes": 1854, "object_boundaries": ["on_boundary && x[0]>0.06158 && x[0]< 0.29627 && x[1]>0.11298 && x[1]< 0.34767"], "height": 0.41, "width": 1.6, "inflow_peak": 1.37}