{"nodes": 2231, "object_boundaries": ["on_boundary && x[0]>0.29535 && x[0]< 0.56338 && x[1]>0.05514 && x[1]< 0.32317"], "height": 0.41, "width": 1.6, "inflow_peak": 1.31}