{"nodes": 2001, "object_boundaries": ["on_boundary && x[0]>0.1579 && x[0]< 0.39055 && x[1]>0.04956 && x[1]< 0.24506"], "height": 0.41, "width": 1.6, "inflow_peak": 1.29}