{"nodes": 2098, "object_boundaries": ["on_boundary && x[0]>0.23981 && x[0]< 0.43867 && x[1]>0.17392 && x[1]< 0.36031"], "height": 0.41, "width": 1.6, "inflow_peak": 0.6}