{"nodes": 2079, "object_boundaries": ["on_boundary && x[0]>0.30991 && x[0]< 0.52751 && x[1]>0.04586 && x[1]< 0.20129"], "height": 0.41, "width": 1.6, "inflow_peak": 1.1}