{"nodes": 2216, "object_boundaries": ["on_boundary && x[0]>0.30464 && x[0]< 0.43882 && x[1]>0.02606 && x[1]< 0.22987"], "height": 0.41, "width": 1.6, "inflow_peak": 0.9}