{"nodes": 2039, "cells": 3862, "object_boundaries": ["on_boundary && x[0]>0.22315 && x[0]< 0.29701 && x[1]>0.06737 && x[1]< 0.22078"], "height": 0.41, "width": 1.6, "inflow_peak": 1.931}