{"nodes": 2071, "cells": 3925, "object_boundaries": ["on_boundary && x[0]>0.17177 && x[0]< 0.39811 && x[1]>0.1075 && x[1]< 0.30188"], "height": 0.41, "width": 1.6, "inflow_peak": 0.93}