{"nodes": 2217, "object_boundaries": ["on_boundary && x[0]>0.20525 && x[0]< 0.48525 && x[1]>0.0273 && x[1]< 0.26211"], "height": 0.41, "width": 1.6, "inflow_peak": 0.95}