{"nodes": 2059, "object_boundaries": ["on_boundary && x[0]>0.19961 && x[0]< 0.38215 && x[1]>0.12815 && x[1]< 0.34151"], "height": 0.41, "width": 1.6, "inflow_peak": 1.08}