{"nodes": 1997, "cells": 3779, "object_boundaries": ["on_boundary && x[0]>0.12282 && x[0]< 0.24971 && x[1]>0.23248 && x[1]< 0.33392"], "height": 0.41, "width": 1.6, "inflow_peak": 2.02}