{"nodes": 2150, "cells": 4077, "object_boundaries": ["on_boundary && x[0]>0.34885 && x[0]< 0.59325 && x[1]>0.19223 && x[1]< 0.39003"], "height": 0.41, "width": 1.6, "inflow_peak": 2.17}