{"nodes": 2185, "cells": 4143, "object_boundaries": ["on_boundary && x[0]>0.33894 && x[0]< 0.47819 && x[1]>0.19003 && x[1]< 0.34146"], "height": 0.41, "width": 1.6, "inflow_peak": 1.577}