{"nodes": 1815, "object_boundaries": ["on_boundary && x[0]>0.11607 && x[0]< 0.36855 && x[1]>0.08762 && x[1]< 0.3401"], "height": 0.41, "width": 1.6, "inflow_peak": 2.21}