{"nodes": 2052, "object_boundaries": ["on_boundary && x[0]>0.32713 && x[0]< 0.53162 && x[1]>0.0607 && x[1]< 0.26519"], "height": 0.41, "width": 1.6, "inflow_peak": 1.07}