{"nodes": 1767, "object_boundaries": ["on_boundary && x[0]>0.316 && x[0]< 0.48162 && x[1]>0.14433 && x[1]< 0.36976"], "height": 0.41, "width": 1.6, "inflow_peak": 1.65}