{"nodes": 2104, "object_boundaries": ["on_boundary && x[0]>0.06996 && x[0]< 0.3412 && x[1]>0.04504 && x[1]< 0.31187", "on_boundary && x[0]>0.66279 && x[0]< 0.90574 && x[1]>0.15615 && x[1]< 0.35232"], "height": 0.41, "width": 1.6, "inflow_peak": 1.82}