{"nodes": 1972, "object_boundaries": ["on_boundary && x[0]>0.09447 && x[0]< 0.3409 && x[1]>0.05632 && x[1]< 0.24517"], "height": 0.41, "width": 1.6, "inflow_peak": 1.02}