{"nodes": 2012, "cells": 3810, "object_boundaries": ["on_boundary && x[0]>0.13637 && x[0]< 0.24991 && x[1]>0.15255 && x[1]< 0.25958"], "height": 0.41, "width": 1.6, "inflow_peak": 2.026}