{"nodes": 1978, "cells": 3743, "object_boundaries": ["on_boundary && x[0]>0.04878 && x[0]< 0.28559 && x[1]>0.04927 && x[1]< 0.19974"], "height": 0.41, "width": 1.6, "inflow_peak": 1.6}