{"nodes": 1961, "object_boundaries": ["on_boundary && x[0]>0.3721 && x[0]< 0.50345 && x[1]>0.06885 && x[1]< 0.20019"], "height": 0.41, "width": 1.6, "inflow_peak": 1.47}