{"nodes": 1874, "object_boundaries": ["on_boundary && x[0]>0.14151 && x[0]< 0.3062 && x[1]>0.04586 && x[1]< 0.21056"], "height": 0.41, "width": 1.6, "inflow_peak": 1.21}