{"nodes": 2291, "object_boundaries": ["on_boundary && x[0]>0.35021 && x[0]< 0.5387 && x[1]>0.1702 && x[1]< 0.35954", "on_boundary && x[0]>0.76841 && x[0]< 0.96849 && x[1]>0.2239 && x[1]< 0.36533"], "height": 0.41, "width": 1.6, "inflow_peak": 0.25}