{"nodes": 2040, "object_boundaries": ["on_boundary && x[0]>0.03676 && x[0]< 0.32029 && x[1]>0.00814 && x[1]< 0.25362", "on_boundary && x[0]>0.65404 && x[0]< 0.87147 && x[1]>0.17727 && x[1]< 0.37032"], "height": 0.41, "width": 1.6, "inflow_peak": 0.97}