{"nodes": 2119, "cells": 4026, "object_boundaries": ["on_boundary && x[0]>0.28393 && x[0]< 0.39254 && x[1]>0.11784 && x[1]< 0.21102"], "height": 0.41, "width": 1.6, "inflow_peak": 2.138}