{"nodes": 2093, "object_boundaries": ["on_boundary && x[0]>0.09991 && x[0]< 0.28317 && x[1]>0.12239 && x[1]< 0.3762"], "height": 0.41, "width": 1.6, "inflow_peak": 0.91}