{"nodes": 1701, "object_boundaries": ["on_boundary && x[0]>0.38075 && x[0]< 0.56404 && x[1]>0.11863 && x[1]< 0.29172"], "height": 0.41, "width": 1.6, "inflow_peak": 0.87}