{"nodes": 2127, "cells": 4030, "object_boundaries": ["on_boundary && x[0]>0.23135 && x[0]< 0.45312 && x[1]>0.01882 && x[1]< 0.24717"], "height": 0.41, "width": 1.6, "inflow_peak": 0.47}