{"nodes": 2062, "cells": 3900, "object_boundaries": ["on_boundary && x[0]>0.40649 && x[0]< 0.54974 && x[1]>0.2221 && x[1]< 0.36534"], "height": 0.41, "width": 1.6, "inflow_peak": 1.942}