{"nodes": 2288, "object_boundaries": ["on_boundary && x[0]>0.20336 && x[0]< 0.35538 && x[1]>0.10252 && x[1]< 0.25454"], "height": 0.41, "width": 1.6, "inflow_peak": 1.02}