{"nodes": 1986, "cells": 3764, "object_boundaries": ["on_boundary && x[0]>0.17581 && x[0]< 0.35844 && x[1]>0.19397 && x[1]< 0.3766"], "height": 0.41, "width": 1.6, "inflow_peak": 0.844}