{"nodes": 2061, "object_boundaries": ["on_boundary && x[0]>0.1426 && x[0]< 0.34175 && x[1]>0.10829 && x[1]< 0.30744"], "height": 0.41, "width": 1.6, "inflow_peak": 2.35}