{"nodes": 2348, "object_boundaries": ["on_boundary && x[0]>0.34036 && x[0]< 0.5021 && x[1]>0.09843 && x[1]< 0.26017"], "height": 0.41, "width": 1.6, "inflow_peak": 1.387}