{"nodes": 2228, "object_boundaries": ["on_boundary && x[0]>0.32 && x[0]< 0.49885 && x[1]>0.08176 && x[1]< 0.26061"], "height": 0.41, "width": 1.6, "inflow_peak": 1.143}