{"nodes": 1858, "object_boundaries": ["on_boundary && x[0]>0.29652 && x[0]< 0.54871 && x[1]>0.04001 && x[1]< 0.2922"], "height": 0.41, "width": 1.6, "inflow_peak": 0.687}