{"nodes": 2073, "cells": 3922, "object_boundaries": ["on_boundary && x[0]>0.29794 && x[0]< 0.43959 && x[1]>0.22555 && x[1]< 0.3672"], "height": 0.41, "width": 1.6, "inflow_peak": 0.62}