{"nodes": 2472, "object_boundaries": ["on_boundary && x[0]>0.32515 && x[0]< 0.44515 && x[1]>0.20815 && x[1]< 0.33288"], "height": 0.41, "width": 1.6, "inflow_peak": 1.24}