{"nodes": 2236, "object_boundaries": ["on_boundary && x[0]>0.20037 && x[0]< 0.44601 && x[1]>0.21045 && x[1]< 0.35233"], "height": 0.41, "width": 1.6, "inflow_peak": 1.75}