{"nodes": 2026, "cells": 3836, "object_boundaries": ["on_boundary && x[0]>0.13933 && x[0]< 0.36682 && x[1]>0.0277 && x[1]< 0.21056"], "height": 0.41, "width": 1.6, "inflow_peak": 1.57}