{"nodes": 2090, "object_boundaries": ["on_boundary && x[0]>0.4144 && x[0]< 0.6456 && x[1]>0.04713 && x[1]< 0.25812"], "height": 0.41, "width": 1.6, "inflow_peak": 2.29}