{"nodes": 2080, "cells": 3944, "object_boundaries": ["on_boundary && x[0]>0.18879 && x[0]< 0.28301 && x[1]>0.1075 && x[1]< 0.22583"], "height": 0.41, "width": 1.6, "inflow_peak": 0.739}