{"nodes": 2175, "object_boundaries": ["on_boundary && x[0]>0.23475 && x[0]< 0.46524 && x[1]>0.15429 && x[1]< 0.31942"], "height": 0.41, "width": 1.6, "inflow_peak": 2.13}