{"nodes": 2246, "object_boundaries": ["on_boundary && x[0]>0.30181 && x[0]< 0.50075 && x[1]>0.06674 && x[1]< 0.26663", "on_boundary && x[0]>0.65752 && x[0]< 0.82844 && x[1]>0.1212 && x[1]< 0.29647"], "height": 0.41, "width": 1.6, "inflow_peak": 2.35}