{"nodes": 2087, "cells": 3952, "object_boundaries": ["on_boundary && x[0]>0.17941 && x[0]< 0.30604 && x[1]>0.20378 && x[1]< 0.34217"], "height": 0.41, "width": 1.6, "inflow_peak": 1.022}