{"nodes": 1693, "object_boundaries": ["on_boundary && x[0]>0.10149 && x[0]< 0.33004 && x[1]>0.19312 && x[1]< 0.3862"], "height": 0.41, "width": 1.6, "inflow_peak": 0.67}