{"nodes": 2612, "object_boundaries": ["on_boundary && x[0]>0.08369 && x[0]< 0.32994 && x[1]>0.11219 && x[1]< 0.28645", "on_boundary && x[0]>0.74901 && x[0]< 0.96721 && x[1]>0.00791 && x[1]< 0.22583"], "height": 0.41, "width": 1.6, "inflow_peak": 1.62}