{"nodes": 2261, "object_boundaries": ["on_boundary && x[0]>0.30598 && x[0]< 0.47419 && x[1]>0.20599 && x[1]< 0.37419"], "height": 0.41, "width": 1.6, "inflow_peak": 0.435}