{"nodes": 2043, "cells": 3868, "object_boundaries": ["on_boundary && x[0]>0.18022 && x[0]< 0.39529 && x[1]>0.04949 && x[1]< 0.26457"], "height": 0.41, "width": 1.6, "inflow_peak": 2.24}