{"nodes": 2447, "cells": 4643, "object_boundaries": ["on_boundary && x[0]>0.34925 && x[0]< 0.50159 && x[1]>0.18189 && x[1]< 0.33423", "on_boundary && x[0]>0.88325 && x[0]< 0.97538 && x[1]>0.07452 && x[1]< 0.16664"], "height": 0.41, "width": 1.6, "inflow_peak": 1.779}