{"nodes": 2190, "object_boundaries": ["on_boundary && x[0]>0.20394 && x[0]< 0.37947 && x[1]>0.0605 && x[1]< 0.23602"], "height": 0.41, "width": 1.6, "inflow_peak": 2.06}