{"nodes": 1889, "object_boundaries": ["on_boundary && x[0]>0.35808 && x[0]< 0.59367 && x[1]>-0.01473 && x[1]< 0.22086"], "height": 0.41, "width": 1.6, "inflow_peak": 2.08}