{"nodes": 1922, "object_boundaries": ["on_boundary && x[0]>0.23625 && x[0]< 0.46974 && x[1]>0.05081 && x[1]< 0.2843"], "height": 0.41, "width": 1.6, "inflow_peak": 1.688}