{"nodes": 1957, "cells": 3715, "object_boundaries": ["on_boundary && x[0]>0.14955 && x[0]< 0.30542 && x[1]>0.08177 && x[1]< 0.23763"], "height": 0.41, "width": 1.6, "inflow_peak": 1.27}