{"nodes": 1791, "object_boundaries": ["on_boundary && x[0]>0.12631 && x[0]< 0.38583 && x[1]>0.16942 && x[1]< 0.42894"], "height": 0.41, "width": 1.6, "inflow_peak": 0.805}