{"nodes": 2087, "object_boundaries": ["on_boundary && x[0]>0.24411 && x[0]< 0.45216 && x[1]>0.04054 && x[1]< 0.24859"], "height": 0.41, "width": 1.6, "inflow_peak": 0.986}