{"nodes": 1776, "object_boundaries": ["on_boundary && x[0]>0.0823 && x[0]< 0.34566 && x[1]>0.06438 && x[1]< 0.32773"], "height": 0.41, "width": 1.6, "inflow_peak": 1.068}