{"nodes": 2475, "cells": 4680, "object_boundaries": ["on_boundary && x[0]>0.29099 && x[0]< 0.54423 && x[1]>0.15043 && x[1]< 0.40368", "on_boundary && x[0]>0.60045 && x[0]< 0.83112 && x[1]>0.16273 && x[1]< 0.3934"], "height": 0.41, "width": 1.6, "inflow_peak": 2.16}