{"nodes": 2443, "cells": 4616, "object_boundaries": ["on_boundary && x[0]>0.1413 && x[0]< 0.29709 && x[1]>0.1129 && x[1]< 0.26869", "on_boundary && x[0]>0.92513 && x[0]< 1.07321 && x[1]>0.03213 && x[1]< 0.18021"], "height": 0.41, "width": 1.6, "inflow_peak": 0.379}