{"nodes": 2216, "object_boundaries": ["on_boundary && x[0]>0.15802 && x[0]< 0.31922 && x[1]>0.11007 && x[1]< 0.27128"], "height": 0.41, "width": 1.6, "inflow_peak": 1.839}