{"nodes": 2011, "cells": 3827, "object_boundaries": ["on_boundary && x[0]>0.35388 && x[0]< 0.40752 && x[1]>0.1978 && x[1]< 0.25143"], "height": 0.41, "width": 1.6, "inflow_peak": 1.662}