{"nodes": 1952, "object_boundaries": ["on_boundary && x[0]>0.15262 && x[0]< 0.37064 && x[1]>0.08985 && x[1]< 0.30787"], "height": 0.41, "width": 1.6, "inflow_peak": 1.805}