{"nodes": 2133, "cells": 4035, "object_boundaries": ["on_boundary && x[0]>0.31029 && x[0]< 0.56569 && x[1]>0.12804 && x[1]< 0.38344"], "height": 0.41, "width": 1.6, "inflow_peak": 1.296}