{"nodes": 1985, "object_boundaries": ["on_boundary && x[0]>0.2143 && x[0]< 0.42679 && x[1]>0.03227 && x[1]< 0.24476"], "height": 0.41, "width": 1.6, "inflow_peak": 0.322}