{"nodes": 1983, "object_boundaries": ["on_boundary && x[0]>0.20199 && x[0]< 0.4276 && x[1]>0.06339 && x[1]< 0.289"], "height": 0.41, "width": 1.6, "inflow_peak": 0.975}