{"nodes": 2161, "object_boundaries": ["on_boundary && x[0]>0.3801 && x[0]< 0.65059 && x[1]>0.05926 && x[1]< 0.33229"], "height": 0.41, "width": 1.6, "inflow_peak": 1.53}