{"nodes": 2196, "object_boundaries": ["on_boundary && x[0]>0.25328 && x[0]< 0.43187 && x[1]>0.0999 && x[1]< 0.27849"], "height": 0.41, "width": 1.6, "inflow_peak": 0.83}