{"nodes": 2399, "object_boundaries": ["on_boundary && x[0]>0.0862 && x[0]< 0.30824 && x[1]>0.18861 && x[1]< 0.41066", "on_boundary && x[0]>0.84203 && x[0]< 1.00897 && x[1]>0.04642 && x[1]< 0.21336"], "height": 0.41, "width": 1.6, "inflow_peak": 0.31}