{"nodes": 2104, "cells": 3991, "object_boundaries": ["on_boundary && x[0]>0.24678 && x[0]< 0.45685 && x[1]>0.17119 && x[1]< 0.37153"], "height": 0.41, "width": 1.6, "inflow_peak": 0.75}