{"nodes": 1733, "object_boundaries": ["on_boundary && x[0]>0.07265 && x[0]< 0.2368 && x[1]>0.19044 && x[1]< 0.35922"], "height": 0.41, "width": 1.6, "inflow_peak": 1.55}