{"nodes": 1652, "object_boundaries": ["on_boundary && x[0]>0.26699 && x[0]< 0.54244 && x[1]>0.09923 && x[1]< 0.3773"], "height": 0.41, "width": 1.6, "inflow_peak": 0.77}