{"nodes": 1784, "object_boundaries": ["on_boundary && x[0]>0.26505 && x[0]< 0.48477 && x[1]>0.1492 && x[1]< 0.35325"], "height": 0.41, "width": 1.6, "inflow_peak": 0.45}