{"nodes": 2156, "object_boundaries": ["on_boundary && x[0]>0.12891 && x[0]< 0.29988 && x[1]>0.092 && x[1]< 0.26296"], "height": 0.41, "width": 1.6, "inflow_peak": 0.982}