{"nodes": 2094, "object_boundaries": ["on_boundary && x[0]>0.13063 && x[0]< 0.31796 && x[1]>0.14601 && x[1]< 0.33334"], "height": 0.41, "width": 1.6, "inflow_peak": 0.821}