{"nodes": 2038, "object_boundaries": ["on_boundary && x[0]>0.26458 && x[0]< 0.47352 && x[1]>0.06386 && x[1]< 0.2728"], "height": 0.41, "width": 1.6, "inflow_peak": 0.831}