{"nodes": 2011, "object_boundaries": ["on_boundary && x[0]>0.24683 && x[0]< 0.46091 && x[1]>0.09199 && x[1]< 0.30608"], "height": 0.41, "width": 1.6, "inflow_peak": 1.594}