{"nodes": 1883, "object_boundaries": ["on_boundary && x[0]>0.35072 && x[0]< 0.59572 && x[1]>0.08618 && x[1]< 0.33118"], "height": 0.41, "width": 1.6, "inflow_peak": 0.345}