{"nodes": 1791, "object_boundaries": ["on_boundary && x[0]>0.19983 && x[0]< 0.47983 && x[1]>0.07569 && x[1]< 0.33493"], "height": 0.41, "width": 1.6, "inflow_peak": 0.48}