{"nodes": 2003, "object_boundaries": ["on_boundary && x[0]>0.10168 && x[0]< 0.32698 && x[1]>0.08985 && x[1]< 0.28307"], "height": 0.41, "width": 1.6, "inflow_peak": 1.32}