{"nodes": 2007, "object_boundaries": ["on_boundary && x[0]>0.33933 && x[0]< 0.56939 && x[1]>0.00483 && x[1]< 0.21088"], "height": 0.41, "width": 1.6, "inflow_peak": 1.03}