{"nodes": 2036, "object_boundaries": ["on_boundary && x[0]>0.35337 && x[0]< 0.47908 && x[1]>0.07839 && x[1]< 0.35622"], "height": 0.41, "width": 1.6, "inflow_peak": 1.11}