{"nodes": 2027, "object_boundaries": ["on_boundary && x[0]>0.34784 && x[0]< 0.54351 && x[1]>0.08834 && x[1]< 0.28402"], "height": 0.41, "width": 1.6, "inflow_peak": 1.76}