{"nodes": 1709, "object_boundaries": ["on_boundary && x[0]>0.08461 && x[0]< 0.29498 && x[1]>0.15269 && x[1]< 0.36306"], "height": 0.41, "width": 1.6, "inflow_peak": 1.39}