{"nodes": 2264, "object_boundaries": ["on_boundary && x[0]>0.34276 && x[0]< 0.49651 && x[1]>0.19613 && x[1]< 0.34988"], "height": 0.41, "width": 1.6, "inflow_peak": 0.84}