{"nodes": 1799, "object_boundaries": ["on_boundary && x[0]>0.27911 && x[0]< 0.47475 && x[1]>0.17078 && x[1]< 0.36642"], "height": 0.41, "width": 1.6, "inflow_peak": 1.13}