{"nodes": 1720, "object_boundaries": ["on_boundary && x[0]>0.19221 && x[0]< 0.40681 && x[1]>0.09317 && x[1]< 0.30777"], "height": 0.41, "width": 1.6, "inflow_peak": 0.37}