{"nodes": 2038, "cells": 3869, "object_boundaries": ["on_boundary && x[0]>0.283 && x[0]< 0.37136 && x[1]>0.11634 && x[1]< 0.2047"], "height": 0.41, "width": 1.6, "inflow_peak": 0.697}