{"nodes": 1785, "object_boundaries": ["on_boundary && x[0]>0.21009 && x[0]< 0.35683 && x[1]>0.15981 && x[1]< 0.30655"], "height": 0.41, "width": 1.6, "inflow_peak": 1.98}