{"nodes": 2106, "object_boundaries": ["on_boundary && x[0]>0.13358 && x[0]< 0.31418 && x[1]>0.18961 && x[1]< 0.37021"], "height": 0.41, "width": 1.6, "inflow_peak": 2.24}