{"nodes": 2045, "cells": 3878, "object_boundaries": ["on_boundary && x[0]>0.26733 && x[0]< 0.38232 && x[1]>0.19973 && x[1]< 0.29418"], "height": 0.41, "width": 1.6, "inflow_peak": 1.578}