{"nodes": 2011, "cells": 3823, "object_boundaries": ["on_boundary && x[0]>0.30081 && x[0]< 0.46285 && x[1]>0.05719 && x[1]< 0.20328"], "height": 0.41, "width": 1.6, "inflow_peak": 0.54}