{"nodes": 1743, "object_boundaries": ["on_boundary && x[0]>0.2235 && x[0]< 0.42406 && x[1]>0.03811 && x[1]< 0.24612", "on_boundary && x[0]>0.81991 && x[0]< 1.01389 && x[1]>0.03561 && x[1]< 0.21847"], "height": 0.41, "width": 1.6, "inflow_peak": 1.89}