{"nodes": 2005, "object_boundaries": ["on_boundary && x[0]>0.14871 && x[0]< 0.35545 && x[1]>0.14933 && x[1]< 0.36277"], "height": 0.41, "width": 1.6, "inflow_peak": 0.98}