{"nodes": 1982, "object_boundaries": ["on_boundary && x[0]>0.15133 && x[0]< 0.36041 && x[1]>0.08294 && x[1]< 0.29201"], "height": 0.41, "width": 1.6, "inflow_peak": 0.63}