{"nodes": 2198, "object_boundaries": ["on_boundary && x[0]>0.17407 && x[0]< 0.42967 && x[1]>0.11446 && x[1]< 0.37005", "on_boundary && x[0]>0.79449 && x[0]< 0.99293 && x[1]>0.04503 && x[1]< 0.24346"], "height": 0.41, "width": 1.6, "inflow_peak": 1.64}