{"nodes": 1881, "object_boundaries": ["on_boundary && x[0]>0.15222 && x[0]< 0.30155 && x[1]>0.10743 && x[1]< 0.25676"], "height": 0.41, "width": 1.6, "inflow_peak": 0.71}