{"nodes": 2403, "cells": 4573, "object_boundaries": ["on_boundary && x[0]>0.19546 && x[0]< 0.28495 && x[1]>0.15929 && x[1]< 0.24878", "on_boundary && x[0]>0.82317 && x[0]< 0.92097 && x[1]>0.17343 && x[1]< 0.27124"], "height": 0.41, "width": 1.6, "inflow_peak": 2.186}