{"nodes": 2177, "object_boundaries": ["on_boundary && x[0]>0.38019 && x[0]< 0.56392 && x[1]>0.1107 && x[1]< 0.29443"], "height": 0.41, "width": 1.6, "inflow_peak": 0.84}