{"nodes": 2265, "object_boundaries": ["on_boundary && x[0]>0.17663 && x[0]< 0.39018 && x[1]>0.11682 && x[1]< 0.33037", "on_boundary && x[0]>0.76837 && x[0]< 0.98778 && x[1]>0.09919 && x[1]< 0.3186"], "height": 0.41, "width": 1.6, "inflow_peak": 1.15}