{"nodes": 2046, "cells": 3882, "object_boundaries": ["on_boundary && x[0]>0.39075 && x[0]< 0.57881 && x[1]>0.17042 && x[1]< 0.35847"], "height": 0.41, "width": 1.6, "inflow_peak": 1.47}