{"nodes": 1990, "object_boundaries": ["on_boundary && x[0]>0.15051 && x[0]< 0.36062 && x[1]>0.0762 && x[1]< 0.28632"], "height": 0.41, "width": 1.6, "inflow_peak": 1.33}