{"nodes": 2319, "cells": 4396, "object_boundaries": ["on_boundary && x[0]>0.13175 && x[0]< 0.25364 && x[1]>0.21029 && x[1]< 0.33219", "on_boundary && x[0]>0.84011 && x[0]< 0.93609 && x[1]>0.14563 && x[1]< 0.24161"], "height": 0.41, "width": 1.6, "inflow_peak": 1.631}