{"nodes": 2245, "object_boundaries": ["on_boundary && x[0]>0.09035 && x[0]< 0.28393 && x[1]>0.16791 && x[1]< 0.36149", "on_boundary && x[0]>0.81559 && x[0]< 1.05121 && x[1]>0.06599 && x[1]< 0.30161"], "height": 0.41, "width": 1.6, "inflow_peak": 1.77}