{"nodes": 2065, "cells": 3916, "object_boundaries": ["on_boundary && x[0]>0.42905 && x[0]< 0.54002 && x[1]>0.12069 && x[1]< 0.23521"], "height": 0.41, "width": 1.6, "inflow_peak": 1.558}