{"nodes": 2103, "object_boundaries": ["on_boundary && x[0]>0.18261 && x[0]< 0.37645 && x[1]>0.1847 && x[1]< 0.36994"], "height": 0.41, "width": 1.6, "inflow_peak": 1.69}