{"nodes": 2241, "object_boundaries": ["on_boundary && x[0]>0.28858 && x[0]< 0.4734 && x[1]>0.1482 && x[1]< 0.31224"], "height": 0.41, "width": 1.6, "inflow_peak": 1.6}