{"nodes": 1937, "object_boundaries": ["on_boundary && x[0]>0.04834 && x[0]< 0.25857 && x[1]>0.14709 && x[1]< 0.34591"], "height": 0.41, "width": 1.6, "inflow_peak": 1.32}