{"nodes": 2045, "cells": 3866, "object_boundaries": ["on_boundary && x[0]>0.33585 && x[0]< 0.5481 && x[1]>0.16413 && x[1]< 0.41376"], "height": 0.41, "width": 1.6, "inflow_peak": 1.0}