{"nodes": 2012, "object_boundaries": ["on_boundary && x[0]>0.21878 && x[0]< 0.40494 && x[1]>-0.00667 && x[1]< 0.20997"], "height": 0.41, "width": 1.6, "inflow_peak": 1.19}