{"nodes": 1971, "object_boundaries": ["on_boundary && x[0]>0.09188 && x[0]< 0.30307 && x[1]>0.07379 && x[1]< 0.28497"], "height": 0.41, "width": 1.6, "inflow_peak": 1.13}