{"nodes": 2007, "cells": 3816, "object_boundaries": ["on_boundary && x[0]>0.23377 && x[0]< 0.3864 && x[1]>0.10985 && x[1]< 0.26247"], "height": 0.41, "width": 1.6, "inflow_peak": 0.6}