{"nodes": 2029, "cells": 3844, "object_boundaries": ["on_boundary && x[0]>0.1887 && x[0]< 0.29874 && x[1]>0.08171 && x[1]< 0.19174"], "height": 0.41, "width": 1.6, "inflow_peak": 1.684}