{"nodes": 1736, "object_boundaries": ["on_boundary && x[0]>0.3408 && x[0]< 0.55688 && x[1]>0.11099 && x[1]< 0.33247"], "height": 0.41, "width": 1.6, "inflow_peak": 0.43}