{"nodes": 2226, "object_boundaries": ["on_boundary && x[0]>0.39982 && x[0]< 0.58411 && x[1]>0.17113 && x[1]< 0.35017", "on_boundary && x[0]>0.83785 && x[0]< 1.03776 && x[1]>0.10184 && x[1]< 0.27308"], "height": 0.41, "width": 1.6, "inflow_peak": 2.07}