{"nodes": 2028, "cells": 3843, "object_boundaries": ["on_boundary && x[0]>0.22567 && x[0]< 0.32422 && x[1]>0.10675 && x[1]< 0.2263"], "height": 0.41, "width": 1.6, "inflow_peak": 2.11}