{"nodes": 1892, "object_boundaries": ["on_boundary && x[0]>0.11459 && x[0]< 0.3036 && x[1]>0.05373 && x[1]< 0.24351"], "height": 0.41, "width": 1.6, "inflow_peak": 1.48}