{"nodes": 2393, "cells": 4545, "object_boundaries": ["on_boundary && x[0]>0.08416 && x[0]< 0.21929 && x[1]>0.06754 && x[1]< 0.22077", "on_boundary && x[0]>0.81442 && x[0]< 0.8821 && x[1]>0.2409 && x[1]< 0.3028"], "height": 0.41, "width": 1.6, "inflow_peak": 0.936}