{"nodes": 1761, "object_boundaries": ["on_boundary && x[0]>0.05915 && x[0]< 0.26162 && x[1]>0.01621 && x[1]< 0.22186"], "height": 0.41, "width": 1.6, "inflow_peak": 1.36}