{"nodes": 1934, "object_boundaries": ["on_boundary && x[0]>0.15168 && x[0]< 0.33803 && x[1]>0.14963 && x[1]< 0.34577"], "height": 0.41, "width": 1.6, "inflow_peak": 0.15}