{"nodes": 1739, "object_boundaries": ["on_boundary && x[0]>0.07743 && x[0]< 0.27143 && x[1]>0.11451 && x[1]< 0.32875"], "height": 0.41, "width": 1.6, "inflow_peak": 1.56}