{"nodes": 2165, "cells": 4102, "object_boundaries": ["on_boundary && x[0]>0.25486 && x[0]< 0.41197 && x[1]>0.1826 && x[1]< 0.31881"], "height": 0.41, "width": 1.6, "inflow_peak": 1.221}