{"nodes": 1719, "object_boundaries": ["on_boundary && x[0]>0.25744 && x[0]< 0.44257 && x[1]>0.02186 && x[1]< 0.21827"], "height": 0.41, "width": 1.6, "inflow_peak": 1.48}