{"nodes": 2032, "cells": 3848, "object_boundaries": ["on_boundary && x[0]>0.09926 && x[0]< 0.28852 && x[1]>0.10428 && x[1]< 0.3145"], "height": 0.41, "width": 1.6, "inflow_peak": 0.87}