{"nodes": 2055, "object_boundaries": ["on_boundary && x[0]>0.14091 && x[0]< 0.37219 && x[1]>0.09486 && x[1]< 0.32614"], "height": 0.41, "width": 1.6, "inflow_peak": 1.73}