{"nodes": 2308, "object_boundaries": ["on_boundary && x[0]>0.14234 && x[0]< 0.33416 && x[1]>0.15378 && x[1]< 0.29581"], "height": 0.41, "width": 1.6, "inflow_peak": 0.41}