{"nodes": 2275, "object_boundaries": ["on_boundary && x[0]>0.18184 && x[0]< 0.34733 && x[1]>0.16655 && x[1]< 0.31891"], "height": 0.41, "width": 1.6, "inflow_peak": 1.18}