{"nodes": 1820, "object_boundaries": ["on_boundary && x[0]>0.04002 && x[0]< 0.37325 && x[1]>0.08438 && x[1]< 0.31769", "on_boundary && x[0]>0.88625 && x[0]< 1.08898 && x[1]>0.10127 && x[1]< 0.27922"], "height": 0.41, "width": 1.6, "inflow_peak": 0.15}