{"nodes": 1800, "object_boundaries": ["on_boundary && x[0]>0.0881 && x[0]< 0.29563 && x[1]>0.09921 && x[1]< 0.30879", "on_boundary && x[0]>0.74465 && x[0]< 0.93817 && x[1]>0.16362 && x[1]< 0.35703"], "height": 0.41, "width": 1.6, "inflow_peak": 0.71}