{"nodes": 2067, "object_boundaries": ["on_boundary && x[0]>0.1257 && x[0]< 0.36171 && x[1]>0.06333 && x[1]< 0.29699"], "height": 0.41, "width": 1.6, "inflow_peak": 1.27}