{"nodes": 1740, "object_boundaries": ["on_boundary && x[0]>0.12598 && x[0]< 0.38735 && x[1]>0.11434 && x[1]< 0.30565"], "height": 0.41, "width": 1.6, "inflow_peak": 1.58}