{"nodes": 1662, "object_boundaries": ["on_boundary && x[0]>0.13755 && x[0]< 0.36881 && x[1]>0.10894 && x[1]< 0.33609"], "height": 0.41, "width": 1.6, "inflow_peak": 1.25}