{"nodes": 2102, "cells": 3990, "object_boundaries": ["on_boundary && x[0]>0.35487 && x[0]< 0.47166 && x[1]>0.14613 && x[1]< 0.26292"], "height": 0.41, "width": 1.6, "inflow_peak": 1.828}