{"nodes": 2149, "cells": 4072, "object_boundaries": ["on_boundary && x[0]>0.18801 && x[0]< 0.42502 && x[1]>0.02982 && x[1]< 0.26683"], "height": 0.41, "width": 1.6, "inflow_peak": 2.17}