{"nodes": 1756, "object_boundaries": ["on_boundary && x[0]>0.19781 && x[0]< 0.40051 && x[1]>0.1433 && x[1]< 0.346"], "height": 0.41, "width": 1.6, "inflow_peak": 1.41}