{"nodes": 1949, "object_boundaries": ["on_boundary && x[0]>0.16281 && x[0]< 0.38176 && x[1]>0.01794 && x[1]< 0.23688"], "height": 0.41, "width": 1.6, "inflow_peak": 1.74}