{"nodes": 2086, "cells": 3966, "object_boundaries": ["on_boundary && x[0]>0.2771 && x[0]< 0.34127 && x[1]>0.22639 && x[1]< 0.29057"], "height": 0.41, "width": 1.6, "inflow_peak": 1.066}