{"nodes": 1719, "object_boundaries": ["on_boundary && x[0]>0.13337 && x[0]< 0.35289 && x[1]>0.024 && x[1]< 0.24352"], "height": 0.41, "width": 1.6, "inflow_peak": 1.69}