{"nodes": 1946, "object_boundaries": ["on_boundary && x[0]>0.21305 && x[0]< 0.43471 && x[1]>0.01241 && x[1]< 0.23407"], "height": 0.41, "width": 1.6, "inflow_peak": 1.72}