{"nodes": 2088, "cells": 3962, "object_boundaries": ["on_boundary && x[0]>0.2464 && x[0]< 0.45257 && x[1]>0.07434 && x[1]< 0.28014"], "height": 0.41, "width": 1.6, "inflow_peak": 1.69}