{"nodes": 2003, "object_boundaries": ["on_boundary && x[0]>0.07407 && x[0]< 0.28402 && x[1]>0.07969 && x[1]< 0.26584"], "height": 0.41, "width": 1.6, "inflow_peak": 1.36}