{"nodes": 1778, "object_boundaries": ["on_boundary && x[0]>0.05452 && x[0]< 0.24191 && x[1]>0.1362 && x[1]< 0.31524", "on_boundary && x[0]>0.65175 && x[0]< 0.86991 && x[1]>0.11766 && x[1]< 0.33812"], "height": 0.41, "width": 1.6, "inflow_peak": 2.1}