{"nodes": 1720, "object_boundaries": ["on_boundary && x[0]>0.06412 && x[0]< 0.25061 && x[1]>0.02389 && x[1]< 0.22443"], "height": 0.41, "width": 1.6, "inflow_peak": 0.29}