{"nodes": 1715, "object_boundaries": ["on_boundary && x[0]>0.28987 && x[0]< 0.46285 && x[1]>0.02736 && x[1]< 0.20597"], "height": 0.41, "width": 1.6, "inflow_peak": 0.36}