{"nodes": 2017, "object_boundaries": ["on_boundary && x[0]>0.09902 && x[0]< 0.28991 && x[1]>0.09671 && x[1]< 0.29295"], "height": 0.41, "width": 1.6, "inflow_peak": 1.19}