{"nodes": 1683, "object_boundaries": ["on_boundary && x[0]>0.23218 && x[0]< 0.46007 && x[1]>0.08132 && x[1]< 0.32652"], "height": 0.41, "width": 1.6, "inflow_peak": 0.35}