{"nodes": 2212, "object_boundaries": ["on_boundary && x[0]>0.24548 && x[0]< 0.40919 && x[1]>0.06391 && x[1]< 0.23263"], "height": 0.41, "width": 1.6, "inflow_peak": 1.49}