{"nodes": 2066, "cells": 3910, "object_boundaries": ["on_boundary && x[0]>0.0705 && x[0]< 0.27379 && x[1]>0.15078 && x[1]< 0.35934"], "height": 0.41, "width": 1.6, "inflow_peak": 1.17}