{"nodes": 2144, "object_boundaries": ["on_boundary && x[0]>0.12202 && x[0]< 0.36354 && x[1]>0.09319 && x[1]< 0.29489"], "height": 0.41, "width": 1.6, "inflow_peak": 0.91}