{"nodes": 2225, "object_boundaries": ["on_boundary && x[0]>0.27567 && x[0]< 0.46906 && x[1]>0.08129 && x[1]< 0.27467", "on_boundary && x[0]>0.84143 && x[0]< 1.11588 && x[1]>0.15297 && x[1]< 0.42743"], "height": 0.41, "width": 1.6, "inflow_peak": 1.98}