{"nodes": 2341, "object_boundaries": ["on_boundary && x[0]>0.21386 && x[0]< 0.41607 && x[1]>0.17463 && x[1]< 0.37684", "on_boundary && x[0]>0.75244 && x[0]< 0.97162 && x[1]>0.12838 && x[1]< 0.34756"], "height": 0.41, "width": 1.6, "inflow_peak": 1.79}