{"nodes": 2078, "cells": 3926, "object_boundaries": ["on_boundary && x[0]>0.29306 && x[0]< 0.45554 && x[1]>0.09477 && x[1]< 0.25725"], "height": 0.41, "width": 1.6, "inflow_peak": 2.142}