{"nodes": 2129, "object_boundaries": ["on_boundary && x[0]>0.05419 && x[0]< 0.30852 && x[1]>0.08009 && x[1]< 0.33443", "on_boundary && x[0]>0.57515 && x[0]< 0.79616 && x[1]>0.14093 && x[1]< 0.36195"], "height": 0.41, "width": 1.6, "inflow_peak": 0.73}