{"nodes": 1979, "object_boundaries": ["on_boundary && x[0]>0.05589 && x[0]< 0.25612 && x[1]>0.10372 && x[1]< 0.30395"], "height": 0.41, "width": 1.6, "inflow_peak": 0.81}