{"nodes": 2328, "object_boundaries": ["on_boundary && x[0]>0.37081 && x[0]< 0.56529 && x[1]>0.19499 && x[1]< 0.38946", "on_boundary && x[0]>0.74907 && x[0]< 0.99291 && x[1]>0.10012 && x[1]< 0.34396"], "height": 0.41, "width": 1.6, "inflow_peak": 1.61}