{"nodes": 2256, "object_boundaries": ["on_boundary && x[0]>0.34233 && x[0]< 0.50547 && x[1]>0.04169 && x[1]< 0.20483"], "height": 0.41, "width": 1.6, "inflow_peak": 1.0}