{"nodes": 2015, "cells": 3818, "object_boundaries": ["on_boundary && x[0]>0.23415 && x[0]< 0.33913 && x[1]>0.07627 && x[1]< 0.18125"], "height": 0.41, "width": 1.6, "inflow_peak": 2.023}