{"nodes": 2573, "object_boundaries": ["on_boundary && x[0]>0.15927 && x[0]< 0.39703 && x[1]>0.02962 && x[1]< 0.26738", "on_boundary && x[0]>0.55254 && x[0]< 0.70746 && x[1]>0.13945 && x[1]< 0.29437"], "height": 0.41, "width": 1.6, "inflow_peak": 1.23}