{"nodes": 2109, "object_boundaries": ["on_boundary && x[0]>0.19804 && x[0]< 0.38274 && x[1]>0.08776 && x[1]< 0.27246"], "height": 0.41, "width": 1.6, "inflow_peak": 1.43}