{"nodes": 2068, "cells": 3906, "object_boundaries": ["on_boundary && x[0]>0.41733 && x[0]< 0.5797 && x[1]>0.21055 && x[1]< 0.37292"], "height": 0.41, "width": 1.6, "inflow_peak": 0.322}