{"nodes": 2098, "object_boundaries": ["on_boundary && x[0]>0.12734 && x[0]< 0.31584 && x[1]>0.12244 && x[1]< 0.31094"], "height": 0.41, "width": 1.6, "inflow_peak": 1.1}