{"nodes": 1993, "cells": 3769, "object_boundaries": ["on_boundary && x[0]>0.09494 && x[0]< 0.3068 && x[1]>0.06013 && x[1]< 0.27199"], "height": 0.41, "width": 1.6, "inflow_peak": 1.437}