{"nodes": 2016, "object_boundaries": ["on_boundary && x[0]>0.03482 && x[0]< 0.22565 && x[1]>0.12703 && x[1]< 0.31787"], "height": 0.41, "width": 1.6, "inflow_peak": 0.15}