{"nodes": 2067, "object_boundaries": ["on_boundary && x[0]>0.22626 && x[0]< 0.45336 && x[1]>0.0707 && x[1]< 0.26087"], "height": 0.41, "width": 1.6, "inflow_peak": 1.63}