{"nodes": 2298, "object_boundaries": ["on_boundary && x[0]>0.25379 && x[0]< 0.46651 && x[1]>0.09233 && x[1]< 0.23945"], "height": 0.41, "width": 1.6, "inflow_peak": 1.06}