{"nodes": 2124, "object_boundaries": ["on_boundary && x[0]>0.09004 && x[0]< 0.23419 && x[1]>0.1826 && x[1]< 0.36178"], "height": 0.41, "width": 1.6, "inflow_peak": 1.8}