{"nodes": 2024, "cells": 3823, "object_boundaries": ["on_boundary && x[0]>0.11924 && x[0]< 0.26482 && x[1]>0.18718 && x[1]< 0.33342"], "height": 0.41, "width": 1.6, "inflow_peak": 1.874}