{"nodes": 2280, "object_boundaries": ["on_boundary && x[0]>0.30642 && x[0]< 0.46612 && x[1]>0.04709 && x[1]< 0.20069"], "height": 0.41, "width": 1.6, "inflow_peak": 0.15}