{"nodes": 2393, "object_boundaries": ["on_boundary && x[0]>0.23521 && x[0]< 0.36768 && x[1]>0.04305 && x[1]< 0.17552"], "height": 0.41, "width": 1.6, "inflow_peak": 0.332}