{"nodes": 1956, "object_boundaries": ["on_boundary && x[0]>0.24072 && x[0]< 0.46744 && x[1]>0.16409 && x[1]< 0.39081"], "height": 0.41, "width": 1.6, "inflow_peak": 1.311}