{"nodes": 2173, "object_boundaries": ["on_boundary && x[0]>0.3072 && x[0]< 0.56828 && x[1]>0.00953 && x[1]< 0.27922"], "height": 0.41, "width": 1.6, "inflow_peak": 2.26}