{"nodes": 2151, "object_boundaries": ["on_boundary && x[0]>0.31826 && x[0]< 0.47363 && x[1]>-0.00016 && x[1]< 0.20403", "on_boundary && x[0]>0.70755 && x[0]< 0.93498 && x[1]>0.13676 && x[1]< 0.35915"], "height": 0.41, "width": 1.6, "inflow_peak": 1.87}