{"nodes": 2072, "object_boundaries": ["on_boundary && x[0]>0.32611 && x[0]< 0.53084 && x[1]>0.10712 && x[1]< 0.31185"], "height": 0.41, "width": 1.6, "inflow_peak": 1.45}