{"nodes": 2285, "object_boundaries": ["on_boundary && x[0]>0.16654 && x[0]< 0.31653 && x[1]>0.20125 && x[1]< 0.35124"], "height": 0.41, "width": 1.6, "inflow_peak": 0.48}