{"nodes": 1741, "object_boundaries": ["on_boundary && x[0]>0.22616 && x[0]< 0.45942 && x[1]>0.13555 && x[1]< 0.36881"], "height": 0.41, "width": 1.6, "inflow_peak": 1.4}