{"nodes": 2062, "cells": 3901, "object_boundaries": ["on_boundary && x[0]>0.19346 && x[0]< 0.4218 && x[1]>0.1493 && x[1]< 0.37763"], "height": 0.41, "width": 1.6, "inflow_peak": 1.49}