{"nodes": 2259, "object_boundaries": ["on_boundary && x[0]>0.15847 && x[0]< 0.31448 && x[1]>0.1713 && x[1]< 0.32732"], "height": 0.41, "width": 1.6, "inflow_peak": 1.0}