{"nodes": 2059, "cells": 3882, "object_boundaries": ["on_boundary && x[0]>0.10244 && x[0]< 0.2815 && x[1]>0.06176 && x[1]< 0.23928"], "height": 0.41, "width": 1.6, "inflow_peak": 1.372}