{"nodes": 1980, "cells": 3753, "object_boundaries": ["on_boundary && x[0]>0.17473 && x[0]< 0.2514 && x[1]>0.09266 && x[1]< 0.19499"], "height": 0.41, "width": 1.6, "inflow_peak": 0.652}