{"nodes": 2122, "object_boundaries": ["on_boundary && x[0]>0.36046 && x[0]< 0.59528 && x[1]>0.09239 && x[1]< 0.32721"], "height": 0.41, "width": 1.6, "inflow_peak": 2.06}