{"nodes": 2034, "cells": 3856, "object_boundaries": ["on_boundary && x[0]>0.07278 && x[0]< 0.22979 && x[1]>0.15188 && x[1]< 0.33718"], "height": 0.41, "width": 1.6, "inflow_peak": 1.22}