{"nodes": 2221, "object_boundaries": ["on_boundary && x[0]>0.16585 && x[0]< 0.31025 && x[1]>0.04352 && x[1]< 0.22426"], "height": 0.41, "width": 1.6, "inflow_peak": 1.72}