{"nodes": 1941, "object_boundaries": ["on_boundary && x[0]>0.18401 && x[0]< 0.43844 && x[1]>0.00441 && x[1]< 0.2096"], "height": 0.41, "width": 1.6, "inflow_peak": 0.17}