{"nodes": 2132, "object_boundaries": ["on_boundary && x[0]>0.21775 && x[0]< 0.40279 && x[1]>0.20568 && x[1]< 0.39432"], "height": 0.41, "width": 1.6, "inflow_peak": 1.51}