{"nodes": 2199, "object_boundaries": ["on_boundary && x[0]>0.44923 && x[0]< 0.56923 && x[1]>0.14375 && x[1]< 0.3717"], "height": 0.41, "width": 1.6, "inflow_peak": 1.32}