{"nodes": 1948, "object_boundaries": ["on_boundary && x[0]>0.32348 && x[0]< 0.50886 && x[1]>0.02102 && x[1]< 0.27775"], "height": 0.41, "width": 1.6, "inflow_peak": 2.15}