{"nodes": 2208, "object_boundaries": ["on_boundary && x[0]>0.25382 && x[0]< 0.39573 && x[1]>0.02355 && x[1]< 0.23593"], "height": 0.41, "width": 1.6, "inflow_peak": 1.24}