{"nodes": 2179, "object_boundaries": ["on_boundary && x[0]>0.39571 && x[0]< 0.56562 && x[1]>0.02706 && x[1]< 0.19696"], "height": 0.41, "width": 1.6, "inflow_peak": 1.843}