{"nodes": 2181, "object_boundaries": ["on_boundary && x[0]>0.27224 && x[0]< 0.44211 && x[1]>0.195 && x[1]< 0.36486"], "height": 0.41, "width": 1.6, "inflow_peak": 1.586}