{"nodes": 2008, "cells": 3806, "object_boundaries": ["on_boundary && x[0]>0.17256 && x[0]< 0.36179 && x[1]>0.03585 && x[1]< 0.22508"], "height": 0.41, "width": 1.6, "inflow_peak": 0.893}