{"nodes": 1850, "object_boundaries": ["on_boundary && x[0]>0.12782 && x[0]< 0.37613 && x[1]>0.07721 && x[1]< 0.32551"], "height": 0.41, "width": 1.6, "inflow_peak": 1.448}