{"nodes": 1990, "object_boundaries": ["on_boundary && x[0]>0.25689 && x[0]< 0.39504 && x[1]>0.14287 && x[1]< 0.28102"], "height": 0.41, "width": 1.6, "inflow_peak": 1.6}