{"nodes": 1693, "object_boundaries": ["on_boundary && x[0]>0.21767 && x[0]< 0.40513 && x[1]>0.11101 && x[1]< 0.29847"], "height": 0.41, "width": 1.6, "inflow_peak": 1.28}