{"nodes": 2154, "cells": 4075, "object_boundaries": ["on_boundary && x[0]>0.19938 && x[0]< 0.36801 && x[1]>0.09738 && x[1]< 0.25419"], "height": 0.41, "width": 1.6, "inflow_peak": 1.732}