{"nodes": 1764, "object_boundaries": ["on_boundary && x[0]>0.14553 && x[0]< 0.34628 && x[1]>0.17154 && x[1]< 0.37228"], "height": 0.41, "width": 1.6, "inflow_peak": 0.52}