{"nodes": 1680, "object_boundaries": ["on_boundary && x[0]>0.3728 && x[0]< 0.5643 && x[1]>0.15416 && x[1]< 0.34566"], "height": 0.41, "width": 1.6, "inflow_peak": 0.49}