{"nodes": 2594, "object_boundaries": ["on_boundary && x[0]>0.10928 && x[0]< 0.30928 && x[1]>0.03623 && x[1]< 0.23622", "on_boundary && x[0]>0.61717 && x[0]< 0.79615 && x[1]>0.16009 && x[1]< 0.33908"], "height": 0.41, "width": 1.6, "inflow_peak": 1.2}