{"nodes": 2070, "cells": 3920, "object_boundaries": ["on_boundary && x[0]>0.30583 && x[0]< 0.52733 && x[1]>-0.00348 && x[1]< 0.21802"], "height": 0.41, "width": 1.6, "inflow_peak": 1.65}