{"nodes": 2087, "object_boundaries": ["on_boundary && x[0]>0.21328 && x[0]< 0.41172 && x[1]>0.12037 && x[1]< 0.3188"], "height": 0.41, "width": 1.6, "inflow_peak": 0.56}