{"nodes": 2011, "cells": 3798, "object_boundaries": ["on_boundary && x[0]>0.12009 && x[0]< 0.26298 && x[1]>0.08297 && x[1]< 0.22586"], "height": 0.41, "width": 1.6, "inflow_peak": 0.532}