{"nodes": 2022, "object_boundaries": ["on_boundary && x[0]>0.12966 && x[0]< 0.32779 && x[1]>0.17423 && x[1]< 0.37236"], "height": 0.41, "width": 1.6, "inflow_peak": 0.28}