{"nodes": 1964, "cells": 3709, "object_boundaries": ["on_boundary && x[0]>0.06739 && x[0]< 0.25453 && x[1]>0.16133 && x[1]< 0.40617"], "height": 0.41, "width": 1.6, "inflow_peak": 0.69}