{"nodes": 1994, "cells": 3786, "object_boundaries": ["on_boundary && x[0]>0.21684 && x[0]< 0.27784 && x[1]>0.11258 && x[1]< 0.19872"], "height": 0.41, "width": 1.6, "inflow_peak": 2.175}