{"nodes": 2191, "object_boundaries": ["on_boundary && x[0]>0.34762 && x[0]< 0.61376 && x[1]>0.06351 && x[1]< 0.32965"], "height": 0.41, "width": 1.6, "inflow_peak": 1.74}