{"nodes": 2015, "object_boundaries": ["on_boundary && x[0]>0.26778 && x[0]< 0.48165 && x[1]>0.05301 && x[1]< 0.26688"], "height": 0.41, "width": 1.6, "inflow_peak": 1.54}