{"nodes": 2096, "object_boundaries": ["on_boundary && x[0]>0.1862 && x[0]< 0.37395 && x[1]>0.12785 && x[1]< 0.3156"], "height": 0.41, "width": 1.6, "inflow_peak": 0.32}