{"nodes": 1909, "object_boundaries": ["on_boundary && x[0]>0.3299 && x[0]< 0.47702 && x[1]>0.05597 && x[1]< 0.20309"], "height": 0.41, "width": 1.6, "inflow_peak": 0.72}