{"nodes": 2042, "cells": 3873, "object_boundaries": ["on_boundary && x[0]>0.31233 && x[0]< 0.41456 && x[1]>0.10936 && x[1]< 0.21159"], "height": 0.41, "width": 1.6, "inflow_peak": 0.594}