{"nodes": 2064, "cells": 3916, "object_boundaries": ["on_boundary && x[0]>0.16857 && x[0]< 0.36349 && x[1]>0.09715 && x[1]< 0.29207"], "height": 0.41, "width": 1.6, "inflow_peak": 1.699}