{"nodes": 1897, "object_boundaries": ["on_boundary && x[0]>0.22678 && x[0]< 0.46592 && x[1]>0.14803 && x[1]< 0.38717"], "height": 0.41, "width": 1.6, "inflow_peak": 0.8}