{"nodes": 2000, "cells": 3797, "object_boundaries": ["on_boundary && x[0]>0.23471 && x[0]< 0.31092 && x[1]>0.09494 && x[1]< 0.17115"], "height": 0.41, "width": 1.6, "inflow_peak": 0.984}