{"nodes": 1945, "object_boundaries": ["on_boundary && x[0]>0.16013 && x[0]< 0.37712 && x[1]>0.08086 && x[1]< 0.29785"], "height": 0.41, "width": 1.6, "inflow_peak": 1.51}