{"nodes": 2040, "object_boundaries": ["on_boundary && x[0]>0.05319 && x[0]< 0.24056 && x[1]>0.05272 && x[1]< 0.2401"], "height": 0.41, "width": 1.6, "inflow_peak": 1.21}