{"nodes": 2069, "cells": 3902, "object_boundaries": ["on_boundary && x[0]>0.06691 && x[0]< 0.34108 && x[1]>0.12205 && x[1]< 0.38448"], "height": 0.41, "width": 1.6, "inflow_peak": 2.18}