{"nodes": 2017, "cells": 3813, "object_boundaries": ["on_boundary && x[0]>0.22222 && x[0]< 0.34477 && x[1]>0.04948 && x[1]< 0.19319"], "height": 0.41, "width": 1.6, "inflow_peak": 1.202}