{"nodes": 2227, "object_boundaries": ["on_boundary && x[0]>0.203 && x[0]< 0.47825 && x[1]>0.02799 && x[1]< 0.25624"], "height": 0.41, "width": 1.6, "inflow_peak": 0.44}