{"nodes": 1757, "object_boundaries": ["on_boundary && x[0]>0.32506 && x[0]< 0.50051 && x[1]>0.13047 && x[1]< 0.30592"], "height": 0.41, "width": 1.6, "inflow_peak": 1.3}