{"nodes": 1995, "cells": 3782, "object_boundaries": ["on_boundary && x[0]>0.26516 && x[0]< 0.44804 && x[1]>0.17774 && x[1]< 0.36063"], "height": 0.41, "width": 1.6, "inflow_peak": 0.79}