{"nodes": 1368, "object_boundaries": ["on_boundary && x[0]>0.20976 && x[0]< 0.42151 && x[1]>0.09174 && x[1]< 0.3008"], "height": 0.41, "width": 1.6, "inflow_peak": 0.67}