{"nodes": 2019, "object_boundaries": ["on_boundary && x[0]>0.18943 && x[0]< 0.39825 && x[1]>0.06765 && x[1]< 0.28463"], "height": 0.41, "width": 1.6, "inflow_peak": 1.59}