{"nodes": 1970, "cells": 3739, "object_boundaries": ["on_boundary && x[0]>0.41678 && x[0]< 0.49611 && x[1]>0.09404 && x[1]< 0.15902"], "height": 0.41, "width": 1.6, "inflow_peak": 1.423}