{"nodes": 2010, "cells": 3804, "object_boundaries": ["on_boundary && x[0]>0.14443 && x[0]< 0.33134 && x[1]>0.07362 && x[1]< 0.29909"], "height": 0.41, "width": 1.6, "inflow_peak": 1.84}