{"nodes": 2101, "object_boundaries": ["on_boundary && x[0]>0.13523 && x[0]< 0.31821 && x[1]>0.09204 && x[1]< 0.35302"], "height": 0.41, "width": 1.6, "inflow_peak": 2.21}