{"nodes": 2252, "object_boundaries": ["on_boundary && x[0]>0.20291 && x[0]< 0.37539 && x[1]>0.07141 && x[1]< 0.22546"], "height": 0.41, "width": 1.6, "inflow_peak": 1.63}