{"nodes": 2227, "object_boundaries": ["on_boundary && x[0]>0.19658 && x[0]< 0.42578 && x[1]>0.13917 && x[1]< 0.29533"], "height": 0.41, "width": 1.6, "inflow_peak": 1.53}