{"nodes": 1885, "object_boundaries": ["on_boundary && x[0]>0.17324 && x[0]< 0.39733 && x[1]>0.04653 && x[1]< 0.29059"], "height": 0.41, "width": 1.6, "inflow_peak": 1.05}