{"nodes": 2035, "cells": 3851, "object_boundaries": ["on_boundary && x[0]>0.34778 && x[0]< 0.48015 && x[1]>0.22483 && x[1]< 0.34623"], "height": 0.41, "width": 1.6, "inflow_peak": 0.658}