{"nodes": 1968, "object_boundaries": ["on_boundary && x[0]>0.08495 && x[0]< 0.29528 && x[1]>0.02684 && x[1]< 0.23718"], "height": 0.41, "width": 1.6, "inflow_peak": 2.06}