{"nodes": 2106, "cells": 3991, "object_boundaries": ["on_boundary && x[0]>0.32853 && x[0]< 0.55317 && x[1]>0.12344 && x[1]< 0.34808"], "height": 0.41, "width": 1.6, "inflow_peak": 2.175}