{"nodes": 2120, "object_boundaries": ["on_boundary && x[0]>0.26116 && x[0]< 0.45595 && x[1]>0.11718 && x[1]< 0.31197"], "height": 0.41, "width": 1.6, "inflow_peak": 1.221}