{"nodes": 1771, "object_boundaries": ["on_boundary && x[0]>0.18277 && x[0]< 0.3532 && x[1]>0.01427 && x[1]< 0.18573"], "height": 0.41, "width": 1.6, "inflow_peak": 0.97}