{"nodes": 2528, "object_boundaries": ["on_boundary && x[0]>0.1901 && x[0]< 0.40399 && x[1]>0.07615 && x[1]< 0.28899", "on_boundary && x[0]>0.59513 && x[0]< 0.73771 && x[1]>0.00496 && x[1]< 0.20328"], "height": 0.41, "width": 1.6, "inflow_peak": 0.83}