{"nodes": 2505, "object_boundaries": ["on_boundary && x[0]>0.27762 && x[0]< 0.48034 && x[1]>0.11211 && x[1]< 0.29585", "on_boundary && x[0]>0.75316 && x[0]< 0.99668 && x[1]>0.19425 && x[1]< 0.39544"], "height": 0.41, "width": 1.6, "inflow_peak": 0.81}