{"nodes": 3223, "object_boundaries": ["on_boundary && x[0]>0.33906 && x[0]< 0.57312 && x[1]>0.16764 && x[1]< 0.35616", "on_boundary && x[0]>0.74883 && x[0]< 0.96684 && x[1]>0.00709 && x[1]< 0.27764"], "height": 0.41, "width": 1.6, "inflow_peak": 0.59}