{"nodes": 1818, "object_boundaries": ["on_boundary && x[0]>0.07714 && x[0]< 0.32481 && x[1]>0.00986 && x[1]< 0.25753"], "height": 0.41, "width": 1.6, "inflow_peak": 1.23}