{"nodes": 1916, "object_boundaries": ["on_boundary && x[0]>0.28762 && x[0]< 0.51785 && x[1]>0.04665 && x[1]< 0.2826"], "height": 0.41, "width": 1.6, "inflow_peak": 0.45}