{"nodes": 2204, "object_boundaries": ["on_boundary && x[0]>0.215 && x[0]< 0.4628 && x[1]>0.13592 && x[1]< 0.29215"], "height": 0.41, "width": 1.6, "inflow_peak": 1.29}