{"nodes": 2035, "object_boundaries": ["on_boundary && x[0]>0.20746 && x[0]< 0.33949 && x[1]>-0.00582 && x[1]< 0.2681"], "height": 0.41, "width": 1.6, "inflow_peak": 0.15}