{"nodes": 2030, "cells": 3841, "object_boundaries": ["on_boundary && x[0]>0.27811 && x[0]< 0.37442 && x[1]>0.02572 && x[1]< 0.18004"], "height": 0.41, "width": 1.6, "inflow_peak": 0.514}