{"nodes": 2570, "cells": 4886, "object_boundaries": ["on_boundary && x[0]>0.10054 && x[0]< 0.31009 && x[1]>0.0936 && x[1]< 0.30539", "on_boundary && x[0]>0.60673 && x[0]< 0.82613 && x[1]>0.03677 && x[1]< 0.25535"], "height": 0.41, "width": 1.6, "inflow_peak": 1.24}