{"nodes": 1782, "object_boundaries": ["on_boundary && x[0]>0.38009 && x[0]< 0.55178 && x[1]>0.11183 && x[1]< 0.27781"], "height": 0.41, "width": 1.6, "inflow_peak": 2.07}