{"nodes": 2133, "object_boundaries": ["on_boundary && x[0]>0.09233 && x[0]< 0.31932 && x[1]>0.15595 && x[1]< 0.33638", "on_boundary && x[0]>0.65676 && x[0]< 0.8276 && x[1]>0.03144 && x[1]< 0.21422"], "height": 0.41, "width": 1.6, "inflow_peak": 2.13}