{"nodes": 2073, "object_boundaries": ["on_boundary && x[0]>0.18336 && x[0]< 0.38487 && x[1]>0.16257 && x[1]< 0.36408"], "height": 0.41, "width": 1.6, "inflow_peak": 2.17}