{"nodes": 1695, "object_boundaries": ["on_boundary && x[0]>0.06837 && x[0]< 0.29634 && x[1]>0.00889 && x[1]< 0.19599"], "height": 0.41, "width": 1.6, "inflow_peak": 2.17}