{"nodes": 1970, "object_boundaries": ["on_boundary && x[0]>0.14558 && x[0]< 0.35899 && x[1]>0.06303 && x[1]< 0.27556"], "height": 0.41, "width": 1.6, "inflow_peak": 1.2}