{"nodes": 2147, "cells": 4068, "object_boundaries": ["on_boundary && x[0]>0.24622 && x[0]< 0.45502 && x[1]>0.04322 && x[1]< 0.29478"], "height": 0.41, "width": 1.6, "inflow_peak": 1.56}