{"nodes": 2087, "object_boundaries": ["on_boundary && x[0]>0.33063 && x[0]< 0.50215 && x[1]>0.05484 && x[1]< 0.23267", "on_boundary && x[0]>0.7202 && x[0]< 0.93228 && x[1]>-0.00046 && x[1]< 0.20046"], "height": 0.41, "width": 1.6, "inflow_peak": 1.41}