{"nodes": 1702, "object_boundaries": ["on_boundary && x[0]>0.08289 && x[0]< 0.26148 && x[1]>0.18049 && x[1]< 0.36029"], "height": 0.41, "width": 1.6, "inflow_peak": 0.72}