{"nodes": 2090, "cells": 3966, "object_boundaries": ["on_boundary && x[0]>0.14167 && x[0]< 0.32782 && x[1]>0.04733 && x[1]< 0.24534"], "height": 0.41, "width": 1.6, "inflow_peak": 0.29}