{"nodes": 1761, "object_boundaries": ["on_boundary && x[0]>0.39016 && x[0]< 0.59122 && x[1]>0.05159 && x[1]< 0.22902"], "height": 0.41, "width": 1.6, "inflow_peak": 1.37}