{"nodes": 2147, "object_boundaries": ["on_boundary && x[0]>0.26512 && x[0]< 0.4464 && x[1]>0.19966 && x[1]< 0.37958", "on_boundary && x[0]>0.67585 && x[0]< 0.84955 && x[1]>0.00632 && x[1]< 0.24426"], "height": 0.41, "width": 1.6, "inflow_peak": 1.89}