{"nodes": 2033, "object_boundaries": ["on_boundary && x[0]>0.10768 && x[0]< 0.29346 && x[1]>0.17602 && x[1]< 0.36572"], "height": 0.41, "width": 1.6, "inflow_peak": 1.21}