{"nodes": 1894, "object_boundaries": ["on_boundary && x[0]>0.22922 && x[0]< 0.39171 && x[1]>0.04032 && x[1]< 0.20468", "on_boundary && x[0]>0.55391 && x[0]< 0.71898 && x[1]>0.1474 && x[1]< 0.2785"], "height": 0.41, "width": 1.6, "inflow_peak": 1.5}