{"nodes": 1744, "object_boundaries": ["on_boundary && x[0]>0.07276 && x[0]< 0.33206 && x[1]>0.16806 && x[1]< 0.41441", "on_boundary && x[0]>0.69526 && x[0]< 0.90523 && x[1]>-0.00488 && x[1]< 0.21694"], "height": 0.41, "width": 1.6, "inflow_peak": 1.73}