{"nodes": 2034, "object_boundaries": ["on_boundary && x[0]>0.35512 && x[0]< 0.51073 && x[1]>0.08646 && x[1]< 0.32767"], "height": 0.41, "width": 1.6, "inflow_peak": 0.7}