{"nodes": 2075, "cells": 3937, "object_boundaries": ["on_boundary && x[0]>0.36753 && x[0]< 0.51087 && x[1]>0.24302 && x[1]< 0.30686"], "height": 0.41, "width": 1.6, "inflow_peak": 1.239}