{"nodes": 2883, "object_boundaries": ["on_boundary && x[0]>0.29436 && x[0]< 0.42758 && x[1]>0.06393 && x[1]< 0.19715", "on_boundary && x[0]>0.94481 && x[0]< 1.11519 && x[1]>0.20823 && x[1]< 0.3786"], "height": 0.41, "width": 1.6, "inflow_peak": 1.59}