{"nodes": 2148, "object_boundaries": ["on_boundary && x[0]>0.32908 && x[0]< 0.55571 && x[1]>0.0666 && x[1]< 0.29323", "on_boundary && x[0]>0.83289 && x[0]< 1.08854 && x[1]>0.08076 && x[1]< 0.33641"], "height": 0.41, "width": 1.6, "inflow_peak": 0.4}