{"nodes": 2337, "object_boundaries": ["on_boundary && x[0]>0.31659 && x[0]< 0.54743 && x[1]>0.01018 && x[1]< 0.24101", "on_boundary && x[0]>0.83291 && x[0]< 1.02746 && x[1]>0.02272 && x[1]< 0.21727"], "height": 0.41, "width": 1.6, "inflow_peak": 2.2}