{"nodes": 2305, "cells": 4386, "object_boundaries": ["on_boundary && x[0]>0.15836 && x[0]< 0.2088 && x[1]>0.20402 && x[1]< 0.25446", "on_boundary && x[0]>0.72303 && x[0]< 0.83612 && x[1]>0.10233 && x[1]< 0.21543"], "height": 0.41, "width": 1.6, "inflow_peak": 1.965}