{"nodes": 1819, "object_boundaries": ["on_boundary && x[0]>0.09068 && x[0]< 0.34557 && x[1]>0.11766 && x[1]< 0.37255"], "height": 0.41, "width": 1.6, "inflow_peak": 0.95}