{"nodes": 2193, "object_boundaries": ["on_boundary && x[0]>0.23047 && x[0]< 0.39646 && x[1]>0.08475 && x[1]< 0.25074"], "height": 0.41, "width": 1.6, "inflow_peak": 1.68}