{"nodes": 1980, "object_boundaries": ["on_boundary && x[0]>0.22558 && x[0]< 0.4387 && x[1]>0.19344 && x[1]< 0.40656"], "height": 0.41, "width": 1.6, "inflow_peak": 1.07}