{"nodes": 1885, "object_boundaries": ["on_boundary && x[0]>0.18411 && x[0]< 0.42056 && x[1]>0.10883 && x[1]< 0.34528"], "height": 0.41, "width": 1.6, "inflow_peak": 1.546}