{"nodes": 1882, "object_boundaries": ["on_boundary && x[0]>0.40766 && x[0]< 0.55639 && x[1]>0.15525 && x[1]< 0.30397"], "height": 0.41, "width": 1.6, "inflow_peak": 1.423}