{"nodes": 2035, "cells": 3839, "object_boundaries": ["on_boundary && x[0]>0.07401 && x[0]< 0.32906 && x[1]>0.06591 && x[1]< 0.32096"], "height": 0.41, "width": 1.6, "inflow_peak": 1.795}