{"nodes": 1919, "object_boundaries": ["on_boundary && x[0]>0.31789 && x[0]< 0.55606 && x[1]>0.00238 && x[1]< 0.24054"], "height": 0.41, "width": 1.6, "inflow_peak": 1.798}