{"nodes": 1783, "object_boundaries": ["on_boundary && x[0]>0.2898 && x[0]< 0.50018 && x[1]>0.12917 && x[1]< 0.34323"], "height": 0.41, "width": 1.6, "inflow_peak": 1.4}