{"nodes": 1741, "object_boundaries": ["on_boundary && x[0]>0.23473 && x[0]< 0.45925 && x[1]>0.1971 && x[1]< 0.3909"], "height": 0.41, "width": 1.6, "inflow_peak": 0.73}