{"nodes": 1805, "object_boundaries": ["on_boundary && x[0]>0.29346 && x[0]< 0.5173 && x[1]>0.06422 && x[1]< 0.30792", "on_boundary && x[0]>0.72182 && x[0]< 0.89442 && x[1]>0.15098 && x[1]< 0.32151"], "height": 0.41, "width": 1.6, "inflow_peak": 1.37}