{"nodes": 2086, "cells": 3955, "object_boundaries": ["on_boundary && x[0]>0.21661 && x[0]< 0.44504 && x[1]>0.11997 && x[1]< 0.31031"], "height": 0.41, "width": 1.6, "inflow_peak": 0.97}