{"nodes": 1687, "object_boundaries": ["on_boundary && x[0]>0.16661 && x[0]< 0.44072 && x[1]>0.05812 && x[1]< 0.39773"], "height": 0.41, "width": 1.6, "inflow_peak": 1.1}