{"nodes": 1976, "object_boundaries": ["on_boundary && x[0]>0.22329 && x[0]< 0.44913 && x[1]>0.1158 && x[1]< 0.34164"], "height": 0.41, "width": 1.6, "inflow_peak": 1.19}