{"nodes": 2104, "object_boundaries": ["on_boundary && x[0]>0.22071 && x[0]< 0.41108 && x[1]>0.1401 && x[1]< 0.33047"], "height": 0.41, "width": 1.6, "inflow_peak": 1.3}