{"nodes": 2543, "cells": 4838, "object_boundaries": ["on_boundary && x[0]>0.37424 && x[0]< 0.48048 && x[1]>0.16989 && x[1]< 0.27614", "on_boundary && x[0]>0.85367 && x[0]< 0.98356 && x[1]>0.10183 && x[1]< 0.23171"], "height": 0.41, "width": 1.6, "inflow_peak": 1.319}