{"nodes": 1892, "object_boundaries": ["on_boundary && x[0]>0.25528 && x[0]< 0.49745 && x[1]>0.07588 && x[1]< 0.31805"], "height": 0.41, "width": 1.6, "inflow_peak": 1.36}