{"nodes": 2055, "cells": 3886, "object_boundaries": ["on_boundary && x[0]>0.41502 && x[0]< 0.55696 && x[1]>0.06117 && x[1]< 0.20311"], "height": 0.41, "width": 1.6, "inflow_peak": 0.815}