{"nodes": 2063, "cells": 3911, "object_boundaries": ["on_boundary && x[0]>0.38236 && x[0]< 0.58857 && x[1]>0.05393 && x[1]< 0.26014"], "height": 0.41, "width": 1.6, "inflow_peak": 2.0}