{"nodes": 2129, "object_boundaries": ["on_boundary && x[0]>0.37253 && x[0]< 0.56196 && x[1]>0.13095 && x[1]< 0.32039"], "height": 0.41, "width": 1.6, "inflow_peak": 2.02}