{"nodes": 1916, "object_boundaries": ["on_boundary && x[0]>0.23129 && x[0]< 0.46644 && x[1]>0.11082 && x[1]< 0.34596"], "height": 0.41, "width": 1.6, "inflow_peak": 0.52}