{"nodes": 2251, "object_boundaries": ["on_boundary && x[0]>0.22695 && x[0]< 0.47367 && x[1]>0.06161 && x[1]< 0.30833"], "height": 0.41, "width": 1.6, "inflow_peak": 1.437}