{"nodes": 1840, "object_boundaries": ["on_boundary && x[0]>0.21459 && x[0]< 0.47174 && x[1]>0.00866 && x[1]< 0.26581"], "height": 0.41, "width": 1.6, "inflow_peak": 1.345}