{"nodes": 2056, "cells": 3882, "object_boundaries": ["on_boundary && x[0]>0.12874 && x[0]< 0.38055 && x[1]>0.13365 && x[1]< 0.38546"], "height": 0.41, "width": 1.6, "inflow_peak": 2.193}