{"nodes": 1976, "cells": 3728, "object_boundaries": ["on_boundary && x[0]>0.03855 && x[0]< 0.27131 && x[1]>0.17252 && x[1]< 0.40527"], "height": 0.41, "width": 1.6, "inflow_peak": 0.599}