{"nodes": 2009, "object_boundaries": ["on_boundary && x[0]>0.18364 && x[0]< 0.40428 && x[1]>0.08128 && x[1]< 0.30192"], "height": 0.41, "width": 1.6, "inflow_peak": 1.751}