{"nodes": 2471, "object_boundaries": ["on_boundary && x[0]>0.30654 && x[0]< 0.44986 && x[1]>0.12977 && x[1]< 0.27309"], "height": 0.41, "width": 1.6, "inflow_peak": 0.806}