{"nodes": 2099, "cells": 3980, "object_boundaries": ["on_boundary && x[0]>0.34429 && x[0]< 0.46713 && x[1]>0.13579 && x[1]< 0.25863"], "height": 0.41, "width": 1.6, "inflow_peak": 0.563}