{"nodes": 1853, "object_boundaries": ["on_boundary && x[0]>0.19664 && x[0]< 0.44539 && x[1]>0.05445 && x[1]< 0.3032"], "height": 0.41, "width": 1.6, "inflow_peak": 2.289}