{"nodes": 2514, "object_boundaries": ["on_boundary && x[0]>0.44618 && x[0]< 0.56618 && x[1]>0.21151 && x[1]< 0.33151"], "height": 0.41, "width": 1.6, "inflow_peak": 1.782}