{"nodes": 2102, "object_boundaries": ["on_boundary && x[0]>0.2626 && x[0]< 0.45577 && x[1]>0.05891 && x[1]< 0.25208"], "height": 0.41, "width": 1.6, "inflow_peak": 1.227}