{"nodes": 1968, "object_boundaries": ["on_boundary && x[0]>0.20401 && x[0]< 0.42254 && x[1]>0.04762 && x[1]< 0.26614"], "height": 0.41, "width": 1.6, "inflow_peak": 0.302}