{"nodes": 2087, "cells": 3952, "object_boundaries": ["on_boundary && x[0]>0.25122 && x[0]< 0.47644 && x[1]>0.03331 && x[1]< 0.25852"], "height": 0.41, "width": 1.6, "inflow_peak": 2.188}