{"nodes": 2175, "object_boundaries": ["on_boundary && x[0]>0.24553 && x[0]< 0.42006 && x[1]>0.19222 && x[1]< 0.36675"], "height": 0.41, "width": 1.6, "inflow_peak": 1.415}