{"nodes": 2033, "cells": 3855, "object_boundaries": ["on_boundary && x[0]>0.28295 && x[0]< 0.37284 && x[1]>0.14794 && x[1]< 0.26206"], "height": 0.41, "width": 1.6, "inflow_peak": 0.271}