{"nodes": 1933, "object_boundaries": ["on_boundary && x[0]>0.10101 && x[0]< 0.30056 && x[1]>0.12911 && x[1]< 0.3644"], "height": 0.41, "width": 1.6, "inflow_peak": 1.35}