{"nodes": 2009, "cells": 3817, "object_boundaries": ["on_boundary && x[0]>0.26391 && x[0]< 0.43232 && x[1]>0.02862 && x[1]< 0.18236"], "height": 0.41, "width": 1.6, "inflow_peak": 1.42}