{"nodes": 2041, "object_boundaries": ["on_boundary && x[0]>0.38482 && x[0]< 0.56362 && x[1]>0.10229 && x[1]< 0.33404"], "height": 0.41, "width": 1.6, "inflow_peak": 1.4}