{"nodes": 2434, "cells": 4627, "object_boundaries": ["on_boundary && x[0]>0.40979 && x[0]< 0.51439 && x[1]>0.16552 && x[1]< 0.27012", "on_boundary && x[0]>0.76727 && x[0]< 0.87546 && x[1]>0.17117 && x[1]< 0.27936"], "height": 0.41, "width": 1.6, "inflow_peak": 0.84}