{"nodes": 2158, "object_boundaries": ["on_boundary && x[0]>0.15357 && x[0]< 0.3241 && x[1]>0.15917 && x[1]< 0.32969"], "height": 0.41, "width": 1.6, "inflow_peak": 0.41}