{"nodes": 1705, "object_boundaries": ["on_boundary && x[0]>0.25886 && x[0]< 0.45203 && x[1]>0.11622 && x[1]< 0.32076"], "height": 0.41, "width": 1.6, "inflow_peak": 1.45}