{"nodes": 3255, "object_boundaries": ["on_boundary && x[0]>0.28039 && x[0]< 0.50083 && x[1]>0.10503 && x[1]< 0.27626", "on_boundary && x[0]>0.70745 && x[0]< 0.90874 && x[1]>0.18966 && x[1]< 0.30966"], "height": 0.41, "width": 1.6, "inflow_peak": 0.19}