{"nodes": 2222, "object_boundaries": ["on_boundary && x[0]>0.34119 && x[0]< 0.57543 && x[1]>-0.02056 && x[1]< 0.22698"], "height": 0.41, "width": 1.6, "inflow_peak": 1.35}