{"nodes": 1806, "object_boundaries": ["on_boundary && x[0]>0.18574 && x[0]< 0.3533 && x[1]>0.07053 && x[1]< 0.23848"], "height": 0.41, "width": 1.6, "inflow_peak": 1.27}