{"nodes": 2521, "cells": 4799, "object_boundaries": ["on_boundary && x[0]>0.22254 && x[0]< 0.40995 && x[1]>-0.0155 && x[1]< 0.19151", "on_boundary && x[0]>0.6539 && x[0]< 0.84519 && x[1]>0.15502 && x[1]< 0.35482"], "height": 0.41, "width": 1.6, "inflow_peak": 0.74}