{"nodes": 2037, "cells": 3852, "object_boundaries": ["on_boundary && x[0]>0.03735 && x[0]< 0.26988 && x[1]>0.06048 && x[1]< 0.26188"], "height": 0.41, "width": 1.6, "inflow_peak": 1.43}