{"nodes": 2191, "object_boundaries": ["on_boundary && x[0]>0.25006 && x[0]< 0.47102 && x[1]>0.16887 && x[1]< 0.32795"], "height": 0.41, "width": 1.6, "inflow_peak": 1.75}