{"nodes": 2237, "object_boundaries": ["on_boundary && x[0]>0.13027 && x[0]< 0.33797 && x[1]>0.15745 && x[1]< 0.32106", "on_boundary && x[0]>0.69607 && x[0]< 0.93669 && x[1]>0.10687 && x[1]< 0.3594"], "height": 0.41, "width": 1.6, "inflow_peak": 0.28}