{"nodes": 2470, "cells": 4699, "object_boundaries": ["on_boundary && x[0]>0.14966 && x[0]< 0.25265 && x[1]>0.0998 && x[1]< 0.20176", "on_boundary && x[0]>0.83817 && x[0]< 0.89035 && x[1]>0.13024 && x[1]< 0.2936"], "height": 0.41, "width": 1.6, "inflow_peak": 2.164}