{"nodes": 2147, "object_boundaries": ["on_boundary && x[0]>0.19981 && x[0]< 0.37788 && x[1]>0.19326 && x[1]< 0.37133"], "height": 0.41, "width": 1.6, "inflow_peak": 1.01}