{"nodes": 2148, "cells": 4069, "object_boundaries": ["on_boundary && x[0]>0.34036 && x[0]< 0.57744 && x[1]>0.14287 && x[1]< 0.37216"], "height": 0.41, "width": 1.6, "inflow_peak": 1.31}