{"nodes": 1986, "cells": 3764, "object_boundaries": ["on_boundary && x[0]>0.16399 && x[0]< 0.25804 && x[1]>0.17862 && x[1]< 0.27267"], "height": 0.41, "width": 1.6, "inflow_peak": 0.77}