{"nodes": 2413, "object_boundaries": ["on_boundary && x[0]>0.2924 && x[0]< 0.42934 && x[1]>0.19639 && x[1]< 0.33333"], "height": 0.41, "width": 1.6, "inflow_peak": 1.06}