{"nodes": 1677, "object_boundaries": ["on_boundary && x[0]>0.38589 && x[0]< 0.53469 && x[1]>0.19464 && x[1]< 0.34344"], "height": 0.41, "width": 1.6, "inflow_peak": 1.51}