{"nodes": 2167, "object_boundaries": ["on_boundary && x[0]>0.34955 && x[0]< 0.55167 && x[1]>0.13552 && x[1]< 0.32176"], "height": 0.41, "width": 1.6, "inflow_peak": 1.8}