{"nodes": 1945, "object_boundaries": ["on_boundary && x[0]>0.34432 && x[0]< 0.5301 && x[1]>0.00256 && x[1]< 0.24554"], "height": 0.41, "width": 1.6, "inflow_peak": 1.76}