{"nodes": 1821, "object_boundaries": ["on_boundary && x[0]>0.11487 && x[0]< 0.33736 && x[1]>0.11151 && x[1]< 0.39151"], "height": 0.41, "width": 1.6, "inflow_peak": 0.8}