{"nodes": 2119, "cells": 4022, "object_boundaries": ["on_boundary && x[0]>0.29589 && x[0]< 0.52792 && x[1]>0.07325 && x[1]< 0.25338"], "height": 0.41, "width": 1.6, "inflow_peak": 0.95}