{"nodes": 2031, "cells": 3858, "object_boundaries": ["on_boundary && x[0]>0.42487 && x[0]< 0.52568 && x[1]>0.11512 && x[1]< 0.16843"], "height": 0.41, "width": 1.6, "inflow_peak": 0.369}