{"nodes": 2801, "object_boundaries": ["on_boundary && x[0]>0.21584 && x[0]< 0.42357 && x[1]>0.10044 && x[1]< 0.30817", "on_boundary && x[0]>0.8968 && x[0]< 1.10017 && x[1]>0.08648 && x[1]< 0.28986"], "height": 0.41, "width": 1.6, "inflow_peak": 1.24}