{"nodes": 2353, "object_boundaries": ["on_boundary && x[0]>0.37998 && x[0]< 0.5611 && x[1]>0.03893 && x[1]< 0.22005", "on_boundary && x[0]>0.60082 && x[0]< 0.83379 && x[1]>0.04952 && x[1]< 0.28249"], "height": 0.41, "width": 1.6, "inflow_peak": 1.8}