{"nodes": 2021, "object_boundaries": ["on_boundary && x[0]>0.17488 && x[0]< 0.37852 && x[1]>0.13328 && x[1]< 0.33692"], "height": 0.41, "width": 1.6, "inflow_peak": 1.9}