{"nodes": 1962, "cells": 3726, "object_boundaries": ["on_boundary && x[0]>0.1565 && x[0]< 0.30835 && x[1]>0.02623 && x[1]< 0.17809"], "height": 0.41, "width": 1.6, "inflow_peak": 1.19}