{"nodes": 1965, "cells": 3730, "object_boundaries": ["on_boundary && x[0]>0.18723 && x[0]< 0.25636 && x[1]>0.09279 && x[1]< 0.16192"], "height": 0.41, "width": 1.6, "inflow_peak": 0.71}