{"nodes": 2056, "cells": 3899, "object_boundaries": ["on_boundary && x[0]>0.33616 && x[0]< 0.44343 && x[1]>0.11515 && x[1]< 0.22241"], "height": 0.41, "width": 1.6, "inflow_peak": 1.235}