{"nodes": 2060, "cells": 3896, "object_boundaries": ["on_boundary && x[0]>0.15353 && x[0]< 0.38591 && x[1]>0.14492 && x[1]< 0.37729"], "height": 0.41, "width": 1.6, "inflow_peak": 1.705}