{"nodes": 2137, "object_boundaries": ["on_boundary && x[0]>0.40065 && x[0]< 0.58073 && x[1]>0.09088 && x[1]< 0.27096"], "height": 0.41, "width": 1.6, "inflow_peak": 0.433}