{"nodes": 2113, "object_boundaries": ["on_boundary && x[0]>0.28664 && x[0]< 0.48004 && x[1]>0.114 && x[1]< 0.30739"], "height": 0.41, "width": 1.6, "inflow_peak": 2.057}