{"nodes": 2010, "object_boundaries": ["on_boundary && x[0]>0.2232 && x[0]< 0.42994 && x[1]>0.01914 && x[1]< 0.22588"], "height": 0.41, "width": 1.6, "inflow_peak": 1.332}