{"nodes": 1931, "object_boundaries": ["on_boundary && x[0]>0.23961 && x[0]< 0.39982 && x[1]>0.15214 && x[1]< 0.31235"], "height": 0.41, "width": 1.6, "inflow_peak": 1.42}