{"nodes": 2007, "cells": 3817, "object_boundaries": ["on_boundary && x[0]>0.30718 && x[0]< 0.46019 && x[1]>0.12735 && x[1]< 0.27338"], "height": 0.41, "width": 1.6, "inflow_peak": 1.77}