{"nodes": 2002, "object_boundaries": ["on_boundary && x[0]>0.19547 && x[0]< 0.37652 && x[1]>0.12085 && x[1]< 0.30399"], "height": 0.41, "width": 1.6, "inflow_peak": 1.45}