{"nodes": 2047, "object_boundaries": ["on_boundary && x[0]>0.33083 && x[0]< 0.55319 && x[1]>0.15086 && x[1]< 0.36134"], "height": 0.41, "width": 1.6, "inflow_peak": 1.45}