{"nodes": 2088, "cells": 3960, "object_boundaries": ["on_boundary && x[0]>0.37209 && x[0]< 0.6137 && x[1]>0.1449 && x[1]< 0.31476"], "height": 0.41, "width": 1.6, "inflow_peak": 0.53}