{"nodes": 1684, "object_boundaries": ["on_boundary && x[0]>0.14199 && x[0]< 0.364 && x[1]>0.15056 && x[1]< 0.37143"], "height": 0.41, "width": 1.6, "inflow_peak": 0.95}