{"nodes": 2229, "object_boundaries": ["on_boundary && x[0]>0.20557 && x[0]< 0.38749 && x[1]>0.07707 && x[1]< 0.23695"], "height": 0.41, "width": 1.6, "inflow_peak": 0.73}