{"nodes": 2034, "object_boundaries": ["on_boundary && x[0]>0.34957 && x[0]< 0.51902 && x[1]>0.05789 && x[1]< 0.28542"], "height": 0.41, "width": 1.6, "inflow_peak": 1.47}