{"nodes": 2091, "cells": 3973, "object_boundaries": ["on_boundary && x[0]>0.37117 && x[0]< 0.58271 && x[1]>0.18252 && x[1]< 0.33483"], "height": 0.41, "width": 1.6, "inflow_peak": 0.88}