{"nodes": 2326, "object_boundaries": ["on_boundary && x[0]>0.15106 && x[0]< 0.29755 && x[1]>0.08485 && x[1]< 0.22929"], "height": 0.41, "width": 1.6, "inflow_peak": 1.94}