{"nodes": 1983, "object_boundaries": ["on_boundary && x[0]>0.31327 && x[0]< 0.49235 && x[1]>0.07338 && x[1]< 0.3187"], "height": 0.41, "width": 1.6, "inflow_peak": 1.73}