{"nodes": 1935, "object_boundaries": ["on_boundary && x[0]>0.20354 && x[0]< 0.43425 && x[1]>0.0613 && x[1]< 0.29201"], "height": 0.41, "width": 1.6, "inflow_peak": 0.874}