{"nodes": 1918, "object_boundaries": ["on_boundary && x[0]>0.3428 && x[0]< 0.4987 && x[1]>0.07307 && x[1]< 0.22897"], "height": 0.41, "width": 1.6, "inflow_peak": 1.865}