{"nodes": 2006, "object_boundaries": ["on_boundary && x[0]>0.3207 && x[0]< 0.53037 && x[1]>0.18147 && x[1]< 0.39114"], "height": 0.41, "width": 1.6, "inflow_peak": 1.215}