{"nodes": 2263, "object_boundaries": ["on_boundary && x[0]>0.25312 && x[0]< 0.41298 && x[1]>0.02007 && x[1]< 0.17993"], "height": 0.41, "width": 1.6, "inflow_peak": 1.483}