{"nodes": 2018, "cells": 3824, "object_boundaries": ["on_boundary && x[0]>0.43188 && x[0]< 0.5378 && x[1]>0.18436 && x[1]< 0.29028"], "height": 0.41, "width": 1.6, "inflow_peak": 1.102}