{"nodes": 2090, "cells": 3948, "object_boundaries": ["on_boundary && x[0]>0.34303 && x[0]< 0.6015 && x[1]>0.13596 && x[1]< 0.39444"], "height": 0.41, "width": 1.6, "inflow_peak": 1.225}