{"nodes": 2457, "object_boundaries": ["on_boundary && x[0]>0.33304 && x[0]< 0.45397 && x[1]>0.03954 && x[1]< 0.16046"], "height": 0.41, "width": 1.6, "inflow_peak": 0.661}