{"nodes": 2066, "cells": 3922, "object_boundaries": ["on_boundary && x[0]>0.37488 && x[0]< 0.47444 && x[1]>0.18193 && x[1]< 0.28149"], "height": 0.41, "width": 1.6, "inflow_peak": 1.133}