{"nodes": 2104, "object_boundaries": ["on_boundary && x[0]>0.43337 && x[0]< 0.62027 && x[1]>0.09477 && x[1]< 0.28167"], "height": 0.41, "width": 1.6, "inflow_peak": 1.603}