{"nodes": 2344, "object_boundaries": ["on_boundary && x[0]>0.32468 && x[0]< 0.4685 && x[1]>0.06358 && x[1]< 0.2074"], "height": 0.41, "width": 1.6, "inflow_peak": 1.762}