{"nodes": 2450, "object_boundaries": ["on_boundary && x[0]>0.34459 && x[0]< 0.4918 && x[1]>0.12884 && x[1]< 0.27217"], "height": 0.41, "width": 1.6, "inflow_peak": 1.89}