{"nodes": 2137, "object_boundaries": ["on_boundary && x[0]>0.40165 && x[0]< 0.5937 && x[1]>0.1511 && x[1]< 0.33884"], "height": 0.41, "width": 1.6, "inflow_peak": 0.69}