{"nodes": 2073, "cells": 3925, "object_boundaries": ["on_boundary && x[0]>0.21054 && x[0]< 0.36697 && x[1]>0.19531 && x[1]< 0.30609"], "height": 0.41, "width": 1.6, "inflow_peak": 1.868}