{"nodes": 2134, "object_boundaries": ["on_boundary && x[0]>0.21162 && x[0]< 0.37543 && x[1]>0.05664 && x[1]< 0.25606"], "height": 0.41, "width": 1.6, "inflow_peak": 1.96}