{"nodes": 1710, "object_boundaries": ["on_boundary && x[0]>0.18306 && x[0]< 0.40737 && x[1]>0.05028 && x[1]< 0.29243"], "height": 0.41, "width": 1.6, "inflow_peak": 1.08}