{"nodes": 1832, "object_boundaries": ["on_boundary && x[0]>0.18803 && x[0]< 0.43923 && x[1]>0.10445 && x[1]< 0.35566"], "height": 0.41, "width": 1.6, "inflow_peak": 0.4}