{"nodes": 2010, "object_boundaries": ["on_boundary && x[0]>0.34265 && x[0]< 0.5587 && x[1]>0.09107 && x[1]< 0.30711"], "height": 0.41, "width": 1.6, "inflow_peak": 2.17}