{"nodes": 1717, "object_boundaries": ["on_boundary && x[0]>0.07707 && x[0]< 0.31165 && x[1]>0.16237 && x[1]< 0.39694"], "height": 0.41, "width": 1.6, "inflow_peak": 1.84}