{"nodes": 2058, "object_boundaries": ["on_boundary && x[0]>0.12356 && x[0]< 0.31369 && x[1]>0.16574 && x[1]< 0.35586"], "height": 0.41, "width": 1.6, "inflow_peak": 0.96}