{"nodes": 1747, "object_boundaries": ["on_boundary && x[0]>0.28698 && x[0]< 0.50213 && x[1]>0.06627 && x[1]< 0.29686"], "height": 0.41, "width": 1.6, "inflow_peak": 1.02}