{"nodes": 2112, "object_boundaries": ["on_boundary && x[0]>0.30225 && x[0]< 0.5136 && x[1]>0.08143 && x[1]< 0.2997"], "height": 0.41, "width": 1.6, "inflow_peak": 1.08}