{"nodes": 1725, "object_boundaries": ["on_boundary && x[0]>0.16182 && x[0]< 0.34933 && x[1]>0.19389 && x[1]< 0.39156"], "height": 0.41, "width": 1.6, "inflow_peak": 2.08}