{"nodes": 2131, "cells": 4043, "object_boundaries": ["on_boundary && x[0]>0.29808 && x[0]< 0.41704 && x[1]>0.21537 && x[1]< 0.32685"], "height": 0.41, "width": 1.6, "inflow_peak": 1.469}