{"nodes": 1716, "object_boundaries": ["on_boundary && x[0]>0.2697 && x[0]< 0.51996 && x[1]>0.03842 && x[1]< 0.26641", "on_boundary && x[0]>0.63628 && x[0]< 0.93256 && x[1]>0.06089 && x[1]< 0.29153"], "height": 0.41, "width": 1.6, "inflow_peak": 1.22}