{"nodes": 2089, "cells": 3964, "object_boundaries": ["on_boundary && x[0]>0.3703 && x[0]< 0.48147 && x[1]>0.10058 && x[1]< 0.21174"], "height": 0.41, "width": 1.6, "inflow_peak": 0.835}