{"nodes": 1852, "object_boundaries": ["on_boundary && x[0]>0.33658 && x[0]< 0.46875 && x[1]>0.12748 && x[1]< 0.25966"], "height": 0.41, "width": 1.6, "inflow_peak": 1.64}