{"nodes": 1703, "object_boundaries": ["on_boundary && x[0]>0.172 && x[0]< 0.44248 && x[1]>0.13846 && x[1]< 0.41545"], "height": 0.41, "width": 1.6, "inflow_peak": 1.5}