{"nodes": 2062, "object_boundaries": ["on_boundary && x[0]>0.19479 && x[0]< 0.40461 && x[1]>0.2109 && x[1]< 0.3891"], "height": 0.41, "width": 1.6, "inflow_peak": 1.2}