{"nodes": 2031, "object_boundaries": ["on_boundary && x[0]>0.24439 && x[0]< 0.43456 && x[1]>0.08492 && x[1]< 0.30283"], "height": 0.41, "width": 1.6, "inflow_peak": 0.58}