{"nodes": 2295, "object_boundaries": ["on_boundary && x[0]>0.25272 && x[0]< 0.40449 && x[1]>0.06246 && x[1]< 0.21424"], "height": 0.41, "width": 1.6, "inflow_peak": 1.58}