{"nodes": 2253, "object_boundaries": ["on_boundary && x[0]>0.39428 && x[0]< 0.56534 && x[1]>0.10371 && x[1]< 0.27477"], "height": 0.41, "width": 1.6, "inflow_peak": 0.92}