{"nodes": 2076, "cells": 3936, "object_boundaries": ["on_boundary && x[0]>0.33095 && x[0]< 0.5403 && x[1]>0.04832 && x[1]< 0.25767"], "height": 0.41, "width": 1.6, "inflow_peak": 1.51}