{"nodes": 2188, "object_boundaries": ["on_boundary && x[0]>0.14315 && x[0]< 0.4027 && x[1]>0.0635 && x[1]< 0.32305"], "height": 0.41, "width": 1.6, "inflow_peak": 1.22}