{"nodes": 1905, "object_boundaries": ["on_boundary && x[0]>0.12298 && x[0]< 0.3532 && x[1]>0.14121 && x[1]< 0.37143"], "height": 0.41, "width": 1.6, "inflow_peak": 0.387}