{"nodes": 1911, "object_boundaries": ["on_boundary && x[0]>0.25642 && x[0]< 0.49231 && x[1]>0.07002 && x[1]< 0.30591"], "height": 0.41, "width": 1.6, "inflow_peak": 0.513}