{"nodes": 2150, "object_boundaries": ["on_boundary && x[0]>0.42864 && x[0]< 0.61928 && x[1]>0.09071 && x[1]< 0.28135"], "height": 0.41, "width": 1.6, "inflow_peak": 0.703}