{"nodes": 2043, "cells": 3867, "object_boundaries": ["on_boundary && x[0]>0.27353 && x[0]< 0.40079 && x[1]>0.21192 && x[1]< 0.33918"], "height": 0.41, "width": 1.6, "inflow_peak": 1.99}