{"nodes": 1969, "cells": 3729, "object_boundaries": ["on_boundary && x[0]>0.11216 && x[0]< 0.19375 && x[1]>0.06115 && x[1]< 0.16145"], "height": 0.41, "width": 1.6, "inflow_peak": 1.43}