{"nodes": 2014, "object_boundaries": ["on_boundary && x[0]>0.06754 && x[0]< 0.2524 && x[1]>0.02892 && x[1]< 0.19783"], "height": 0.41, "width": 1.6, "inflow_peak": 1.24}