{"nodes": 1855, "object_boundaries": ["on_boundary && x[0]>0.24481 && x[0]< 0.4254 && x[1]>0.11793 && x[1]< 0.26751", "on_boundary && x[0]>0.87761 && x[0]< 1.07658 && x[1]>0.14325 && x[1]< 0.32279"], "height": 0.41, "width": 1.6, "inflow_peak": 0.51}