{"nodes": 1958, "object_boundaries": ["on_boundary && x[0]>0.32596 && x[0]< 0.46415 && x[1]>0.10827 && x[1]< 0.24647"], "height": 0.41, "width": 1.6, "inflow_peak": 1.23}