{"nodes": 1850, "object_boundaries": ["on_boundary && x[0]>0.17382 && x[0]< 0.41983 && x[1]>0.11606 && x[1]< 0.36207"], "height": 0.41, "width": 1.6, "inflow_peak": 0.37}