{"nodes": 2041, "cells": 3874, "object_boundaries": ["on_boundary && x[0]>0.28427 && x[0]< 0.37737 && x[1]>0.1278 && x[1]< 0.22089"], "height": 0.41, "width": 1.6, "inflow_peak": 0.97}