{"nodes": 1778, "object_boundaries": ["on_boundary && x[0]>0.20589 && x[0]< 0.36409 && x[1]>0.13655 && x[1]< 0.29476"], "height": 0.41, "width": 1.6, "inflow_peak": 1.07}