{"nodes": 1727, "object_boundaries": ["on_boundary && x[0]>0.05568 && x[0]< 0.20432 && x[1]>0.18384 && x[1]< 0.33248"], "height": 0.41, "width": 1.6, "inflow_peak": 0.16}