{"nodes": 2056, "object_boundaries": ["on_boundary && x[0]>0.13881 && x[0]< 0.32495 && x[1]>0.0092 && x[1]< 0.19534"], "height": 0.41, "width": 1.6, "inflow_peak": 1.92}