{"nodes": 1680, "object_boundaries": ["on_boundary && x[0]>0.33289 && x[0]< 0.55559 && x[1]>0.05561 && x[1]< 0.2783"], "height": 0.41, "width": 1.6, "inflow_peak": 1.45}