{"nodes": 1700, "object_boundaries": ["on_boundary && x[0]>0.15703 && x[0]< 0.34527 && x[1]>0.10316 && x[1]< 0.2914"], "height": 0.41, "width": 1.6, "inflow_peak": 1.88}