{"nodes": 2157, "cells": 4088, "object_boundaries": ["on_boundary && x[0]>0.3926 && x[0]< 0.54053 && x[1]>0.10869 && x[1]< 0.25662"], "height": 0.41, "width": 1.6, "inflow_peak": 1.785}