{"nodes": 1853, "object_boundaries": ["on_boundary && x[0]>0.27712 && x[0]< 0.51903 && x[1]>-0.0044 && x[1]< 0.25192"], "height": 0.41, "width": 1.6, "inflow_peak": 0.78}