{"nodes": 2026, "cells": 3845, "object_boundaries": ["on_boundary && x[0]>0.15442 && x[0]< 0.36091 && x[1]>0.21019 && x[1]< 0.35627"], "height": 0.41, "width": 1.6, "inflow_peak": 2.14}