{"nodes": 2180, "object_boundaries": ["on_boundary && x[0]>0.25611 && x[0]< 0.42784 && x[1]>0.14358 && x[1]< 0.30615"], "height": 0.41, "width": 1.6, "inflow_peak": 1.7}