{"nodes": 2119, "object_boundaries": ["on_boundary && x[0]>0.11957 && x[0]< 0.29733 && x[1]>0.17728 && x[1]< 0.35505"], "height": 0.41, "width": 1.6, "inflow_peak": 2.104}