{"nodes": 1955, "object_boundaries": ["on_boundary && x[0]>0.25312 && x[0]< 0.47792 && x[1]>0.13708 && x[1]< 0.36188"], "height": 0.41, "width": 1.6, "inflow_peak": 1.19}