{"nodes": 2266, "object_boundaries": ["on_boundary && x[0]>0.28964 && x[0]< 0.45386 && x[1]>0.07319 && x[1]< 0.2374"], "height": 0.41, "width": 1.6, "inflow_peak": 0.99}