{"nodes": 2261, "object_boundaries": ["on_boundary && x[0]>0.29717 && x[0]< 0.56167 && x[1]>0.07622 && x[1]< 0.34073"], "height": 0.41, "width": 1.6, "inflow_peak": 0.7}