{"nodes": 1832, "object_boundaries": ["on_boundary && x[0]>0.24004 && x[0]< 0.49153 && x[1]>0.14668 && x[1]< 0.39817"], "height": 0.41, "width": 1.6, "inflow_peak": 1.245}