{"nodes": 2336, "object_boundaries": ["on_boundary && x[0]>0.397 && x[0]< 0.54956 && x[1]>0.12316 && x[1]< 0.27572"], "height": 0.41, "width": 1.6, "inflow_peak": 2.108}