{"nodes": 1996, "object_boundaries": ["on_boundary && x[0]>0.13836 && x[0]< 0.36482 && x[1]>0.09923 && x[1]< 0.32568"], "height": 0.41, "width": 1.6, "inflow_peak": 0.922}