{"nodes": 2020, "cells": 3824, "object_boundaries": ["on_boundary && x[0]>0.12403 && x[0]< 0.33207 && x[1]>0.05709 && x[1]< 0.26512"], "height": 0.41, "width": 1.6, "inflow_peak": 2.22}