{"nodes": 1875, "object_boundaries": ["on_boundary && x[0]>0.34306 && x[0]< 0.59034 && x[1]>0.08857 && x[1]< 0.33585"], "height": 0.41, "width": 1.6, "inflow_peak": 1.187}