{"nodes": 1828, "object_boundaries": ["on_boundary && x[0]>0.14517 && x[0]< 0.39561 && x[1]>0.0964 && x[1]< 0.34684"], "height": 0.41, "width": 1.6, "inflow_peak": 0.802}