{"nodes": 1970, "cells": 3723, "object_boundaries": ["on_boundary && x[0]>0.09455 && x[0]< 0.2164 && x[1]>0.17537 && x[1]< 0.29722"], "height": 0.41, "width": 1.6, "inflow_peak": 1.123}