{"nodes": 2184, "object_boundaries": ["on_boundary && x[0]>0.25277 && x[0]< 0.43325 && x[1]>0.09224 && x[1]< 0.27271"], "height": 0.41, "width": 1.6, "inflow_peak": 2.178}