{"nodes": 1955, "object_boundaries": ["on_boundary && x[0]>0.24477 && x[0]< 0.39345 && x[1]>0.10578 && x[1]< 0.25446"], "height": 0.41, "width": 1.6, "inflow_peak": 0.493}