{"nodes": 2050, "cells": 3892, "object_boundaries": ["on_boundary && x[0]>0.31805 && x[0]< 0.50104 && x[1]>0.11034 && x[1]< 0.29333"], "height": 0.41, "width": 1.6, "inflow_peak": 2.16}