{"nodes": 1982, "cells": 3763, "object_boundaries": ["on_boundary && x[0]>0.43816 && x[0]< 0.5093 && x[1]>0.10035 && x[1]< 0.17149"], "height": 0.41, "width": 1.6, "inflow_peak": 1.62}