{"nodes": 1691, "object_boundaries": ["on_boundary && x[0]>0.33606 && x[0]< 0.53636 && x[1]>0.16256 && x[1]< 0.3677"], "height": 0.41, "width": 1.6, "inflow_peak": 1.4}