{"nodes": 1825, "object_boundaries": ["on_boundary && x[0]>0.08274 && x[0]< 0.33259 && x[1]>0.09846 && x[1]< 0.34831"], "height": 0.41, "width": 1.6, "inflow_peak": 1.52}