{"nodes": 1724, "object_boundaries": ["on_boundary && x[0]>0.08674 && x[0]< 0.33089 && x[1]>0.18054 && x[1]< 0.40541"], "height": 0.41, "width": 1.6, "inflow_peak": 1.67}