{"nodes": 2188, "cells": 4140, "object_boundaries": ["on_boundary && x[0]>0.25068 && x[0]< 0.51744 && x[1]>0.13637 && x[1]< 0.39506"], "height": 0.41, "width": 1.6, "inflow_peak": 0.48}