{"nodes": 2142, "cells": 4067, "object_boundaries": ["on_boundary && x[0]>0.25192 && x[0]< 0.4706 && x[1]>0.15993 && x[1]< 0.34064"], "height": 0.41, "width": 1.6, "inflow_peak": 1.82}