{"nodes": 2449, "object_boundaries": ["on_boundary && x[0]>0.15152 && x[0]< 0.29845 && x[1]>0.19117 && x[1]< 0.39787", "on_boundary && x[0]>0.61082 && x[0]< 0.79182 && x[1]>0.07414 && x[1]< 0.31853"], "height": 0.41, "width": 1.6, "inflow_peak": 0.78}