{"nodes": 1903, "object_boundaries": ["on_boundary && x[0]>0.13982 && x[0]< 0.38658 && x[1]>0.16207 && x[1]< 0.40206", "on_boundary && x[0]>0.5662 && x[0]< 0.8004 && x[1]>0.13959 && x[1]< 0.37382"], "height": 0.41, "width": 1.6, "inflow_peak": 2.15}