{"nodes": 1729, "object_boundaries": ["on_boundary && x[0]>0.222 && x[0]< 0.48072 && x[1]>0.05814 && x[1]< 0.29091"], "height": 0.41, "width": 1.6, "inflow_peak": 1.2}