{"nodes": 2041, "cells": 3860, "object_boundaries": ["on_boundary && x[0]>0.14521 && x[0]< 0.28215 && x[1]>0.17298 && x[1]< 0.30993"], "height": 0.41, "width": 1.6, "inflow_peak": 1.102}