{"nodes": 2143, "cells": 4064, "object_boundaries": ["on_boundary && x[0]>0.30748 && x[0]< 0.44807 && x[1]>0.14404 && x[1]< 0.28463"], "height": 0.41, "width": 1.6, "inflow_peak": 1.956}