{"nodes": 1716, "object_boundaries": ["on_boundary && x[0]>0.17208 && x[0]< 0.32592 && x[1]>0.10353 && x[1]< 0.26409"], "height": 0.41, "width": 1.6, "inflow_peak": 1.64}