{"nodes": 1733, "object_boundaries": ["on_boundary && x[0]>0.32489 && x[0]< 0.50241 && x[1]>0.09227 && x[1]< 0.26979"], "height": 0.41, "width": 1.6, "inflow_peak": 1.69}