{"nodes": 2385, "object_boundaries": ["on_boundary && x[0]>0.10135 && x[0]< 0.22135 && x[1]>0.10868 && x[1]< 0.22868"], "height": 0.41, "width": 1.6, "inflow_peak": 0.27}