{"nodes": 2033, "cells": 3856, "object_boundaries": ["on_boundary && x[0]>0.31111 && x[0]< 0.41045 && x[1]>0.22848 && x[1]< 0.32781"], "height": 0.41, "width": 1.6, "inflow_peak": 2.076}