{"nodes": 2038, "cells": 3855, "object_boundaries": ["on_boundary && x[0]>0.23075 && x[0]< 0.45566 && x[1]>0.17065 && x[1]< 0.39555"], "height": 0.41, "width": 1.6, "inflow_peak": 1.613}