{"nodes": 2060, "cells": 3894, "object_boundaries": ["on_boundary && x[0]>0.26262 && x[0]< 0.502 && x[1]>-0.0076 && x[1]< 0.23177"], "height": 0.41, "width": 1.6, "inflow_peak": 0.29}