{"nodes": 1960, "object_boundaries": ["on_boundary && x[0]>0.20359 && x[0]< 0.38098 && x[1]>0.2113 && x[1]< 0.3887"], "height": 0.41, "width": 1.6, "inflow_peak": 1.27}