{"nodes": 2035, "cells": 3860, "object_boundaries": ["on_boundary && x[0]>0.30266 && x[0]< 0.4928 && x[1]>0.09601 && x[1]< 0.28615"], "height": 0.41, "width": 1.6, "inflow_peak": 1.13}