{"nodes": 2630, "object_boundaries": ["on_boundary && x[0]>0.31301 && x[0]< 0.50976 && x[1]>0.10202 && x[1]< 0.29877", "on_boundary && x[0]>0.79866 && x[0]< 0.98089 && x[1]>0.04449 && x[1]< 0.22671"], "height": 0.41, "width": 1.6, "inflow_peak": 1.88}