{"nodes": 1877, "object_boundaries": ["on_boundary && x[0]>0.04779 && x[0]< 0.27678 && x[1]>0.0694 && x[1]< 0.29838"], "height": 0.41, "width": 1.6, "inflow_peak": 1.37}