{"nodes": 1982, "object_boundaries": ["on_boundary && x[0]>0.35603 && x[0]< 0.56888 && x[1]>0.17737 && x[1]< 0.391"], "height": 0.41, "width": 1.6, "inflow_peak": 1.48}