{"nodes": 2037, "object_boundaries": ["on_boundary && x[0]>0.36174 && x[0]< 0.53226 && x[1]>0.15601 && x[1]< 0.378"], "height": 0.41, "width": 1.6, "inflow_peak": 0.91}