{"nodes": 2065, "object_boundaries": ["on_boundary && x[0]>0.26198 && x[0]< 0.44783 && x[1]>0.06386 && x[1]< 0.29209"], "height": 0.41, "width": 1.6, "inflow_peak": 1.5}