{"nodes": 2180, "object_boundaries": ["on_boundary && x[0]>0.37731 && x[0]< 0.5283 && x[1]>0.14523 && x[1]< 0.35415"], "height": 0.41, "width": 1.6, "inflow_peak": 1.98}