{"nodes": 1951, "object_boundaries": ["on_boundary && x[0]>0.40096 && x[0]< 0.58211 && x[1]>0.10412 && x[1]< 0.28526"], "height": 0.41, "width": 1.6, "inflow_peak": 1.98}