{"nodes": 2141, "object_boundaries": ["on_boundary && x[0]>0.22242 && x[0]< 0.40063 && x[1]>0.08516 && x[1]< 0.26634"], "height": 0.41, "width": 1.6, "inflow_peak": 1.73}