{"nodes": 2048, "object_boundaries": ["on_boundary && x[0]>0.08576 && x[0]< 0.30623 && x[1]>0.08892 && x[1]< 0.27289"], "height": 0.41, "width": 1.6, "inflow_peak": 1.47}