{"nodes": 2131, "cells": 4026, "object_boundaries": ["on_boundary && x[0]>0.19506 && x[0]< 0.46218 && x[1]>0.17073 && x[1]< 0.44015"], "height": 0.41, "width": 1.6, "inflow_peak": 2.11}