{"nodes": 2084, "object_boundaries": ["on_boundary && x[0]>0.26951 && x[0]< 0.54404 && x[1]>0.14923 && x[1]< 0.41586"], "height": 0.41, "width": 1.6, "inflow_peak": 1.32}