{"nodes": 1888, "object_boundaries": ["on_boundary && x[0]>0.03417 && x[0]< 0.25851 && x[1]>0.15388 && x[1]< 0.37822"], "height": 0.41, "width": 1.6, "inflow_peak": 0.499}