{"nodes": 2313, "object_boundaries": ["on_boundary && x[0]>0.11836 && x[0]< 0.26259 && x[1]>0.18426 && x[1]< 0.32849"], "height": 0.41, "width": 1.6, "inflow_peak": 2.019}