{"nodes": 1991, "object_boundaries": ["on_boundary && x[0]>0.25373 && x[0]< 0.46836 && x[1]>0.0274 && x[1]< 0.24203"], "height": 0.41, "width": 1.6, "inflow_peak": 1.382}