{"nodes": 2041, "cells": 3858, "object_boundaries": ["on_boundary && x[0]>0.08979 && x[0]< 0.32374 && x[1]>0.10218 && x[1]< 0.33613"], "height": 0.41, "width": 1.6, "inflow_peak": 1.309}