{"nodes": 2088, "cells": 3953, "object_boundaries": ["on_boundary && x[0]>0.28556 && x[0]< 0.4265 && x[1]>0.133 && x[1]< 0.27394"], "height": 0.41, "width": 1.6, "inflow_peak": 0.727}