{"nodes": 1906, "object_boundaries": ["on_boundary && x[0]>0.03059 && x[0]< 0.22941 && x[1]>0.03792 && x[1]< 0.28469"], "height": 0.41, "width": 1.6, "inflow_peak": 1.71}