{"nodes": 2065, "object_boundaries": ["on_boundary && x[0]>0.36916 && x[0]< 0.56696 && x[1]>0.16463 && x[1]< 0.39666", "on_boundary && x[0]>0.85583 && x[0]< 1.04218 && x[1]>0.02753 && x[1]< 0.23314"], "height": 0.41, "width": 1.6, "inflow_peak": 0.94}