{"nodes": 2060, "cells": 3909, "object_boundaries": ["on_boundary && x[0]>0.35851 && x[0]< 0.43329 && x[1]>0.09456 && x[1]< 0.22236"], "height": 0.41, "width": 1.6, "inflow_peak": 1.492}