{"nodes": 2103, "object_boundaries": ["on_boundary && x[0]>0.1822 && x[0]< 0.38482 && x[1]>0.06274 && x[1]< 0.24367"], "height": 0.41, "width": 1.6, "inflow_peak": 0.74}