{"nodes": 1988, "object_boundaries": ["on_boundary && x[0]>0.22118 && x[0]< 0.45014 && x[1]>0.20935 && x[1]< 0.41884"], "height": 0.41, "width": 1.6, "inflow_peak": 1.89}