{"nodes": 2325, "object_boundaries": ["on_boundary && x[0]>0.18827 && x[0]< 0.33569 && x[1]>0.10065 && x[1]< 0.24807"], "height": 0.41, "width": 1.6, "inflow_peak": 0.812}