{"nodes": 1818, "object_boundaries": ["on_boundary && x[0]>0.14207 && x[0]< 0.39788 && x[1]>0.11603 && x[1]< 0.37184"], "height": 0.41, "width": 1.6, "inflow_peak": 0.737}