{"nodes": 2022, "cells": 3823, "object_boundaries": ["on_boundary && x[0]>0.09496 && x[0]< 0.31979 && x[1]>0.04534 && x[1]< 0.27017"], "height": 0.41, "width": 1.6, "inflow_peak": 2.148}