{"nodes": 2050, "cells": 3882, "object_boundaries": ["on_boundary && x[0]>0.37534 && x[0]< 0.49825 && x[1]>0.22954 && x[1]< 0.35245"], "height": 0.41, "width": 1.6, "inflow_peak": 1.666}