{"nodes": 1860, "object_boundaries": ["on_boundary && x[0]>0.15465 && x[0]< 0.39656 && x[1]>0.06512 && x[1]< 0.30703"], "height": 0.41, "width": 1.6, "inflow_peak": 0.67}