{"nodes": 1707, "object_boundaries": ["on_boundary && x[0]>0.13503 && x[0]< 0.37638 && x[1]>0.13631 && x[1]< 0.36129"], "height": 0.41, "width": 1.6, "inflow_peak": 1.36}