{"nodes": 1704, "object_boundaries": ["on_boundary && x[0]>0.41029 && x[0]< 0.62324 && x[1]>0.11901 && x[1]< 0.33195"], "height": 0.41, "width": 1.6, "inflow_peak": 1.0}