{"nodes": 1973, "cells": 3722, "object_boundaries": ["on_boundary && x[0]>0.09422 && x[0]< 0.23689 && x[1]>0.09803 && x[1]< 0.2407"], "height": 0.41, "width": 1.6, "inflow_peak": 1.049}