{"nodes": 1669, "object_boundaries": ["on_boundary && x[0]>0.06062 && x[0]< 0.27501 && x[1]>0.00923 && x[1]< 0.22475"], "height": 0.41, "width": 1.6, "inflow_peak": 0.82}