{"nodes": 1734, "object_boundaries": ["on_boundary && x[0]>0.1531 && x[0]< 0.33761 && x[1]>0.04718 && x[1]< 0.23227"], "height": 0.41, "width": 1.6, "inflow_peak": 1.55}