{"nodes": 1736, "object_boundaries": ["on_boundary && x[0]>0.27898 && x[0]< 0.47299 && x[1]>0.12004 && x[1]< 0.31638"], "height": 0.41, "width": 1.6, "inflow_peak": 1.1}