{"nodes": 2069, "cells": 3920, "object_boundaries": ["on_boundary && x[0]>0.10999 && x[0]< 0.21695 && x[1]>0.1226 && x[1]< 0.24793"], "height": 0.41, "width": 1.6, "inflow_peak": 1.819}