{"nodes": 2072, "object_boundaries": ["on_boundary && x[0]>0.15554 && x[0]< 0.40674 && x[1]>0.03325 && x[1]< 0.26678"], "height": 0.41, "width": 1.6, "inflow_peak": 2.23}