{"nodes": 1965, "object_boundaries": ["on_boundary && x[0]>0.32893 && x[0]< 0.5449 && x[1]>0.00615 && x[1]< 0.22211"], "height": 0.41, "width": 1.6, "inflow_peak": 1.97}