{"nodes": 1960, "cells": 3720, "object_boundaries": ["on_boundary && x[0]>0.18766 && x[0]< 0.25432 && x[1]>0.06904 && x[1]< 0.1357"], "height": 0.41, "width": 1.6, "inflow_peak": 0.895}