{"nodes": 2390, "object_boundaries": ["on_boundary && x[0]>0.36519 && x[0]< 0.6038 && x[1]>0.03694 && x[1]< 0.27556", "on_boundary && x[0]>0.78708 && x[0]< 0.97479 && x[1]>0.19682 && x[1]< 0.38454"], "height": 0.41, "width": 1.6, "inflow_peak": 0.34}