{"nodes": 2031, "object_boundaries": ["on_boundary && x[0]>0.15187 && x[0]< 0.35227 && x[1]>0.15632 && x[1]< 0.35672"], "height": 0.41, "width": 1.6, "inflow_peak": 0.33}