{"nodes": 2019, "object_boundaries": ["on_boundary && x[0]>0.40317 && x[0]< 0.53126 && x[1]>0.14006 && x[1]< 0.26815"], "height": 0.41, "width": 1.6, "inflow_peak": 1.05}