{"nodes": 2226, "object_boundaries": ["on_boundary && x[0]>0.2966 && x[0]< 0.55194 && x[1]>0.05929 && x[1]< 0.31463"], "height": 0.41, "width": 1.6, "inflow_peak": 1.09}