{"nodes": 2090, "cells": 3962, "object_boundaries": ["on_boundary && x[0]>0.15296 && x[0]< 0.36335 && x[1]>0.0438 && x[1]< 0.25419"], "height": 0.41, "width": 1.6, "inflow_peak": 0.49}