{"nodes": 2092, "object_boundaries": ["on_boundary && x[0]>0.32666 && x[0]< 0.58239 && x[1]>0.2096 && x[1]< 0.37405"], "height": 0.41, "width": 1.6, "inflow_peak": 1.82}