{"nodes": 2040, "cells": 3881, "object_boundaries": ["on_boundary && x[0]>0.3743 && x[0]< 0.44134 && x[1]>0.20206 && x[1]< 0.26229"], "height": 0.41, "width": 1.6, "inflow_peak": 0.36}