{"nodes": 1773, "object_boundaries": ["on_boundary && x[0]>0.06842 && x[0]< 0.24541 && x[1]>0.08987 && x[1]< 0.26063"], "height": 0.41, "width": 1.6, "inflow_peak": 1.06}