{"nodes": 2058, "cells": 3893, "object_boundaries": ["on_boundary && x[0]>0.33853 && x[0]< 0.57668 && x[1]>0.16702 && x[1]< 0.39044"], "height": 0.41, "width": 1.6, "inflow_peak": 1.05}