{"nodes": 1871, "object_boundaries": ["on_boundary && x[0]>0.28549 && x[0]< 0.45954 && x[1]>0.22757 && x[1]< 0.37884"], "height": 0.41, "width": 1.6, "inflow_peak": 1.71}