{"nodes": 1800, "object_boundaries": ["on_boundary && x[0]>0.18377 && x[0]< 0.34356 && x[1]>0.17496 && x[1]< 0.33475"], "height": 0.41, "width": 1.6, "inflow_peak": 0.61}