{"nodes": 2059, "cells": 3896, "object_boundaries": ["on_boundary && x[0]>0.12317 && x[0]< 0.25846 && x[1]>0.03763 && x[1]< 0.17292"], "height": 0.41, "width": 1.6, "inflow_peak": 1.777}