{"nodes": 1688, "object_boundaries": ["on_boundary && x[0]>0.13027 && x[0]< 0.34659 && x[1]>0.12824 && x[1]< 0.34457"], "height": 0.41, "width": 1.6, "inflow_peak": 1.01}