{"nodes": 2128, "cells": 4031, "object_boundaries": ["on_boundary && x[0]>0.34278 && x[0]< 0.48802 && x[1]>0.1294 && x[1]< 0.27464"], "height": 0.41, "width": 1.6, "inflow_peak": 1.627}