{"nodes": 1977, "cells": 3756, "object_boundaries": ["on_boundary && x[0]>0.22328 && x[0]< 0.37569 && x[1]>0.19345 && x[1]< 0.34586"], "height": 0.41, "width": 1.6, "inflow_peak": 0.347}