{"nodes": 1892, "object_boundaries": ["on_boundary && x[0]>0.22362 && x[0]< 0.46325 && x[1]>0.13217 && x[1]< 0.3718"], "height": 0.41, "width": 1.6, "inflow_peak": 0.774}