{"nodes": 2106, "object_boundaries": ["on_boundary && x[0]>0.16325 && x[0]< 0.43959 && x[1]>0.07531 && x[1]< 0.35165"], "height": 0.41, "width": 1.6, "inflow_peak": 1.824}