{"nodes": 2023, "object_boundaries": ["on_boundary && x[0]>0.08698 && x[0]< 0.27708 && x[1]>0.20495 && x[1]< 0.39505"], "height": 0.41, "width": 1.6, "inflow_peak": 2.103}