{"nodes": 2176, "object_boundaries": ["on_boundary && x[0]>0.16054 && x[0]< 0.40495 && x[1]>0.17528 && x[1]< 0.41969"], "height": 0.41, "width": 1.6, "inflow_peak": 2.35}