{"nodes": 2152, "cells": 4086, "object_boundaries": ["on_boundary && x[0]>0.23872 && x[0]< 0.45557 && x[1]>0.14706 && x[1]< 0.34979"], "height": 0.41, "width": 1.6, "inflow_peak": 0.98}