{"nodes": 1870, "object_boundaries": ["on_boundary && x[0]>0.07282 && x[0]< 0.30193 && x[1]>0.1355 && x[1]< 0.36461"], "height": 0.41, "width": 1.6, "inflow_peak": 0.64}