{"nodes": 2142, "object_boundaries": ["on_boundary && x[0]>0.26538 && x[0]< 0.4534 && x[1]>0.17752 && x[1]< 0.36554"], "height": 0.41, "width": 1.6, "inflow_peak": 0.97}