{"nodes": 2045, "cells": 3891, "object_boundaries": ["on_boundary && x[0]>0.35905 && x[0]< 0.42223 && x[1]>0.12413 && x[1]< 0.18731"], "height": 0.41, "width": 1.6, "inflow_peak": 1.026}