{"nodes": 1709, "object_boundaries": ["on_boundary && x[0]>0.25466 && x[0]< 0.47069 && x[1]>0.08719 && x[1]< 0.29392"], "height": 0.41, "width": 1.6, "inflow_peak": 0.67}