{"nodes": 1925, "object_boundaries": ["on_boundary && x[0]>0.27611 && x[0]< 0.51375 && x[1]>0.06826 && x[1]< 0.3059"], "height": 0.41, "width": 1.6, "inflow_peak": 0.93}