{"nodes": 1717, "object_boundaries": ["on_boundary && x[0]>0.34613 && x[0]< 0.53606 && x[1]>0.18484 && x[1]< 0.38718"], "height": 0.41, "width": 1.6, "inflow_peak": 1.42}