{"nodes": 1676, "object_boundaries": ["on_boundary && x[0]>0.16999 && x[0]< 0.38627 && x[1]>0.04843 && x[1]< 0.28136"], "height": 0.41, "width": 1.6, "inflow_peak": 0.7}