{"nodes": 2144, "cells": 4058, "object_boundaries": ["on_boundary && x[0]>0.36157 && x[0]< 0.51929 && x[1]>0.17216 && x[1]< 0.33108"], "height": 0.41, "width": 1.6, "inflow_peak": 0.622}