{"nodes": 2072, "cells": 3938, "object_boundaries": ["on_boundary && x[0]>0.17332 && x[0]< 0.32821 && x[1]>0.15753 && x[1]< 0.31242"], "height": 0.41, "width": 1.6, "inflow_peak": 0.25}