{"nodes": 2116, "object_boundaries": ["on_boundary && x[0]>0.24501 && x[0]< 0.40524 && x[1]>0.07217 && x[1]< 0.27434"], "height": 0.41, "width": 1.6, "inflow_peak": 1.45}