{"nodes": 2043, "object_boundaries": ["on_boundary && x[0]>0.19466 && x[0]< 0.39876 && x[1]>0.0861 && x[1]< 0.29456"], "height": 0.41, "width": 1.6, "inflow_peak": 1.03}