{"nodes": 2141, "object_boundaries": ["on_boundary && x[0]>0.15172 && x[0]< 0.41497 && x[1]>0.11031 && x[1]< 0.37357"], "height": 0.41, "width": 1.6, "inflow_peak": 1.84}