{"nodes": 1826, "object_boundaries": ["on_boundary && x[0]>0.2085 && x[0]< 0.37999 && x[1]>0.12038 && x[1]< 0.27612", "on_boundary && x[0]>0.69087 && x[0]< 0.87919 && x[1]>0.19644 && x[1]< 0.36945"], "height": 0.41, "width": 1.6, "inflow_peak": 1.79}