{"nodes": 1972, "object_boundaries": ["on_boundary && x[0]>0.09827 && x[0]< 0.3019 && x[1]>0.06631 && x[1]< 0.26741"], "height": 0.41, "width": 1.6, "inflow_peak": 0.35}