{"nodes": 2113, "object_boundaries": ["on_boundary && x[0]>0.28571 && x[0]< 0.52757 && x[1]>0.09027 && x[1]< 0.30351"], "height": 0.41, "width": 1.6, "inflow_peak": 1.02}