{"nodes": 1977, "object_boundaries": ["on_boundary && x[0]>0.35338 && x[0]< 0.57839 && x[1]>0.04812 && x[1]< 0.27313"], "height": 0.41, "width": 1.6, "inflow_peak": 1.46}