{"nodes": 1734, "object_boundaries": ["on_boundary && x[0]>0.31421 && x[0]< 0.50272 && x[1]>0.18486 && x[1]< 0.37337"], "height": 0.41, "width": 1.6, "inflow_peak": 2.15}