{"nodes": 1727, "object_boundaries": ["on_boundary && x[0]>0.1914 && x[0]< 0.40112 && x[1]>0.05942 && x[1]< 0.26915"], "height": 0.41, "width": 1.6, "inflow_peak": 1.7}