{"nodes": 1860, "object_boundaries": ["on_boundary && x[0]>0.18351 && x[0]< 0.42605 && x[1]>0.02641 && x[1]< 0.26895"], "height": 0.41, "width": 1.6, "inflow_peak": 1.99}