{"nodes": 2022, "cells": 3842, "object_boundaries": ["on_boundary && x[0]>0.30669 && x[0]< 0.38122 && x[1]>0.11779 && x[1]< 0.19232"], "height": 0.41, "width": 1.6, "inflow_peak": 0.523}