{"nodes": 1986, "object_boundaries": ["on_boundary && x[0]>0.26855 && x[0]< 0.44226 && x[1]>0.16671 && x[1]< 0.42323"], "height": 0.41, "width": 1.6, "inflow_peak": 1.51}