{"nodes": 2046, "object_boundaries": ["on_boundary && x[0]>0.21024 && x[0]< 0.43529 && x[1]>0.15973 && x[1]< 0.35134"], "height": 0.41, "width": 1.6, "inflow_peak": 0.76}