{"nodes": 1983, "object_boundaries": ["on_boundary && x[0]>0.3969 && x[0]< 0.55783 && x[1]>0.13694 && x[1]< 0.27689"], "height": 0.41, "width": 1.6, "inflow_peak": 1.64}