{"nodes": 1701, "object_boundaries": ["on_boundary && x[0]>0.21818 && x[0]< 0.48425 && x[1]>0.03191 && x[1]< 0.31321"], "height": 0.41, "width": 1.6, "inflow_peak": 0.55}