{"nodes": 1832, "object_boundaries": ["on_boundary && x[0]>0.2803 && x[0]< 0.48328 && x[1]>0.12327 && x[1]< 0.32394", "on_boundary && x[0]>0.60798 && x[0]< 0.7967 && x[1]>0.09815 && x[1]< 0.26815"], "height": 0.41, "width": 1.6, "inflow_peak": 0.82}