{"nodes": 2102, "cells": 3992, "object_boundaries": ["on_boundary && x[0]>0.44941 && x[0]< 0.52542 && x[1]>0.15112 && x[1]< 0.25074"], "height": 0.41, "width": 1.6, "inflow_peak": 1.562}