{"nodes": 2009, "object_boundaries": ["on_boundary && x[0]>0.28122 && x[0]< 0.50718 && x[1]>0.00318 && x[1]< 0.207"], "height": 0.41, "width": 1.6, "inflow_peak": 1.95}