{"nodes": 2157, "object_boundaries": ["on_boundary && x[0]>0.22841 && x[0]< 0.47746 && x[1]>0.00424 && x[1]< 0.31035"], "height": 0.41, "width": 1.6, "inflow_peak": 2.04}