{"nodes": 1906, "object_boundaries": ["on_boundary && x[0]>0.37445 && x[0]< 0.53196 && x[1]>0.14046 && x[1]< 0.29798"], "height": 0.41, "width": 1.6, "inflow_peak": 0.92}