{"nodes": 2134, "object_boundaries": ["on_boundary && x[0]>0.24821 && x[0]< 0.43697 && x[1]>0.10496 && x[1]< 0.29371"], "height": 0.41, "width": 1.6, "inflow_peak": 1.17}