{"nodes": 2748, "object_boundaries": ["on_boundary && x[0]>0.17624 && x[0]< 0.34267 && x[1]>0.15041 && x[1]< 0.31685", "on_boundary && x[0]>0.66187 && x[0]< 0.83449 && x[1]>0.17786 && x[1]< 0.35048"], "height": 0.41, "width": 1.6, "inflow_peak": 1.1}