{"nodes": 2157, "cells": 4082, "object_boundaries": ["on_boundary && x[0]>0.20167 && x[0]< 0.38083 && x[1]>0.04956 && x[1]< 0.19894"], "height": 0.41, "width": 1.6, "inflow_peak": 1.765}