{"nodes": 1684, "object_boundaries": ["on_boundary && x[0]>0.26843 && x[0]< 0.51587 && x[1]>0.1727 && x[1]< 0.40655"], "height": 0.41, "width": 1.6, "inflow_peak": 2.05}