{"nodes": 2003, "cells": 3806, "object_boundaries": ["on_boundary && x[0]>0.18458 && x[0]< 0.34188 && x[1]>0.04302 && x[1]< 0.20032"], "height": 0.41, "width": 1.6, "inflow_peak": 1.9}