{"nodes": 2120, "cells": 4028, "object_boundaries": ["on_boundary && x[0]>0.23383 && x[0]< 0.41931 && x[1]>0.0762 && x[1]< 0.26455"], "height": 0.41, "width": 1.6, "inflow_peak": 0.53}