{"nodes": 2279, "object_boundaries": ["on_boundary && x[0]>0.23594 && x[0]< 0.39711 && x[1]>0.15554 && x[1]< 0.31671"], "height": 0.41, "width": 1.6, "inflow_peak": 1.02}