{"nodes": 2089, "cells": 3963, "object_boundaries": ["on_boundary && x[0]>0.43567 && x[0]< 0.54482 && x[1]>0.23109 && x[1]< 0.33225"], "height": 0.41, "width": 1.6, "inflow_peak": 1.622}