{"nodes": 1969, "object_boundaries": ["on_boundary && x[0]>0.08972 && x[0]< 0.29796 && x[1]>0.09797 && x[1]< 0.30621"], "height": 0.41, "width": 1.6, "inflow_peak": 1.16}