{"nodes": 2874, "object_boundaries": ["on_boundary && x[0]>0.18925 && x[0]< 0.40904 && x[1]>0.06182 && x[1]< 0.28162", "on_boundary && x[0]>0.71147 && x[0]< 0.89271 && x[1]>0.11333 && x[1]< 0.29457"], "height": 0.41, "width": 1.6, "inflow_peak": 1.14}