{"nodes": 2050, "object_boundaries": ["on_boundary && x[0]>0.14952 && x[0]< 0.35055 && x[1]>0.08826 && x[1]< 0.28929"], "height": 0.41, "width": 1.6, "inflow_peak": 1.579}