{"nodes": 2046, "cells": 3882, "object_boundaries": ["on_boundary && x[0]>0.28791 && x[0]< 0.47797 && x[1]>0.06182 && x[1]< 0.25188"], "height": 0.41, "width": 1.6, "inflow_peak": 0.714}