{"nodes": 2370, "object_boundaries": ["on_boundary && x[0]>0.39318 && x[0]< 0.54189 && x[1]>0.17568 && x[1]< 0.32439"], "height": 0.41, "width": 1.6, "inflow_peak": 1.268}