{"nodes": 2040, "cells": 3869, "object_boundaries": ["on_boundary && x[0]>0.31909 && x[0]< 0.42167 && x[1]>0.18442 && x[1]< 0.28701"], "height": 0.41, "width": 1.6, "inflow_peak": 1.713}