{"nodes": 1801, "object_boundaries": ["on_boundary && x[0]>0.31661 && x[0]< 0.48532 && x[1]>0.07007 && x[1]< 0.28439"], "height": 0.41, "width": 1.6, "inflow_peak": 1.18}