{"nodes": 2098, "cells": 3994, "object_boundaries": ["on_boundary && x[0]>0.4479 && x[0]< 0.50218 && x[1]>0.19557 && x[1]< 0.25214"], "height": 0.41, "width": 1.6, "inflow_peak": 1.894}