{"nodes": 2185, "object_boundaries": ["on_boundary && x[0]>0.26834 && x[0]< 0.43659 && x[1]>0.20268 && x[1]< 0.37092"], "height": 0.41, "width": 1.6, "inflow_peak": 0.15}