{"nodes": 2118, "object_boundaries": ["on_boundary && x[0]>0.30335 && x[0]< 0.49686 && x[1]>0.14789 && x[1]< 0.34141"], "height": 0.41, "width": 1.6, "inflow_peak": 1.63}