{"nodes": 2083, "cells": 3960, "object_boundaries": ["on_boundary && x[0]>0.30099 && x[0]< 0.37781 && x[1]>0.23807 && x[1]< 0.3149"], "height": 0.41, "width": 1.6, "inflow_peak": 0.896}