{"nodes": 2260, "object_boundaries": ["on_boundary && x[0]>0.23734 && x[0]< 0.49354 && x[1]>0.05921 && x[1]< 0.31541"], "height": 0.41, "width": 1.6, "inflow_peak": 1.39}