{"nodes": 2096, "object_boundaries": ["on_boundary && x[0]>0.23215 && x[0]< 0.44482 && x[1]>0.15974 && x[1]< 0.32233"], "height": 0.41, "width": 1.6, "inflow_peak": 0.15}