{"nodes": 1737, "object_boundaries": ["on_boundary && x[0]>0.36742 && x[0]< 0.58026 && x[1]>0.0574 && x[1]< 0.29862"], "height": 0.41, "width": 1.6, "inflow_peak": 1.22}