{"nodes": 1719, "object_boundaries": ["on_boundary && x[0]>0.25755 && x[0]< 0.44165 && x[1]>0.10148 && x[1]< 0.29556"], "height": 0.41, "width": 1.6, "inflow_peak": 1.15}