{"nodes": 2058, "cells": 3898, "object_boundaries": ["on_boundary && x[0]>0.15227 && x[0]< 0.3164 && x[1]>0.12891 && x[1]< 0.20273"], "height": 0.41, "width": 1.6, "inflow_peak": 0.696}