{"nodes": 1752, "object_boundaries": ["on_boundary && x[0]>0.05728 && x[0]< 0.27508 && x[1]>0.10174 && x[1]< 0.31431"], "height": 0.41, "width": 1.6, "inflow_peak": 2.03}