{"nodes": 1853, "object_boundaries": ["on_boundary && x[0]>0.23313 && x[0]< 0.48752 && x[1]>0.08947 && x[1]< 0.34385"], "height": 0.41, "width": 1.6, "inflow_peak": 0.458}