{"nodes": 1975, "cells": 3749, "object_boundaries": ["on_boundary && x[0]>0.26138 && x[0]< 0.33362 && x[1]>0.2385 && x[1]< 0.31074"], "height": 0.41, "width": 1.6, "inflow_peak": 1.635}