{"nodes": 2131, "object_boundaries": ["on_boundary && x[0]>0.23729 && x[0]< 0.42595 && x[1]>0.12121 && x[1]< 0.30986"], "height": 0.41, "width": 1.6, "inflow_peak": 1.881}