{"nodes": 2021, "cells": 3837, "object_boundaries": ["on_boundary && x[0]>0.26387 && x[0]< 0.43745 && x[1]>0.16657 && x[1]< 0.34015"], "height": 0.41, "width": 1.6, "inflow_peak": 0.29}