{"nodes": 1854, "object_boundaries": ["on_boundary && x[0]>0.33149 && x[0]< 0.58586 && x[1]>0.08838 && x[1]< 0.34275"], "height": 0.41, "width": 1.6, "inflow_peak": 0.551}