{"nodes": 2037, "cells": 3860, "object_boundaries": ["on_boundary && x[0]>0.32841 && x[0]< 0.53509 && x[1]>0.00335 && x[1]< 0.2011"], "height": 0.41, "width": 1.6, "inflow_peak": 0.5}