{"nodes": 2056, "cells": 3908, "object_boundaries": ["on_boundary && x[0]>0.40102 && x[0]< 0.59156 && x[1]>0.14493 && x[1]< 0.29148"], "height": 0.41, "width": 1.6, "inflow_peak": 1.65}