{"nodes": 2336, "object_boundaries": ["on_boundary && x[0]>0.29403 && x[0]< 0.44439 && x[1]>0.05044 && x[1]< 0.20081"], "height": 0.41, "width": 1.6, "inflow_peak": 1.04}