{"nodes": 2153, "object_boundaries": ["on_boundary && x[0]>0.29336 && x[0]< 0.48619 && x[1]>0.10428 && x[1]< 0.29711"], "height": 0.41, "width": 1.6, "inflow_peak": 1.05}