{"nodes": 2086, "object_boundaries": ["on_boundary && x[0]>0.35841 && x[0]< 0.55461 && x[1]>0.18323 && x[1]< 0.37942"], "height": 0.41, "width": 1.6, "inflow_peak": 1.41}