{"nodes": 2492, "cells": 4739, "object_boundaries": ["on_boundary && x[0]>0.25066 && x[0]< 0.33432 && x[1]>0.18299 && x[1]< 0.26665", "on_boundary && x[0]>0.63899 && x[0]< 0.78136 && x[1]>0.11224 && x[1]< 0.2546"], "height": 0.41, "width": 1.6, "inflow_peak": 0.565}