{"nodes": 2096, "cells": 3969, "object_boundaries": ["on_boundary && x[0]>0.34318 && x[0]< 0.57303 && x[1]>0.0288 && x[1]< 0.25865"], "height": 0.41, "width": 1.6, "inflow_peak": 0.45}