{"nodes": 2109, "object_boundaries": ["on_boundary && x[0]>0.04781 && x[0]< 0.21219 && x[1]>0.15542 && x[1]< 0.3198"], "height": 0.41, "width": 1.6, "inflow_peak": 0.55}