{"nodes": 1988, "cells": 3780, "object_boundaries": ["on_boundary && x[0]>0.29843 && x[0]< 0.35408 && x[1]>0.20077 && x[1]< 0.25641"], "height": 0.41, "width": 1.6, "inflow_peak": 1.425}