{"nodes": 2056, "object_boundaries": ["on_boundary && x[0]>0.2307 && x[0]< 0.43317 && x[1]>0.19514 && x[1]< 0.39762"], "height": 0.41, "width": 1.6, "inflow_peak": 1.45}