{"nodes": 2308, "object_boundaries": ["on_boundary && x[0]>0.22578 && x[0]< 0.37774 && x[1]>0.14576 && x[1]< 0.29772"], "height": 0.41, "width": 1.6, "inflow_peak": 1.33}