{"nodes": 2012, "cells": 3811, "object_boundaries": ["on_boundary && x[0]>0.22354 && x[0]< 0.42146 && x[1]>0.11273 && x[1]< 0.31065"], "height": 0.41, "width": 1.6, "inflow_peak": 1.58}