{"nodes": 1987, "object_boundaries": ["on_boundary && x[0]>0.32117 && x[0]< 0.54583 && x[1]>0.07127 && x[1]< 0.29593"], "height": 0.41, "width": 1.6, "inflow_peak": 2.35}