{"nodes": 2032, "cells": 3854, "object_boundaries": ["on_boundary && x[0]>0.21611 && x[0]< 0.31728 && x[1]>0.19073 && x[1]< 0.2919"], "height": 0.41, "width": 1.6, "inflow_peak": 0.315}