{"nodes": 1764, "object_boundaries": ["on_boundary && x[0]>0.25348 && x[0]< 0.41453 && x[1]>0.12044 && x[1]< 0.28149"], "height": 0.41, "width": 1.6, "inflow_peak": 1.3}