{"nodes": 1731, "object_boundaries": ["on_boundary && x[0]>0.14703 && x[0]< 0.35313 && x[1]>0.06196 && x[1]< 0.26807"], "height": 0.41, "width": 1.6, "inflow_peak": 1.27}