{"nodes": 2079, "cells": 3952, "object_boundaries": ["on_boundary && x[0]>0.14092 && x[0]< 0.30353 && x[1]>0.09882 && x[1]< 0.26142"], "height": 0.41, "width": 1.6, "inflow_peak": 1.44}