{"nodes": 2217, "object_boundaries": ["on_boundary && x[0]>0.22491 && x[0]< 0.39678 && x[1]>0.12943 && x[1]< 0.3013"], "height": 0.41, "width": 1.6, "inflow_peak": 1.45}