{"nodes": 2079, "cells": 3941, "object_boundaries": ["on_boundary && x[0]>0.30421 && x[0]< 0.42548 && x[1]>0.1591 && x[1]< 0.28037"], "height": 0.41, "width": 1.6, "inflow_peak": 1.369}