{"nodes": 2097, "cells": 3980, "object_boundaries": ["on_boundary && x[0]>0.34828 && x[0]< 0.5489 && x[1]>0.09182 && x[1]< 0.29244"], "height": 0.41, "width": 1.6, "inflow_peak": 0.8}