{"nodes": 2012, "object_boundaries": ["on_boundary && x[0]>0.09012 && x[0]< 0.27867 && x[1]>0.04173 && x[1]< 0.23028"], "height": 0.41, "width": 1.6, "inflow_peak": 0.837}