{"nodes": 2043, "cells": 3885, "object_boundaries": ["on_boundary && x[0]>0.34809 && x[0]< 0.50837 && x[1]>0.10126 && x[1]< 0.26154"], "height": 0.41, "width": 1.6, "inflow_peak": 0.888}