{"nodes": 2207, "object_boundaries": ["on_boundary && x[0]>0.37996 && x[0]< 0.5449 && x[1]>0.1691 && x[1]< 0.33405"], "height": 0.41, "width": 1.6, "inflow_peak": 1.788}