{"nodes": 1841, "object_boundaries": ["on_boundary && x[0]>0.1015 && x[0]< 0.34711 && x[1]>-0.00441 && x[1]< 0.2412"], "height": 0.41, "width": 1.6, "inflow_peak": 1.049}