{"nodes": 2082, "object_boundaries": ["on_boundary && x[0]>0.14046 && x[0]< 0.32198 && x[1]>0.06651 && x[1]< 0.24804"], "height": 0.41, "width": 1.6, "inflow_peak": 1.36}