{"nodes": 2033, "object_boundaries": ["on_boundary && x[0]>0.36456 && x[0]< 0.58283 && x[1]>0.10432 && x[1]< 0.32881"], "height": 0.41, "width": 1.6, "inflow_peak": 1.08}