{"nodes": 1689, "object_boundaries": ["on_boundary && x[0]>0.0826 && x[0]< 0.25956 && x[1]>0.06374 && x[1]< 0.26511"], "height": 0.41, "width": 1.6, "inflow_peak": 0.82}