{"nodes": 2108, "cells": 4007, "object_boundaries": ["on_boundary && x[0]>0.3511 && x[0]< 0.45004 && x[1]>0.26652 && x[1]< 0.33659"], "height": 0.41, "width": 1.6, "inflow_peak": 0.297}