{"nodes": 1840, "object_boundaries": ["on_boundary && x[0]>0.01196 && x[0]< 0.24804 && x[1]>0.13245 && x[1]< 0.36852"], "height": 0.41, "width": 1.6, "inflow_peak": 1.355}