{"nodes": 2027, "object_boundaries": ["on_boundary && x[0]>0.30523 && x[0]< 0.52613 && x[1]>0.17111 && x[1]< 0.39202"], "height": 0.41, "width": 1.6, "inflow_peak": 1.06}