{"nodes": 1913, "cells": 3626, "object_boundaries": ["on_boundary && x[0]>0.08277 && x[0]< 0.24024 && x[1]>0.03182 && x[1]< 0.18929"], "height": 0.41, "width": 1.6, "inflow_peak": 2.169}