{"nodes": 1884, "object_boundaries": ["on_boundary && x[0]>0.13639 && x[0]< 0.36988 && x[1]>0.05264 && x[1]< 0.28613"], "height": 0.41, "width": 1.6, "inflow_peak": 2.202}