{"nodes": 1996, "cells": 3785, "object_boundaries": ["on_boundary && x[0]>0.42328 && x[0]< 0.51152 && x[1]>0.17442 && x[1]< 0.26266"], "height": 0.41, "width": 1.6, "inflow_peak": 0.342}