{"nodes": 2003, "cells": 3799, "object_boundaries": ["on_boundary && x[0]>0.25354 && x[0]< 0.43393 && x[1]>0.03991 && x[1]< 0.22029"], "height": 0.41, "width": 1.6, "inflow_peak": 1.0}