{"nodes": 2146, "cells": 4082, "object_boundaries": ["on_boundary && x[0]>0.22361 && x[0]< 0.39149 && x[1]>0.09806 && x[1]< 0.26594"], "height": 0.41, "width": 1.6, "inflow_peak": 1.08}