{"nodes": 1824, "object_boundaries": ["on_boundary && x[0]>0.18335 && x[0]< 0.43684 && x[1]>0.15174 && x[1]< 0.40523"], "height": 0.41, "width": 1.6, "inflow_peak": 0.89}