{"nodes": 1727, "object_boundaries": ["on_boundary && x[0]>0.19954 && x[0]< 0.39444 && x[1]>0.05994 && x[1]< 0.25705"], "height": 0.41, "width": 1.6, "inflow_peak": 1.05}