{"nodes": 1682, "object_boundaries": ["on_boundary && x[0]>0.20329 && x[0]< 0.40707 && x[1]>0.00885 && x[1]< 0.21655"], "height": 0.41, "width": 1.6, "inflow_peak": 1.52}