{"nodes": 2202, "object_boundaries": ["on_boundary && x[0]>0.37539 && x[0]< 0.54411 && x[1]>0.18804 && x[1]< 0.35676"], "height": 0.41, "width": 1.6, "inflow_peak": 1.44}