{"nodes": 2069, "object_boundaries": ["on_boundary && x[0]>0.26794 && x[0]< 0.48977 && x[1]>0.15299 && x[1]< 0.34517"], "height": 0.41, "width": 1.6, "inflow_peak": 1.74}