{"nodes": 2159, "object_boundaries": ["on_boundary && x[0]>0.36051 && x[0]< 0.61824 && x[1]>0.1954 && x[1]< 0.34721"], "height": 0.41, "width": 1.6, "inflow_peak": 2.09}