{"nodes": 1854, "object_boundaries": ["on_boundary && x[0]>0.06068 && x[0]< 0.30567 && x[1]>0.12657 && x[1]< 0.33719", "on_boundary && x[0]>0.82594 && x[0]< 0.99329 && x[1]>0.0999 && x[1]< 0.27303"], "height": 0.41, "width": 1.6, "inflow_peak": 1.15}