{"nodes": 2093, "cells": 3970, "object_boundaries": ["on_boundary && x[0]>0.14728 && x[0]< 0.33285 && x[1]>0.06124 && x[1]< 0.27348"], "height": 0.41, "width": 1.6, "inflow_peak": 0.51}