{"nodes": 1657, "object_boundaries": ["on_boundary && x[0]>0.31091 && x[0]< 0.5584 && x[1]>0.01292 && x[1]< 0.2671"], "height": 0.41, "width": 1.6, "inflow_peak": 0.48}