{"nodes": 1686, "object_boundaries": ["on_boundary && x[0]>0.15233 && x[0]< 0.35853 && x[1]>0.13257 && x[1]< 0.3312"], "height": 0.41, "width": 1.6, "inflow_peak": 0.45}