{"nodes": 2194, "object_boundaries": ["on_boundary && x[0]>0.17818 && x[0]< 0.45473 && x[1]>0.01206 && x[1]< 0.31107"], "height": 0.41, "width": 1.6, "inflow_peak": 1.13}