{"nodes": 1668, "object_boundaries": ["on_boundary && x[0]>0.12576 && x[0]< 0.40007 && x[1]>-0.00612 && x[1]< 0.32151"], "height": 0.41, "width": 1.6, "inflow_peak": 0.57}