{"nodes": 2059, "cells": 3908, "object_boundaries": ["on_boundary && x[0]>0.30058 && x[0]< 0.36812 && x[1]>0.13558 && x[1]< 0.25959"], "height": 0.41, "width": 1.6, "inflow_peak": 1.013}