{"nodes": 1985, "object_boundaries": ["on_boundary && x[0]>0.21734 && x[0]< 0.39817 && x[1]>0.13868 && x[1]< 0.37961"], "height": 0.41, "width": 1.6, "inflow_peak": 0.75}