{"nodes": 1920, "object_boundaries": ["on_boundary && x[0]>0.10024 && x[0]< 0.31114 && x[1]>0.0775 && x[1]< 0.30774"], "height": 0.41, "width": 1.6, "inflow_peak": 0.91}