{"nodes": 1704, "object_boundaries": ["on_boundary && x[0]>0.23966 && x[0]< 0.42636 && x[1]>0.10098 && x[1]< 0.28768"], "height": 0.41, "width": 1.6, "inflow_peak": 1.2}