{"nodes": 1903, "object_boundaries": ["on_boundary && x[0]>0.16975 && x[0]< 0.40032 && x[1]>0.11297 && x[1]< 0.34354"], "height": 0.41, "width": 1.6, "inflow_peak": 1.11}