{"nodes": 1699, "object_boundaries": ["on_boundary && x[0]>0.20917 && x[0]< 0.42414 && x[1]>0.18563 && x[1]< 0.40061"], "height": 0.41, "width": 1.6, "inflow_peak": 0.79}