{"nodes": 2338, "object_boundaries": ["on_boundary && x[0]>0.19297 && x[0]< 0.34474 && x[1]>0.14267 && x[1]< 0.29444"], "height": 0.41, "width": 1.6, "inflow_peak": 1.51}