{"nodes": 2102, "cells": 4002, "object_boundaries": ["on_boundary && x[0]>0.35708 && x[0]< 0.41252 && x[1]>0.22954 && x[1]< 0.28499"], "height": 0.41, "width": 1.6, "inflow_peak": 1.502}