{"nodes": 2881, "object_boundaries": ["on_boundary && x[0]>0.18364 && x[0]< 0.39334 && x[1]>-0.00021 && x[1]< 0.20949", "on_boundary && x[0]>0.75643 && x[0]< 0.93727 && x[1]>0.06707 && x[1]< 0.24791"], "height": 0.41, "width": 1.6, "inflow_peak": 1.57}