{"nodes": 2218, "object_boundaries": ["on_boundary && x[0]>0.29229 && x[0]< 0.51131 && x[1]>0.09094 && x[1]< 0.30996", "on_boundary && x[0]>0.66625 && x[0]< 0.90715 && x[1]>0.07264 && x[1]< 0.31354"], "height": 0.41, "width": 1.6, "inflow_peak": 0.87}