{"nodes": 2154, "cells": 4098, "object_boundaries": ["on_boundary && x[0]>0.34005 && x[0]< 0.4307 && x[1]>0.13711 && x[1]< 0.22775"], "height": 0.41, "width": 1.6, "inflow_peak": 0.33}