{"nodes": 2081, "object_boundaries": ["on_boundary && x[0]>0.17385 && x[0]< 0.39418 && x[1]>0.16299 && x[1]< 0.38562", "on_boundary && x[0]>0.89478 && x[0]< 1.09758 && x[1]>0.18678 && x[1]< 0.36039"], "height": 0.41, "width": 1.6, "inflow_peak": 1.08}