{"nodes": 1976, "object_boundaries": ["on_boundary && x[0]>0.03633 && x[0]< 0.27835 && x[1]>0.05872 && x[1]< 0.23666"], "height": 0.41, "width": 1.6, "inflow_peak": 0.98}