{"nodes": 1742, "object_boundaries": ["on_boundary && x[0]>0.2773 && x[0]< 0.48093 && x[1]>0.01337 && x[1]< 0.22804"], "height": 0.41, "width": 1.6, "inflow_peak": 0.81}