{"nodes": 2022, "cells": 3834, "object_boundaries": ["on_boundary && x[0]>0.06548 && x[0]< 0.24569 && x[1]>0.04974 && x[1]< 0.22995"], "height": 0.41, "width": 1.6, "inflow_peak": 2.01}