{"nodes": 2478, "object_boundaries": ["on_boundary && x[0]>0.33255 && x[0]< 0.50378 && x[1]>0.1087 && x[1]< 0.27994", "on_boundary && x[0]>0.52261 && x[0]< 0.73912 && x[1]>0.19174 && x[1]< 0.40826"], "height": 0.41, "width": 1.6, "inflow_peak": 1.21}