{"nodes": 2015, "cells": 3823, "object_boundaries": ["on_boundary && x[0]>0.23471 && x[0]< 0.32544 && x[1]>0.12522 && x[1]< 0.21594"], "height": 0.41, "width": 1.6, "inflow_peak": 1.673}