{"nodes": 1789, "object_boundaries": ["on_boundary && x[0]>0.18305 && x[0]< 0.45665 && x[1]>0.10629 && x[1]< 0.37988"], "height": 0.41, "width": 1.6, "inflow_peak": 1.42}