{"nodes": 1913, "object_boundaries": ["on_boundary && x[0]>0.05754 && x[0]< 0.27273 && x[1]>0.03034 && x[1]< 0.24553"], "height": 0.41, "width": 1.6, "inflow_peak": 0.38}