{"nodes": 2036, "cells": 3852, "object_boundaries": ["on_boundary && x[0]>0.3959 && x[0]< 0.52618 && x[1]>0.04507 && x[1]< 0.17535"], "height": 0.41, "width": 1.6, "inflow_peak": 1.878}