{"nodes": 2198, "object_boundaries": ["on_boundary && x[0]>0.30669 && x[0]< 0.47991 && x[1]>0.02264 && x[1]< 0.19587"], "height": 0.41, "width": 1.6, "inflow_peak": 2.237}