{"nodes": 2004, "object_boundaries": ["on_boundary && x[0]>0.24466 && x[0]< 0.462 && x[1]>0.08357 && x[1]< 0.30091"], "height": 0.41, "width": 1.6, "inflow_peak": 1.302}