{"nodes": 2195, "object_boundaries": ["on_boundary && x[0]>0.3323 && x[0]< 0.50182 && x[1]>0.0576 && x[1]< 0.22712"], "height": 0.41, "width": 1.6, "inflow_peak": 1.011}