{"nodes": 1970, "object_boundaries": ["on_boundary && x[0]>0.14857 && x[0]< 0.36399 && x[1]>0.16991 && x[1]< 0.38532"], "height": 0.41, "width": 1.6, "inflow_peak": 1.371}