{"nodes": 2157, "cells": 4075, "object_boundaries": ["on_boundary && x[0]>0.22038 && x[0]< 0.48328 && x[1]>-0.01448 && x[1]< 0.26783"], "height": 0.41, "width": 1.6, "inflow_peak": 2.14}