{"nodes": 2050, "object_boundaries": ["on_boundary && x[0]>0.19056 && x[0]< 0.40588 && x[1]>0.07891 && x[1]< 0.31336"], "height": 0.41, "width": 1.6, "inflow_peak": 1.05}