{"nodes": 1738, "object_boundaries": ["on_boundary && x[0]>0.20664 && x[0]< 0.38796 && x[1]>0.08222 && x[1]< 0.27021"], "height": 0.41, "width": 1.6, "inflow_peak": 1.58}