{"nodes": 1723, "object_boundaries": ["on_boundary && x[0]>0.24278 && x[0]< 0.43997 && x[1]>0.05899 && x[1]< 0.24722"], "height": 0.41, "width": 1.6, "inflow_peak": 1.88}