{"nodes": 2133, "object_boundaries": ["on_boundary && x[0]>0.29811 && x[0]< 0.41811 && x[1]>0.01718 && x[1]< 0.29718"], "height": 0.41, "width": 1.6, "inflow_peak": 0.67}