{"nodes": 1725, "object_boundaries": ["on_boundary && x[0]>0.26972 && x[0]< 0.48835 && x[1]>0.07791 && x[1]< 0.29996"], "height": 0.41, "width": 1.6, "inflow_peak": 1.95}