{"nodes": 1746, "object_boundaries": ["on_boundary && x[0]>0.26895 && x[0]< 0.43809 && x[1]>0.15266 && x[1]< 0.35612"], "height": 0.41, "width": 1.6, "inflow_peak": 0.76}