{"nodes": 2056, "object_boundaries": ["on_boundary && x[0]>0.25554 && x[0]< 0.47702 && x[1]>0.20711 && x[1]< 0.39289"], "height": 0.41, "width": 1.6, "inflow_peak": 1.02}