{"nodes": 2375, "cells": 4510, "object_boundaries": ["on_boundary && x[0]>0.16951 && x[0]< 0.30599 && x[1]>0.1274 && x[1]< 0.26389", "on_boundary && x[0]>0.93979 && x[0]< 1.01293 && x[1]>0.18015 && x[1]< 0.25328"], "height": 0.41, "width": 1.6, "inflow_peak": 0.498}