{"nodes": 1754, "object_boundaries": ["on_boundary && x[0]>0.06694 && x[0]< 0.23622 && x[1]>0.12478 && x[1]< 0.29406"], "height": 0.41, "width": 1.6, "inflow_peak": 0.52}