{"nodes": 1879, "object_boundaries": ["on_boundary && x[0]>0.31864 && x[0]< 0.55884 && x[1]>-0.0194 && x[1]< 0.2208"], "height": 0.41, "width": 1.6, "inflow_peak": 1.37}