{"nodes": 2061, "object_boundaries": ["on_boundary && x[0]>0.13567 && x[0]< 0.32935 && x[1]>0.11841 && x[1]< 0.31209"], "height": 0.41, "width": 1.6, "inflow_peak": 1.36}