{"nodes": 2109, "object_boundaries": ["on_boundary && x[0]>0.36677 && x[0]< 0.56474 && x[1]>0.15828 && x[1]< 0.34924"], "height": 0.41, "width": 1.6, "inflow_peak": 1.26}