{"nodes": 2021, "cells": 3820, "object_boundaries": ["on_boundary && x[0]>0.24541 && x[0]< 0.35684 && x[1]>0.08896 && x[1]< 0.25013"], "height": 0.41, "width": 1.6, "inflow_peak": 1.952}