{"nodes": 2080, "object_boundaries": ["on_boundary && x[0]>0.24601 && x[0]< 0.49541 && x[1]>0.14979 && x[1]< 0.33666"], "height": 0.41, "width": 1.6, "inflow_peak": 0.6}