{"nodes": 2146, "object_boundaries": ["on_boundary && x[0]>0.22182 && x[0]< 0.45432 && x[1]>0.11611 && x[1]< 0.34862"], "height": 0.41, "width": 1.6, "inflow_peak": 1.03}