{"nodes": 2057, "cells": 3905, "object_boundaries": ["on_boundary && x[0]>0.15952 && x[0]< 0.2474 && x[1]>0.07422 && x[1]< 0.1744"], "height": 0.41, "width": 1.6, "inflow_peak": 1.767}