{"nodes": 2027, "object_boundaries": ["on_boundary && x[0]>0.20755 && x[0]< 0.4169 && x[1]>0.11986 && x[1]< 0.33015"], "height": 0.41, "width": 1.6, "inflow_peak": 1.85}