{"nodes": 2133, "cells": 4033, "object_boundaries": ["on_boundary && x[0]>0.10506 && x[0]< 0.37056 && x[1]>0.07851 && x[1]< 0.31963"], "height": 0.41, "width": 1.6, "inflow_peak": 1.36}