{"nodes": 1685, "object_boundaries": ["on_boundary && x[0]>0.24024 && x[0]< 0.45149 && x[1]>0.09708 && x[1]< 0.35579", "on_boundary && x[0]>0.83436 && x[0]< 1.0646 && x[1]>0.09709 && x[1]< 0.32607"], "height": 0.41, "width": 1.6, "inflow_peak": 1.84}