{"nodes": 2045, "cells": 3867, "object_boundaries": ["on_boundary && x[0]>0.14817 && x[0]< 0.37696 && x[1]>0.01064 && x[1]< 0.23943"], "height": 0.41, "width": 1.6, "inflow_peak": 1.523}