{"nodes": 2027, "cells": 3844, "object_boundaries": ["on_boundary && x[0]>0.25135 && x[0]< 0.34953 && x[1]>0.09634 && x[1]< 0.19452"], "height": 0.41, "width": 1.6, "inflow_peak": 0.375}