{"nodes": 2089, "object_boundaries": ["on_boundary && x[0]>0.18491 && x[0]< 0.37759 && x[1]>0.09229 && x[1]< 0.28497"], "height": 0.41, "width": 1.6, "inflow_peak": 1.324}