{"nodes": 2149, "object_boundaries": ["on_boundary && x[0]>0.1851 && x[0]< 0.45935 && x[1]>0.05388 && x[1]< 0.32813"], "height": 0.41, "width": 1.6, "inflow_peak": 0.2}