{"nodes": 1662, "object_boundaries": ["on_boundary && x[0]>0.10464 && x[0]< 0.34759 && x[1]>0.09829 && x[1]< 0.35168"], "height": 0.41, "width": 1.6, "inflow_peak": 2.19}