{"nodes": 1995, "object_boundaries": ["on_boundary && x[0]>0.08197 && x[0]< 0.2845 && x[1]>0.12182 && x[1]< 0.32435"], "height": 0.41, "width": 1.6, "inflow_peak": 0.97}