{"nodes": 1821, "object_boundaries": ["on_boundary && x[0]>0.25267 && x[0]< 0.41444 && x[1]>0.18132 && x[1]< 0.34308"], "height": 0.41, "width": 1.6, "inflow_peak": 1.84}