{"nodes": 1951, "object_boundaries": ["on_boundary && x[0]>0.05731 && x[0]< 0.25873 && x[1]>0.06067 && x[1]< 0.26209"], "height": 0.41, "width": 1.6, "inflow_peak": 1.43}