{"nodes": 2034, "object_boundaries": ["on_boundary && x[0]>0.1298 && x[0]< 0.37929 && x[1]>0.14432 && x[1]< 0.32965"], "height": 0.41, "width": 1.6, "inflow_peak": 1.04}