{"nodes": 1707, "object_boundaries": ["on_boundary && x[0]>0.22576 && x[0]< 0.43429 && x[1]>0.15798 && x[1]< 0.35651"], "height": 0.41, "width": 1.6, "inflow_peak": 0.15}