{"nodes": 2077, "cells": 3947, "object_boundaries": ["on_boundary && x[0]>0.19532 && x[0]< 0.40781 && x[1]>0.11194 && x[1]< 0.25291"], "height": 0.41, "width": 1.6, "inflow_peak": 1.82}