{"nodes": 1696, "object_boundaries": ["on_boundary && x[0]>0.08688 && x[0]< 0.30357 && x[1]>0.13054 && x[1]< 0.34708"], "height": 0.41, "width": 1.6, "inflow_peak": 1.63}