{"nodes": 2077, "cells": 3938, "object_boundaries": ["on_boundary && x[0]>0.15101 && x[0]< 0.239 && x[1]>0.14908 && x[1]< 0.25505"], "height": 0.41, "width": 1.6, "inflow_peak": 1.643}