{"nodes": 2280, "object_boundaries": ["on_boundary && x[0]>0.38125 && x[0]< 0.51547 && x[1]>0.16035 && x[1]< 0.32142"], "height": 0.41, "width": 1.6, "inflow_peak": 0.81}