{"nodes": 1984, "object_boundaries": ["on_boundary && x[0]>0.08763 && x[0]< 0.33001 && x[1]>0.09491 && x[1]< 0.2636"], "height": 0.41, "width": 1.6, "inflow_peak": 1.5}