{"nodes": 1984, "cells": 3762, "object_boundaries": ["on_boundary && x[0]>0.40387 && x[0]< 0.48887 && x[1]>0.24545 && x[1]< 0.33045"], "height": 0.41, "width": 1.6, "inflow_peak": 0.835}