{"nodes": 2017, "object_boundaries": ["on_boundary && x[0]>0.11602 && x[0]< 0.32274 && x[1]>0.10599 && x[1]< 0.31272"], "height": 0.41, "width": 1.6, "inflow_peak": 2.11}