{"nodes": 2119, "cells": 4012, "object_boundaries": ["on_boundary && x[0]>0.19395 && x[0]< 0.41198 && x[1]>0.17393 && x[1]< 0.39196"], "height": 0.41, "width": 1.6, "inflow_peak": 0.65}