{"nodes": 1672, "object_boundaries": ["on_boundary && x[0]>0.05221 && x[0]< 0.25712 && x[1]>0.1712 && x[1]< 0.37611"], "height": 0.41, "width": 1.6, "inflow_peak": 1.75}