{"nodes": 1759, "object_boundaries": ["on_boundary && x[0]>0.117 && x[0]< 0.28994 && x[1]>0.10428 && x[1]< 0.27722"], "height": 0.41, "width": 1.6, "inflow_peak": 1.99}