{"nodes": 2043, "cells": 3871, "object_boundaries": ["on_boundary && x[0]>0.15396 && x[0]< 0.26821 && x[1]>0.15603 && x[1]< 0.27028"], "height": 0.41, "width": 1.6, "inflow_peak": 0.756}