{"nodes": 1993, "object_boundaries": ["on_boundary && x[0]>0.27171 && x[0]< 0.4805 && x[1]>0.18023 && x[1]< 0.38902"], "height": 0.41, "width": 1.6, "inflow_peak": 0.713}