{"nodes": 1959, "object_boundaries": ["on_boundary && x[0]>0.28041 && x[0]< 0.50815 && x[1]>0.09106 && x[1]< 0.31879"], "height": 0.41, "width": 1.6, "inflow_peak": 1.034}