{"nodes": 1850, "object_boundaries": ["on_boundary && x[0]>0.27972 && x[0]< 0.53166 && x[1]>0.01814 && x[1]< 0.27007"], "height": 0.41, "width": 1.6, "inflow_peak": 0.902}