{"nodes": 2006, "object_boundaries": ["on_boundary && x[0]>0.13077 && x[0]< 0.33773 && x[1]>0.16042 && x[1]< 0.36738"], "height": 0.41, "width": 1.6, "inflow_peak": 0.15}