{"nodes": 2047, "object_boundaries": ["on_boundary && x[0]>0.29176 && x[0]< 0.42606 && x[1]>0.12285 && x[1]< 0.25716"], "height": 0.41, "width": 1.6, "inflow_peak": 1.729}