{"nodes": 2055, "cells": 3882, "object_boundaries": ["on_boundary && x[0]>0.13408 && x[0]< 0.38059 && x[1]>0.04009 && x[1]< 0.2866"], "height": 0.41, "width": 1.6, "inflow_peak": 0.752}