{"nodes": 2314, "object_boundaries": ["on_boundary && x[0]>0.26404 && x[0]< 0.42286 && x[1]>0.11263 && x[1]< 0.27146"], "height": 0.41, "width": 1.6, "inflow_peak": 2.187}