{"nodes": 2087, "cells": 3960, "object_boundaries": ["on_boundary && x[0]>0.21329 && x[0]< 0.41771 && x[1]>0.19136 && x[1]< 0.3846"], "height": 0.41, "width": 1.6, "inflow_peak": 0.32}