{"nodes": 1722, "object_boundaries": ["on_boundary && x[0]>0.09652 && x[0]< 0.28251 && x[1]>0.06699 && x[1]< 0.25034"], "height": 0.41, "width": 1.6, "inflow_peak": 0.66}