{"nodes": 1720, "object_boundaries": ["on_boundary && x[0]>0.12714 && x[0]< 0.32576 && x[1]>0.00488 && x[1]< 0.19979"], "height": 0.41, "width": 1.6, "inflow_peak": 1.85}