{"nodes": 2043, "cells": 3867, "object_boundaries": ["on_boundary && x[0]>0.10015 && x[0]< 0.31828 && x[1]>0.09812 && x[1]< 0.31626"], "height": 0.41, "width": 1.6, "inflow_peak": 0.885}