{"nodes": 1882, "object_boundaries": ["on_boundary && x[0]>0.16999 && x[0]< 0.4066 && x[1]>0.14669 && x[1]< 0.38331"], "height": 0.41, "width": 1.6, "inflow_peak": 0.714}