{"nodes": 2094, "cells": 3969, "object_boundaries": ["on_boundary && x[0]>0.33149 && x[0]< 0.45729 && x[1]>0.09321 && x[1]< 0.21901"], "height": 0.41, "width": 1.6, "inflow_peak": 0.455}