{"nodes": 2047, "object_boundaries": ["on_boundary && x[0]>0.23391 && x[0]< 0.4398 && x[1]>0.03299 && x[1]< 0.23889"], "height": 0.41, "width": 1.6, "inflow_peak": 0.864}