{"nodes": 2196, "object_boundaries": ["on_boundary && x[0]>0.09333 && x[0]< 0.25444 && x[1]>0.09404 && x[1]< 0.25515"], "height": 0.41, "width": 1.6, "inflow_peak": 1.285}