{"nodes": 2044, "cells": 3867, "object_boundaries": ["on_boundary && x[0]>0.16854 && x[0]< 0.39109 && x[1]>0.11819 && x[1]< 0.34075"], "height": 0.41, "width": 1.6, "inflow_peak": 0.43}