{"nodes": 1930, "cells": 3666, "object_boundaries": ["on_boundary && x[0]>0.23534 && x[0]< 0.28554 && x[1]>0.11633 && x[1]< 0.16653"], "height": 0.41, "width": 1.6, "inflow_peak": 1.863}