{"nodes": 2075, "object_boundaries": ["on_boundary && x[0]>0.21784 && x[0]< 0.41329 && x[1]>0.01532 && x[1]< 0.21076"], "height": 0.41, "width": 1.6, "inflow_peak": 0.47}