{"nodes": 2094, "cells": 3970, "object_boundaries": ["on_boundary && x[0]>0.26621 && x[0]< 0.4803 && x[1]>0.1019 && x[1]< 0.31599"], "height": 0.41, "width": 1.6, "inflow_peak": 2.09}