{"nodes": 2424, "object_boundaries": ["on_boundary && x[0]>0.09235 && x[0]< 0.27115 && x[1]>0.12604 && x[1]< 0.30483", "on_boundary && x[0]>0.71768 && x[0]< 0.93023 && x[1]>0.17676 && x[1]< 0.38931"], "height": 0.41, "width": 1.6, "inflow_peak": 1.19}