{"nodes": 2286, "object_boundaries": ["on_boundary && x[0]>0.35625 && x[0]< 0.51377 && x[1]>0.06084 && x[1]< 0.21836"], "height": 0.41, "width": 1.6, "inflow_peak": 1.0}