{"nodes": 1947, "object_boundaries": ["on_boundary && x[0]>0.11664 && x[0]< 0.32557 && x[1]>0.00127 && x[1]< 0.2102"], "height": 0.41, "width": 1.6, "inflow_peak": 0.53}