{"nodes": 2251, "object_boundaries": ["on_boundary && x[0]>0.2334 && x[0]< 0.47332 && x[1]>0.17942 && x[1]< 0.32412"], "height": 0.41, "width": 1.6, "inflow_peak": 2.1}