{"nodes": 1739, "object_boundaries": ["on_boundary && x[0]>0.35182 && x[0]< 0.54039 && x[1]>0.10129 && x[1]< 0.29011"], "height": 0.41, "width": 1.6, "inflow_peak": 1.95}