{"nodes": 2163, "object_boundaries": ["on_boundary && x[0]>0.3332 && x[0]< 0.50578 && x[1]>0.19613 && x[1]< 0.36871"], "height": 0.41, "width": 1.6, "inflow_peak": 1.598}