{"nodes": 2008, "cells": 3792, "object_boundaries": ["on_boundary && x[0]>0.08897 && x[0]< 0.32205 && x[1]>-0.00944 && x[1]< 0.22364"], "height": 0.41, "width": 1.6, "inflow_peak": 1.761}