{"nodes": 2327, "object_boundaries": ["on_boundary && x[0]>0.27356 && x[0]< 0.42833 && x[1]>0.15587 && x[1]< 0.31063"], "height": 0.41, "width": 1.6, "inflow_peak": 0.906}