{"nodes": 2099, "object_boundaries": ["on_boundary && x[0]>0.24214 && x[0]< 0.43096 && x[1]>0.06341 && x[1]< 0.25223"], "height": 0.41, "width": 1.6, "inflow_peak": 1.012}