{"nodes": 1981, "object_boundaries": ["on_boundary && x[0]>0.32258 && x[0]< 0.5452 && x[1]>0.04231 && x[1]< 0.26493"], "height": 0.41, "width": 1.6, "inflow_peak": 0.582}