{"nodes": 2056, "object_boundaries": ["on_boundary && x[0]>0.16821 && x[0]< 0.3965 && x[1]>0.09603 && x[1]< 0.28685"], "height": 0.41, "width": 1.6, "inflow_peak": 1.23}