{"nodes": 2066, "cells": 3906, "object_boundaries": ["on_boundary && x[0]>0.37063 && x[0]< 0.60204 && x[1]>0.14301 && x[1]< 0.389"], "height": 0.41, "width": 1.6, "inflow_peak": 0.65}