{"nodes": 2252, "object_boundaries": ["on_boundary && x[0]>0.30775 && x[0]< 0.48762 && x[1]>0.08442 && x[1]< 0.24562"], "height": 0.41, "width": 1.6, "inflow_peak": 1.93}