{"nodes": 1960, "object_boundaries": ["on_boundary && x[0]>0.29754 && x[0]< 0.50175 && x[1]>0.13205 && x[1]< 0.36989"], "height": 0.41, "width": 1.6, "inflow_peak": 2.13}