{"nodes": 2137, "object_boundaries": ["on_boundary && x[0]>0.30349 && x[0]< 0.49419 && x[1]>0.14345 && x[1]< 0.33503"], "height": 0.41, "width": 1.6, "inflow_peak": 1.92}