{"nodes": 2104, "object_boundaries": ["on_boundary && x[0]>0.32766 && x[0]< 0.47705 && x[1]>0.128 && x[1]< 0.35805"], "height": 0.41, "width": 1.6, "inflow_peak": 0.54}