{"nodes": 2028, "cells": 3850, "object_boundaries": ["on_boundary && x[0]>0.36125 && x[0]< 0.5388 && x[1]>0.07095 && x[1]< 0.2485"], "height": 0.41, "width": 1.6, "inflow_peak": 1.762}