{"nodes": 2110, "cells": 3988, "object_boundaries": ["on_boundary && x[0]>0.27863 && x[0]< 0.4473 && x[1]>0.10022 && x[1]< 0.26889"], "height": 0.41, "width": 1.6, "inflow_peak": 1.443}