{"nodes": 1749, "object_boundaries": ["on_boundary && x[0]>0.01836 && x[0]< 0.24164 && x[1]>0.13148 && x[1]< 0.35476"], "height": 0.41, "width": 1.6, "inflow_peak": 0.99}