{"nodes": 1708, "object_boundaries": ["on_boundary && x[0]>0.15291 && x[0]< 0.35917 && x[1]>0.06991 && x[1]< 0.27617"], "height": 0.41, "width": 1.6, "inflow_peak": 1.34}