{"nodes": 2156, "cells": 4076, "object_boundaries": ["on_boundary && x[0]>0.23725 && x[0]< 0.41602 && x[1]>0.18887 && x[1]< 0.36315"], "height": 0.41, "width": 1.6, "inflow_peak": 1.198}