{"nodes": 2108, "cells": 4002, "object_boundaries": ["on_boundary && x[0]>0.27657 && x[0]< 0.4704 && x[1]>0.13806 && x[1]< 0.33189"], "height": 0.41, "width": 1.6, "inflow_peak": 2.14}