{"nodes": 2310, "object_boundaries": ["on_boundary && x[0]>0.20867 && x[0]< 0.35988 && x[1]>0.10138 && x[1]< 0.25259"], "height": 0.41, "width": 1.6, "inflow_peak": 1.767}