{"nodes": 1752, "object_boundaries": ["on_boundary && x[0]>0.19512 && x[0]< 0.47512 && x[1]>0.0348 && x[1]< 0.3148"], "height": 0.41, "width": 1.6, "inflow_peak": 0.915}