{"nodes": 2087, "cells": 3953, "object_boundaries": ["on_boundary && x[0]>0.21062 && x[0]< 0.43538 && x[1]>0.04473 && x[1]< 0.26949"], "height": 0.41, "width": 1.6, "inflow_peak": 0.595}