{"nodes": 2006, "cells": 3809, "object_boundaries": ["on_boundary && x[0]>0.25758 && x[0]< 0.33542 && x[1]>0.25366 && x[1]< 0.3315"], "height": 0.41, "width": 1.6, "inflow_peak": 0.495}