{"nodes": 1910, "object_boundaries": ["on_boundary && x[0]>0.18612 && x[0]< 0.41423 && x[1]>0.12502 && x[1]< 0.35312"], "height": 0.41, "width": 1.6, "inflow_peak": 0.81}