{"nodes": 1986, "object_boundaries": ["on_boundary && x[0]>0.29751 && x[0]< 0.45183 && x[1]>0.08216 && x[1]< 0.35302"], "height": 0.41, "width": 1.6, "inflow_peak": 2.03}