{"nodes": 1940, "object_boundaries": ["on_boundary && x[0]>0.30323 && x[0]< 0.53328 && x[1]>0.01166 && x[1]< 0.23685"], "height": 0.41, "width": 1.6, "inflow_peak": 1.53}