{"nodes": 1953, "cells": 3710, "object_boundaries": ["on_boundary && x[0]>0.17512 && x[0]< 0.23451 && x[1]>0.18979 && x[1]< 0.24324"], "height": 0.41, "width": 1.6, "inflow_peak": 1.879}