{"nodes": 2209, "object_boundaries": ["on_boundary && x[0]>0.1727 && x[0]< 0.42062 && x[1]>0.1595 && x[1]< 0.37431"], "height": 0.41, "width": 1.6, "inflow_peak": 2.35}