{"nodes": 2371, "object_boundaries": ["on_boundary && x[0]>0.04715 && x[0]< 0.21859 && x[1]>0.14391 && x[1]< 0.31535", "on_boundary && x[0]>0.83115 && x[0]< 1.05974 && x[1]>0.14412 && x[1]< 0.3727"], "height": 0.41, "width": 1.6, "inflow_peak": 1.61}