{"nodes": 1957, "object_boundaries": ["on_boundary && x[0]>0.34187 && x[0]< 0.49375 && x[1]>0.11053 && x[1]< 0.26241"], "height": 0.41, "width": 1.6, "inflow_peak": 0.46}