{"nodes": 2749, "object_boundaries": ["on_boundary && x[0]>0.24722 && x[0]< 0.39896 && x[1]>0.16951 && x[1]< 0.32125", "on_boundary && x[0]>0.89125 && x[0]< 1.0764 && x[1]>0.0176 && x[1]< 0.20275"], "height": 0.41, "width": 1.6, "inflow_peak": 0.69}