{"nodes": 1970, "cells": 3720, "object_boundaries": ["on_boundary && x[0]>0.10176 && x[0]< 0.23258 && x[1]>0.07032 && x[1]< 0.20113"], "height": 0.41, "width": 1.6, "inflow_peak": 1.143}