{"nodes": 2064, "object_boundaries": ["on_boundary && x[0]>0.32876 && x[0]< 0.53354 && x[1]>0.12569 && x[1]< 0.33047"], "height": 0.41, "width": 1.6, "inflow_peak": 1.62}