{"nodes": 2042, "cells": 3885, "object_boundaries": ["on_boundary && x[0]>0.35491 && x[0]< 0.5106 && x[1]>0.13134 && x[1]< 0.28703"], "height": 0.41, "width": 1.6, "inflow_peak": 1.39}