{"nodes": 1956, "cells": 3717, "object_boundaries": ["on_boundary && x[0]>0.39467 && x[0]< 0.4478 && x[1]>0.07536 && x[1]< 0.12849"], "height": 0.41, "width": 1.6, "inflow_peak": 1.043}