{"nodes": 1991, "object_boundaries": ["on_boundary && x[0]>0.22218 && x[0]< 0.43707 && x[1]>0.07682 && x[1]< 0.29171"], "height": 0.41, "width": 1.6, "inflow_peak": 0.642}