{"nodes": 1968, "cells": 3726, "object_boundaries": ["on_boundary && x[0]>0.08919 && x[0]< 0.27769 && x[1]>0.01175 && x[1]< 0.20024"], "height": 0.41, "width": 1.6, "inflow_peak": 0.381}