{"nodes": 2102, "cells": 3983, "object_boundaries": ["on_boundary && x[0]>0.22641 && x[0]< 0.34343 && x[1]>0.22636 && x[1]< 0.36468"], "height": 0.41, "width": 1.6, "inflow_peak": 2.215}