{"nodes": 1881, "object_boundaries": ["on_boundary && x[0]>0.34326 && x[0]< 0.57258 && x[1]>0.04829 && x[1]< 0.30236"], "height": 0.41, "width": 1.6, "inflow_peak": 0.65}