{"nodes": 2051, "cells": 3896, "object_boundaries": ["on_boundary && x[0]>0.14476 && x[0]< 0.35111 && x[1]>0.14969 && x[1]< 0.29062"], "height": 0.41, "width": 1.6, "inflow_peak": 2.09}