{"nodes": 1921, "object_boundaries": ["on_boundary && x[0]>0.03497 && x[0]< 0.2842 && x[1]>0.15945 && x[1]< 0.35312"], "height": 0.41, "width": 1.6, "inflow_peak": 2.03}