{"nodes": 2091, "object_boundaries": ["on_boundary && x[0]>0.10442 && x[0]< 0.23623 && x[1]>0.04984 && x[1]< 0.32148"], "height": 0.41, "width": 1.6, "inflow_peak": 1.24}