{"nodes": 1814, "object_boundaries": ["on_boundary && x[0]>0.2252 && x[0]< 0.44588 && x[1]>0.08767 && x[1]< 0.36767"], "height": 0.41, "width": 1.6, "inflow_peak": 1.44}