{"nodes": 2011, "object_boundaries": ["on_boundary && x[0]>0.11899 && x[0]< 0.37487 && x[1]>0.12036 && x[1]< 0.33663"], "height": 0.41, "width": 1.6, "inflow_peak": 1.6}