{"nodes": 2135, "object_boundaries": ["on_boundary && x[0]>0.38351 && x[0]< 0.58729 && x[1]>0.11392 && x[1]< 0.30038"], "height": 0.41, "width": 1.6, "inflow_peak": 1.5}