{"nodes": 1741, "object_boundaries": ["on_boundary && x[0]>0.36762 && x[0]< 0.58948 && x[1]>0.02011 && x[1]< 0.25114"], "height": 0.41, "width": 1.6, "inflow_peak": 1.05}