{"nodes": 2099, "cells": 3988, "object_boundaries": ["on_boundary && x[0]>0.4361 && x[0]< 0.54246 && x[1]>0.21367 && x[1]< 0.31542"], "height": 0.41, "width": 1.6, "inflow_peak": 1.996}