{"nodes": 2105, "object_boundaries": ["on_boundary && x[0]>0.34517 && x[0]< 0.55632 && x[1]>0.14176 && x[1]< 0.33845"], "height": 0.41, "width": 1.6, "inflow_peak": 2.05}