{"nodes": 2307, "object_boundaries": ["on_boundary && x[0]>0.27971 && x[0]< 0.43551 && x[1]>0.18296 && x[1]< 0.33876"], "height": 0.41, "width": 1.6, "inflow_peak": 1.15}