{"nodes": 1671, "object_boundaries": ["on_boundary && x[0]>0.09609 && x[0]< 0.30236 && x[1]>0.13664 && x[1]< 0.34098"], "height": 0.41, "width": 1.6, "inflow_peak": 1.11}