{"nodes": 2117, "object_boundaries": ["on_boundary && x[0]>0.25456 && x[0]< 0.37456 && x[1]>-0.00812 && x[1]< 0.22746"], "height": 0.41, "width": 1.6, "inflow_peak": 0.43}