{"nodes": 2208, "object_boundaries": ["on_boundary && x[0]>0.21079 && x[0]< 0.3878 && x[1]>0.13315 && x[1]< 0.29892"], "height": 0.41, "width": 1.6, "inflow_peak": 1.62}