{"nodes": 2088, "cells": 3957, "object_boundaries": ["on_boundary && x[0]>0.36104 && x[0]< 0.58758 && x[1]>0.18055 && x[1]< 0.38638"], "height": 0.41, "width": 1.6, "inflow_peak": 0.74}