{"nodes": 1997, "object_boundaries": ["on_boundary && x[0]>0.21208 && x[0]< 0.42242 && x[1]>0.06967 && x[1]< 0.28575"], "height": 0.41, "width": 1.6, "inflow_peak": 1.4}