{"nodes": 2590, "object_boundaries": ["on_boundary && x[0]>0.2288 && x[0]< 0.42878 && x[1]>0.06352 && x[1]< 0.2635", "on_boundary && x[0]>0.77153 && x[0]< 0.93676 && x[1]>0.04896 && x[1]< 0.21418"], "height": 0.41, "width": 1.6, "inflow_peak": 1.4}