{"nodes": 2069, "object_boundaries": ["on_boundary && x[0]>0.24647 && x[0]< 0.45869 && x[1]>0.08153 && x[1]< 0.29375"], "height": 0.41, "width": 1.6, "inflow_peak": 0.45}