{"nodes": 2789, "object_boundaries": ["on_boundary && x[0]>0.36384 && x[0]< 0.51437 && x[1]>0.02902 && x[1]< 0.17955", "on_boundary && x[0]>0.90976 && x[0]< 1.0829 && x[1]>0.15072 && x[1]< 0.32386"], "height": 0.41, "width": 1.6, "inflow_peak": 1.76}