{"nodes": 2654, "object_boundaries": ["on_boundary && x[0]>0.2729 && x[0]< 0.43871 && x[1]>0.05743 && x[1]< 0.22324", "on_boundary && x[0]>0.68162 && x[0]< 0.89927 && x[1]>0.12537 && x[1]< 0.34302"], "height": 0.41, "width": 1.6, "inflow_peak": 0.77}