{"nodes": 2308, "object_boundaries": ["on_boundary && x[0]>0.1298 && x[0]< 0.27284 && x[1]>0.13669 && x[1]< 0.27973"], "height": 0.41, "width": 1.6, "inflow_peak": 1.78}