{"nodes": 2075, "cells": 3929, "object_boundaries": ["on_boundary && x[0]>0.18402 && x[0]< 0.30183 && x[1]>0.03826 && x[1]< 0.16996"], "height": 0.41, "width": 1.6, "inflow_peak": 1.053}