{"nodes": 1676, "object_boundaries": ["on_boundary && x[0]>0.35818 && x[0]< 0.58183 && x[1]>0.03198 && x[1]< 0.25564"], "height": 0.41, "width": 1.6, "inflow_peak": 0.87}