{"nodes": 2068, "cells": 3924, "object_boundaries": ["on_boundary && x[0]>0.39731 && x[0]< 0.57566 && x[1]>0.00834 && x[1]< 0.19716"], "height": 0.41, "width": 1.6, "inflow_peak": 0.63}