{"nodes": 2009, "object_boundaries": ["on_boundary && x[0]>0.07768 && x[0]< 0.27074 && x[1]>0.04006 && x[1]< 0.23312"], "height": 0.41, "width": 1.6, "inflow_peak": 2.156}