{"nodes": 1958, "object_boundaries": ["on_boundary && x[0]>0.05217 && x[0]< 0.25668 && x[1]>0.15999 && x[1]< 0.36449"], "height": 0.41, "width": 1.6, "inflow_peak": 1.041}