{"nodes": 2142, "object_boundaries": ["on_boundary && x[0]>0.05138 && x[0]< 0.20862 && x[1]>0.09796 && x[1]< 0.25521"], "height": 0.41, "width": 1.6, "inflow_peak": 1.33}