{"nodes": 2122, "cells": 4035, "object_boundaries": ["on_boundary && x[0]>0.3179 && x[0]< 0.4068 && x[1]>0.11675 && x[1]< 0.19528"], "height": 0.41, "width": 1.6, "inflow_peak": 0.623}