{"nodes": 1667, "object_boundaries": ["on_boundary && x[0]>0.09331 && x[0]< 0.27817 && x[1]>0.06519 && x[1]< 0.25357"], "height": 0.41, "width": 1.6, "inflow_peak": 0.34}