{"nodes": 1674, "object_boundaries": ["on_boundary && x[0]>0.31915 && x[0]< 0.53752 && x[1]>0.14628 && x[1]< 0.36465"], "height": 0.41, "width": 1.6, "inflow_peak": 1.43}