{"nodes": 2387, "object_boundaries": ["on_boundary && x[0]>0.35543 && x[0]< 0.49824 && x[1]>0.19075 && x[1]< 0.33356"], "height": 0.41, "width": 1.6, "inflow_peak": 1.12}