{"nodes": 2070, "cells": 3924, "object_boundaries": ["on_boundary && x[0]>0.31897 && x[0]< 0.38348 && x[1]>0.13347 && x[1]< 0.29588"], "height": 0.41, "width": 1.6, "inflow_peak": 0.305}