{"nodes": 2081, "object_boundaries": ["on_boundary && x[0]>0.37678 && x[0]< 0.55508 && x[1]>0.0248 && x[1]< 0.23566"], "height": 0.41, "width": 1.6, "inflow_peak": 2.11}