{"nodes": 2135, "object_boundaries": ["on_boundary && x[0]>0.15377 && x[0]< 0.36697 && x[1]>0.12343 && x[1]< 0.40105"], "height": 0.41, "width": 1.6, "inflow_peak": 0.81}