{"nodes": 2006, "cells": 3808, "object_boundaries": ["on_boundary && x[0]>0.21127 && x[0]< 0.28886 && x[1]>0.19794 && x[1]< 0.28008"], "height": 0.41, "width": 1.6, "inflow_peak": 0.727}