{"nodes": 1734, "object_boundaries": ["on_boundary && x[0]>0.13158 && x[0]< 0.37819 && x[1]>0.05452 && x[1]< 0.3118", "on_boundary && x[0]>0.54079 && x[0]< 0.77692 && x[1]>0.01344 && x[1]< 0.20921"], "height": 0.41, "width": 1.6, "inflow_peak": 0.91}