{"nodes": 2098, "object_boundaries": ["on_boundary && x[0]>0.28183 && x[0]< 0.50009 && x[1]>0.09223 && x[1]< 0.32103"], "height": 0.41, "width": 1.6, "inflow_peak": 1.7}