{"nodes": 2328, "object_boundaries": ["on_boundary && x[0]>0.2804 && x[0]< 0.43368 && x[1]>0.08073 && x[1]< 0.23401"], "height": 0.41, "width": 1.6, "inflow_peak": 1.188}