{"nodes": 2026, "cells": 3822, "object_boundaries": ["on_boundary && x[0]>0.11957 && x[0]< 0.3701 && x[1]>0.1431 && x[1]< 0.39363"], "height": 0.41, "width": 1.6, "inflow_peak": 1.27}