{"nodes": 1836, "object_boundaries": ["on_boundary && x[0]>0.37241 && x[0]< 0.53588 && x[1]>0.16366 && x[1]< 0.32449"], "height": 0.41, "width": 1.6, "inflow_peak": 1.76}