{"nodes": 1691, "object_boundaries": ["on_boundary && x[0]>0.25634 && x[0]< 0.48285 && x[1]>0.20607 && x[1]< 0.42304"], "height": 0.41, "width": 1.6, "inflow_peak": 2.06}