{"nodes": 1760, "object_boundaries": ["on_boundary && x[0]>0.3581 && x[0]< 0.53447 && x[1]>0.11273 && x[1]< 0.2891"], "height": 0.41, "width": 1.6, "inflow_peak": 1.34}