{"nodes": 1901, "object_boundaries": ["on_boundary && x[0]>0.28686 && x[0]< 0.52617 && x[1]>0.10187 && x[1]< 0.34119"], "height": 0.41, "width": 1.6, "inflow_peak": 0.58}