{"nodes": 2042, "cells": 3878, "object_boundaries": ["on_boundary && x[0]>0.11705 && x[0]< 0.28557 && x[1]>0.07078 && x[1]< 0.2393"], "height": 0.41, "width": 1.6, "inflow_peak": 1.02}