{"nodes": 2051, "cells": 3900, "object_boundaries": ["on_boundary && x[0]>0.26673 && x[0]< 0.33688 && x[1]>0.07757 && x[1]< 0.14771"], "height": 0.41, "width": 1.6, "inflow_peak": 1.771}