{"nodes": 1992, "cells": 3769, "object_boundaries": ["on_boundary && x[0]>0.1004 && x[0]< 0.23636 && x[1]>0.24378 && x[1]< 0.33181"], "height": 0.41, "width": 1.6, "inflow_peak": 1.395}