{"nodes": 2553, "cells": 4868, "object_boundaries": ["on_boundary && x[0]>0.16269 && x[0]< 0.34848 && x[1]>0.15976 && x[1]< 0.34463", "on_boundary && x[0]>0.5788 && x[0]< 0.77074 && x[1]>0.09455 && x[1]< 0.27836"], "height": 0.41, "width": 1.6, "inflow_peak": 1.66}