{"nodes": 2043, "object_boundaries": ["on_boundary && x[0]>0.13033 && x[0]< 0.31489 && x[1]>0.12172 && x[1]< 0.32554"], "height": 0.41, "width": 1.6, "inflow_peak": 1.46}