{"nodes": 2532, "cells": 4796, "object_boundaries": ["on_boundary && x[0]>0.29691 && x[0]< 0.42592 && x[1]>0.16956 && x[1]< 0.29857", "on_boundary && x[0]>0.85743 && x[0]< 1.02489 && x[1]>0.13254 && x[1]< 0.3"], "height": 0.41, "width": 1.6, "inflow_peak": 1.086}