{"nodes": 2635, "object_boundaries": ["on_boundary && x[0]>0.372 && x[0]< 0.55663 && x[1]>0.08366 && x[1]< 0.26828", "on_boundary && x[0]>0.70782 && x[0]< 0.90208 && x[1]>0.14351 && x[1]< 0.33776"], "height": 0.41, "width": 1.6, "inflow_peak": 1.7}