{"nodes": 2919, "object_boundaries": ["on_boundary && x[0]>0.11008 && x[0]< 0.26545 && x[1]>0.08301 && x[1]< 0.23838", "on_boundary && x[0]>0.76879 && x[0]< 0.91063 && x[1]>0.2142 && x[1]< 0.35604"], "height": 0.41, "width": 1.6, "inflow_peak": 2.22}