{"nodes": 1976, "object_boundaries": ["on_boundary && x[0]>0.25509 && x[0]< 0.47031 && x[1]>0.17037 && x[1]< 0.38559"], "height": 0.41, "width": 1.6, "inflow_peak": 1.62}