{"nodes": 1960, "object_boundaries": ["on_boundary && x[0]>0.25371 && x[0]< 0.50828 && x[1]>0.13709 && x[1]< 0.34558"], "height": 0.41, "width": 1.6, "inflow_peak": 1.78}