{"nodes": 2057, "cells": 3910, "object_boundaries": ["on_boundary && x[0]>0.32217 && x[0]< 0.49312 && x[1]>0.1516 && x[1]< 0.3183"], "height": 0.41, "width": 1.6, "inflow_peak": 0.94}