{"nodes": 2058, "cells": 3911, "object_boundaries": ["on_boundary && x[0]>0.39231 && x[0]< 0.47286 && x[1]>0.15148 && x[1]< 0.2386"], "height": 0.41, "width": 1.6, "inflow_peak": 1.934}