{"nodes": 2132, "object_boundaries": ["on_boundary && x[0]>0.15503 && x[0]< 0.31924 && x[1]>0.12608 && x[1]< 0.31771"], "height": 0.41, "width": 1.6, "inflow_peak": 0.38}