{"nodes": 2279, "object_boundaries": ["on_boundary && x[0]>0.31122 && x[0]< 0.55737 && x[1]>0.0783 && x[1]< 0.30075"], "height": 0.41, "width": 1.6, "inflow_peak": 1.71}