{"nodes": 2064, "object_boundaries": ["on_boundary && x[0]>0.36195 && x[0]< 0.56114 && x[1]>0.14559 && x[1]< 0.34634"], "height": 0.41, "width": 1.6, "inflow_peak": 0.61}