{"nodes": 2023, "object_boundaries": ["on_boundary && x[0]>0.23343 && x[0]< 0.42227 && x[1]>0.03221 && x[1]< 0.25002"], "height": 0.41, "width": 1.6, "inflow_peak": 2.0}