{"nodes": 2007, "cells": 3810, "object_boundaries": ["on_boundary && x[0]>0.32928 && x[0]< 0.47262 && x[1]>0.19131 && x[1]< 0.38541"], "height": 0.41, "width": 1.6, "inflow_peak": 1.87}