{"nodes": 2369, "object_boundaries": ["on_boundary && x[0]>0.22902 && x[0]< 0.4411 && x[1]>0.2227 && x[1]< 0.35328"], "height": 0.41, "width": 1.6, "inflow_peak": 1.27}