{"nodes": 1877, "object_boundaries": ["on_boundary && x[0]>0.13671 && x[0]< 0.34074 && x[1]>0.07603 && x[1]< 0.33603"], "height": 0.41, "width": 1.6, "inflow_peak": 1.74}