{"nodes": 1829, "object_boundaries": ["on_boundary && x[0]>0.12063 && x[0]< 0.37291 && x[1]>0.05598 && x[1]< 0.30731"], "height": 0.41, "width": 1.6, "inflow_peak": 0.57}