{"nodes": 2234, "object_boundaries": ["on_boundary && x[0]>0.24419 && x[0]< 0.44308 && x[1]>0.02585 && x[1]< 0.17415"], "height": 0.41, "width": 1.6, "inflow_peak": 0.15}