{"nodes": 2019, "object_boundaries": ["on_boundary && x[0]>0.18482 && x[0]< 0.43557 && x[1]>0.19865 && x[1]< 0.38301"], "height": 0.41, "width": 1.6, "inflow_peak": 1.55}