{"nodes": 2021, "cells": 3831, "object_boundaries": ["on_boundary && x[0]>0.18537 && x[0]< 0.37215 && x[1]>0.18096 && x[1]< 0.37581"], "height": 0.41, "width": 1.6, "inflow_peak": 1.71}