{"nodes": 2146, "object_boundaries": ["on_boundary && x[0]>0.23221 && x[0]< 0.41264 && x[1]>0.05857 && x[1]< 0.29077"], "height": 0.41, "width": 1.6, "inflow_peak": 1.02}