{"nodes": 2209, "object_boundaries": ["on_boundary && x[0]>0.19014 && x[0]< 0.34687 && x[1]>0.15025 && x[1]< 0.33195"], "height": 0.41, "width": 1.6, "inflow_peak": 0.68}