{"nodes": 2213, "object_boundaries": ["on_boundary && x[0]>0.2452 && x[0]< 0.52422 && x[1]>0.08085 && x[1]< 0.35998"], "height": 0.41, "width": 1.6, "inflow_peak": 1.34}