{"nodes": 1767, "object_boundaries": ["on_boundary && x[0]>0.06521 && x[0]< 0.29723 && x[1]>0.11583 && x[1]< 0.34742", "on_boundary && x[0]>0.72236 && x[0]< 0.93655 && x[1]>0.06384 && x[1]< 0.26853"], "height": 0.41, "width": 1.6, "inflow_peak": 1.62}