{"nodes": 2051, "object_boundaries": ["on_boundary && x[0]>0.08448 && x[0]< 0.28352 && x[1]>0.03702 && x[1]< 0.21357"], "height": 0.41, "width": 1.6, "inflow_peak": 1.49}