{"nodes": 2073, "cells": 3932, "object_boundaries": ["on_boundary && x[0]>0.20073 && x[0]< 0.38719 && x[1]>0.01961 && x[1]< 0.21546"], "height": 0.41, "width": 1.6, "inflow_peak": 1.38}