{"nodes": 1973, "object_boundaries": ["on_boundary && x[0]>0.07606 && x[0]< 0.31721 && x[1]>0.00531 && x[1]< 0.24137"], "height": 0.41, "width": 1.6, "inflow_peak": 0.94}