{"nodes": 2007, "object_boundaries": ["on_boundary && x[0]>0.13997 && x[0]< 0.33387 && x[1]>0.0844 && x[1]< 0.31151"], "height": 0.41, "width": 1.6, "inflow_peak": 0.21}