{"nodes": 1988, "cells": 3760, "object_boundaries": ["on_boundary && x[0]>0.08966 && x[0]< 0.29269 && x[1]>0.15062 && x[1]< 0.36488"], "height": 0.41, "width": 1.6, "inflow_peak": 1.08}