{"nodes": 2042, "object_boundaries": ["on_boundary && x[0]>0.11146 && x[0]< 0.2631 && x[1]>-0.00855 && x[1]< 0.21323"], "height": 0.41, "width": 1.6, "inflow_peak": 0.68}