{"nodes": 2122, "object_boundaries": ["on_boundary && x[0]>0.17541 && x[0]< 0.35409 && x[1]>0.14488 && x[1]< 0.28602"], "height": 0.41, "width": 1.6, "inflow_peak": 1.96}