{"nodes": 2118, "object_boundaries": ["on_boundary && x[0]>0.15145 && x[0]< 0.32175 && x[1]>0.18043 && x[1]< 0.37056"], "height": 0.41, "width": 1.6, "inflow_peak": 1.29}