{"nodes": 1970, "cells": 3721, "object_boundaries": ["on_boundary && x[0]>0.06794 && x[0]< 0.28253 && x[1]>0.12448 && x[1]< 0.34701"], "height": 0.41, "width": 1.6, "inflow_peak": 0.51}