{"nodes": 2042, "object_boundaries": ["on_boundary && x[0]>0.24318 && x[0]< 0.46595 && x[1]>0.14446 && x[1]< 0.34392"], "height": 0.41, "width": 1.6, "inflow_peak": 0.63}