{"nodes": 2186, "object_boundaries": ["on_boundary && x[0]>0.198 && x[0]< 0.37936 && x[1]>0.02522 && x[1]< 0.18507"], "height": 0.41, "width": 1.6, "inflow_peak": 0.45}