{"nodes": 2358, "object_boundaries": ["on_boundary && x[0]>0.26029 && x[0]< 0.39356 && x[1]>0.23336 && x[1]< 0.36664"], "height": 0.41, "width": 1.6, "inflow_peak": 1.02}