{"nodes": 2034, "cells": 3860, "object_boundaries": ["on_boundary && x[0]>0.21894 && x[0]< 0.40141 && x[1]>0.06008 && x[1]< 0.24255"], "height": 0.41, "width": 1.6, "inflow_peak": 1.71}