{"nodes": 1840, "object_boundaries": ["on_boundary && x[0]>0.23728 && x[0]< 0.49294 && x[1]>0.10323 && x[1]< 0.35888"], "height": 0.41, "width": 1.6, "inflow_peak": 2.12}