{"nodes": 2199, "object_boundaries": ["on_boundary && x[0]>0.1592 && x[0]< 0.31954 && x[1]>0.1977 && x[1]< 0.35804"], "height": 0.41, "width": 1.6, "inflow_peak": 0.4}