{"nodes": 2067, "cells": 3925, "object_boundaries": ["on_boundary && x[0]>0.20125 && x[0]< 0.29391 && x[1]>0.11991 && x[1]< 0.20731"], "height": 0.41, "width": 1.6, "inflow_peak": 0.582}