{"nodes": 1939, "object_boundaries": ["on_boundary && x[0]>0.30084 && x[0]< 0.44728 && x[1]>0.10348 && x[1]< 0.24993"], "height": 0.41, "width": 1.6, "inflow_peak": 0.97}