{"nodes": 2127, "object_boundaries": ["on_boundary && x[0]>0.34795 && x[0]< 0.51395 && x[1]>0.03011 && x[1]< 0.22591"], "height": 0.41, "width": 1.6, "inflow_peak": 2.09}