{"nodes": 2667, "object_boundaries": ["on_boundary && x[0]>0.22972 && x[0]< 0.40252 && x[1]>-0.01485 && x[1]< 0.23493", "on_boundary && x[0]>0.80192 && x[0]< 1.01088 && x[1]>0.15886 && x[1]< 0.30438"], "height": 0.41, "width": 1.6, "inflow_peak": 0.66}