{"nodes": 2919, "object_boundaries": ["on_boundary && x[0]>0.13867 && x[0]< 0.34554 && x[1]>0.05761 && x[1]< 0.30112", "on_boundary && x[0]>0.79717 && x[0]< 1.02279 && x[1]>0.05576 && x[1]< 0.28316"], "height": 0.41, "width": 1.6, "inflow_peak": 1.13}