{"nodes": 2329, "object_boundaries": ["on_boundary && x[0]>0.20734 && x[0]< 0.34868 && x[1]>0.12503 && x[1]< 0.28585"], "height": 0.41, "width": 1.6, "inflow_peak": 0.6}