{"nodes": 2049, "cells": 3894, "object_boundaries": ["on_boundary && x[0]>0.25558 && x[0]< 0.42533 && x[1]>0.11362 && x[1]< 0.28777"], "height": 0.41, "width": 1.6, "inflow_peak": 0.61}