{"nodes": 2078, "cells": 3942, "object_boundaries": ["on_boundary && x[0]>0.19436 && x[0]< 0.29338 && x[1]>0.12796 && x[1]< 0.22612"], "height": 0.41, "width": 1.6, "inflow_peak": 1.53}