{"nodes": 2025, "cells": 3845, "object_boundaries": ["on_boundary && x[0]>0.29803 && x[0]< 0.4541 && x[1]>0.09129 && x[1]< 0.28237"], "height": 0.41, "width": 1.6, "inflow_peak": 2.05}