{"nodes": 2269, "object_boundaries": ["on_boundary && x[0]>0.29887 && x[0]< 0.4679 && x[1]>0.08487 && x[1]< 0.24359"], "height": 0.41, "width": 1.6, "inflow_peak": 0.63}