{"nodes": 2021, "object_boundaries": ["on_boundary && x[0]>0.04818 && x[0]< 0.29303 && x[1]>0.04673 && x[1]< 0.21332"], "height": 0.41, "width": 1.6, "inflow_peak": 1.94}