{"nodes": 2052, "cells": 3894, "object_boundaries": ["on_boundary && x[0]>0.30743 && x[0]< 0.41721 && x[1]>0.10423 && x[1]< 0.19078"], "height": 0.41, "width": 1.6, "inflow_peak": 1.412}