{"nodes": 2319, "object_boundaries": ["on_boundary && x[0]>0.19076 && x[0]< 0.42086 && x[1]>0.08781 && x[1]< 0.31692"], "height": 0.41, "width": 1.6, "inflow_peak": 0.84}