{"nodes": 2106, "object_boundaries": ["on_boundary && x[0]>0.08714 && x[0]< 0.25866 && x[1]>0.01844 && x[1]< 0.18996"], "height": 0.41, "width": 1.6, "inflow_peak": 2.24}