{"nodes": 2251, "object_boundaries": ["on_boundary && x[0]>0.10101 && x[0]< 0.25326 && x[1]>0.17368 && x[1]< 0.32592"], "height": 0.41, "width": 1.6, "inflow_peak": 1.02}