{"nodes": 1728, "object_boundaries": ["on_boundary && x[0]>0.04554 && x[0]< 0.25319 && x[1]>0.05845 && x[1]< 0.2684"], "height": 0.41, "width": 1.6, "inflow_peak": 1.8}