{"nodes": 2031, "cells": 3852, "object_boundaries": ["on_boundary && x[0]>0.12571 && x[0]< 0.31748 && x[1]>0.05079 && x[1]< 0.24257"], "height": 0.41, "width": 1.6, "inflow_peak": 0.86}