{"nodes": 1989, "cells": 3783, "object_boundaries": ["on_boundary && x[0]>0.31569 && x[0]< 0.3691 && x[1]>0.11954 && x[1]< 0.17294"], "height": 0.41, "width": 1.6, "inflow_peak": 1.515}