{"nodes": 1655, "object_boundaries": ["on_boundary && x[0]>0.27558 && x[0]< 0.49678 && x[1]>0.08763 && x[1]< 0.32238"], "height": 0.41, "width": 1.6, "inflow_peak": 1.37}