{"nodes": 2026, "object_boundaries": ["on_boundary && x[0]>0.24457 && x[0]< 0.4255 && x[1]>-0.01181 && x[1]< 0.21181"], "height": 0.41, "width": 1.6, "inflow_peak": 0.5}