{"nodes": 2050, "object_boundaries": ["on_boundary && x[0]>0.14065 && x[0]< 0.33384 && x[1]>0.03771 && x[1]< 0.22014"], "height": 0.41, "width": 1.6, "inflow_peak": 1.05}