{"nodes": 2067, "object_boundaries": ["on_boundary && x[0]>0.30784 && x[0]< 0.51413 && x[1]>0.03869 && x[1]< 0.1807"], "height": 0.41, "width": 1.6, "inflow_peak": 0.8}