{"nodes": 2030, "cells": 3846, "object_boundaries": ["on_boundary && x[0]>0.34254 && x[0]< 0.44057 && x[1]>0.07325 && x[1]< 0.19756"], "height": 0.41, "width": 1.6, "inflow_peak": 0.316}