{"nodes": 1693, "object_boundaries": ["on_boundary && x[0]>0.23461 && x[0]< 0.41516 && x[1]>0.10587 && x[1]< 0.29218"], "height": 0.41, "width": 1.6, "inflow_peak": 0.8}