{"nodes": 1659, "object_boundaries": ["on_boundary && x[0]>0.08187 && x[0]< 0.31141 && x[1]>0.09419 && x[1]< 0.30689"], "height": 0.41, "width": 1.6, "inflow_peak": 1.39}