{"nodes": 2050, "cells": 3885, "object_boundaries": ["on_boundary && x[0]>0.42678 && x[0]< 0.54099 && x[1]>0.07103 && x[1]< 0.1725"], "height": 0.41, "width": 1.6, "inflow_peak": 0.842}