{"nodes": 2058, "cells": 3898, "object_boundaries": ["on_boundary && x[0]>0.17702 && x[0]< 0.30465 && x[1]>0.15616 && x[1]< 0.2838"], "height": 0.41, "width": 1.6, "inflow_peak": 2.053}