{"nodes": 1702, "object_boundaries": ["on_boundary && x[0]>0.16545 && x[0]< 0.3861 && x[1]>0.09146 && x[1]< 0.31242"], "height": 0.41, "width": 1.6, "inflow_peak": 1.77}