{"nodes": 2131, "cells": 4041, "object_boundaries": ["on_boundary && x[0]>0.17613 && x[0]< 0.3899 && x[1]>0.03431 && x[1]< 0.24838"], "height": 0.41, "width": 1.6, "inflow_peak": 1.3}