{"nodes": 1703, "object_boundaries": ["on_boundary && x[0]>0.18378 && x[0]< 0.44382 && x[1]>0.02885 && x[1]< 0.27508"], "height": 0.41, "width": 1.6, "inflow_peak": 1.78}