{"nodes": 1662, "object_boundaries": ["on_boundary && x[0]>0.26171 && x[0]< 0.47187 && x[1]>0.02004 && x[1]< 0.22691"], "height": 0.41, "width": 1.6, "inflow_peak": 1.78}