{"nodes": 1994, "object_boundaries": ["on_boundary && x[0]>0.148 && x[0]< 0.36459 && x[1]>0.10705 && x[1]< 0.32364"], "height": 0.41, "width": 1.6, "inflow_peak": 0.52}