{"nodes": 2380, "object_boundaries": ["on_boundary && x[0]>0.2632 && x[0]< 0.49063 && x[1]>0.13761 && x[1]< 0.36503", "on_boundary && x[0]>0.71015 && x[0]< 0.90998 && x[1]>0.07472 && x[1]< 0.27456"], "height": 0.41, "width": 1.6, "inflow_peak": 0.8}