{"nodes": 2892, "object_boundaries": ["on_boundary && x[0]>0.22955 && x[0]< 0.39671 && x[1]>0.10084 && x[1]< 0.26801", "on_boundary && x[0]>0.81763 && x[0]< 0.97536 && x[1]>0.12686 && x[1]< 0.2846"], "height": 0.41, "width": 1.6, "inflow_peak": 0.41}