{"nodes": 1934, "object_boundaries": ["on_boundary && x[0]>0.07754 && x[0]< 0.29814 && x[1]>0.09297 && x[1]< 0.31357"], "height": 0.41, "width": 1.6, "inflow_peak": 1.12}