{"nodes": 2034, "object_boundaries": ["on_boundary && x[0]>0.25374 && x[0]< 0.42906 && x[1]>0.13689 && x[1]< 0.37182"], "height": 0.41, "width": 1.6, "inflow_peak": 2.26}