{"nodes": 2163, "object_boundaries": ["on_boundary && x[0]>0.1264 && x[0]< 0.33586 && x[1]>0.04579 && x[1]< 0.29876"], "height": 0.41, "width": 1.6, "inflow_peak": 0.86}