{"nodes": 2043, "cells": 3862, "object_boundaries": ["on_boundary && x[0]>0.11209 && x[0]< 0.33296 && x[1]>0.02001 && x[1]< 0.25484"], "height": 0.41, "width": 1.6, "inflow_peak": 1.05}