{"nodes": 1694, "object_boundaries": ["on_boundary && x[0]>0.22815 && x[0]< 0.45431 && x[1]>0.17729 && x[1]< 0.37396"], "height": 0.41, "width": 1.6, "inflow_peak": 1.75}