{"nodes": 1735, "object_boundaries": ["on_boundary && x[0]>0.29722 && x[0]< 0.51124 && x[1]>0.10451 && x[1]< 0.33451", "on_boundary && x[0]>0.67748 && x[0]< 0.87686 && x[1]>0.15691 && x[1]< 0.34679"], "height": 0.41, "width": 1.6, "inflow_peak": 2.03}