{"nodes": 1733, "object_boundaries": ["on_boundary && x[0]>0.18013 && x[0]< 0.36411 && x[1]>0.05498 && x[1]< 0.25887"], "height": 0.41, "width": 1.6, "inflow_peak": 1.55}