{"nodes": 2422, "cells": 4586, "object_boundaries": ["on_boundary && x[0]>0.12034 && x[0]< 0.28689 && x[1]>0.06575 && x[1]< 0.2323", "on_boundary && x[0]>0.88039 && x[0]< 0.97969 && x[1]>0.21998 && x[1]< 0.31928"], "height": 0.41, "width": 1.6, "inflow_peak": 0.964}