{"nodes": 1969, "object_boundaries": ["on_boundary && x[0]>0.3115 && x[0]< 0.48341 && x[1]>0.17238 && x[1]< 0.34429"], "height": 0.41, "width": 1.6, "inflow_peak": 1.25}