{"nodes": 1721, "object_boundaries": ["on_boundary && x[0]>0.20639 && x[0]< 0.41558 && x[1]>0.04513 && x[1]< 0.25432"], "height": 0.41, "width": 1.6, "inflow_peak": 0.47}