{"nodes": 1762, "object_boundaries": ["on_boundary && x[0]>0.38034 && x[0]< 0.58071 && x[1]>0.05663 && x[1]< 0.25701"], "height": 0.41, "width": 1.6, "inflow_peak": 1.63}