{"nodes": 1918, "object_boundaries": ["on_boundary && x[0]>0.17304 && x[0]< 0.35098 && x[1]>0.07925 && x[1]< 0.26592"], "height": 0.41, "width": 1.6, "inflow_peak": 1.4}