{"nodes": 1894, "object_boundaries": ["on_boundary && x[0]>0.18353 && x[0]< 0.34671 && x[1]>0.14804 && x[1]< 0.31122"], "height": 0.41, "width": 1.6, "inflow_peak": 1.52}