{"nodes": 1856, "object_boundaries": ["on_boundary && x[0]>0.04776 && x[0]< 0.27855 && x[1]>0.09689 && x[1]< 0.34001"], "height": 0.41, "width": 1.6, "inflow_peak": 0.67}