{"nodes": 2059, "object_boundaries": ["on_boundary && x[0]>0.26325 && x[0]< 0.41135 && x[1]>0.08154 && x[1]< 0.32201"], "height": 0.41, "width": 1.6, "inflow_peak": 0.8}