{"nodes": 2087, "cells": 3961, "object_boundaries": ["on_boundary && x[0]>0.32839 && x[0]< 0.45516 && x[1]>0.10529 && x[1]< 0.19525"], "height": 0.41, "width": 1.6, "inflow_peak": 1.085}