{"nodes": 1996, "object_boundaries": ["on_boundary && x[0]>0.28639 && x[0]< 0.51656 && x[1]>0.08276 && x[1]< 0.29458"], "height": 0.41, "width": 1.6, "inflow_peak": 1.72}