{"nodes": 2222, "object_boundaries": ["on_boundary && x[0]>0.25853 && x[0]< 0.45566 && x[1]>0.11873 && x[1]< 0.36939"], "height": 0.41, "width": 1.6, "inflow_peak": 1.14}