{"nodes": 1967, "cells": 3721, "object_boundaries": ["on_boundary && x[0]>0.07708 && x[0]< 0.23758 && x[1]>0.12057 && x[1]< 0.34952"], "height": 0.41, "width": 1.6, "inflow_peak": 1.73}