{"nodes": 2290, "object_boundaries": ["on_boundary && x[0]>0.22142 && x[0]< 0.42553 && x[1]>0.09967 && x[1]< 0.25153"], "height": 0.41, "width": 1.6, "inflow_peak": 1.59}