{"nodes": 2101, "cells": 3977, "object_boundaries": ["on_boundary && x[0]>0.40826 && x[0]< 0.55756 && x[1]>0.05926 && x[1]< 0.19964"], "height": 0.41, "width": 1.6, "inflow_peak": 1.887}