{"nodes": 2210, "object_boundaries": ["on_boundary && x[0]>0.29948 && x[0]< 0.54043 && x[1]>0.12283 && x[1]< 0.36378", "on_boundary && x[0]>0.53268 && x[0]< 0.72732 && x[1]>0.12288 && x[1]< 0.31751"], "height": 0.41, "width": 1.6, "inflow_peak": 1.78}