{"nodes": 1913, "object_boundaries": ["on_boundary && x[0]>0.21124 && x[0]< 0.43963 && x[1]>0.03428 && x[1]< 0.26267"], "height": 0.41, "width": 1.6, "inflow_peak": 0.66}