{"nodes": 2426, "object_boundaries": ["on_boundary && x[0]>0.38413 && x[0]< 0.59737 && x[1]>0.18942 && x[1]< 0.40266", "on_boundary && x[0]>0.88527 && x[0]< 1.07324 && x[1]>0.01599 && x[1]< 0.20396"], "height": 0.41, "width": 1.6, "inflow_peak": 0.35}