{"nodes": 2029, "cells": 3839, "object_boundaries": ["on_boundary && x[0]>0.17051 && x[0]< 0.29898 && x[1]>0.07567 && x[1]< 0.20415"], "height": 0.41, "width": 1.6, "inflow_peak": 0.391}