{"nodes": 2237, "object_boundaries": ["on_boundary && x[0]>0.20447 && x[0]< 0.41384 && x[1]>0.12814 && x[1]< 0.33752", "on_boundary && x[0]>0.55832 && x[0]< 0.80017 && x[1]>0.05859 && x[1]< 0.30043"], "height": 0.41, "width": 1.6, "inflow_peak": 0.88}