{"nodes": 2252, "object_boundaries": ["on_boundary && x[0]>0.28881 && x[0]< 0.45329 && x[1]>0.12437 && x[1]< 0.28885"], "height": 0.41, "width": 1.6, "inflow_peak": 2.35}