{"nodes": 1967, "object_boundaries": ["on_boundary && x[0]>0.03719 && x[0]< 0.22281 && x[1]>0.10176 && x[1]< 0.28739"], "height": 0.41, "width": 1.6, "inflow_peak": 1.03}