{"nodes": 1682, "object_boundaries": ["on_boundary && x[0]>0.27457 && x[0]< 0.50031 && x[1]>0.02507 && x[1]< 0.24748"], "height": 0.41, "width": 1.6, "inflow_peak": 1.2}