{"nodes": 1698, "object_boundaries": ["on_boundary && x[0]>0.39271 && x[0]< 0.55921 && x[1]>0.11876 && x[1]< 0.29347"], "height": 0.41, "width": 1.6, "inflow_peak": 1.61}