{"nodes": 2139, "cells": 4062, "object_boundaries": ["on_boundary && x[0]>0.2979 && x[0]< 0.40117 && x[1]>0.11737 && x[1]< 0.23346"], "height": 0.41, "width": 1.6, "inflow_peak": 1.644}