{"nodes": 2096, "cells": 3973, "object_boundaries": ["on_boundary && x[0]>0.15695 && x[0]< 0.3734 && x[1]>0.20656 && x[1]< 0.40739"], "height": 0.41, "width": 1.6, "inflow_peak": 1.06}