{"nodes": 2063, "object_boundaries": ["on_boundary && x[0]>0.32649 && x[0]< 0.45255 && x[1]>0.13582 && x[1]< 0.26188"], "height": 0.41, "width": 1.6, "inflow_peak": 1.42}