{"nodes": 1831, "object_boundaries": ["on_boundary && x[0]>0.24281 && x[0]< 0.4979 && x[1]>0.11762 && x[1]< 0.37271"], "height": 0.41, "width": 1.6, "inflow_peak": 0.851}