{"nodes": 2043, "cells": 3872, "object_boundaries": ["on_boundary && x[0]>0.21111 && x[0]< 0.3236 && x[1]>0.11972 && x[1]< 0.23221"], "height": 0.41, "width": 1.6, "inflow_peak": 2.116}