{"nodes": 2337, "object_boundaries": ["on_boundary && x[0]>0.37871 && x[0]< 0.51985 && x[1]>0.1368 && x[1]< 0.27794"], "height": 0.41, "width": 1.6, "inflow_peak": 0.693}