{"nodes": 2578, "object_boundaries": ["on_boundary && x[0]>0.15634 && x[0]< 0.31712 && x[1]>0.19117 && x[1]< 0.35195", "on_boundary && x[0]>0.91948 && x[0]< 1.14052 && x[1]>0.09351 && x[1]< 0.31454"], "height": 0.41, "width": 1.6, "inflow_peak": 1.14}