{"nodes": 2476, "object_boundaries": ["on_boundary && x[0]>0.24539 && x[0]< 0.52305 && x[1]>0.00114 && x[1]< 0.2788", "on_boundary && x[0]>0.57 && x[0]< 0.69 && x[1]>0.16216 && x[1]< 0.28216"], "height": 0.41, "width": 1.6, "inflow_peak": 1.09}