{"nodes": 1983, "cells": 3751, "object_boundaries": ["on_boundary && x[0]>0.11283 && x[0]< 0.22633 && x[1]>0.20155 && x[1]< 0.31506"], "height": 0.41, "width": 1.6, "inflow_peak": 1.015}