{"nodes": 2180, "object_boundaries": ["on_boundary && x[0]>0.28137 && x[0]< 0.53774 && x[1]>0.00234 && x[1]< 0.2587", "on_boundary && x[0]>0.86963 && x[0]< 1.08231 && x[1]>0.11205 && x[1]< 0.32473"], "height": 0.41, "width": 1.6, "inflow_peak": 1.98}