{"nodes": 2066, "cells": 3926, "object_boundaries": ["on_boundary && x[0]>0.24921 && x[0]< 0.31355 && x[1]>0.22257 && x[1]< 0.28691"], "height": 0.41, "width": 1.6, "inflow_peak": 1.459}