{"nodes": 2231, "object_boundaries": ["on_boundary && x[0]>0.14855 && x[0]< 0.29907 && x[1]>0.0403 && x[1]< 0.19081"], "height": 0.41, "width": 1.6, "inflow_peak": 1.82}