{"nodes": 1678, "object_boundaries": ["on_boundary && x[0]>0.11524 && x[0]< 0.34281 && x[1]>0.07502 && x[1]< 0.28862"], "height": 0.41, "width": 1.6, "inflow_peak": 0.91}