{"nodes": 1812, "object_boundaries": ["on_boundary && x[0]>0.26559 && x[0]< 0.46021 && x[1]>0.05254 && x[1]< 0.24716"], "height": 0.41, "width": 1.6, "inflow_peak": 0.72}