{"nodes": 1946, "object_boundaries": ["on_boundary && x[0]>0.06472 && x[0]< 0.28178 && x[1]>0.10826 && x[1]< 0.32533"], "height": 0.41, "width": 1.6, "inflow_peak": 1.6}