{"nodes": 2141, "object_boundaries": ["on_boundary && x[0]>0.04661 && x[0]< 0.21339 && x[1]>0.17745 && x[1]< 0.32908"], "height": 0.41, "width": 1.6, "inflow_peak": 1.58}