{"nodes": 2086, "object_boundaries": ["on_boundary && x[0]>0.29645 && x[0]< 0.51904 && x[1]>0.06106 && x[1]< 0.2528"], "height": 0.41, "width": 1.6, "inflow_peak": 2.35}