{"nodes": 1731, "object_boundaries": ["on_boundary && x[0]>0.11156 && x[0]< 0.3029 && x[1]>0.05668 && x[1]< 0.27051"], "height": 0.41, "width": 1.6, "inflow_peak": 1.63}