{"nodes": 2040, "object_boundaries": ["on_boundary && x[0]>0.25926 && x[0]< 0.47626 && x[1]>0.20488 && x[1]< 0.39512"], "height": 0.41, "width": 1.6, "inflow_peak": 1.3}