{"nodes": 2167, "cells": 4103, "object_boundaries": ["on_boundary && x[0]>0.20258 && x[0]< 0.36549 && x[1]>0.05602 && x[1]< 0.21258"], "height": 0.41, "width": 1.6, "inflow_peak": 0.642}