{"nodes": 2144, "cells": 4070, "object_boundaries": ["on_boundary && x[0]>0.20048 && x[0]< 0.4192 && x[1]>-0.00022 && x[1]< 0.21035"], "height": 0.41, "width": 1.6, "inflow_peak": 0.27}