{"nodes": 1678, "object_boundaries": ["on_boundary && x[0]>0.26327 && x[0]< 0.46999 && x[1]>0.1934 && x[1]< 0.4052"], "height": 0.41, "width": 1.6, "inflow_peak": 1.23}