{"nodes": 2063, "object_boundaries": ["on_boundary && x[0]>0.13945 && x[0]< 0.34978 && x[1]>0.06415 && x[1]< 0.27448"], "height": 0.41, "width": 1.6, "inflow_peak": 1.08}