{"nodes": 1953, "cells": 3709, "object_boundaries": ["on_boundary && x[0]>0.18239 && x[0]< 0.33059 && x[1]>0.03306 && x[1]< 0.18126"], "height": 0.41, "width": 1.6, "inflow_peak": 0.899}