{"nodes": 2029, "cells": 3847, "object_boundaries": ["on_boundary && x[0]>0.26253 && x[0]< 0.36429 && x[1]>0.08671 && x[1]< 0.18847"], "height": 0.41, "width": 1.6, "inflow_peak": 1.648}