{"nodes": 1991, "object_boundaries": ["on_boundary && x[0]>0.14179 && x[0]< 0.35469 && x[1]>0.05892 && x[1]< 0.26803"], "height": 0.41, "width": 1.6, "inflow_peak": 0.37}