{"nodes": 2108, "cells": 3993, "object_boundaries": ["on_boundary && x[0]>0.34316 && x[0]< 0.4493 && x[1]>0.21157 && x[1]< 0.37668"], "height": 0.41, "width": 1.6, "inflow_peak": 2.047}