{"nodes": 2139, "object_boundaries": ["on_boundary && x[0]>0.19419 && x[0]< 0.38084 && x[1]>0.06633 && x[1]< 0.24054"], "height": 0.41, "width": 1.6, "inflow_peak": 0.47}