{"nodes": 2400, "object_boundaries": ["on_boundary && x[0]>0.20637 && x[0]< 0.42179 && x[1]>0.18971 && x[1]< 0.32191", "on_boundary && x[0]>0.72735 && x[0]< 1.00379 && x[1]>0.07359 && x[1]< 0.38212"], "height": 0.41, "width": 1.6, "inflow_peak": 1.03}