{"nodes": 2036, "cells": 3844, "object_boundaries": ["on_boundary && x[0]>0.06893 && x[0]< 0.31434 && x[1]>0.06337 && x[1]< 0.30879"], "height": 0.41, "width": 1.6, "inflow_peak": 0.9}