{"nodes": 1737, "object_boundaries": ["on_boundary && x[0]>0.30106 && x[0]< 0.47567 && x[1]>0.02176 && x[1]< 0.19789"], "height": 0.41, "width": 1.6, "inflow_peak": 0.74}