{"nodes": 3278, "object_boundaries": ["on_boundary && x[0]>0.299 && x[0]< 0.54327 && x[1]>0.09004 && x[1]< 0.3343", "on_boundary && x[0]>0.90528 && x[0]< 1.15472 && x[1]>0.05831 && x[1]< 0.30775"], "height": 0.41, "width": 1.6, "inflow_peak": 1.29}