{"nodes": 2227, "object_boundaries": ["on_boundary && x[0]>0.39847 && x[0]< 0.56478 && x[1]>0.04794 && x[1]< 0.21424"], "height": 0.41, "width": 1.6, "inflow_peak": 1.15}