{"nodes": 3256, "object_boundaries": ["on_boundary && x[0]>0.34116 && x[0]< 0.48635 && x[1]>0.14166 && x[1]< 0.28685", "on_boundary && x[0]>0.62221 && x[0]< 0.78898 && x[1]>0.19744 && x[1]< 0.36421"], "height": 0.41, "width": 1.6, "inflow_peak": 1.67}