{"nodes": 2421, "object_boundaries": ["on_boundary && x[0]>0.15528 && x[0]< 0.38426 && x[1]>0.03332 && x[1]< 0.26231", "on_boundary && x[0]>0.6432 && x[0]< 0.834 && x[1]>0.07445 && x[1]< 0.26526"], "height": 0.41, "width": 1.6, "inflow_peak": 1.78}