{"nodes": 2136, "object_boundaries": ["on_boundary && x[0]>0.41231 && x[0]< 0.58131 && x[1]>0.05103 && x[1]< 0.22003"], "height": 0.41, "width": 1.6, "inflow_peak": 0.723}