{"nodes": 2137, "object_boundaries": ["on_boundary && x[0]>0.22885 && x[0]< 0.41522 && x[1]>0.06896 && x[1]< 0.25533"], "height": 0.41, "width": 1.6, "inflow_peak": 0.988}