{"nodes": 2402, "cells": 4565, "object_boundaries": ["on_boundary && x[0]>0.33134 && x[0]< 0.5537 && x[1]>-0.00016 && x[1]< 0.2222", "on_boundary && x[0]>0.64534 && x[0]< 0.81085 && x[1]>0.06383 && x[1]< 0.22934"], "height": 0.41, "width": 1.6, "inflow_peak": 1.29}