{"nodes": 2564, "object_boundaries": ["on_boundary && x[0]>0.37258 && x[0]< 0.57375 && x[1]>0.08978 && x[1]< 0.29095", "on_boundary && x[0]>0.66658 && x[0]< 0.84756 && x[1]>0.04762 && x[1]< 0.2286"], "height": 0.41, "width": 1.6, "inflow_peak": 0.55}