{"nodes": 2036, "cells": 3858, "object_boundaries": ["on_boundary && x[0]>0.25694 && x[0]< 0.36821 && x[1]>0.23837 && x[1]< 0.34964"], "height": 0.41, "width": 1.6, "inflow_peak": 2.083}