{"nodes": 2482, "cells": 4719, "object_boundaries": ["on_boundary && x[0]>0.14365 && x[0]< 0.34749 && x[1]>0.08596 && x[1]< 0.28981", "on_boundary && x[0]>0.57443 && x[0]< 0.77491 && x[1]>0.05713 && x[1]< 0.25761"], "height": 0.41, "width": 1.6, "inflow_peak": 0.91}