{"nodes": 2291, "cells": 4363, "object_boundaries": ["on_boundary && x[0]>0.46172 && x[0]< 0.51954 && x[1]>0.13354 && x[1]< 0.19136", "on_boundary && x[0]>0.69487 && x[0]< 0.7827 && x[1]>0.06254 && x[1]< 0.15037"], "height": 0.41, "width": 1.6, "inflow_peak": 2.244}