{"nodes": 1867, "object_boundaries": ["on_boundary && x[0]>0.06907 && x[0]< 0.30685 && x[1]>0.03457 && x[1]< 0.26763"], "height": 0.41, "width": 1.6, "inflow_peak": 1.33}