{"nodes": 2106, "cells": 3996, "object_boundaries": ["on_boundary && x[0]>0.27141 && x[0]< 0.47469 && x[1]>0.01439 && x[1]< 0.22793"], "height": 0.41, "width": 1.6, "inflow_peak": 1.22}