{"nodes": 2160, "cells": 4089, "object_boundaries": ["on_boundary && x[0]>0.21274 && x[0]< 0.38306 && x[1]>0.13162 && x[1]< 0.27835"], "height": 0.41, "width": 1.6, "inflow_peak": 1.77}