{"nodes": 2338, "object_boundaries": ["on_boundary && x[0]>0.37841 && x[0]< 0.53996 && x[1]>0.15183 && x[1]< 0.31218", "on_boundary && x[0]>0.78482 && x[0]< 0.97351 && x[1]>0.13689 && x[1]< 0.30864"], "height": 0.41, "width": 1.6, "inflow_peak": 1.87}