{"nodes": 1756, "object_boundaries": ["on_boundary && x[0]>0.2614 && x[0]< 0.44504 && x[1]>0.18682 && x[1]< 0.37968"], "height": 0.41, "width": 1.6, "inflow_peak": 1.08}