{"nodes": 2112, "object_boundaries": ["on_boundary && x[0]>0.21088 && x[0]< 0.43558 && x[1]>0.1134 && x[1]< 0.29269"], "height": 0.41, "width": 1.6, "inflow_peak": 1.49}