{"nodes": 2172, "object_boundaries": ["on_boundary && x[0]>0.39583 && x[0]< 0.57898 && x[1]>0.16579 && x[1]< 0.34893"], "height": 0.41, "width": 1.6, "inflow_peak": 0.691}