{"nodes": 2196, "object_boundaries": ["on_boundary && x[0]>0.29799 && x[0]< 0.47735 && x[1]>0.1254 && x[1]< 0.30476"], "height": 0.41, "width": 1.6, "inflow_peak": 1.216}