{"nodes": 2075, "object_boundaries": ["on_boundary && x[0]>0.21532 && x[0]< 0.40971 && x[1]>0.15823 && x[1]< 0.35261"], "height": 0.41, "width": 1.6, "inflow_peak": 0.15}