{"nodes": 1991, "cells": 3783, "object_boundaries": ["on_boundary && x[0]>0.18144 && x[0]< 0.33645 && x[1]>0.16067 && x[1]< 0.31568"], "height": 0.41, "width": 1.6, "inflow_peak": 1.072}