{"nodes": 2184, "object_boundaries": ["on_boundary && x[0]>0.11896 && x[0]< 0.27391 && x[1]>0.03685 && x[1]< 0.19181"], "height": 0.41, "width": 1.6, "inflow_peak": 2.186}