{"nodes": 2183, "object_boundaries": ["on_boundary && x[0]>0.19203 && x[0]< 0.44039 && x[1]>0.17582 && x[1]< 0.42418"], "height": 0.41, "width": 1.6, "inflow_peak": 1.09}