{"nodes": 1700, "object_boundaries": ["on_boundary && x[0]>0.2687 && x[0]< 0.47188 && x[1]>0.00736 && x[1]< 0.26535"], "height": 0.41, "width": 1.6, "inflow_peak": 0.15}