{"nodes": 1692, "object_boundaries": ["on_boundary && x[0]>0.16898 && x[0]< 0.43055 && x[1]>0.06723 && x[1]< 0.32966"], "height": 0.41, "width": 1.6, "inflow_peak": 1.67}