{"nodes": 2049, "cells": 3892, "object_boundaries": ["on_boundary && x[0]>0.15911 && x[0]< 0.32371 && x[1]>0.02229 && x[1]< 0.19646"], "height": 0.41, "width": 1.6, "inflow_peak": 1.7}