{"nodes": 2096, "object_boundaries": ["on_boundary && x[0]>0.27873 && x[0]< 0.46985 && x[1]>0.03984 && x[1]< 0.26681"], "height": 0.41, "width": 1.6, "inflow_peak": 1.68}