{"nodes": 2189, "object_boundaries": ["on_boundary && x[0]>0.27803 && x[0]< 0.44741 && x[1]>0.04999 && x[1]< 0.23747"], "height": 0.41, "width": 1.6, "inflow_peak": 1.12}