{"nodes": 2053, "cells": 3893, "object_boundaries": ["on_boundary && x[0]>0.29554 && x[0]< 0.47235 && x[1]>0.13475 && x[1]< 0.35396"], "height": 0.41, "width": 1.6, "inflow_peak": 0.8}