{"nodes": 2289, "object_boundaries": ["on_boundary && x[0]>0.38888 && x[0]< 0.59383 && x[1]>0.09795 && x[1]< 0.24942"], "height": 0.41, "width": 1.6, "inflow_peak": 1.01}