{"nodes": 2251, "object_boundaries": ["on_boundary && x[0]>0.27009 && x[0]< 0.43918 && x[1]>0.10831 && x[1]< 0.27996"], "height": 0.41, "width": 1.6, "inflow_peak": 1.23}