{"nodes": 2012, "cells": 3796, "object_boundaries": ["on_boundary && x[0]>0.0995 && x[0]< 0.25416 && x[1]>0.16324 && x[1]< 0.3179"], "height": 0.41, "width": 1.6, "inflow_peak": 2.161}