{"nodes": 1766, "object_boundaries": ["on_boundary && x[0]>0.36818 && x[0]< 0.57979 && x[1]>0.06122 && x[1]< 0.27283"], "height": 0.41, "width": 1.6, "inflow_peak": 1.04}