{"nodes": 2136, "cells": 4057, "object_boundaries": ["on_boundary && x[0]>0.31537 && x[0]< 0.42386 && x[1]>0.1383 && x[1]< 0.24421"], "height": 0.41, "width": 1.6, "inflow_peak": 0.508}