{"nodes": 1957, "object_boundaries": ["on_boundary && x[0]>0.33128 && x[0]< 0.56272 && x[1]>0.0836 && x[1]< 0.31503"], "height": 0.41, "width": 1.6, "inflow_peak": 0.84}