{"nodes": 1774, "object_boundaries": ["on_boundary && x[0]>0.3336 && x[0]< 0.51498 && x[1]>0.11183 && x[1]< 0.29321"], "height": 0.41, "width": 1.6, "inflow_peak": 1.06}