{"nodes": 2124, "cells": 4038, "object_boundaries": ["on_boundary && x[0]>0.31829 && x[0]< 0.5009 && x[1]>0.18784 && x[1]< 0.37045"], "height": 0.41, "width": 1.6, "inflow_peak": 2.05}