{"nodes": 2118, "object_boundaries": ["on_boundary && x[0]>0.19405 && x[0]< 0.38083 && x[1]>0.13104 && x[1]< 0.31782"], "height": 0.41, "width": 1.6, "inflow_peak": 1.08}