{"nodes": 2283, "object_boundaries": ["on_boundary && x[0]>0.2899 && x[0]< 0.45539 && x[1]>0.17043 && x[1]< 0.33592"], "height": 0.41, "width": 1.6, "inflow_peak": 0.53}