{"nodes": 2107, "cells": 3990, "object_boundaries": ["on_boundary && x[0]>0.33682 && x[0]< 0.48022 && x[1]>0.1438 && x[1]< 0.28721"], "height": 0.41, "width": 1.6, "inflow_peak": 2.089}