{"nodes": 2019, "cells": 3816, "object_boundaries": ["on_boundary && x[0]>0.07983 && x[0]< 0.30622 && x[1]>0.14272 && x[1]< 0.3691"], "height": 0.41, "width": 1.6, "inflow_peak": 1.117}