{"nodes": 1846, "object_boundaries": ["on_boundary && x[0]>0.2976 && x[0]< 0.54809 && x[1]>0.1445 && x[1]< 0.39499"], "height": 0.41, "width": 1.6, "inflow_peak": 1.443}