{"nodes": 2174, "object_boundaries": ["on_boundary && x[0]>0.22648 && x[0]< 0.40889 && x[1]>0.11929 && x[1]< 0.30171"], "height": 0.41, "width": 1.6, "inflow_peak": 1.487}