{"nodes": 2222, "object_boundaries": ["on_boundary && x[0]>0.22259 && x[0]< 0.46326 && x[1]>0.0457 && x[1]< 0.18675"], "height": 0.41, "width": 1.6, "inflow_peak": 1.33}