{"nodes": 2070, "object_boundaries": ["on_boundary && x[0]>0.38542 && x[0]< 0.54549 && x[1]>0.02849 && x[1]< 0.23393"], "height": 0.41, "width": 1.6, "inflow_peak": 1.14}