{"nodes": 2013, "object_boundaries": ["on_boundary && x[0]>0.35256 && x[0]< 0.54465 && x[1]>0.05553 && x[1]< 0.28708"], "height": 0.41, "width": 1.6, "inflow_peak": 0.95}