{"nodes": 1895, "object_boundaries": ["on_boundary && x[0]>0.21261 && x[0]< 0.46538 && x[1]>0.18588 && x[1]< 0.40963"], "height": 0.41, "width": 1.6, "inflow_peak": 2.07}