{"nodes": 2221, "object_boundaries": ["on_boundary && x[0]>0.25168 && x[0]< 0.47573 && x[1]>0.11784 && x[1]< 0.28047"], "height": 0.41, "width": 1.6, "inflow_peak": 1.0}