{"nodes": 2067, "cells": 3915, "object_boundaries": ["on_boundary && x[0]>0.27473 && x[0]< 0.44945 && x[1]>0.13835 && x[1]< 0.3912"], "height": 0.41, "width": 1.6, "inflow_peak": 1.96}