{"nodes": 2136, "object_boundaries": ["on_boundary && x[0]>0.20051 && x[0]< 0.39721 && x[1]>0.10732 && x[1]< 0.28926"], "height": 0.41, "width": 1.6, "inflow_peak": 1.03}