{"nodes": 2219, "object_boundaries": ["on_boundary && x[0]>0.4278 && x[0]< 0.6322 && x[1]>0.12576 && x[1]< 0.28937"], "height": 0.41, "width": 1.6, "inflow_peak": 0.83}