{"nodes": 2018, "cells": 3839, "object_boundaries": ["on_boundary && x[0]>0.41116 && x[0]< 0.47356 && x[1]>0.14429 && x[1]< 0.1978"], "height": 0.41, "width": 1.6, "inflow_peak": 0.504}