{"nodes": 2012, "object_boundaries": ["on_boundary && x[0]>0.30324 && x[0]< 0.43322 && x[1]>0.17238 && x[1]< 0.33735"], "height": 0.41, "width": 1.6, "inflow_peak": 1.17}