{"nodes": 2164, "object_boundaries": ["on_boundary && x[0]>0.29546 && x[0]< 0.52332 && x[1]>0.19592 && x[1]< 0.35724"], "height": 0.41, "width": 1.6, "inflow_peak": 1.89}