{"nodes": 2045, "object_boundaries": ["on_boundary && x[0]>0.17673 && x[0]< 0.40115 && x[1]>0.13611 && x[1]< 0.35479"], "height": 0.41, "width": 1.6, "inflow_peak": 2.22}