{"nodes": 2031, "object_boundaries": ["on_boundary && x[0]>0.42059 && x[0]< 0.63941 && x[1]>0.08759 && x[1]< 0.30641"], "height": 0.41, "width": 1.6, "inflow_peak": 0.66}