{"nodes": 1870, "object_boundaries": ["on_boundary && x[0]>0.12841 && x[0]< 0.3653 && x[1]>0.13101 && x[1]< 0.36791"], "height": 0.41, "width": 1.6, "inflow_peak": 1.675}