{"nodes": 1988, "cells": 3775, "object_boundaries": ["on_boundary && x[0]>0.21754 && x[0]< 0.28867 && x[1]>0.08363 && x[1]< 0.15477"], "height": 0.41, "width": 1.6, "inflow_peak": 1.412}