{"nodes": 1835, "object_boundaries": ["on_boundary && x[0]>0.09426 && x[0]< 0.3394 && x[1]>0.04665 && x[1]< 0.29179"], "height": 0.41, "width": 1.6, "inflow_peak": 0.878}