{"nodes": 2141, "cells": 4051, "object_boundaries": ["on_boundary && x[0]>0.30776 && x[0]< 0.56301 && x[1]>0.06811 && x[1]< 0.32337"], "height": 0.41, "width": 1.6, "inflow_peak": 2.159}