{"nodes": 1884, "object_boundaries": ["on_boundary && x[0]>0.40582 && x[0]< 0.65174 && x[1]>0.12586 && x[1]< 0.37178"], "height": 0.41, "width": 1.6, "inflow_peak": 0.15}