{"nodes": 2094, "object_boundaries": ["on_boundary && x[0]>0.42612 && x[0]< 0.6229 && x[1]>0.11221 && x[1]< 0.30898"], "height": 0.41, "width": 1.6, "inflow_peak": 1.348}