{"nodes": 1923, "object_boundaries": ["on_boundary && x[0]>0.07322 && x[0]< 0.29042 && x[1]>0.08668 && x[1]< 0.30388"], "height": 0.41, "width": 1.6, "inflow_peak": 1.615}