{"nodes": 2155, "object_boundaries": ["on_boundary && x[0]>0.3302 && x[0]< 0.6102 && x[1]>0.05051 && x[1]< 0.33051"], "height": 0.41, "width": 1.6, "inflow_peak": 1.515}