{"nodes": 1815, "object_boundaries": ["on_boundary && x[0]>0.2578 && x[0]< 0.52014 && x[1]>0.07964 && x[1]< 0.34198"], "height": 0.41, "width": 1.6, "inflow_peak": 1.596}