{"nodes": 2010, "cells": 3821, "object_boundaries": ["on_boundary && x[0]>0.3222 && x[0]< 0.476 && x[1]>0.19197 && x[1]< 0.34577"], "height": 0.41, "width": 1.6, "inflow_peak": 1.407}