{"nodes": 1963, "object_boundaries": ["on_boundary && x[0]>0.22638 && x[0]< 0.44919 && x[1]>0.02266 && x[1]< 0.24547"], "height": 0.41, "width": 1.6, "inflow_peak": 2.04}