{"nodes": 2046, "cells": 3890, "object_boundaries": ["on_boundary && x[0]>0.40474 && x[0]< 0.56647 && x[1]>0.21585 && x[1]< 0.37758"], "height": 0.41, "width": 1.6, "inflow_peak": 1.25}