{"nodes": 1756, "object_boundaries": ["on_boundary && x[0]>0.23295 && x[0]< 0.44174 && x[1]>0.09698 && x[1]< 0.30532"], "height": 0.41, "width": 1.6, "inflow_peak": 1.18}