{"nodes": 2155, "object_boundaries": ["on_boundary && x[0]>0.14438 && x[0]< 0.39402 && x[1]>-0.00223 && x[1]< 0.27937", "on_boundary && x[0]>0.80315 && x[0]< 1.01766 && x[1]>0.05736 && x[1]< 0.23483"], "height": 0.41, "width": 1.6, "inflow_peak": 1.05}