{"nodes": 1905, "object_boundaries": ["on_boundary && x[0]>0.11568 && x[0]< 0.34654 && x[1]>0.14596 && x[1]< 0.37062"], "height": 0.41, "width": 1.6, "inflow_peak": 1.21}