{"nodes": 2105, "cells": 3994, "object_boundaries": ["on_boundary && x[0]>0.2726 && x[0]< 0.48571 && x[1]>0.17611 && x[1]< 0.38531"], "height": 0.41, "width": 1.6, "inflow_peak": 0.71}