{"nodes": 2116, "object_boundaries": ["on_boundary && x[0]>0.25842 && x[0]< 0.40166 && x[1]>0.10364 && x[1]< 0.30586"], "height": 0.41, "width": 1.6, "inflow_peak": 1.41}