{"nodes": 2003, "cells": 3804, "object_boundaries": ["on_boundary && x[0]>0.2093 && x[0]< 0.28854 && x[1]>0.19523 && x[1]< 0.26535"], "height": 0.41, "width": 1.6, "inflow_peak": 1.882}