{"nodes": 1975, "object_boundaries": ["on_boundary && x[0]>0.11696 && x[0]< 0.33283 && x[1]>0.08927 && x[1]< 0.3002"], "height": 0.41, "width": 1.6, "inflow_peak": 0.69}