{"nodes": 2100, "object_boundaries": ["on_boundary && x[0]>0.06352 && x[0]< 0.19648 && x[1]>0.16427 && x[1]< 0.37004"], "height": 0.41, "width": 1.6, "inflow_peak": 1.79}