{"nodes": 2085, "object_boundaries": ["on_boundary && x[0]>0.31193 && x[0]< 0.46826 && x[1]>-0.00094 && x[1]< 0.27906"], "height": 0.41, "width": 1.6, "inflow_peak": 0.67}