{"nodes": 2026, "cells": 3846, "object_boundaries": ["on_boundary && x[0]>0.15092 && x[0]< 0.22036 && x[1]>0.22382 && x[1]< 0.29326"], "height": 0.41, "width": 1.6, "inflow_peak": 1.697}