{"nodes": 2012, "cells": 3795, "object_boundaries": ["on_boundary && x[0]>0.12652 && x[0]< 0.37575 && x[1]>0.15626 && x[1]< 0.40549"], "height": 0.41, "width": 1.6, "inflow_peak": 2.18}