{"nodes": 1872, "object_boundaries": ["on_boundary && x[0]>0.16078 && x[0]< 0.4028 && x[1]>0.14565 && x[1]< 0.38767"], "height": 0.41, "width": 1.6, "inflow_peak": 1.5}