{"nodes": 2115, "cells": 4013, "object_boundaries": ["on_boundary && x[0]>0.33915 && x[0]< 0.55141 && x[1]>0.09923 && x[1]< 0.31001"], "height": 0.41, "width": 1.6, "inflow_peak": 1.9}