{"nodes": 1965, "object_boundaries": ["on_boundary && x[0]>0.25879 && x[0]< 0.49815 && x[1]>0.1421 && x[1]< 0.35599"], "height": 0.41, "width": 1.6, "inflow_peak": 0.78}