{"nodes": 2087, "object_boundaries": ["on_boundary && x[0]>0.28416 && x[0]< 0.46875 && x[1]>0.20647 && x[1]< 0.39353"], "height": 0.41, "width": 1.6, "inflow_peak": 1.42}