{"nodes": 1825, "object_boundaries": ["on_boundary && x[0]>0.17838 && x[0]< 0.43795 && x[1]>0.09878 && x[1]< 0.35441"], "height": 0.41, "width": 1.6, "inflow_peak": 2.01}