{"nodes": 2129, "object_boundaries": ["on_boundary && x[0]>0.22053 && x[0]< 0.39846 && x[1]>0.20523 && x[1]< 0.38317"], "height": 0.41, "width": 1.6, "inflow_peak": 1.258}