{"nodes": 2020, "object_boundaries": ["on_boundary && x[0]>0.11381 && x[0]< 0.30349 && x[1]>0.07409 && x[1]< 0.26378"], "height": 0.41, "width": 1.6, "inflow_peak": 1.601}