{"nodes": 2053, "object_boundaries": ["on_boundary && x[0]>0.12624 && x[0]< 0.31565 && x[1]>0.0262 && x[1]< 0.21561"], "height": 0.41, "width": 1.6, "inflow_peak": 1.002}