{"nodes": 1753, "object_boundaries": ["on_boundary && x[0]>0.31877 && x[0]< 0.5978 && x[1]>0.13897 && x[1]< 0.418"], "height": 0.41, "width": 1.6, "inflow_peak": 1.129}