{"nodes": 1959, "cells": 3715, "object_boundaries": ["on_boundary && x[0]>0.13671 && x[0]< 0.21545 && x[1]>0.09689 && x[1]< 0.17562"], "height": 0.41, "width": 1.6, "inflow_peak": 1.695}