{"nodes": 2154, "object_boundaries": ["on_boundary && x[0]>0.33835 && x[0]< 0.5307 && x[1]>0.08144 && x[1]< 0.2738"], "height": 0.41, "width": 1.6, "inflow_peak": 1.463}