{"nodes": 2052, "object_boundaries": ["on_boundary && x[0]>0.22222 && x[0]< 0.42644 && x[1]>0.09761 && x[1]< 0.30183"], "height": 0.41, "width": 1.6, "inflow_peak": 1.576}