{"nodes": 1982, "cells": 3761, "object_boundaries": ["on_boundary && x[0]>0.14191 && x[0]< 0.30804 && x[1]>0.14395 && x[1]< 0.31008"], "height": 0.41, "width": 1.6, "inflow_peak": 1.68}