{"nodes": 1670, "object_boundaries": ["on_boundary && x[0]>0.16237 && x[0]< 0.34307 && x[1]>0.19329 && x[1]< 0.38304"], "height": 0.41, "width": 1.6, "inflow_peak": 1.15}