{"nodes": 1752, "object_boundaries": ["on_boundary && x[0]>0.13239 && x[0]< 0.2964 && x[1]>0.02491 && x[1]< 0.18891"], "height": 0.41, "width": 1.6, "inflow_peak": 2.12}