{"nodes": 2015, "cells": 3800, "object_boundaries": ["on_boundary && x[0]>0.09012 && x[0]< 0.34106 && x[1]>0.00844 && x[1]< 0.25938"], "height": 0.41, "width": 1.6, "inflow_peak": 1.69}