{"nodes": 2063, "object_boundaries": ["on_boundary && x[0]>0.22483 && x[0]< 0.41966 && x[1]>0.04404 && x[1]< 0.23887"], "height": 0.41, "width": 1.6, "inflow_peak": 1.407}