{"nodes": 1852, "object_boundaries": ["on_boundary && x[0]>0.28838 && x[0]< 0.54008 && x[1]>0.01028 && x[1]< 0.26198"], "height": 0.41, "width": 1.6, "inflow_peak": 1.514}