{"nodes": 2039, "cells": 3870, "object_boundaries": ["on_boundary && x[0]>0.27704 && x[0]< 0.46111 && x[1]>0.06858 && x[1]< 0.25265"], "height": 0.41, "width": 1.6, "inflow_peak": 0.907}