{"nodes": 2251, "object_boundaries": ["on_boundary && x[0]>0.28683 && x[0]< 0.45167 && x[1]>0.11106 && x[1]< 0.2759"], "height": 0.41, "width": 1.6, "inflow_peak": 1.092}