{"nodes": 2110, "object_boundaries": ["on_boundary && x[0]>0.37272 && x[0]< 0.56334 && x[1]>0.17354 && x[1]< 0.36415"], "height": 0.41, "width": 1.6, "inflow_peak": 1.299}