{"nodes": 1957, "cells": 3703, "object_boundaries": ["on_boundary && x[0]>0.10421 && x[0]< 0.29645 && x[1]>0.13095 && x[1]< 0.32319"], "height": 0.41, "width": 1.6, "inflow_peak": 2.02}