{"nodes": 2534, "cells": 4809, "object_boundaries": ["on_boundary && x[0]>0.16295 && x[0]< 0.26512 && x[1]>0.1536 && x[1]< 0.25577", "on_boundary && x[0]>0.63091 && x[0]< 0.79936 && x[1]>0.11205 && x[1]< 0.28049"], "height": 0.41, "width": 1.6, "inflow_peak": 1.882}