{"nodes": 2109, "object_boundaries": ["on_boundary && x[0]>0.33712 && x[0]< 0.5217 && x[1]>0.12008 && x[1]< 0.30465"], "height": 0.41, "width": 1.6, "inflow_peak": 0.27}