{"nodes": 2165, "object_boundaries": ["on_boundary && x[0]>0.24975 && x[0]< 0.3876 && x[1]>0.08122 && x[1]< 0.31249"], "height": 0.41, "width": 1.6, "inflow_peak": 0.89}