{"nodes": 2327, "object_boundaries": ["on_boundary && x[0]>0.37416 && x[0]< 0.53559 && x[1]>0.0909 && x[1]< 0.24422"], "height": 0.41, "width": 1.6, "inflow_peak": 0.45}