{"nodes": 2110, "cells": 4000, "object_boundaries": ["on_boundary && x[0]>0.34986 && x[0]< 0.48025 && x[1]>0.08032 && x[1]< 0.2075"], "height": 0.41, "width": 1.6, "inflow_peak": 2.029}