{"nodes": 2113, "object_boundaries": ["on_boundary && x[0]>0.24639 && x[0]< 0.41572 && x[1]>0.12765 && x[1]< 0.33436"], "height": 0.41, "width": 1.6, "inflow_peak": 1.46}