{"nodes": 2186, "object_boundaries": ["on_boundary && x[0]>0.23936 && x[0]< 0.38835 && x[1]>0.03572 && x[1]< 0.23627"], "height": 0.41, "width": 1.6, "inflow_peak": 0.96}