{"nodes": 2213, "object_boundaries": ["on_boundary && x[0]>0.22071 && x[0]< 0.4355 && x[1]>0.17543 && x[1]< 0.33376"], "height": 0.41, "width": 1.6, "inflow_peak": 1.87}