{"nodes": 1686, "object_boundaries": ["on_boundary && x[0]>0.07743 && x[0]< 0.35782 && x[1]>0.05455 && x[1]< 0.30185"], "height": 0.41, "width": 1.6, "inflow_peak": 0.48}