{"nodes": 2529, "cells": 4831, "object_boundaries": ["on_boundary && x[0]>0.38599 && x[0]< 0.55375 && x[1]>0.02386 && x[1]< 0.2202", "on_boundary && x[0]>0.76039 && x[0]< 0.90319 && x[1]>0.1117 && x[1]< 0.27853"], "height": 0.41, "width": 1.6, "inflow_peak": 2.05}