{"nodes": 2227, "object_boundaries": ["on_boundary && x[0]>0.12118 && x[0]< 0.35495 && x[1]>0.01723 && x[1]< 0.25099"], "height": 0.41, "width": 1.6, "inflow_peak": 0.9}