{"nodes": 2127, "object_boundaries": ["on_boundary && x[0]>0.39828 && x[0]< 0.64998 && x[1]>0.07972 && x[1]< 0.33143"], "height": 0.41, "width": 1.6, "inflow_peak": 2.3}