{"nodes": 2045, "cells": 3867, "object_boundaries": ["on_boundary && x[0]>0.20446 && x[0]< 0.34427 && x[1]>0.10098 && x[1]< 0.24078"], "height": 0.41, "width": 1.6, "inflow_peak": 1.928}