{"nodes": 2010, "cells": 3816, "object_boundaries": ["on_boundary && x[0]>0.19824 && x[0]< 0.36829 && x[1]>0.11826 && x[1]< 0.2883"], "height": 0.41, "width": 1.6, "inflow_peak": 1.808}