{"nodes": 2226, "object_boundaries": ["on_boundary && x[0]>0.31925 && x[0]< 0.49215 && x[1]>0.17614 && x[1]< 0.34904"], "height": 0.41, "width": 1.6, "inflow_peak": 0.254}