{"nodes": 2297, "object_boundaries": ["on_boundary && x[0]>0.41341 && x[0]< 0.567 && x[1]>0.08793 && x[1]< 0.24152"], "height": 0.41, "width": 1.6, "inflow_peak": 1.3}