{"nodes": 2158, "object_boundaries": ["on_boundary && x[0]>0.43938 && x[0]< 0.62062 && x[1]>0.08404 && x[1]< 0.26528"], "height": 0.41, "width": 1.6, "inflow_peak": 1.86}