{"nodes": 1657, "object_boundaries": ["on_boundary && x[0]>0.22641 && x[0]< 0.47464 && x[1]>0.10032 && x[1]< 0.34855"], "height": 0.41, "width": 1.6, "inflow_peak": 0.56}