{"nodes": 1728, "object_boundaries": ["on_boundary && x[0]>0.23791 && x[0]< 0.44857 && x[1]>0.17013 && x[1]< 0.38309"], "height": 0.41, "width": 1.6, "inflow_peak": 1.16}