{"nodes": 2011, "cells": 3820, "object_boundaries": ["on_boundary && x[0]>0.08332 && x[0]< 0.23354 && x[1]>0.19919 && x[1]< 0.34941"], "height": 0.41, "width": 1.6, "inflow_peak": 1.45}