{"nodes": 2069, "cells": 3927, "object_boundaries": ["on_boundary && x[0]>0.36865 && x[0]< 0.53597 && x[1]>0.12265 && x[1]< 0.33592"], "height": 0.41, "width": 1.6, "inflow_peak": 2.08}