{"nodes": 2364, "object_boundaries": ["on_boundary && x[0]>0.29245 && x[0]< 0.53581 && x[1]>0.15289 && x[1]< 0.28877"], "height": 0.41, "width": 1.6, "inflow_peak": 1.24}