{"nodes": 2223, "object_boundaries": ["on_boundary && x[0]>0.15655 && x[0]< 0.40837 && x[1]>0.13067 && x[1]< 0.2778"], "height": 0.41, "width": 1.6, "inflow_peak": 1.47}