{"nodes": 2063, "cells": 3916, "object_boundaries": ["on_boundary && x[0]>0.28565 && x[0]< 0.39934 && x[1]>0.16518 && x[1]< 0.2514"], "height": 0.41, "width": 1.6, "inflow_peak": 1.604}