{"nodes": 1967, "cells": 3705, "object_boundaries": ["on_boundary && x[0]>0.03194 && x[0]< 0.28097 && x[1]>0.05056 && x[1]< 0.29958"], "height": 0.41, "width": 1.6, "inflow_peak": 1.8}