{"nodes": 2124, "cells": 4030, "object_boundaries": ["on_boundary && x[0]>0.22147 && x[0]< 0.34622 && x[1]>0.11394 && x[1]< 0.23869"], "height": 0.41, "width": 1.6, "inflow_peak": 0.42}