{"nodes": 1781, "object_boundaries": ["on_boundary && x[0]>0.37796 && x[0]< 0.56051 && x[1]>0.17646 && x[1]< 0.35901"], "height": 0.41, "width": 1.6, "inflow_peak": 0.39}