{"nodes": 1673, "object_boundaries": ["on_boundary && x[0]>0.28166 && x[0]< 0.47011 && x[1]>0.12644 && x[1]< 0.30759"], "height": 0.41, "width": 1.6, "inflow_peak": 0.74}