{"nodes": 1735, "object_boundaries": ["on_boundary && x[0]>0.12642 && x[0]< 0.30551 && x[1]>0.08231 && x[1]< 0.2614"], "height": 0.41, "width": 1.6, "inflow_peak": 1.56}