{"nodes": 2061, "cells": 3910, "object_boundaries": ["on_boundary && x[0]>0.31177 && x[0]< 0.51115 && x[1]>0.19686 && x[1]< 0.38651"], "height": 0.41, "width": 1.6, "inflow_peak": 1.22}