{"nodes": 1996, "cells": 3771, "object_boundaries": ["on_boundary && x[0]>0.14959 && x[0]< 0.29272 && x[1]>0.05099 && x[1]< 0.17693"], "height": 0.41, "width": 1.6, "inflow_peak": 0.746}