{"nodes": 2017, "object_boundaries": ["on_boundary && x[0]>0.28707 && x[0]< 0.45495 && x[1]>0.02844 && x[1]< 0.2721"], "height": 0.41, "width": 1.6, "inflow_peak": 0.36}