{"nodes": 1725, "object_boundaries": ["on_boundary && x[0]>0.36378 && x[0]< 0.54452 && x[1]>0.04708 && x[1]< 0.23343"], "height": 0.41, "width": 1.6, "inflow_peak": 0.95}