{"nodes": 2081, "cells": 3944, "object_boundaries": ["on_boundary && x[0]>0.29826 && x[0]< 0.42791 && x[1]>0.07807 && x[1]< 0.19501"], "height": 0.41, "width": 1.6, "inflow_peak": 1.873}