{"nodes": 2010, "object_boundaries": ["on_boundary && x[0]>0.07001 && x[0]< 0.29116 && x[1]>0.09533 && x[1]< 0.28055"], "height": 0.41, "width": 1.6, "inflow_peak": 1.11}