{"nodes": 2033, "cells": 3858, "object_boundaries": ["on_boundary && x[0]>0.13602 && x[0]< 0.31308 && x[1]>0.0287 && x[1]< 0.20097"], "height": 0.41, "width": 1.6, "inflow_peak": 1.86}