{"nodes": 1699, "object_boundaries": ["on_boundary && x[0]>0.12332 && x[0]< 0.39997 && x[1]>0.01061 && x[1]< 0.24437"], "height": 0.41, "width": 1.6, "inflow_peak": 1.67}