{"nodes": 1772, "object_boundaries": ["on_boundary && x[0]>0.15059 && x[0]< 0.32979 && x[1]>0.08251 && x[1]< 0.26171"], "height": 0.41, "width": 1.6, "inflow_peak": 2.04}