{"nodes": 1680, "object_boundaries": ["on_boundary && x[0]>0.06636 && x[0]< 0.25744 && x[1]>0.17021 && x[1]< 0.3613"], "height": 0.41, "width": 1.6, "inflow_peak": 1.22}