{"nodes": 2066, "cells": 3905, "object_boundaries": ["on_boundary && x[0]>0.06075 && x[0]< 0.29848 && x[1]>0.03309 && x[1]< 0.27173"], "height": 0.41, "width": 1.6, "inflow_peak": 1.98}