{"nodes": 2264, "object_boundaries": ["on_boundary && x[0]>0.34981 && x[0]< 0.58178 && x[1]>0.01199 && x[1]< 0.24397"], "height": 0.41, "width": 1.6, "inflow_peak": 2.21}