{"nodes": 1982, "cells": 3764, "object_boundaries": ["on_boundary && x[0]>0.39647 && x[0]< 0.55451 && x[1]>0.16924 && x[1]< 0.32728"], "height": 0.41, "width": 1.6, "inflow_peak": 0.68}