{"nodes": 1718, "object_boundaries": ["on_boundary && x[0]>0.08285 && x[0]< 0.26159 && x[1]>0.09758 && x[1]< 0.27216"], "height": 0.41, "width": 1.6, "inflow_peak": 1.67}