{"nodes": 2021, "cells": 3840, "object_boundaries": ["on_boundary && x[0]>0.45358 && x[0]< 0.51969 && x[1]>0.13323 && x[1]< 0.19933"], "height": 0.41, "width": 1.6, "inflow_peak": 1.461}