{"nodes": 1729, "object_boundaries": ["on_boundary && x[0]>0.28104 && x[0]< 0.4247 && x[1]>0.102 && x[1]< 0.24567"], "height": 0.41, "width": 1.6, "inflow_peak": 1.93}