{"nodes": 1958, "cells": 3712, "object_boundaries": ["on_boundary && x[0]>0.09816 && x[0]< 0.26881 && x[1]>0.16931 && x[1]< 0.33996"], "height": 0.41, "width": 1.6, "inflow_peak": 2.11}