{"nodes": 2146, "object_boundaries": ["on_boundary && x[0]>0.22748 && x[0]< 0.4082 && x[1]>0.16558 && x[1]< 0.3463"], "height": 0.41, "width": 1.6, "inflow_peak": 1.02}