{"nodes": 1681, "object_boundaries": ["on_boundary && x[0]>0.36733 && x[0]< 0.58913 && x[1]>0.08847 && x[1]< 0.31026"], "height": 0.41, "width": 1.6, "inflow_peak": 1.78}