{"nodes": 1699, "object_boundaries": ["on_boundary && x[0]>0.30025 && x[0]< 0.45503 && x[1]>0.11053 && x[1]< 0.26531"], "height": 0.41, "width": 1.6, "inflow_peak": 1.01}