{"nodes": 2100, "cells": 3973, "object_boundaries": ["on_boundary && x[0]>0.15944 && x[0]< 0.39661 && x[1]>0.02021 && x[1]< 0.26057"], "height": 0.41, "width": 1.6, "inflow_peak": 0.29}