{"nodes": 1819, "object_boundaries": ["on_boundary && x[0]>0.23366 && x[0]< 0.36723 && x[1]>0.12819 && x[1]< 0.26176"], "height": 0.41, "width": 1.6, "inflow_peak": 0.62}