{"nodes": 1966, "cells": 3711, "object_boundaries": ["on_boundary && x[0]>0.05648 && x[0]< 0.28135 && x[1]>0.05361 && x[1]< 0.27848"], "height": 0.41, "width": 1.6, "inflow_peak": 0.369}