{"nodes": 2637, "cells": 5011, "object_boundaries": ["on_boundary && x[0]>0.29096 && x[0]< 0.39997 && x[1]>0.23002 && x[1]< 0.28738", "on_boundary && x[0]>0.90194 && x[0]< 1.0831 && x[1]>0.1768 && x[1]< 0.3549"], "height": 0.41, "width": 1.6, "inflow_peak": 0.779}