{"nodes": 1843, "object_boundaries": ["on_boundary && x[0]>0.34708 && x[0]< 0.50352 && x[1]>0.07456 && x[1]< 0.2323"], "height": 0.41, "width": 1.6, "inflow_peak": 0.34}