{"nodes": 1708, "object_boundaries": ["on_boundary && x[0]>0.30855 && x[0]< 0.52808 && x[1]>0.16243 && x[1]< 0.382"], "height": 0.41, "width": 1.6, "inflow_peak": 0.85}