{"nodes": 1679, "object_boundaries": ["on_boundary && x[0]>0.29285 && x[0]< 0.53112 && x[1]>0.16466 && x[1]< 0.41388"], "height": 0.41, "width": 1.6, "inflow_peak": 0.66}