{"nodes": 2068, "cells": 3930, "object_boundaries": ["on_boundary && x[0]>0.39283 && x[0]< 0.56201 && x[1]>0.02958 && x[1]< 0.19876"], "height": 0.41, "width": 1.6, "inflow_peak": 1.69}