{"nodes": 2075, "cells": 3940, "object_boundaries": ["on_boundary && x[0]>0.25739 && x[0]< 0.34774 && x[1]>0.2112 && x[1]< 0.30155"], "height": 0.41, "width": 1.6, "inflow_peak": 1.582}