{"nodes": 1780, "object_boundaries": ["on_boundary && x[0]>0.36934 && x[0]< 0.53751 && x[1]>0.08343 && x[1]< 0.25159"], "height": 0.41, "width": 1.6, "inflow_peak": 1.7}