{"nodes": 1792, "object_boundaries": ["on_boundary && x[0]>0.07745 && x[0]< 0.23995 && x[1]>0.14282 && x[1]< 0.29951"], "height": 0.41, "width": 1.6, "inflow_peak": 0.58}