{"nodes": 2209, "object_boundaries": ["on_boundary && x[0]>0.25731 && x[0]< 0.43223 && x[1]>0.15154 && x[1]< 0.32646"], "height": 0.41, "width": 1.6, "inflow_peak": 0.925}