{"nodes": 2004, "cells": 3786, "object_boundaries": ["on_boundary && x[0]>0.13191 && x[0]< 0.26765 && x[1]>0.10553 && x[1]< 0.24127"], "height": 0.41, "width": 1.6, "inflow_peak": 1.268}