{"nodes": 1861, "object_boundaries": ["on_boundary && x[0]>0.31494 && x[0]< 0.47051 && x[1]>0.1801 && x[1]< 0.34034"], "height": 0.41, "width": 1.6, "inflow_peak": 1.94}