{"nodes": 2103, "cells": 3992, "object_boundaries": ["on_boundary && x[0]>0.39725 && x[0]< 0.50212 && x[1]>0.05757 && x[1]< 0.17258"], "height": 0.41, "width": 1.6, "inflow_peak": 0.819}