{"nodes": 2426, "cells": 4595, "object_boundaries": ["on_boundary && x[0]>0.05042 && x[0]< 0.30314 && x[1]>0.07282 && x[1]< 0.25877", "on_boundary && x[0]>0.73881 && x[0]< 0.93309 && x[1]>0.13551 && x[1]< 0.38538"], "height": 0.41, "width": 1.6, "inflow_peak": 0.48}