{"nodes": 2027, "cells": 3849, "object_boundaries": ["on_boundary && x[0]>0.30055 && x[0]< 0.4741 && x[1]>0.05241 && x[1]< 0.22596"], "height": 0.41, "width": 1.6, "inflow_peak": 1.44}