{"nodes": 2094, "cells": 3976, "object_boundaries": ["on_boundary && x[0]>0.24103 && x[0]< 0.34271 && x[1]>0.2263 && x[1]< 0.31699"], "height": 0.41, "width": 1.6, "inflow_peak": 0.302}