{"nodes": 1670, "object_boundaries": ["on_boundary && x[0]>0.26274 && x[0]< 0.48936 && x[1]>0.08663 && x[1]< 0.31324"], "height": 0.41, "width": 1.6, "inflow_peak": 0.15}