{"nodes": 1724, "object_boundaries": ["on_boundary && x[0]>0.36867 && x[0]< 0.6055 && x[1]>0.00392 && x[1]< 0.22024"], "height": 0.41, "width": 1.6, "inflow_peak": 1.94}