{"nodes": 1879, "object_boundaries": ["on_boundary && x[0]>0.11369 && x[0]< 0.32521 && x[1]>0.07719 && x[1]< 0.33293"], "height": 0.41, "width": 1.6, "inflow_peak": 0.99}