{"nodes": 2084, "cells": 3953, "object_boundaries": ["on_boundary && x[0]>0.19755 && x[0]< 0.41602 && x[1]>0.10066 && x[1]< 0.29225"], "height": 0.41, "width": 1.6, "inflow_peak": 1.39}