{"nodes": 1964, "object_boundaries": ["on_boundary && x[0]>0.1476 && x[0]< 0.34507 && x[1]>0.1874 && x[1]< 0.39551"], "height": 0.41, "width": 1.6, "inflow_peak": 0.79}