{"nodes": 2073, "cells": 3936, "object_boundaries": ["on_boundary && x[0]>0.41146 && x[0]< 0.51353 && x[1]>0.09146 && x[1]< 0.19301"], "height": 0.41, "width": 1.6, "inflow_peak": 0.455}