{"nodes": 2201, "cells": 4164, "object_boundaries": ["on_boundary && x[0]>0.31669 && x[0]< 0.57074 && x[1]>0.08946 && x[1]< 0.38479"], "height": 0.41, "width": 1.6, "inflow_peak": 1.07}