{"nodes": 2142, "object_boundaries": ["on_boundary && x[0]>0.28896 && x[0]< 0.46102 && x[1]>0.19477 && x[1]< 0.31651"], "height": 0.41, "width": 1.6, "inflow_peak": 1.1}