{"nodes": 2334, "object_boundaries": ["on_boundary && x[0]>0.19816 && x[0]< 0.40898 && x[1]>0.06585 && x[1]< 0.20665", "on_boundary && x[0]>0.59223 && x[0]< 0.79093 && x[1]>0.19422 && x[1]< 0.40726"], "height": 0.41, "width": 1.6, "inflow_peak": 1.32}