{"nodes": 1759, "object_boundaries": ["on_boundary && x[0]>0.19657 && x[0]< 0.37951 && x[1]>0.04031 && x[1]< 0.25073", "on_boundary && x[0]>0.63867 && x[0]< 0.82325 && x[1]>0.1229 && x[1]< 0.33008"], "height": 0.41, "width": 1.6, "inflow_peak": 1.16}