{"nodes": 2057, "object_boundaries": ["on_boundary && x[0]>0.18772 && x[0]< 0.38073 && x[1]>0.0178 && x[1]< 0.2074"], "height": 0.41, "width": 1.6, "inflow_peak": 0.55}