{"nodes": 2033, "cells": 3846, "object_boundaries": ["on_boundary && x[0]>0.15084 && x[0]< 0.36218 && x[1]>0.0136 && x[1]< 0.23978"], "height": 0.41, "width": 1.6, "inflow_peak": 0.82}