{"nodes": 2068, "cells": 3923, "object_boundaries": ["on_boundary && x[0]>0.30326 && x[0]< 0.35506 && x[1]>0.18524 && x[1]< 0.33869"], "height": 0.41, "width": 1.6, "inflow_peak": 1.248}