{"nodes": 2025, "cells": 3818, "object_boundaries": ["on_boundary && x[0]>0.08209 && x[0]< 0.24136 && x[1]>0.22429 && x[1]< 0.38052"], "height": 0.41, "width": 1.6, "inflow_peak": 1.518}