{"nodes": 1760, "object_boundaries": ["on_boundary && x[0]>0.41277 && x[0]< 0.60639 && x[1]>0.11148 && x[1]< 0.29487"], "height": 0.41, "width": 1.6, "inflow_peak": 0.15}