{"nodes": 1759, "object_boundaries": ["on_boundary && x[0]>0.11363 && x[0]< 0.32642 && x[1]>0.10841 && x[1]< 0.35169", "on_boundary && x[0]>0.88687 && x[0]< 1.08188 && x[1]>0.14483 && x[1]< 0.34852"], "height": 0.41, "width": 1.6, "inflow_peak": 1.17}