{"nodes": 1992, "cells": 3766, "object_boundaries": ["on_boundary && x[0]>0.14731 && x[0]< 0.25847 && x[1]>0.20464 && x[1]< 0.33898"], "height": 0.41, "width": 1.6, "inflow_peak": 1.121}