{"nodes": 1993, "cells": 3788, "object_boundaries": ["on_boundary && x[0]>0.25966 && x[0]< 0.41517 && x[1]>0.04246 && x[1]< 0.1903"], "height": 0.41, "width": 1.6, "inflow_peak": 1.54}