{"nodes": 2030, "object_boundaries": ["on_boundary && x[0]>0.11034 && x[0]< 0.3459 && x[1]>0.14079 && x[1]< 0.32352"], "height": 0.41, "width": 1.6, "inflow_peak": 1.47}