{"nodes": 2044, "cells": 3858, "object_boundaries": ["on_boundary && x[0]>0.11783 && x[0]< 0.27941 && x[1]>0.15254 && x[1]< 0.31411"], "height": 0.41, "width": 1.6, "inflow_peak": 1.095}