{"nodes": 2012, "object_boundaries": ["on_boundary && x[0]>0.13928 && x[0]< 0.34612 && x[1]>0.09357 && x[1]< 0.3004"], "height": 0.41, "width": 1.6, "inflow_peak": 1.387}