{"nodes": 1990, "cells": 3761, "object_boundaries": ["on_boundary && x[0]>0.07985 && x[0]< 0.29734 && x[1]>0.05638 && x[1]< 0.27386"], "height": 0.41, "width": 1.6, "inflow_peak": 0.63}