{"nodes": 2078, "object_boundaries": ["on_boundary && x[0]>0.0616 && x[0]< 0.29149 && x[1]>-0.01036 && x[1]< 0.21953"], "height": 0.41, "width": 1.6, "inflow_peak": 1.663}