{"nodes": 2035, "object_boundaries": ["on_boundary && x[0]>0.07417 && x[0]< 0.26023 && x[1]>0.0103 && x[1]< 0.19636"], "height": 0.41, "width": 1.6, "inflow_peak": 1.615}