{"nodes": 1953, "object_boundaries": ["on_boundary && x[0]>0.10372 && x[0]< 0.29726 && x[1]>0.09564 && x[1]< 0.31659"], "height": 0.41, "width": 1.6, "inflow_peak": 1.62}