{"nodes": 1676, "object_boundaries": ["on_boundary && x[0]>0.24745 && x[0]< 0.47956 && x[1]>0.12129 && x[1]< 0.35431"], "height": 0.41, "width": 1.6, "inflow_peak": 1.06}