{"nodes": 2015, "cells": 3821, "object_boundaries": ["on_boundary && x[0]>0.119 && x[0]< 0.20906 && x[1]>0.13514 && x[1]< 0.22642"], "height": 0.41, "width": 1.6, "inflow_peak": 1.024}