{"nodes": 1720, "object_boundaries": ["on_boundary && x[0]>0.15616 && x[0]< 0.38548 && x[1]>0.09323 && x[1]< 0.34728"], "height": 0.41, "width": 1.6, "inflow_peak": 1.4}