{"nodes": 2041, "object_boundaries": ["on_boundary && x[0]>0.39719 && x[0]< 0.54682 && x[1]>0.01673 && x[1]< 0.26561"], "height": 0.41, "width": 1.6, "inflow_peak": 1.38}