{"nodes": 1829, "object_boundaries": ["on_boundary && x[0]>0.23933 && x[0]< 0.42504 && x[1]>0.1333 && x[1]< 0.30922"], "height": 0.41, "width": 1.6, "inflow_peak": 1.3}