{"nodes": 1948, "object_boundaries": ["on_boundary && x[0]>0.23264 && x[0]< 0.47297 && x[1]>0.12799 && x[1]< 0.34926"], "height": 0.41, "width": 1.6, "inflow_peak": 1.09}