{"nodes": 2020, "cells": 3815, "object_boundaries": ["on_boundary && x[0]>0.06344 && x[0]< 0.31132 && x[1]>0.07774 && x[1]< 0.3044"], "height": 0.41, "width": 1.6, "inflow_peak": 1.19}