{"nodes": 2110, "object_boundaries": ["on_boundary && x[0]>0.17284 && x[0]< 0.348 && x[1]>0.11892 && x[1]< 0.3133"], "height": 0.41, "width": 1.6, "inflow_peak": 1.21}