{"nodes": 2019, "object_boundaries": ["on_boundary && x[0]>0.31282 && x[0]< 0.52863 && x[1]>0.04407 && x[1]< 0.25826"], "height": 0.41, "width": 1.6, "inflow_peak": 0.49}