{"nodes": 2218, "object_boundaries": ["on_boundary && x[0]>0.34975 && x[0]< 0.50118 && x[1]>0.04578 && x[1]< 0.23921"], "height": 0.41, "width": 1.6, "inflow_peak": 2.23}