{"nodes": 1961, "cells": 3707, "object_boundaries": ["on_boundary && x[0]>0.09288 && x[0]< 0.23314 && x[1]>0.24001 && x[1]< 0.32498"], "height": 0.41, "width": 1.6, "inflow_peak": 1.583}