{"nodes": 2193, "object_boundaries": ["on_boundary && x[0]>0.27716 && x[0]< 0.55338 && x[1]>0.09394 && x[1]< 0.37016"], "height": 0.41, "width": 1.6, "inflow_peak": 0.62}