{"nodes": 1769, "object_boundaries": ["on_boundary && x[0]>0.34151 && x[0]< 0.54259 && x[1]>0.16087 && x[1]< 0.36194"], "height": 0.41, "width": 1.6, "inflow_peak": 1.34}