{"nodes": 1942, "object_boundaries": ["on_boundary && x[0]>0.06364 && x[0]< 0.27075 && x[1]>0.07328 && x[1]< 0.28039"], "height": 0.41, "width": 1.6, "inflow_peak": 1.24}