{"nodes": 1959, "object_boundaries": ["on_boundary && x[0]>0.20702 && x[0]< 0.42925 && x[1]>0.11036 && x[1]< 0.3326"], "height": 0.41, "width": 1.6, "inflow_peak": 0.93}