{"nodes": 2270, "object_boundaries": ["on_boundary && x[0]>0.35117 && x[0]< 0.57989 && x[1]>0.04832 && x[1]< 0.27704", "on_boundary && x[0]>0.59098 && x[0]< 0.79301 && x[1]>0.07162 && x[1]< 0.27365"], "height": 0.41, "width": 1.6, "inflow_peak": 0.64}