{"nodes": 2037, "object_boundaries": ["on_boundary && x[0]>0.3156 && x[0]< 0.52911 && x[1]>0.08718 && x[1]< 0.3007"], "height": 0.41, "width": 1.6, "inflow_peak": 0.39}