{"nodes": 2199, "object_boundaries": ["on_boundary && x[0]>0.1886 && x[0]< 0.35556 && x[1]>0.04054 && x[1]< 0.2075"], "height": 0.41, "width": 1.6, "inflow_peak": 0.23}