{"nodes": 2114, "cells": 4009, "object_boundaries": ["on_boundary && x[0]>0.38177 && x[0]< 0.59838 && x[1]>0.09968 && x[1]< 0.3163"], "height": 0.41, "width": 1.6, "inflow_peak": 1.19}