{"nodes": 1989, "cells": 3759, "object_boundaries": ["on_boundary && x[0]>0.11871 && x[0]< 0.23589 && x[1]>0.17898 && x[1]< 0.3184"], "height": 0.41, "width": 1.6, "inflow_peak": 1.05}