{"nodes": 2572, "object_boundaries": ["on_boundary && x[0]>0.31092 && x[0]< 0.48521 && x[1]>0.16125 && x[1]< 0.2818"], "height": 0.41, "width": 1.6, "inflow_peak": 1.7}