{"nodes": 2143, "object_boundaries": ["on_boundary && x[0]>0.22463 && x[0]< 0.49985 && x[1]>0.14446 && x[1]< 0.41967"], "height": 0.41, "width": 1.6, "inflow_peak": 1.41}