{"nodes": 2437, "object_boundaries": ["on_boundary && x[0]>0.2883 && x[0]< 0.47637 && x[1]>0.07391 && x[1]< 0.26198", "on_boundary && x[0]>0.84469 && x[0]< 1.07279 && x[1]>0.13431 && x[1]< 0.36241"], "height": 0.41, "width": 1.6, "inflow_peak": 0.35}