{"nodes": 2347, "cells": 4466, "object_boundaries": ["on_boundary && x[0]>0.17223 && x[0]< 0.25583 && x[1]>0.13323 && x[1]< 0.21683", "on_boundary && x[0]>0.76217 && x[0]< 0.8521 && x[1]>0.23517 && x[1]< 0.3251"], "height": 0.41, "width": 1.6, "inflow_peak": 1.935}