{"nodes": 2132, "cells": 4034, "object_boundaries": ["on_boundary && x[0]>0.32563 && x[0]< 0.57734 && x[1]>0.08801 && x[1]< 0.33971"], "height": 0.41, "width": 1.6, "inflow_peak": 0.67}