{"nodes": 2065, "object_boundaries": ["on_boundary && x[0]>0.122 && x[0]< 0.31269 && x[1]>0.15714 && x[1]< 0.34783"], "height": 0.41, "width": 1.6, "inflow_peak": 2.35}