{"nodes": 2150, "object_boundaries": ["on_boundary && x[0]>0.38763 && x[0]< 0.56849 && x[1]>0.06025 && x[1]< 0.24111"], "height": 0.41, "width": 1.6, "inflow_peak": 1.53}