{"nodes": 1706, "object_boundaries": ["on_boundary && x[0]>0.0626 && x[0]< 0.29424 && x[1]>0.05796 && x[1]< 0.2896"], "height": 0.41, "width": 1.6, "inflow_peak": 1.96}