{"nodes": 2161, "cells": 4104, "object_boundaries": ["on_boundary && x[0]>0.25067 && x[0]< 0.45924 && x[1]>0.13143 && x[1]< 0.34"], "height": 0.41, "width": 1.6, "inflow_peak": 0.64}