{"nodes": 1690, "object_boundaries": ["on_boundary && x[0]>0.24752 && x[0]< 0.47094 && x[1]>0.1524 && x[1]< 0.37239"], "height": 0.41, "width": 1.6, "inflow_peak": 0.69}