{"nodes": 1769, "object_boundaries": ["on_boundary && x[0]>0.11126 && x[0]< 0.28272 && x[1]>0.12623 && x[1]< 0.30976", "on_boundary && x[0]>0.66658 && x[0]< 0.86858 && x[1]>0.07276 && x[1]< 0.27209"], "height": 0.41, "width": 1.6, "inflow_peak": 1.52}