{"nodes": 2147, "cells": 4068, "object_boundaries": ["on_boundary && x[0]>0.22764 && x[0]< 0.45575 && x[1]>0.0623 && x[1]< 0.30367"], "height": 0.41, "width": 1.6, "inflow_peak": 1.17}