{"nodes": 1719, "object_boundaries": ["on_boundary && x[0]>0.08963 && x[0]< 0.23662 && x[1]>0.13727 && x[1]< 0.33593"], "height": 0.41, "width": 1.6, "inflow_peak": 0.79}