{"nodes": 1723, "object_boundaries": ["on_boundary && x[0]>0.15989 && x[0]< 0.3336 && x[1]>0.09816 && x[1]< 0.2748"], "height": 0.41, "width": 1.6, "inflow_peak": 1.99}