{"nodes": 2655, "cells": 5049, "object_boundaries": ["on_boundary && x[0]>0.38804 && x[0]< 0.50141 && x[1]>0.23083 && x[1]< 0.33915", "on_boundary && x[0]>0.82416 && x[0]< 1.01308 && x[1]>0.20566 && x[1]< 0.32812"], "height": 0.41, "width": 1.6, "inflow_peak": 0.723}