{"nodes": 2085, "object_boundaries": ["on_boundary && x[0]>0.22883 && x[0]< 0.42498 && x[1]>0.09582 && x[1]< 0.29197"], "height": 0.41, "width": 1.6, "inflow_peak": 1.3}