{"nodes": 2194, "object_boundaries": ["on_boundary && x[0]>0.13276 && x[0]< 0.33209 && x[1]>0.06171 && x[1]< 0.26104", "on_boundary && x[0]>0.8258 && x[0]< 1.07374 && x[1]>0.11005 && x[1]< 0.35799"], "height": 0.41, "width": 1.6, "inflow_peak": 0.91}