{"nodes": 1686, "object_boundaries": ["on_boundary && x[0]>0.34522 && x[0]< 0.60654 && x[1]>0.12148 && x[1]< 0.37166"], "height": 0.41, "width": 1.6, "inflow_peak": 2.14}