{"nodes": 2192, "object_boundaries": ["on_boundary && x[0]>0.22267 && x[0]< 0.40081 && x[1]>0.0359 && x[1]< 0.19632"], "height": 0.41, "width": 1.6, "inflow_peak": 1.94}