{"nodes": 1965, "object_boundaries": ["on_boundary && x[0]>0.10487 && x[0]< 0.34339 && x[1]>0.12811 && x[1]< 0.30435"], "height": 0.41, "width": 1.6, "inflow_peak": 2.09}