{"nodes": 2209, "object_boundaries": ["on_boundary && x[0]>0.07787 && x[0]< 0.22747 && x[1]>0.15026 && x[1]< 0.29986"], "height": 0.41, "width": 1.6, "inflow_peak": 0.576}