{"nodes": 1913, "object_boundaries": ["on_boundary && x[0]>0.2941 && x[0]< 0.52501 && x[1]>0.18455 && x[1]< 0.41545"], "height": 0.41, "width": 1.6, "inflow_peak": 1.589}