{"nodes": 2118, "cells": 4008, "object_boundaries": ["on_boundary && x[0]>0.34949 && x[0]< 0.59598 && x[1]>0.05573 && x[1]< 0.30222"], "height": 0.41, "width": 1.6, "inflow_peak": 1.78}