{"nodes": 1945, "cells": 3690, "object_boundaries": ["on_boundary && x[0]>0.15014 && x[0]< 0.21727 && x[1]>0.21572 && x[1]< 0.28285"], "height": 0.41, "width": 1.6, "inflow_peak": 1.41}