{"nodes": 2062, "object_boundaries": ["on_boundary && x[0]>0.2852 && x[0]< 0.48024 && x[1]>0.09504 && x[1]< 0.29008"], "height": 0.41, "width": 1.6, "inflow_peak": 1.05}