{"nodes": 1967, "object_boundaries": ["on_boundary && x[0]>0.21791 && x[0]< 0.43826 && x[1]>0.1009 && x[1]< 0.32124"], "height": 0.41, "width": 1.6, "inflow_peak": 1.1}