{"nodes": 2200, "object_boundaries": ["on_boundary && x[0]>0.18322 && x[0]< 0.34557 && x[1]>0.20489 && x[1]< 0.36724"], "height": 0.41, "width": 1.6, "inflow_peak": 0.71}