{"nodes": 1734, "object_boundaries": ["on_boundary && x[0]>0.17806 && x[0]< 0.3848 && x[1]>0.07474 && x[1]< 0.28148"], "height": 0.41, "width": 1.6, "inflow_peak": 2.15}