{"nodes": 2103, "object_boundaries": ["on_boundary && x[0]>0.23394 && x[0]< 0.46771 && x[1]>0.09498 && x[1]< 0.27656"], "height": 0.41, "width": 1.6, "inflow_peak": 0.87}