{"nodes": 2213, "object_boundaries": ["on_boundary && x[0]>0.32425 && x[0]< 0.55094 && x[1]>0.06666 && x[1]< 0.23073"], "height": 0.41, "width": 1.6, "inflow_peak": 2.14}