{"nodes": 1691, "object_boundaries": ["on_boundary && x[0]>0.16062 && x[0]< 0.4198 && x[1]>0.08906 && x[1]< 0.33122"], "height": 0.41, "width": 1.6, "inflow_peak": 1.07}