{"nodes": 2077, "object_boundaries": ["on_boundary && x[0]>0.27606 && x[0]< 0.5169 && x[1]>0.02836 && x[1]< 0.25889"], "height": 0.41, "width": 1.6, "inflow_peak": 0.19}