{"nodes": 1761, "object_boundaries": ["on_boundary && x[0]>0.14493 && x[0]< 0.32603 && x[1]>0.02055 && x[1]< 0.19534"], "height": 0.41, "width": 1.6, "inflow_peak": 1.8}