{"nodes": 2023, "cells": 3834, "object_boundaries": ["on_boundary && x[0]>0.29416 && x[0]< 0.38577 && x[1]>0.0927 && x[1]< 0.21312"], "height": 0.41, "width": 1.6, "inflow_peak": 1.099}