{"nodes": 2058, "object_boundaries": ["on_boundary && x[0]>0.1515 && x[0]< 0.38031 && x[1]>0.03133 && x[1]< 0.20443"], "height": 0.41, "width": 1.6, "inflow_peak": 0.24}