{"nodes": 2171, "object_boundaries": ["on_boundary && x[0]>0.34445 && x[0]< 0.59853 && x[1]>0.09274 && x[1]< 0.31827"], "height": 0.41, "width": 1.6, "inflow_peak": 2.35}