{"nodes": 2768, "object_boundaries": ["on_boundary && x[0]>0.24381 && x[0]< 0.40371 && x[1]>0.10169 && x[1]< 0.23578", "on_boundary && x[0]>0.76172 && x[0]< 0.96349 && x[1]>0.07014 && x[1]< 0.29359"], "height": 0.41, "width": 1.6, "inflow_peak": 0.88}