{"nodes": 1861, "object_boundaries": ["on_boundary && x[0]>0.25808 && x[0]< 0.50962 && x[1]>0.06645 && x[1]< 0.31799"], "height": 0.41, "width": 1.6, "inflow_peak": 0.253}