{"nodes": 2169, "object_boundaries": ["on_boundary && x[0]>0.26291 && x[0]< 0.53496 && x[1]>0.02829 && x[1]< 0.30034"], "height": 0.41, "width": 1.6, "inflow_peak": 1.596}