{"nodes": 2003, "cells": 3788, "object_boundaries": ["on_boundary && x[0]>0.09399 && x[0]< 0.30753 && x[1]>0.01347 && x[1]< 0.22702"], "height": 0.41, "width": 1.6, "inflow_peak": 2.161}