{"nodes": 3106, "object_boundaries": ["on_boundary && x[0]>0.20964 && x[0]< 0.3373 && x[1]>0.06598 && x[1]< 0.19364", "on_boundary && x[0]>0.71498 && x[0]< 0.87539 && x[1]>0.06993 && x[1]< 0.23034"], "height": 0.41, "width": 1.6, "inflow_peak": 1.58}