{"nodes": 2681, "object_boundaries": ["on_boundary && x[0]>0.39739 && x[0]< 0.54837 && x[1]>0.13387 && x[1]< 0.28485", "on_boundary && x[0]>0.71482 && x[0]< 0.94629 && x[1]>0.05526 && x[1]< 0.28673"], "height": 0.41, "width": 1.6, "inflow_peak": 1.27}