{"nodes": 2120, "object_boundaries": ["on_boundary && x[0]>0.11462 && x[0]< 0.29579 && x[1]>0.13213 && x[1]< 0.31331"], "height": 0.41, "width": 1.6, "inflow_peak": 0.66}