{"nodes": 1917, "object_boundaries": ["on_boundary && x[0]>0.11078 && x[0]< 0.33772 && x[1]>0.14025 && x[1]< 0.36719"], "height": 0.41, "width": 1.6, "inflow_peak": 1.44}