{"nodes": 1673, "object_boundaries": ["on_boundary && x[0]>0.30579 && x[0]< 0.52976 && x[1]>0.04701 && x[1]< 0.27099"], "height": 0.41, "width": 1.6, "inflow_peak": 1.77}