{"nodes": 1948, "object_boundaries": ["on_boundary && x[0]>0.16371 && x[0]< 0.37899 && x[1]>0.18322 && x[1]< 0.39849"], "height": 0.41, "width": 1.6, "inflow_peak": 0.29}