{"nodes": 1654, "object_boundaries": ["on_boundary && x[0]>0.02522 && x[0]< 0.30214 && x[1]>0.08695 && x[1]< 0.34974"], "height": 0.41, "width": 1.6, "inflow_peak": 0.34}