{"nodes": 1869, "object_boundaries": ["on_boundary && x[0]>0.19801 && x[0]< 0.44277 && x[1]>0.09203 && x[1]< 0.33679"], "height": 0.41, "width": 1.6, "inflow_peak": 0.67}