{"nodes": 2004, "cells": 3778, "object_boundaries": ["on_boundary && x[0]>0.11422 && x[0]< 0.27586 && x[1]>0.03804 && x[1]< 0.19968"], "height": 0.41, "width": 1.6, "inflow_peak": 0.952}