{"nodes": 2053, "cells": 3874, "object_boundaries": ["on_boundary && x[0]>0.05413 && x[0]< 0.31046 && x[1]>0.0958 && x[1]< 0.35213"], "height": 0.41, "width": 1.6, "inflow_peak": 1.32}