{"nodes": 1762, "object_boundaries": ["on_boundary && x[0]>0.19303 && x[0]< 0.38801 && x[1]>0.02241 && x[1]< 0.2174"], "height": 0.41, "width": 1.6, "inflow_peak": 0.5}