{"nodes": 2089, "object_boundaries": ["on_boundary && x[0]>0.2673 && x[0]< 0.46366 && x[1]>0.075 && x[1]< 0.27136"], "height": 0.41, "width": 1.6, "inflow_peak": 0.33}