{"nodes": 2200, "object_boundaries": ["on_boundary && x[0]>0.44045 && x[0]< 0.61955 && x[1]>0.11496 && x[1]< 0.29405"], "height": 0.41, "width": 1.6, "inflow_peak": 0.26}