{"nodes": 2091, "object_boundaries": ["on_boundary && x[0]>0.37938 && x[0]< 0.56773 && x[1]>0.15451 && x[1]< 0.34286"], "height": 0.41, "width": 1.6, "inflow_peak": 1.33}