{"nodes": 2160, "object_boundaries": ["on_boundary && x[0]>0.11372 && x[0]< 0.28343 && x[1]>0.0755 && x[1]< 0.24521"], "height": 0.41, "width": 1.6, "inflow_peak": 1.23}