{"nodes": 2038, "cells": 3876, "object_boundaries": ["on_boundary && x[0]>0.44994 && x[0]< 0.53243 && x[1]>0.19566 && x[1]< 0.24667"], "height": 0.41, "width": 1.6, "inflow_peak": 0.284}