{"nodes": 2160, "object_boundaries": ["on_boundary && x[0]>0.28199 && x[0]< 0.45307 && x[1]>0.11677 && x[1]< 0.30926"], "height": 0.41, "width": 1.6, "inflow_peak": 1.24}