{"nodes": 2055, "cells": 3897, "object_boundaries": ["on_boundary && x[0]>0.11838 && x[0]< 0.3344 && x[1]>0.13192 && x[1]< 0.30954"], "height": 0.41, "width": 1.6, "inflow_peak": 1.85}