{"nodes": 2142, "object_boundaries": ["on_boundary && x[0]>0.3033 && x[0]< 0.50323 && x[1]>0.09499 && x[1]< 0.30228"], "height": 0.41, "width": 1.6, "inflow_peak": 0.94}