{"nodes": 2137, "cells": 4056, "object_boundaries": ["on_boundary && x[0]>0.34092 && x[0]< 0.55881 && x[1]>0.16337 && x[1]< 0.38125"], "height": 0.41, "width": 1.6, "inflow_peak": 1.51}