{"nodes": 1714, "object_boundaries": ["on_boundary && x[0]>0.30373 && x[0]< 0.55849 && x[1]>0.12385 && x[1]< 0.37596"], "height": 0.41, "width": 1.6, "inflow_peak": 0.86}