{"nodes": 2234, "object_boundaries": ["on_boundary && x[0]>0.16492 && x[0]< 0.32385 && x[1]>0.07003 && x[1]< 0.22896"], "height": 0.41, "width": 1.6, "inflow_peak": 1.98}