{"nodes": 1902, "object_boundaries": ["on_boundary && x[0]>0.37111 && x[0]< 0.6082 && x[1]>0.09877 && x[1]< 0.33586"], "height": 0.41, "width": 1.6, "inflow_peak": 1.37}