{"nodes": 2023, "object_boundaries": ["on_boundary && x[0]>0.385 && x[0]< 0.5949 && x[1]>0.16357 && x[1]< 0.37346"], "height": 0.41, "width": 1.6, "inflow_peak": 1.61}