{"nodes": 2793, "object_boundaries": ["on_boundary && x[0]>0.19713 && x[0]< 0.39447 && x[1]>0.14863 && x[1]< 0.30081", "on_boundary && x[0]>0.76716 && x[0]< 0.92151 && x[1]>0.053 && x[1]< 0.24045"], "height": 0.41, "width": 1.6, "inflow_peak": 1.78}