{"nodes": 2167, "object_boundaries": ["on_boundary && x[0]>0.32661 && x[0]< 0.5431 && x[1]>0.14875 && x[1]< 0.32347"], "height": 0.41, "width": 1.6, "inflow_peak": 2.35}