{"nodes": 1763, "object_boundaries": ["on_boundary && x[0]>0.40114 && x[0]< 0.57273 && x[1]>0.11917 && x[1]< 0.26541", "on_boundary && x[0]>0.5836 && x[0]< 0.86364 && x[1]>0.10251 && x[1]< 0.32156"], "height": 0.41, "width": 1.6, "inflow_peak": 1.63}