{"nodes": 1798, "object_boundaries": ["on_boundary && x[0]>0.27554 && x[0]< 0.43738 && x[1]>0.07984 && x[1]< 0.27149"], "height": 0.41, "width": 1.6, "inflow_peak": 1.67}