{"nodes": 2091, "cells": 3964, "object_boundaries": ["on_boundary && x[0]>0.18214 && x[0]< 0.38419 && x[1]>0.16341 && x[1]< 0.35162"], "height": 0.41, "width": 1.6, "inflow_peak": 0.95}