{"nodes": 2284, "object_boundaries": ["on_boundary && x[0]>0.24207 && x[0]< 0.41859 && x[1]>0.12377 && x[1]< 0.32704", "on_boundary && x[0]>0.6424 && x[0]< 0.86473 && x[1]>0.11357 && x[1]< 0.27376"], "height": 0.41, "width": 1.6, "inflow_peak": 0.62}