{"nodes": 2070, "object_boundaries": ["on_boundary && x[0]>0.14614 && x[0]< 0.32443 && x[1]>0.01085 && x[1]< 0.18915"], "height": 0.41, "width": 1.6, "inflow_peak": 0.606}