{"nodes": 2023, "object_boundaries": ["on_boundary && x[0]>0.21807 && x[0]< 0.4237 && x[1]>0.16132 && x[1]< 0.36695"], "height": 0.41, "width": 1.6, "inflow_peak": 1.565}