{"nodes": 2380, "object_boundaries": ["on_boundary && x[0]>0.30955 && x[0]< 0.46363 && x[1]>0.13127 && x[1]< 0.28535"], "height": 0.41, "width": 1.6, "inflow_peak": 0.506}