{"nodes": 2035, "object_boundaries": ["on_boundary && x[0]>0.21948 && x[0]< 0.42295 && x[1]>0.14919 && x[1]< 0.35265"], "height": 0.41, "width": 1.6, "inflow_peak": 1.847}