{"nodes": 2113, "cells": 4004, "object_boundaries": ["on_boundary && x[0]>0.28295 && x[0]< 0.50982 && x[1]>0.08979 && x[1]< 0.31667"], "height": 0.41, "width": 1.6, "inflow_peak": 1.269}