{"nodes": 1689, "object_boundaries": ["on_boundary && x[0]>0.03667 && x[0]< 0.2471 && x[1]>0.17151 && x[1]< 0.39902"], "height": 0.41, "width": 1.6, "inflow_peak": 0.77}