{"nodes": 2156, "cells": 4085, "object_boundaries": ["on_boundary && x[0]>0.19503 && x[0]< 0.43495 && x[1]>0.11363 && x[1]< 0.34345"], "height": 0.41, "width": 1.6, "inflow_peak": 1.13}