{"nodes": 1665, "object_boundaries": ["on_boundary && x[0]>0.17993 && x[0]< 0.45145 && x[1]>0.03308 && x[1]< 0.29878"], "height": 0.41, "width": 1.6, "inflow_peak": 0.48}