{"nodes": 1722, "object_boundaries": ["on_boundary && x[0]>0.30601 && x[0]< 0.49691 && x[1]>0.1177 && x[1]< 0.30859"], "height": 0.41, "width": 1.6, "inflow_peak": 1.4}