{"nodes": 2023, "cells": 3835, "object_boundaries": ["on_boundary && x[0]>0.23079 && x[0]< 0.33156 && x[1]>0.10044 && x[1]< 0.20121"], "height": 0.41, "width": 1.6, "inflow_peak": 1.015}