{"nodes": 1739, "object_boundaries": ["on_boundary && x[0]>0.38033 && x[0]< 0.58683 && x[1]>0.05224 && x[1]< 0.25873"], "height": 0.41, "width": 1.6, "inflow_peak": 1.94}