{"nodes": 1885, "object_boundaries": ["on_boundary && x[0]>0.06947 && x[0]< 0.28523 && x[1]>-0.00978 && x[1]< 0.21683"], "height": 0.41, "width": 1.6, "inflow_peak": 0.9}