{"nodes": 2079, "cells": 3939, "object_boundaries": ["on_boundary && x[0]>0.28992 && x[0]< 0.50589 && x[1]>0.17382 && x[1]< 0.38979"], "height": 0.41, "width": 1.6, "inflow_peak": 1.734}