{"nodes": 2015, "object_boundaries": ["on_boundary && x[0]>0.37701 && x[0]< 0.58702 && x[1]>0.1517 && x[1]< 0.3617"], "height": 0.41, "width": 1.6, "inflow_peak": 1.352}