{"nodes": 2122, "cells": 4036, "object_boundaries": ["on_boundary && x[0]>0.42207 && x[0]< 0.51347 && x[1]>0.16553 && x[1]< 0.2542"], "height": 0.41, "width": 1.6, "inflow_peak": 2.184}