{"nodes": 2096, "object_boundaries": ["on_boundary && x[0]>0.43603 && x[0]< 0.62397 && x[1]>0.04986 && x[1]< 0.23781"], "height": 0.41, "width": 1.6, "inflow_peak": 2.35}