{"nodes": 2041, "cells": 3853, "object_boundaries": ["on_boundary && x[0]>0.28486 && x[0]< 0.44345 && x[1]>0.02344 && x[1]< 0.18203"], "height": 0.41, "width": 1.6, "inflow_peak": 1.416}