{"nodes": 2123, "object_boundaries": ["on_boundary && x[0]>0.12485 && x[0]< 0.27595 && x[1]>0.21142 && x[1]< 0.38858"], "height": 0.41, "width": 1.6, "inflow_peak": 1.58}