{"nodes": 2188, "object_boundaries": ["on_boundary && x[0]>0.26249 && x[0]< 0.43832 && x[1]>0.08677 && x[1]< 0.26534"], "height": 0.41, "width": 1.6, "inflow_peak": 0.6}