{"nodes": 2201, "object_boundaries": ["on_boundary && x[0]>0.14473 && x[0]< 0.35719 && x[1]>0.11307 && x[1]< 0.26672"], "height": 0.41, "width": 1.6, "inflow_peak": 1.61}