{"nodes": 2022, "object_boundaries": ["on_boundary && x[0]>0.33475 && x[0]< 0.56793 && x[1]>0.01979 && x[1]< 0.22028"], "height": 0.41, "width": 1.6, "inflow_peak": 0.78}