{"nodes": 1934, "object_boundaries": ["on_boundary && x[0]>0.18142 && x[0]< 0.40816 && x[1]>0.01194 && x[1]< 0.23943"], "height": 0.41, "width": 1.6, "inflow_peak": 2.03}