{"nodes": 2265, "object_boundaries": ["on_boundary && x[0]>0.09432 && x[0]< 0.24144 && x[1]>0.07647 && x[1]< 0.22359"], "height": 0.41, "width": 1.6, "inflow_peak": 1.114}