{"nodes": 1942, "cells": 3678, "object_boundaries": ["on_boundary && x[0]>0.0983 && x[0]< 0.27507 && x[1]>0.0357 && x[1]< 0.21247"], "height": 0.41, "width": 1.6, "inflow_peak": 1.992}