{"nodes": 2163, "object_boundaries": ["on_boundary && x[0]>0.23232 && x[0]< 0.40846 && x[1]>0.14284 && x[1]< 0.31898"], "height": 0.41, "width": 1.6, "inflow_peak": 0.586}