{"nodes": 1867, "object_boundaries": ["on_boundary && x[0]>0.17082 && x[0]< 0.41007 && x[1]>0.00087 && x[1]< 0.24012"], "height": 0.41, "width": 1.6, "inflow_peak": 0.444}