{"nodes": 2133, "object_boundaries": ["on_boundary && x[0]>0.34489 && x[0]< 0.53956 && x[1]>0.09548 && x[1]< 0.29015"], "height": 0.41, "width": 1.6, "inflow_peak": 0.391}