{"nodes": 1981, "object_boundaries": ["on_boundary && x[0]>0.18825 && x[0]< 0.39963 && x[1]>0.11451 && x[1]< 0.3259"], "height": 0.41, "width": 1.6, "inflow_peak": 1.088}