{"nodes": 1904, "object_boundaries": ["on_boundary && x[0]>0.0769 && x[0]< 0.2907 && x[1]>0.13444 && x[1]< 0.33459"], "height": 0.41, "width": 1.6, "inflow_peak": 1.53}