{"nodes": 2055, "cells": 3894, "object_boundaries": ["on_boundary && x[0]>0.17562 && x[0]< 0.39248 && x[1]>0.10785 && x[1]< 0.30434"], "height": 0.41, "width": 1.6, "inflow_peak": 1.5}