{"nodes": 2288, "object_boundaries": ["on_boundary && x[0]>0.35693 && x[0]< 0.53109 && x[1]>0.0649 && x[1]< 0.21514"], "height": 0.41, "width": 1.6, "inflow_peak": 0.81}