{"nodes": 2071, "object_boundaries": ["on_boundary && x[0]>0.35555 && x[0]< 0.5607 && x[1]>0.0527 && x[1]< 0.25785"], "height": 0.41, "width": 1.6, "inflow_peak": 0.38}