{"nodes": 1986, "object_boundaries": ["on_boundary && x[0]>0.08314 && x[0]< 0.28776 && x[1]>0.0892 && x[1]< 0.29383"], "height": 0.41, "width": 1.6, "inflow_peak": 1.2}