{"nodes": 1905, "object_boundaries": ["on_boundary && x[0]>0.05993 && x[0]< 0.28274 && x[1]>0.04262 && x[1]< 0.26542"], "height": 0.41, "width": 1.6, "inflow_peak": 1.08}