{"nodes": 1961, "cells": 3708, "object_boundaries": ["on_boundary && x[0]>0.12968 && x[0]< 0.24232 && x[1]>0.07354 && x[1]< 0.18618"], "height": 0.41, "width": 1.6, "inflow_peak": 1.243}