{"nodes": 1833, "object_boundaries": ["on_boundary && x[0]>0.12452 && x[0]< 0.27718 && x[1]>0.14651 && x[1]< 0.29918"], "height": 0.41, "width": 1.6, "inflow_peak": 1.75}