{"nodes": 2127, "cells": 4031, "object_boundaries": ["on_boundary && x[0]>0.3384 && x[0]< 0.56913 && x[1]>0.09726 && x[1]< 0.32798"], "height": 0.41, "width": 1.6, "inflow_peak": 0.828}