{"nodes": 2005, "cells": 3811, "object_boundaries": ["on_boundary && x[0]>0.29287 && x[0]< 0.35847 && x[1]>0.20164 && x[1]< 0.26723"], "height": 0.41, "width": 1.6, "inflow_peak": 2.167}