{"nodes": 2066, "cells": 3917, "object_boundaries": ["on_boundary && x[0]>0.371 && x[0]< 0.57601 && x[1]>0.02066 && x[1]< 0.22566"], "height": 0.41, "width": 1.6, "inflow_peak": 1.49}