{"nodes": 1676, "object_boundaries": ["on_boundary && x[0]>0.29898 && x[0]< 0.48291 && x[1]>0.12374 && x[1]< 0.30947"], "height": 0.41, "width": 1.6, "inflow_peak": 1.48}