{"nodes": 2110, "object_boundaries": ["on_boundary && x[0]>0.14202 && x[0]< 0.42202 && x[1]>0.07602 && x[1]< 0.35602"], "height": 0.41, "width": 1.6, "inflow_peak": 1.15}