{"nodes": 1987, "object_boundaries": ["on_boundary && x[0]>0.11865 && x[0]< 0.32527 && x[1]>0.05134 && x[1]< 0.25796"], "height": 0.41, "width": 1.6, "inflow_peak": 1.84}