{"nodes": 2289, "object_boundaries": ["on_boundary && x[0]>0.27667 && x[0]< 0.43745 && x[1]>0.16633 && x[1]< 0.32711"], "height": 0.41, "width": 1.6, "inflow_peak": 2.17}