{"nodes": 2109, "cells": 4002, "object_boundaries": ["on_boundary && x[0]>0.33851 && x[0]< 0.45524 && x[1]>0.14769 && x[1]< 0.26442"], "height": 0.41, "width": 1.6, "inflow_peak": 0.796}