{"nodes": 2300, "cells": 4387, "object_boundaries": ["on_boundary && x[0]>0.21201 && x[0]< 0.37573 && x[1]>0.11025 && x[1]< 0.27398", "on_boundary && x[0]>0.78159 && x[0]< 0.92414 && x[1]>0.22493 && x[1]< 0.36747"], "height": 0.41, "width": 1.6, "inflow_peak": 2.15}