{"nodes": 1920, "object_boundaries": ["on_boundary && x[0]>0.06071 && x[0]< 0.2757 && x[1]>-0.00459 && x[1]< 0.2104"], "height": 0.41, "width": 1.6, "inflow_peak": 1.428}