{"nodes": 1951, "object_boundaries": ["on_boundary && x[0]>0.05236 && x[0]< 0.2593 && x[1]>0.19653 && x[1]< 0.40347"], "height": 0.41, "width": 1.6, "inflow_peak": 1.513}