{"nodes": 2170, "object_boundaries": ["on_boundary && x[0]>0.18408 && x[0]< 0.35832 && x[1]>0.04388 && x[1]< 0.21811"], "height": 0.41, "width": 1.6, "inflow_peak": 0.974}