{"nodes": 1969, "cells": 3717, "object_boundaries": ["on_boundary && x[0]>0.09522 && x[0]< 0.23001 && x[1]>0.17162 && x[1]< 0.30641"], "height": 0.41, "width": 1.6, "inflow_peak": 0.753}