{"nodes": 2308, "object_boundaries": ["on_boundary && x[0]>0.18436 && x[0]< 0.32336 && x[1]>0.19613 && x[1]< 0.33514"], "height": 0.41, "width": 1.6, "inflow_peak": 1.418}