{"nodes": 2022, "cells": 3845, "object_boundaries": ["on_boundary && x[0]>0.28231 && x[0]< 0.43766 && x[1]>0.07878 && x[1]< 0.23413"], "height": 0.41, "width": 1.6, "inflow_peak": 0.394}