{"nodes": 2014, "cells": 3823, "object_boundaries": ["on_boundary && x[0]>0.47071 && x[0]< 0.52666 && x[1]>0.18652 && x[1]< 0.29045"], "height": 0.41, "width": 1.6, "inflow_peak": 0.832}