{"nodes": 2163, "object_boundaries": ["on_boundary && x[0]>0.1222 && x[0]< 0.2422 && x[1]>0.15716 && x[1]< 0.36224"], "height": 0.41, "width": 1.6, "inflow_peak": 1.87}