{"nodes": 2020, "object_boundaries": ["on_boundary && x[0]>0.19255 && x[0]< 0.36798 && x[1]>0.12012 && x[1]< 0.34836"], "height": 0.41, "width": 1.6, "inflow_peak": 2.09}