{"nodes": 2103, "cells": 3984, "object_boundaries": ["on_boundary && x[0]>0.3599 && x[0]< 0.5982 && x[1]>0.17104 && x[1]< 0.38699"], "height": 0.41, "width": 1.6, "inflow_peak": 0.54}