{"nodes": 1934, "object_boundaries": ["on_boundary && x[0]>0.29853 && x[0]< 0.55079 && x[1]>0.14075 && x[1]< 0.36762"], "height": 0.41, "width": 1.6, "inflow_peak": 0.37}