{"nodes": 2079, "object_boundaries": ["on_boundary && x[0]>0.12344 && x[0]< 0.32705 && x[1]>0.19594 && x[1]< 0.36668"], "height": 0.41, "width": 1.6, "inflow_peak": 1.57}