{"nodes": 2051, "object_boundaries": ["on_boundary && x[0]>0.39126 && x[0]< 0.57766 && x[1]>0.12195 && x[1]< 0.32796"], "height": 0.41, "width": 1.6, "inflow_peak": 1.85}