{"nodes": 1986, "object_boundaries": ["on_boundary && x[0]>0.2528 && x[0]< 0.39949 && x[1]>0.08268 && x[1]< 0.35608"], "height": 0.41, "width": 1.6, "inflow_peak": 1.66}