{"nodes": 2087, "object_boundaries": ["on_boundary && x[0]>0.13877 && x[0]< 0.33043 && x[1]>0.16523 && x[1]< 0.30345"], "height": 0.41, "width": 1.6, "inflow_peak": 1.96}