{"nodes": 2082, "cells": 3948, "object_boundaries": ["on_boundary && x[0]>0.29609 && x[0]< 0.37886 && x[1]>0.19402 && x[1]< 0.34061"], "height": 0.41, "width": 1.6, "inflow_peak": 2.136}