{"nodes": 2043, "object_boundaries": ["on_boundary && x[0]>0.10117 && x[0]< 0.26239 && x[1]>0.04654 && x[1]< 0.27757", "on_boundary && x[0]>0.73794 && x[0]< 0.99778 && x[1]>0.02458 && x[1]< 0.28169"], "height": 0.41, "width": 1.6, "inflow_peak": 1.19}