{"nodes": 1744, "object_boundaries": ["on_boundary && x[0]>0.17321 && x[0]< 0.36762 && x[1]>0.14487 && x[1]< 0.34266"], "height": 0.41, "width": 1.6, "inflow_peak": 1.37}