{"nodes": 1752, "object_boundaries": ["on_boundary && x[0]>0.15695 && x[0]< 0.33749 && x[1]>0.20024 && x[1]< 0.38923"], "height": 0.41, "width": 1.6, "inflow_peak": 0.63}