{"nodes": 2044, "object_boundaries": ["on_boundary && x[0]>0.20576 && x[0]< 0.38351 && x[1]>0.10406 && x[1]< 0.3246"], "height": 0.41, "width": 1.6, "inflow_peak": 2.35}