{"nodes": 2515, "object_boundaries": ["on_boundary && x[0]>0.39834 && x[0]< 0.55853 && x[1]>0.12163 && x[1]< 0.28181", "on_boundary && x[0]>0.87873 && x[0]< 1.10969 && x[1]>0.02391 && x[1]< 0.25487"], "height": 0.41, "width": 1.6, "inflow_peak": 0.73}