{"nodes": 2461, "cells": 4658, "object_boundaries": ["on_boundary && x[0]>0.20395 && x[0]< 0.41799 && x[1]>0.0186 && x[1]< 0.23265", "on_boundary && x[0]>0.66189 && x[0]< 0.91239 && x[1]>0.07462 && x[1]< 0.32512"], "height": 0.41, "width": 1.6, "inflow_peak": 2.04}