{"nodes": 1955, "object_boundaries": ["on_boundary && x[0]>0.02973 && x[0]< 0.23027 && x[1]>0.13912 && x[1]< 0.33966"], "height": 0.41, "width": 1.6, "inflow_peak": 1.3}