{"nodes": 2332, "object_boundaries": ["on_boundary && x[0]>0.20089 && x[0]< 0.34165 && x[1]>0.19361 && x[1]< 0.33437"], "height": 0.41, "width": 1.6, "inflow_peak": 1.19}