{"nodes": 2262, "cells": 4304, "object_boundaries": ["on_boundary && x[0]>0.12212 && x[0]< 0.21289 && x[1]>0.11469 && x[1]< 0.20546", "on_boundary && x[0]>0.72357 && x[0]< 0.78138 && x[1]>0.14323 && x[1]< 0.20103"], "height": 0.41, "width": 1.6, "inflow_peak": 0.711}