{"nodes": 2189, "object_boundaries": ["on_boundary && x[0]>0.35253 && x[0]< 0.55059 && x[1]>0.10699 && x[1]< 0.31224", "on_boundary && x[0]>0.79865 && x[0]< 0.98675 && x[1]>0.13604 && x[1]< 0.30843"], "height": 0.41, "width": 1.6, "inflow_peak": 0.15}