{"nodes": 1725, "object_boundaries": ["on_boundary && x[0]>0.37292 && x[0]< 0.55697 && x[1]>0.20278 && x[1]< 0.38537"], "height": 0.41, "width": 1.6, "inflow_peak": 0.58}