{"nodes": 2313, "object_boundaries": ["on_boundary && x[0]>0.25164 && x[0]< 0.47921 && x[1]>0.10305 && x[1]< 0.33414"], "height": 0.41, "width": 1.6, "inflow_peak": 1.77}