{"nodes": 2064, "cells": 3905, "object_boundaries": ["on_boundary && x[0]>0.3258 && x[0]< 0.5557 && x[1]>-0.01134 && x[1]< 0.21826"], "height": 0.41, "width": 1.6, "inflow_peak": 0.87}