{"nodes": 1810, "object_boundaries": ["on_boundary && x[0]>0.33083 && x[0]< 0.52345 && x[1]>0.15427 && x[1]< 0.33313"], "height": 0.41, "width": 1.6, "inflow_peak": 1.05}