{"nodes": 1902, "object_boundaries": ["on_boundary && x[0]>0.35571 && x[0]< 0.56792 && x[1]>-0.02219 && x[1]< 0.229"], "height": 0.41, "width": 1.6, "inflow_peak": 0.81}