{"nodes": 2029, "cells": 3844, "object_boundaries": ["on_boundary && x[0]>0.26903 && x[0]< 0.38014 && x[1]>0.04588 && x[1]< 0.15699"], "height": 0.41, "width": 1.6, "inflow_peak": 1.417}