{"nodes": 2476, "object_boundaries": ["on_boundary && x[0]>0.17546 && x[0]< 0.29546 && x[1]>0.12599 && x[1]< 0.24599"], "height": 0.41, "width": 1.6, "inflow_peak": 1.595}