{"nodes": 2180, "object_boundaries": ["on_boundary && x[0]>0.28043 && x[0]< 0.51809 && x[1]>0.05816 && x[1]< 0.29581", "on_boundary && x[0]>0.7602 && x[0]< 0.99429 && x[1]>0.12953 && x[1]< 0.36362"], "height": 0.41, "width": 1.6, "inflow_peak": 0.56}