{"nodes": 2234, "object_boundaries": ["on_boundary && x[0]>0.28179 && x[0]< 0.45183 && x[1]>0.06599 && x[1]< 0.23603"], "height": 0.41, "width": 1.6, "inflow_peak": 0.29}