{"nodes": 2106, "cells": 3987, "object_boundaries": ["on_boundary && x[0]>0.2508 && x[0]< 0.48798 && x[1]>0.06072 && x[1]< 0.2979"], "height": 0.41, "width": 1.6, "inflow_peak": 1.17}