{"nodes": 2750, "object_boundaries": ["on_boundary && x[0]>0.16717 && x[0]< 0.37751 && x[1]>0.01323 && x[1]< 0.22356", "on_boundary && x[0]>0.73299 && x[0]< 0.87835 && x[1]>0.21118 && x[1]< 0.35654"], "height": 0.41, "width": 1.6, "inflow_peak": 2.01}