{"nodes": 2303, "object_boundaries": ["on_boundary && x[0]>0.14593 && x[0]< 0.35594 && x[1]>0.07995 && x[1]< 0.28996", "on_boundary && x[0]>0.88483 && x[0]< 1.10243 && x[1]>0.02739 && x[1]< 0.24499"], "height": 0.41, "width": 1.6, "inflow_peak": 0.81}