{"nodes": 1960, "object_boundaries": ["on_boundary && x[0]>0.26462 && x[0]< 0.40023 && x[1]>0.17783 && x[1]< 0.31344"], "height": 0.41, "width": 1.6, "inflow_peak": 0.97}