{"nodes": 2090, "cells": 3976, "object_boundaries": ["on_boundary && x[0]>0.42754 && x[0]< 0.50453 && x[1]>0.11099 && x[1]< 0.1886"], "height": 0.41, "width": 1.6, "inflow_peak": 2.046}