{"nodes": 2203, "cells": 4170, "object_boundaries": ["on_boundary && x[0]>0.33791 && x[0]< 0.5814 && x[1]>0.06929 && x[1]< 0.3568"], "height": 0.41, "width": 1.6, "inflow_peak": 1.42}