{"nodes": 2080, "object_boundaries": ["on_boundary && x[0]>0.09438 && x[0]< 0.26207 && x[1]>0.13392 && x[1]< 0.33031"], "height": 0.41, "width": 1.6, "inflow_peak": 0.29}