{"nodes": 1830, "object_boundaries": ["on_boundary && x[0]>0.06253 && x[0]< 0.26737 && x[1]>0.15954 && x[1]< 0.33335", "on_boundary && x[0]>0.63775 && x[0]< 0.8232 && x[1]>0.1559 && x[1]< 0.37114"], "height": 0.41, "width": 1.6, "inflow_peak": 1.72}