{"nodes": 2040, "cells": 3863, "object_boundaries": ["on_boundary && x[0]>0.12434 && x[0]< 0.23252 && x[1]>0.11862 && x[1]< 0.23715"], "height": 0.41, "width": 1.6, "inflow_peak": 1.819}