{"nodes": 2762, "object_boundaries": ["on_boundary && x[0]>0.12813 && x[0]< 0.35558 && x[1]>0.04243 && x[1]< 0.18383", "on_boundary && x[0]>0.58505 && x[0]< 0.76303 && x[1]>0.07793 && x[1]< 0.32875"], "height": 0.41, "width": 1.6, "inflow_peak": 0.87}