{"nodes": 2057, "object_boundaries": ["on_boundary && x[0]>0.08061 && x[0]< 0.26007 && x[1]>0.18199 && x[1]< 0.36144"], "height": 0.41, "width": 1.6, "inflow_peak": 2.049}