{"nodes": 2193, "object_boundaries": ["on_boundary && x[0]>0.31386 && x[0]< 0.5799 && x[1]>0.02933 && x[1]< 0.29538"], "height": 0.41, "width": 1.6, "inflow_peak": 1.587}