{"nodes": 2368, "object_boundaries": ["on_boundary && x[0]>0.19542 && x[0]< 0.34061 && x[1]>0.12084 && x[1]< 0.26604"], "height": 0.41, "width": 1.6, "inflow_peak": 0.42}