{"nodes": 2024, "object_boundaries": ["on_boundary && x[0]>0.20859 && x[0]< 0.42932 && x[1]>0.06423 && x[1]< 0.28497"], "height": 0.41, "width": 1.6, "inflow_peak": 0.63}