{"nodes": 2767, "object_boundaries": ["on_boundary && x[0]>0.201 && x[0]< 0.37209 && x[1]>0.14311 && x[1]< 0.3142", "on_boundary && x[0]>0.63415 && x[0]< 0.82892 && x[1]>0.0784 && x[1]< 0.27317"], "height": 0.41, "width": 1.6, "inflow_peak": 0.41}