{"nodes": 2523, "cells": 4788, "object_boundaries": ["on_boundary && x[0]>0.28624 && x[0]< 0.40713 && x[1]>0.08789 && x[1]< 0.20878", "on_boundary && x[0]>0.73516 && x[0]< 0.8798 && x[1]>0.11231 && x[1]< 0.25695"], "height": 0.41, "width": 1.6, "inflow_peak": 1.203}