{"nodes": 2273, "object_boundaries": ["on_boundary && x[0]>0.34176 && x[0]< 0.51504 && x[1]>0.15715 && x[1]< 0.33043"], "height": 0.41, "width": 1.6, "inflow_peak": 0.54}