{"nodes": 1994, "cells": 3776, "object_boundaries": ["on_boundary && x[0]>0.25074 && x[0]< 0.44602 && x[1]>0.00806 && x[1]< 0.20653"], "height": 0.41, "width": 1.6, "inflow_peak": 1.86}