{"nodes": 1960, "cells": 3715, "object_boundaries": ["on_boundary && x[0]>0.13285 && x[0]< 0.19838 && x[1]>0.07336 && x[1]< 0.16997"], "height": 0.41, "width": 1.6, "inflow_peak": 1.864}