{"nodes": 1760, "object_boundaries": ["on_boundary && x[0]>0.058 && x[0]< 0.32918 && x[1]>0.09702 && x[1]< 0.35913"], "height": 0.41, "width": 1.6, "inflow_peak": 1.08}