{"nodes": 1794, "object_boundaries": ["on_boundary && x[0]>0.05311 && x[0]< 0.28999 && x[1]>0.14198 && x[1]< 0.40187"], "height": 0.41, "width": 1.6, "inflow_peak": 0.4}