{"nodes": 1956, "object_boundaries": ["on_boundary && x[0]>0.28816 && x[0]< 0.47858 && x[1]>0.04569 && x[1]< 0.29863"], "height": 0.41, "width": 1.6, "inflow_peak": 1.04}