{"nodes": 2099, "object_boundaries": ["on_boundary && x[0]>0.21473 && x[0]< 0.42289 && x[1]>0.11444 && x[1]< 0.30278"], "height": 0.41, "width": 1.6, "inflow_peak": 2.04}