{"nodes": 2011, "cells": 3821, "object_boundaries": ["on_boundary && x[0]>0.36627 && x[0]< 0.43657 && x[1]>0.0878 && x[1]< 0.16159"], "height": 0.41, "width": 1.6, "inflow_peak": 0.466}