{"nodes": 2034, "object_boundaries": ["on_boundary && x[0]>0.11724 && x[0]< 0.29948 && x[1]>0.14709 && x[1]< 0.34147"], "height": 0.41, "width": 1.6, "inflow_peak": 1.21}