{"nodes": 2287, "object_boundaries": ["on_boundary && x[0]>0.36547 && x[0]< 0.57747 && x[1]>0.04318 && x[1]< 0.19004"], "height": 0.41, "width": 1.6, "inflow_peak": 0.62}