{"nodes": 2200, "object_boundaries": ["on_boundary && x[0]>0.2239 && x[0]< 0.48289 && x[1]>0.04361 && x[1]< 0.19988"], "height": 0.41, "width": 1.6, "inflow_peak": 1.21}