{"nodes": 2088, "cells": 3958, "object_boundaries": ["on_boundary && x[0]>0.37501 && x[0]< 0.58987 && x[1]>0.11136 && x[1]< 0.32622"], "height": 0.41, "width": 1.6, "inflow_peak": 0.373}