{"nodes": 1751, "object_boundaries": ["on_boundary && x[0]>0.33453 && x[0]< 0.61453 && x[1]>0.00268 && x[1]< 0.28268"], "height": 0.41, "width": 1.6, "inflow_peak": 1.922}