{"nodes": 1981, "object_boundaries": ["on_boundary && x[0]>0.11761 && x[0]< 0.31962 && x[1]>0.02813 && x[1]< 0.23015"], "height": 0.41, "width": 1.6, "inflow_peak": 1.389}