{"nodes": 1861, "object_boundaries": ["on_boundary && x[0]>0.29174 && x[0]< 0.54198 && x[1]>0.10817 && x[1]< 0.35841"], "height": 0.41, "width": 1.6, "inflow_peak": 1.407}