{"nodes": 1989, "object_boundaries": ["on_boundary && x[0]>0.27412 && x[0]< 0.49667 && x[1]>0.0784 && x[1]< 0.30094"], "height": 0.41, "width": 1.6, "inflow_peak": 2.242}