{"nodes": 1904, "object_boundaries": ["on_boundary && x[0]>0.19941 && x[0]< 0.38398 && x[1]>0.11992 && x[1]< 0.31128"], "height": 0.41, "width": 1.6, "inflow_peak": 0.49}