{"nodes": 2126, "cells": 4034, "object_boundaries": ["on_boundary && x[0]>0.18623 && x[0]< 0.40136 && x[1]>0.12439 && x[1]< 0.33953"], "height": 0.41, "width": 1.6, "inflow_peak": 1.93}