{"nodes": 1709, "object_boundaries": ["on_boundary && x[0]>0.18425 && x[0]< 0.39651 && x[1]>0.07357 && x[1]< 0.29546"], "height": 0.41, "width": 1.6, "inflow_peak": 1.39}