{"nodes": 1724, "object_boundaries": ["on_boundary && x[0]>0.12459 && x[0]< 0.30743 && x[1]>0.01722 && x[1]< 0.21275"], "height": 0.41, "width": 1.6, "inflow_peak": 1.83}