{"nodes": 2029, "object_boundaries": ["on_boundary && x[0]>0.34928 && x[0]< 0.56113 && x[1]>0.05829 && x[1]< 0.27015"], "height": 0.41, "width": 1.6, "inflow_peak": 1.03}