{"nodes": 2182, "object_boundaries": ["on_boundary && x[0]>0.28913 && x[0]< 0.557 && x[1]>0.04352 && x[1]< 0.22142"], "height": 0.41, "width": 1.6, "inflow_peak": 1.29}