{"nodes": 2093, "object_boundaries": ["on_boundary && x[0]>0.26094 && x[0]< 0.46973 && x[1]>0.12936 && x[1]< 0.31877"], "height": 0.41, "width": 1.6, "inflow_peak": 1.3}