{"nodes": 2109, "cells": 4007, "object_boundaries": ["on_boundary && x[0]>0.37242 && x[0]< 0.47387 && x[1]>0.18298 && x[1]< 0.27135"], "height": 0.41, "width": 1.6, "inflow_peak": 0.497}