{"nodes": 1699, "object_boundaries": ["on_boundary && x[0]>0.26538 && x[0]< 0.52226 && x[1]>0.08488 && x[1]< 0.36637"], "height": 0.41, "width": 1.6, "inflow_peak": 0.59}