{"nodes": 1788, "object_boundaries": ["on_boundary && x[0]>0.11576 && x[0]< 0.34274 && x[1]>0.13499 && x[1]< 0.3386", "on_boundary && x[0]>0.71736 && x[0]< 0.90517 && x[1]>0.09892 && x[1]< 0.286"], "height": 0.41, "width": 1.6, "inflow_peak": 1.58}