{"nodes": 2082, "cells": 3946, "object_boundaries": ["on_boundary && x[0]>0.24873 && x[0]< 0.36602 && x[1]>0.08649 && x[1]< 0.22103"], "height": 0.41, "width": 1.6, "inflow_peak": 0.52}