{"nodes": 1683, "object_boundaries": ["on_boundary && x[0]>0.33082 && x[0]< 0.53315 && x[1]>0.00876 && x[1]< 0.22782"], "height": 0.41, "width": 1.6, "inflow_peak": 2.17}