{"nodes": 2172, "object_boundaries": ["on_boundary && x[0]>0.34443 && x[0]< 0.54741 && x[1]>0.04376 && x[1]< 0.21522"], "height": 0.41, "width": 1.6, "inflow_peak": 0.7}