{"nodes": 1988, "object_boundaries": ["on_boundary && x[0]>0.21239 && x[0]< 0.34841 && x[1]>0.06102 && x[1]< 0.19703"], "height": 0.41, "width": 1.6, "inflow_peak": 2.05}