{"nodes": 2178, "object_boundaries": ["on_boundary && x[0]>0.21874 && x[0]< 0.49559 && x[1]>0.00319 && x[1]< 0.28508"], "height": 0.41, "width": 1.6, "inflow_peak": 0.62}