{"nodes": 1918, "object_boundaries": ["on_boundary && x[0]>0.37391 && x[0]< 0.49612 && x[1]>0.02422 && x[1]< 0.26256"], "height": 0.41, "width": 1.6, "inflow_peak": 0.92}