{"nodes": 2004, "cells": 3792, "object_boundaries": ["on_boundary && x[0]>0.1369 && x[0]< 0.2847 && x[1]>-0.00317 && x[1]< 0.25105"], "height": 0.41, "width": 1.6, "inflow_peak": 0.89}