{"nodes": 2537, "object_boundaries": ["on_boundary && x[0]>0.34877 && x[0]< 0.55582 && x[1]>0.06568 && x[1]< 0.21805", "on_boundary && x[0]>0.72194 && x[0]< 0.94413 && x[1]>0.02579 && x[1]< 0.27173"], "height": 0.41, "width": 1.6, "inflow_peak": 2.23}