{"nodes": 1772, "object_boundaries": ["on_boundary && x[0]>0.16634 && x[0]< 0.39958 && x[1]>0.17286 && x[1]< 0.40725", "on_boundary && x[0]>0.88105 && x[0]< 1.08256 && x[1]>0.19772 && x[1]< 0.36517"], "height": 0.41, "width": 1.6, "inflow_peak": 1.38}