{"nodes": 1966, "cells": 3726, "object_boundaries": ["on_boundary && x[0]>0.16103 && x[0]< 0.26703 && x[1]>0.26657 && x[1]< 0.33318"], "height": 0.41, "width": 1.6, "inflow_peak": 0.53}