{"nodes": 1805, "object_boundaries": ["on_boundary && x[0]>0.36527 && x[0]< 0.51778 && x[1]>0.07352 && x[1]< 0.24856"], "height": 0.41, "width": 1.6, "inflow_peak": 1.66}