{"nodes": 2399, "object_boundaries": ["on_boundary && x[0]>0.40993 && x[0]< 0.55408 && x[1]>0.12412 && x[1]< 0.26827"], "height": 0.41, "width": 1.6, "inflow_peak": 0.89}