{"nodes": 1958, "object_boundaries": ["on_boundary && x[0]>0.20809 && x[0]< 0.43034 && x[1]>0.09866 && x[1]< 0.32092"], "height": 0.41, "width": 1.6, "inflow_peak": 1.36}