{"nodes": 2154, "object_boundaries": ["on_boundary && x[0]>0.10336 && x[0]< 0.22776 && x[1]>0.10364 && x[1]< 0.31091"], "height": 0.41, "width": 1.6, "inflow_peak": 1.79}