{"nodes": 2367, "cells": 4487, "object_boundaries": ["on_boundary && x[0]>0.06293 && x[0]< 0.28455 && x[1]>0.06503 && x[1]< 0.28665", "on_boundary && x[0]>0.74777 && x[0]< 0.94017 && x[1]>0.03566 && x[1]< 0.22807"], "height": 0.41, "width": 1.6, "inflow_peak": 0.66}