{"nodes": 2555, "object_boundaries": ["on_boundary && x[0]>0.13274 && x[0]< 0.28667 && x[1]>0.06529 && x[1]< 0.21922", "on_boundary && x[0]>0.88577 && x[0]< 1.10244 && x[1]>0.01975 && x[1]< 0.23642"], "height": 0.41, "width": 1.6, "inflow_peak": 1.28}