{"nodes": 2140, "object_boundaries": ["on_boundary && x[0]>0.25615 && x[0]< 0.44389 && x[1]>0.05359 && x[1]< 0.24133"], "height": 0.41, "width": 1.6, "inflow_peak": 1.53}