{"nodes": 2028, "cells": 3840, "object_boundaries": ["on_boundary && x[0]>0.24209 && x[0]< 0.36034 && x[1]>0.23433 && x[1]< 0.35258"], "height": 0.41, "width": 1.6, "inflow_peak": 0.932}