{"nodes": 2685, "object_boundaries": ["on_boundary && x[0]>0.26114 && x[0]< 0.41424 && x[1]>0.15648 && x[1]< 0.30958", "on_boundary && x[0]>0.7819 && x[0]< 0.95419 && x[1]>0.01386 && x[1]< 0.18614"], "height": 0.41, "width": 1.6, "inflow_peak": 0.47}