{"nodes": 1952, "object_boundaries": ["on_boundary && x[0]>0.04795 && x[0]< 0.25869 && x[1]>0.1236 && x[1]< 0.33433"], "height": 0.41, "width": 1.6, "inflow_peak": 0.85}