{"nodes": 2062, "cells": 3908, "object_boundaries": ["on_boundary && x[0]>0.09637 && x[0]< 0.29336 && x[1]>0.17577 && x[1]< 0.38653"], "height": 0.41, "width": 1.6, "inflow_peak": 1.14}