{"nodes": 1861, "object_boundaries": ["on_boundary && x[0]>0.26402 && x[0]< 0.50295 && x[1]>0.14024 && x[1]< 0.31015", "on_boundary && x[0]>0.69742 && x[0]< 0.84711 && x[1]>0.09395 && x[1]< 0.26658"], "height": 0.41, "width": 1.6, "inflow_peak": 1.36}