{"nodes": 2027, "object_boundaries": ["on_boundary && x[0]>0.26724 && x[0]< 0.46546 && x[1]>0.15036 && x[1]< 0.33958"], "height": 0.41, "width": 1.6, "inflow_peak": 1.64}