{"nodes": 1869, "object_boundaries": ["on_boundary && x[0]>0.19725 && x[0]< 0.47725 && x[1]>0.13571 && x[1]< 0.36959"], "height": 0.41, "width": 1.6, "inflow_peak": 2.07}