{"nodes": 1964, "object_boundaries": ["on_boundary && x[0]>0.07082 && x[0]< 0.23583 && x[1]>0.04914 && x[1]< 0.29614"], "height": 0.41, "width": 1.6, "inflow_peak": 1.07}