{"nodes": 1958, "cells": 3713, "object_boundaries": ["on_boundary && x[0]>0.13035 && x[0]< 0.18118 && x[1]>0.14342 && x[1]< 0.24261"], "height": 0.41, "width": 1.6, "inflow_peak": 0.915}