{"nodes": 1982, "object_boundaries": ["on_boundary && x[0]>0.43127 && x[0]< 0.60543 && x[1]>-0.02546 && x[1]< 0.22546"], "height": 0.41, "width": 1.6, "inflow_peak": 1.88}