{"nodes": 1701, "object_boundaries": ["on_boundary && x[0]>0.11098 && x[0]< 0.29959 && x[1]>0.18289 && x[1]< 0.3715"], "height": 0.41, "width": 1.6, "inflow_peak": 0.39}