{"nodes": 2280, "object_boundaries": ["on_boundary && x[0]>0.10507 && x[0]< 0.25093 && x[1]>0.11408 && x[1]< 0.25994"], "height": 0.41, "width": 1.6, "inflow_peak": 1.31}