{"nodes": 2290, "object_boundaries": ["on_boundary && x[0]>0.36353 && x[0]< 0.59722 && x[1]>0.08466 && x[1]< 0.22521"], "height": 0.41, "width": 1.6, "inflow_peak": 2.24}