{"nodes": 2183, "object_boundaries": ["on_boundary && x[0]>0.10742 && x[0]< 0.30475 && x[1]>0.04188 && x[1]< 0.18795"], "height": 0.41, "width": 1.6, "inflow_peak": 1.48}