{"nodes": 2094, "cells": 3973, "object_boundaries": ["on_boundary && x[0]>0.29814 && x[0]< 0.4365 && x[1]>0.19384 && x[1]< 0.28404"], "height": 0.41, "width": 1.6, "inflow_peak": 2.128}