{"nodes": 2035, "cells": 3852, "object_boundaries": ["on_boundary && x[0]>0.15573 && x[0]< 0.397 && x[1]>0.20732 && x[1]< 0.39177"], "height": 0.41, "width": 1.6, "inflow_peak": 1.44}