{"nodes": 2145, "object_boundaries": ["on_boundary && x[0]>0.23164 && x[0]< 0.44043 && x[1]>0.08219 && x[1]< 0.24501"], "height": 0.41, "width": 1.6, "inflow_peak": 0.15}