{"nodes": 2056, "object_boundaries": ["on_boundary && x[0]>0.26549 && x[0]< 0.54467 && x[1]>0.08566 && x[1]< 0.26901"], "height": 0.41, "width": 1.6, "inflow_peak": 1.77}