{"nodes": 2067, "object_boundaries": ["on_boundary && x[0]>0.11164 && x[0]< 0.34945 && x[1]>0.14826 && x[1]< 0.32193"], "height": 0.41, "width": 1.6, "inflow_peak": 1.45}