{"nodes": 2004, "object_boundaries": ["on_boundary && x[0]>0.11916 && x[0]< 0.29798 && x[1]>0.03445 && x[1]< 0.26062"], "height": 0.41, "width": 1.6, "inflow_peak": 0.36}