{"nodes": 2343, "object_boundaries": ["on_boundary && x[0]>0.25106 && x[0]< 0.45569 && x[1]>0.13625 && x[1]< 0.30648", "on_boundary && x[0]>0.79185 && x[0]< 0.9548 && x[1]>0.16687 && x[1]< 0.33233"], "height": 0.41, "width": 1.6, "inflow_peak": 1.71}