{"nodes": 1791, "object_boundaries": ["on_boundary && x[0]>0.25266 && x[0]< 0.42318 && x[1]>0.0423 && x[1]< 0.21281"], "height": 0.41, "width": 1.6, "inflow_peak": 1.79}