{"nodes": 2092, "cells": 3966, "object_boundaries": ["on_boundary && x[0]>0.40023 && x[0]< 0.52847 && x[1]>0.17832 && x[1]< 0.30655"], "height": 0.41, "width": 1.6, "inflow_peak": 1.868}