{"nodes": 2109, "cells": 4003, "object_boundaries": ["on_boundary && x[0]>0.22817 && x[0]< 0.41861 && x[1]>0.02761 && x[1]< 0.22556"], "height": 0.41, "width": 1.6, "inflow_peak": 1.61}