{"nodes": 2056, "object_boundaries": ["on_boundary && x[0]>0.16018 && x[0]< 0.35258 && x[1]>0.12336 && x[1]< 0.31577"], "height": 0.41, "width": 1.6, "inflow_peak": 1.05}