{"nodes": 2040, "object_boundaries": ["on_boundary && x[0]>0.15346 && x[0]< 0.35363 && x[1]>0.12458 && x[1]< 0.32476"], "height": 0.41, "width": 1.6, "inflow_peak": 1.41}