{"nodes": 2074, "cells": 3941, "object_boundaries": ["on_boundary && x[0]>0.26482 && x[0]< 0.46536 && x[1]>0.18802 && x[1]< 0.34471"], "height": 0.41, "width": 1.6, "inflow_peak": 0.78}