{"nodes": 1825, "object_boundaries": ["on_boundary && x[0]>0.25633 && x[0]< 0.51272 && x[1]>0.00378 && x[1]< 0.25694"], "height": 0.41, "width": 1.6, "inflow_peak": 1.65}