{"nodes": 1991, "object_boundaries": ["on_boundary && x[0]>0.10687 && x[0]< 0.33615 && x[1]>0.07838 && x[1]< 0.29967"], "height": 0.41, "width": 1.6, "inflow_peak": 1.67}