{"nodes": 1968, "object_boundaries": ["on_boundary && x[0]>0.26219 && x[0]< 0.45458 && x[1]>0.08944 && x[1]< 0.33308"], "height": 0.41, "width": 1.6, "inflow_peak": 1.7}