{"nodes": 1965, "object_boundaries": ["on_boundary && x[0]>0.15036 && x[0]< 0.37349 && x[1]>0.02233 && x[1]< 0.23007"], "height": 0.41, "width": 1.6, "inflow_peak": 0.44}