{"nodes": 1983, "object_boundaries": ["on_boundary && x[0]>0.13166 && x[0]< 0.33041 && x[1]>0.08545 && x[1]< 0.30442"], "height": 0.41, "width": 1.6, "inflow_peak": 1.93}