{"nodes": 2233, "object_boundaries": ["on_boundary && x[0]>0.27946 && x[0]< 0.53748 && x[1]>0.07484 && x[1]< 0.26779"], "height": 0.41, "width": 1.6, "inflow_peak": 0.57}