{"nodes": 2113, "cells": 4007, "object_boundaries": ["on_boundary && x[0]>0.35636 && x[0]< 0.49374 && x[1]>0.14446 && x[1]< 0.2596"], "height": 0.41, "width": 1.6, "inflow_peak": 1.787}