{"nodes": 2131, "object_boundaries": ["on_boundary && x[0]>0.33753 && x[0]< 0.58876 && x[1]>0.10299 && x[1]< 0.26528"], "height": 0.41, "width": 1.6, "inflow_peak": 0.51}