{"nodes": 2045, "cells": 3883, "object_boundaries": ["on_boundary && x[0]>0.22699 && x[0]< 0.42438 && x[1]>0.19904 && x[1]< 0.35853"], "height": 0.41, "width": 1.6, "inflow_peak": 2.22}