{"nodes": 1702, "object_boundaries": ["on_boundary && x[0]>0.2793 && x[0]< 0.51727 && x[1]>0.00075 && x[1]< 0.2932", "on_boundary && x[0]>0.83797 && x[0]< 1.02276 && x[1]>0.0523 && x[1]< 0.21554"], "height": 0.41, "width": 1.6, "inflow_peak": 2.04}