{"nodes": 1698, "object_boundaries": ["on_boundary && x[0]>0.36029 && x[0]< 0.60065 && x[1]>0.02861 && x[1]< 0.25513"], "height": 0.41, "width": 1.6, "inflow_peak": 0.66}