{"nodes": 2126, "object_boundaries": ["on_boundary && x[0]>0.29272 && x[0]< 0.51669 && x[1]>0.03948 && x[1]< 0.28736"], "height": 0.41, "width": 1.6, "inflow_peak": 0.76}