{"nodes": 2448, "cells": 4652, "object_boundaries": ["on_boundary && x[0]>0.06522 && x[0]< 0.30344 && x[1]>0.11991 && x[1]< 0.31023", "on_boundary && x[0]>0.7455 && x[0]< 0.92658 && x[1]>0.10654 && x[1]< 0.29626"], "height": 0.41, "width": 1.6, "inflow_peak": 0.86}