{"nodes": 1956, "object_boundaries": ["on_boundary && x[0]>0.22797 && x[0]< 0.4542 && x[1]>0.10454 && x[1]< 0.30518", "on_boundary && x[0]>0.69863 && x[0]< 0.886 && x[1]>0.08855 && x[1]< 0.34343"], "height": 0.41, "width": 1.6, "inflow_peak": 1.07}