{"nodes": 1692, "object_boundaries": ["on_boundary && x[0]>0.04552 && x[0]< 0.28017 && x[1]>0.14996 && x[1]< 0.38461"], "height": 0.41, "width": 1.6, "inflow_peak": 1.29}