{"nodes": 2085, "cells": 3961, "object_boundaries": ["on_boundary && x[0]>0.36258 && x[0]< 0.53959 && x[1]>0.0631 && x[1]< 0.25037"], "height": 0.41, "width": 1.6, "inflow_peak": 1.52}