{"nodes": 2153, "cells": 4079, "object_boundaries": ["on_boundary && x[0]>0.28581 && x[0]< 0.43166 && x[1]>0.21889 && x[1]< 0.36352"], "height": 0.41, "width": 1.6, "inflow_peak": 1.734}