{"nodes": 2427, "object_boundaries": ["on_boundary && x[0]>0.35806 && x[0]< 0.52703 && x[1]>0.05496 && x[1]< 0.17496"], "height": 0.41, "width": 1.6, "inflow_peak": 1.45}