{"nodes": 1907, "object_boundaries": ["on_boundary && x[0]>0.02795 && x[0]< 0.23205 && x[1]>0.1871 && x[1]< 0.35033"], "height": 0.41, "width": 1.6, "inflow_peak": 0.93}