{"nodes": 1998, "cells": 3785, "object_boundaries": ["on_boundary && x[0]>0.15102 && x[0]< 0.30073 && x[1]>0.01424 && x[1]< 0.24293"], "height": 0.41, "width": 1.6, "inflow_peak": 1.36}