{"nodes": 1953, "object_boundaries": ["on_boundary && x[0]>0.20404 && x[0]< 0.39971 && x[1]>0.17343 && x[1]< 0.40929"], "height": 0.41, "width": 1.6, "inflow_peak": 1.42}