{"nodes": 2834, "object_boundaries": ["on_boundary && x[0]>0.32928 && x[0]< 0.48917 && x[1]>0.1415 && x[1]< 0.30139", "on_boundary && x[0]>0.89324 && x[0]< 1.06753 && x[1]>0.14755 && x[1]< 0.32184"], "height": 0.41, "width": 1.6, "inflow_peak": 2.16}