{"nodes": 2456, "cells": 4681, "object_boundaries": ["on_boundary && x[0]>0.40924 && x[0]< 0.4821 && x[1]>0.13013 && x[1]< 0.20299", "on_boundary && x[0]>0.74833 && x[0]< 0.85527 && x[1]>0.10882 && x[1]< 0.21576"], "height": 0.41, "width": 1.6, "inflow_peak": 1.514}