{"nodes": 2527, "object_boundaries": ["on_boundary && x[0]>0.18782 && x[0]< 0.33457 && x[1]>0.06248 && x[1]< 0.20923", "on_boundary && x[0]>0.8136 && x[0]< 1.05397 && x[1]>0.15923 && x[1]< 0.3996"], "height": 0.41, "width": 1.6, "inflow_peak": 0.33}