{"nodes": 2560, "cells": 4866, "object_boundaries": ["on_boundary && x[0]>0.38529 && x[0]< 0.58714 && x[1]>0.14438 && x[1]< 0.34623", "on_boundary && x[0]>0.8656 && x[0]< 1.09846 && x[1]>-0.00667 && x[1]< 0.22619"], "height": 0.41, "width": 1.6, "inflow_peak": 0.5}