{"nodes": 2007, "object_boundaries": ["on_boundary && x[0]>0.25917 && x[0]< 0.4741 && x[1]>0.05416 && x[1]< 0.2691"], "height": 0.41, "width": 1.6, "inflow_peak": 1.57}