{"nodes": 2040, "object_boundaries": ["on_boundary && x[0]>0.21401 && x[0]< 0.41109 && x[1]>0.18386 && x[1]< 0.38094"], "height": 0.41, "width": 1.6, "inflow_peak": 1.38}