{"nodes": 2274, "object_boundaries": ["on_boundary && x[0]>0.43138 && x[0]< 0.5942 && x[1]>0.1467 && x[1]< 0.30952"], "height": 0.41, "width": 1.6, "inflow_peak": 0.84}