{"nodes": 2045, "cells": 3881, "object_boundaries": ["on_boundary && x[0]>0.19371 && x[0]< 0.38163 && x[1]>0.08297 && x[1]< 0.2679"], "height": 0.41, "width": 1.6, "inflow_peak": 1.78}