{"nodes": 1887, "object_boundaries": ["on_boundary && x[0]>0.36664 && x[0]< 0.62016 && x[1]>0.05531 && x[1]< 0.29613"], "height": 0.41, "width": 1.6, "inflow_peak": 1.77}