{"nodes": 2058, "cells": 3901, "object_boundaries": ["on_boundary && x[0]>0.14299 && x[0]< 0.25225 && x[1]>0.21403 && x[1]< 0.31898"], "height": 0.41, "width": 1.6, "inflow_peak": 2.192}