{"nodes": 1783, "object_boundaries": ["on_boundary && x[0]>0.21111 && x[0]< 0.40582 && x[1]>0.03623 && x[1]< 0.23094"], "height": 0.41, "width": 1.6, "inflow_peak": 1.86}