{"nodes": 1973, "object_boundaries": ["on_boundary && x[0]>0.27715 && x[0]< 0.50014 && x[1]>0.13264 && x[1]< 0.35563"], "height": 0.41, "width": 1.6, "inflow_peak": 0.96}