{"nodes": 1804, "object_boundaries": ["on_boundary && x[0]>0.33434 && x[0]< 0.49305 && x[1]>0.09221 && x[1]< 0.25093"], "height": 0.41, "width": 1.6, "inflow_peak": 2.22}