{"nodes": 2043, "cells": 3859, "object_boundaries": ["on_boundary && x[0]>0.05076 && x[0]< 0.29213 && x[1]>0.14364 && x[1]< 0.37898"], "height": 0.41, "width": 1.6, "inflow_peak": 0.77}