{"nodes": 2055, "object_boundaries": ["on_boundary && x[0]>0.20193 && x[0]< 0.40379 && x[1]>0.1022 && x[1]< 0.30405"], "height": 0.41, "width": 1.6, "inflow_peak": 0.971}