{"nodes": 1843, "object_boundaries": ["on_boundary && x[0]>0.18535 && x[0]< 0.43392 && x[1]>0.13531 && x[1]< 0.38388"], "height": 0.41, "width": 1.6, "inflow_peak": 0.777}