{"nodes": 2066, "cells": 3918, "object_boundaries": ["on_boundary && x[0]>0.22196 && x[0]< 0.42389 && x[1]>0.06689 && x[1]< 0.26882"], "height": 0.41, "width": 1.6, "inflow_peak": 1.045}