{"nodes": 1874, "object_boundaries": ["on_boundary && x[0]>0.35715 && x[0]< 0.60443 && x[1]>0.14037 && x[1]< 0.38765"], "height": 0.41, "width": 1.6, "inflow_peak": 0.85}