{"nodes": 2092, "cells": 3982, "object_boundaries": ["on_boundary && x[0]>0.37969 && x[0]< 0.53273 && x[1]>0.15319 && x[1]< 0.30624"], "height": 0.41, "width": 1.6, "inflow_peak": 0.51}