{"nodes": 1712, "object_boundaries": ["on_boundary && x[0]>0.35757 && x[0]< 0.58848 && x[1]>0.08081 && x[1]< 0.31172"], "height": 0.41, "width": 1.6, "inflow_peak": 0.89}