{"nodes": 1928, "object_boundaries": ["on_boundary && x[0]>0.03807 && x[0]< 0.26616 && x[1]>0.16024 && x[1]< 0.38833"], "height": 0.41, "width": 1.6, "inflow_peak": 0.99}