{"nodes": 1690, "object_boundaries": ["on_boundary && x[0]>0.08289 && x[0]< 0.32556 && x[1]>-0.00076 && x[1]< 0.25897"], "height": 0.41, "width": 1.6, "inflow_peak": 0.9}