{"nodes": 1786, "object_boundaries": ["on_boundary && x[0]>0.17101 && x[0]< 0.45101 && x[1]>0.08134 && x[1]< 0.34011"], "height": 0.41, "width": 1.6, "inflow_peak": 0.17}