{"nodes": 2119, "cells": 4026, "object_boundaries": ["on_boundary && x[0]>0.31495 && x[0]< 0.40782 && x[1]>0.12967 && x[1]< 0.24179"], "height": 0.41, "width": 1.6, "inflow_peak": 1.613}