{"nodes": 2579, "cells": 4903, "object_boundaries": ["on_boundary && x[0]>0.20483 && x[0]< 0.41038 && x[1]>0.15581 && x[1]< 0.3848", "on_boundary && x[0]>0.58731 && x[0]< 0.84268 && x[1]>0.02763 && x[1]< 0.18159"], "height": 0.41, "width": 1.6, "inflow_peak": 1.34}