{"nodes": 2177, "cells": 4142, "object_boundaries": ["on_boundary && x[0]>0.29155 && x[0]< 0.39751 && x[1]>0.22361 && x[1]< 0.31433"], "height": 0.41, "width": 1.6, "inflow_peak": 2.238}