{"nodes": 1735, "object_boundaries": ["on_boundary && x[0]>0.30528 && x[0]< 0.54133 && x[1]>0.10858 && x[1]< 0.29211"], "height": 0.41, "width": 1.6, "inflow_peak": 1.94}