{"nodes": 2103, "object_boundaries": ["on_boundary && x[0]>0.26409 && x[0]< 0.41876 && x[1]>0.03513 && x[1]< 0.31513"], "height": 0.41, "width": 1.6, "inflow_peak": 0.98}