{"nodes": 1724, "object_boundaries": ["on_boundary && x[0]>0.29142 && x[0]< 0.51124 && x[1]>0.04062 && x[1]< 0.26213"], "height": 0.41, "width": 1.6, "inflow_peak": 2.16}