{"nodes": 2130, "object_boundaries": ["on_boundary && x[0]>0.38522 && x[0]< 0.54531 && x[1]>0.12662 && x[1]< 0.36172", "on_boundary && x[0]>0.85258 && x[0]< 1.04378 && x[1]>0.12197 && x[1]< 0.31446"], "height": 0.41, "width": 1.6, "inflow_peak": 1.1}