{"nodes": 1699, "object_boundaries": ["on_boundary && x[0]>0.39866 && x[0]< 0.60223 && x[1]>0.02745 && x[1]< 0.22345"], "height": 0.41, "width": 1.6, "inflow_peak": 0.63}