{"nodes": 2097, "cells": 3970, "object_boundaries": ["on_boundary && x[0]>0.37855 && x[0]< 0.61232 && x[1]>0.04107 && x[1]< 0.27483"], "height": 0.41, "width": 1.6, "inflow_peak": 0.73}