{"nodes": 1988, "cells": 3765, "object_boundaries": ["on_boundary && x[0]>0.13799 && x[0]< 0.24106 && x[1]>0.18837 && x[1]< 0.29144"], "height": 0.41, "width": 1.6, "inflow_peak": 1.621}