{"nodes": 1762, "object_boundaries": ["on_boundary && x[0]>0.36184 && x[0]< 0.59161 && x[1]>0.07655 && x[1]< 0.30633"], "height": 0.41, "width": 1.6, "inflow_peak": 1.86}