{"nodes": 1922, "object_boundaries": ["on_boundary && x[0]>0.26191 && x[0]< 0.49567 && x[1]>0.11311 && x[1]< 0.34687"], "height": 0.41, "width": 1.6, "inflow_peak": 1.96}