{"nodes": 2199, "object_boundaries": ["on_boundary && x[0]>0.0848 && x[0]< 0.31384 && x[1]>0.06226 && x[1]< 0.2913"], "height": 0.41, "width": 1.6, "inflow_peak": 1.565}