{"nodes": 2138, "cells": 4056, "object_boundaries": ["on_boundary && x[0]>0.3928 && x[0]< 0.52835 && x[1]>0.11937 && x[1]< 0.24989"], "height": 0.41, "width": 1.6, "inflow_peak": 1.305}