{"nodes": 1706, "object_boundaries": ["on_boundary && x[0]>0.37399 && x[0]< 0.60107 && x[1]>0.08105 && x[1]< 0.28691"], "height": 0.41, "width": 1.6, "inflow_peak": 1.91}