{"nodes": 2119, "cells": 4028, "object_boundaries": ["on_boundary && x[0]>0.2898 && x[0]< 0.47695 && x[1]>0.06937 && x[1]< 0.26073"], "height": 0.41, "width": 1.6, "inflow_peak": 2.12}