{"nodes": 1684, "object_boundaries": ["on_boundary && x[0]>0.11287 && x[0]< 0.32868 && x[1]>0.12 && x[1]< 0.29359"], "height": 0.41, "width": 1.6, "inflow_peak": 0.61}