{"nodes": 2558, "cells": 4857, "object_boundaries": ["on_boundary && x[0]>0.3195 && x[0]< 0.52682 && x[1]>0.19209 && x[1]< 0.39941", "on_boundary && x[0]>0.80865 && x[0]< 1.05162 && x[1]>0.11428 && x[1]< 0.35725"], "height": 0.41, "width": 1.6, "inflow_peak": 1.03}