{"nodes": 2013, "object_boundaries": ["on_boundary && x[0]>0.17333 && x[0]< 0.2939 && x[1]>0.14029 && x[1]< 0.26086"], "height": 0.41, "width": 1.6, "inflow_peak": 1.75}