{"nodes": 1763, "object_boundaries": ["on_boundary && x[0]>0.05926 && x[0]< 0.31888 && x[1]>0.17019 && x[1]< 0.42981"], "height": 0.41, "width": 1.6, "inflow_peak": 0.41}