{"nodes": 1721, "object_boundaries": ["on_boundary && x[0]>0.1739 && x[0]< 0.40827 && x[1]>0.02969 && x[1]< 0.25723"], "height": 0.41, "width": 1.6, "inflow_peak": 0.49}