{"nodes": 1661, "object_boundaries": ["on_boundary && x[0]>0.3683 && x[0]< 0.59584 && x[1]>-0.0008 && x[1]< 0.23004"], "height": 0.41, "width": 1.6, "inflow_peak": 2.09}