{"nodes": 1929, "object_boundaries": ["on_boundary && x[0]>0.23678 && x[0]< 0.43133 && x[1]>0.21233 && x[1]< 0.40459"], "height": 0.41, "width": 1.6, "inflow_peak": 1.15}