{"nodes": 1990, "cells": 3771, "object_boundaries": ["on_boundary && x[0]>0.11444 && x[0]< 0.27503 && x[1]>0.13265 && x[1]< 0.34274"], "height": 0.41, "width": 1.6, "inflow_peak": 1.53}