{"nodes": 2154, "object_boundaries": ["on_boundary && x[0]>0.16469 && x[0]< 0.33233 && x[1]>0.09886 && x[1]< 0.2665"], "height": 0.41, "width": 1.6, "inflow_peak": 1.07}