{"nodes": 1730, "object_boundaries": ["on_boundary && x[0]>0.19382 && x[0]< 0.40772 && x[1]>0.01577 && x[1]< 0.22227"], "height": 0.41, "width": 1.6, "inflow_peak": 0.94}