{"nodes": 2148, "cells": 4066, "object_boundaries": ["on_boundary && x[0]>0.31433 && x[0]< 0.57062 && x[1]>0.00875 && x[1]< 0.24589"], "height": 0.41, "width": 1.6, "inflow_peak": 1.07}