{"nodes": 2081, "cells": 3944, "object_boundaries": ["on_boundary && x[0]>0.22334 && x[0]< 0.33399 && x[1]>0.06913 && x[1]< 0.18947"], "height": 0.41, "width": 1.6, "inflow_peak": 1.35}