{"nodes": 2089, "object_boundaries": ["on_boundary && x[0]>0.30492 && x[0]< 0.50016 && x[1]>0.0312 && x[1]< 0.22645"], "height": 0.41, "width": 1.6, "inflow_peak": 2.23}