{"nodes": 2031, "cells": 3839, "object_boundaries": ["on_boundary && x[0]>0.11582 && x[0]< 0.34475 && x[1]>0.11916 && x[1]< 0.34809"], "height": 0.41, "width": 1.6, "inflow_peak": 1.24}