{"nodes": 2043, "cells": 3857, "object_boundaries": ["on_boundary && x[0]>0.41056 && x[0]< 0.56911 && x[1]>0.04066 && x[1]< 0.19922"], "height": 0.41, "width": 1.6, "inflow_peak": 1.576}