{"nodes": 2024, "object_boundaries": ["on_boundary && x[0]>0.14624 && x[0]< 0.34113 && x[1]>0.06116 && x[1]< 0.25605"], "height": 0.41, "width": 1.6, "inflow_peak": 0.153}