{"nodes": 1839, "object_boundaries": ["on_boundary && x[0]>0.28933 && x[0]< 0.54349 && x[1]>0.0206 && x[1]< 0.27477"], "height": 0.41, "width": 1.6, "inflow_peak": 1.298}