{"nodes": 2121, "object_boundaries": ["on_boundary && x[0]>0.26504 && x[0]< 0.51372 && x[1]>0.08465 && x[1]< 0.25675"], "height": 0.41, "width": 1.6, "inflow_peak": 1.37}