{"nodes": 1878, "object_boundaries": ["on_boundary && x[0]>0.04606 && x[0]< 0.27332 && x[1]>0.14448 && x[1]< 0.36698"], "height": 0.41, "width": 1.6, "inflow_peak": 1.13}