{"nodes": 2124, "object_boundaries": ["on_boundary && x[0]>0.39754 && x[0]< 0.59027 && x[1]>0.15053 && x[1]< 0.33973", "on_boundary && x[0]>0.69019 && x[0]< 0.8853 && x[1]>0.17771 && x[1]< 0.37199"], "height": 0.41, "width": 1.6, "inflow_peak": 1.86}