{"nodes": 2108, "cells": 4004, "object_boundaries": ["on_boundary && x[0]>0.21457 && x[0]< 0.41775 && x[1]>0.09245 && x[1]< 0.26244"], "height": 0.41, "width": 1.6, "inflow_peak": 2.07}