{"nodes": 1810, "object_boundaries": ["on_boundary && x[0]>0.38496 && x[0]< 0.55512 && x[1]>0.07709 && x[1]< 0.26227"], "height": 0.41, "width": 1.6, "inflow_peak": 1.5}