{"nodes": 2347, "object_boundaries": ["on_boundary && x[0]>0.217 && x[0]< 0.46217 && x[1]>0.16844 && x[1]< 0.31916"], "height": 0.41, "width": 1.6, "inflow_peak": 1.52}