{"nodes": 2067, "cells": 3909, "object_boundaries": ["on_boundary && x[0]>0.43284 && x[0]< 0.56036 && x[1]>0.07576 && x[1]< 0.24074"], "height": 0.41, "width": 1.6, "inflow_peak": 0.729}