{"nodes": 2148, "object_boundaries": ["on_boundary && x[0]>0.38656 && x[0]< 0.57849 && x[1]>0.10648 && x[1]< 0.29643"], "height": 0.41, "width": 1.6, "inflow_peak": 1.94}