{"nodes": 2480, "object_boundaries": ["on_boundary && x[0]>0.31469 && x[0]< 0.5592 && x[1]>0.15123 && x[1]< 0.27123"], "height": 0.41, "width": 1.6, "inflow_peak": 1.18}