{"nodes": 1983, "object_boundaries": ["on_boundary && x[0]>0.32586 && x[0]< 0.51525 && x[1]>-0.00531 && x[1]< 0.23476"], "height": 0.41, "width": 1.6, "inflow_peak": 1.69}