{"nodes": 2146, "cells": 4056, "object_boundaries": ["on_boundary && x[0]>0.20271 && x[0]< 0.38432 && x[1]>0.12401 && x[1]< 0.29862"], "height": 0.41, "width": 1.6, "inflow_peak": 1.276}