{"nodes": 1717, "object_boundaries": ["on_boundary && x[0]>0.15413 && x[0]< 0.38204 && x[1]>0.00629 && x[1]< 0.2342"], "height": 0.41, "width": 1.6, "inflow_peak": 1.28}