{"nodes": 1996, "cells": 3786, "object_boundaries": ["on_boundary && x[0]>0.12117 && x[0]< 0.27748 && x[1]>0.0548 && x[1]< 0.21111"], "height": 0.41, "width": 1.6, "inflow_peak": 1.12}