{"nodes": 1653, "object_boundaries": ["on_boundary && x[0]>0.16069 && x[0]< 0.42151 && x[1]>0.07837 && x[1]< 0.35667"], "height": 0.41, "width": 1.6, "inflow_peak": 0.8}