{"nodes": 2181, "object_boundaries": ["on_boundary && x[0]>0.11336 && x[0]< 0.2792 && x[1]>0.10283 && x[1]< 0.26866"], "height": 0.41, "width": 1.6, "inflow_peak": 1.948}