{"nodes": 1983, "object_boundaries": ["on_boundary && x[0]>0.18406 && x[0]< 0.39188 && x[1]>0.02714 && x[1]< 0.23497"], "height": 0.41, "width": 1.6, "inflow_peak": 1.927}