{"nodes": 1991, "cells": 3768, "object_boundaries": ["on_boundary && x[0]>0.11454 && x[0]< 0.22673 && x[1]>0.17829 && x[1]< 0.29048"], "height": 0.41, "width": 1.6, "inflow_peak": 1.37}