{"nodes": 2334, "object_boundaries": ["on_boundary && x[0]>0.28853 && x[0]< 0.44179 && x[1]>0.06184 && x[1]< 0.21509"], "height": 0.41, "width": 1.6, "inflow_peak": 0.676}