{"nodes": 1969, "object_boundaries": ["on_boundary && x[0]>0.30111 && x[0]< 0.48111 && x[1]>0.15915 && x[1]< 0.41485"], "height": 0.41, "width": 1.6, "inflow_peak": 0.9}