{"nodes": 1924, "cells": 3648, "object_boundaries": ["on_boundary && x[0]>0.12477 && x[0]< 0.20218 && x[1]>0.09826 && x[1]< 0.15405"], "height": 0.41, "width": 1.6, "inflow_peak": 2.155}