{"nodes": 2145, "object_boundaries": ["on_boundary && x[0]>0.27353 && x[0]< 0.49761 && x[1]>0.09143 && x[1]< 0.26597"], "height": 0.41, "width": 1.6, "inflow_peak": 2.14}