{"nodes": 2058, "object_boundaries": ["on_boundary && x[0]>0.33936 && x[0]< 0.52099 && x[1]>0.03802 && x[1]< 0.24605"], "height": 0.41, "width": 1.6, "inflow_peak": 1.66}