{"nodes": 1714, "object_boundaries": ["on_boundary && x[0]>0.05978 && x[0]< 0.23682 && x[1]>0.10018 && x[1]< 0.29775"], "height": 0.41, "width": 1.6, "inflow_peak": 0.79}