{"nodes": 1753, "object_boundaries": ["on_boundary && x[0]>0.41761 && x[0]< 0.60869 && x[1]>0.09423 && x[1]< 0.27662"], "height": 0.41, "width": 1.6, "inflow_peak": 1.46}