{"nodes": 1896, "object_boundaries": ["on_boundary && x[0]>0.37751 && x[0]< 0.58617 && x[1]>0.17912 && x[1]< 0.3884", "on_boundary && x[0]>0.59395 && x[0]< 0.79815 && x[1]>0.12412 && x[1]< 0.36787"], "height": 0.41, "width": 1.6, "inflow_peak": 1.88}