{"nodes": 2138, "cells": 4058, "object_boundaries": ["on_boundary && x[0]>0.26474 && x[0]< 0.39097 && x[1]>0.13524 && x[1]< 0.26303"], "height": 0.41, "width": 1.6, "inflow_peak": 0.856}