{"nodes": 1758, "object_boundaries": ["on_boundary && x[0]>0.14127 && x[0]< 0.33802 && x[1]>0.09756 && x[1]< 0.2731"], "height": 0.41, "width": 1.6, "inflow_peak": 1.23}