{"nodes": 3090, "object_boundaries": ["on_boundary && x[0]>0.27072 && x[0]< 0.45406 && x[1]>0.01322 && x[1]< 0.27471", "on_boundary && x[0]>0.69099 && x[0]< 0.97099 && x[1]>0.13284 && x[1]< 0.28418"], "height": 0.41, "width": 1.6, "inflow_peak": 1.34}