{"nodes": 2206, "object_boundaries": ["on_boundary && x[0]>0.2812 && x[0]< 0.47144 && x[1]>0.08856 && x[1]< 0.27438", "on_boundary && x[0]>0.74462 && x[0]< 0.97442 && x[1]>0.12822 && x[1]< 0.31032"], "height": 0.41, "width": 1.6, "inflow_peak": 1.35}