{"nodes": 2155, "cells": 4100, "object_boundaries": ["on_boundary && x[0]>0.39626 && x[0]< 0.56899 && x[1]>0.12628 && x[1]< 0.28443"], "height": 0.41, "width": 1.6, "inflow_peak": 0.69}