{"nodes": 2063, "cells": 3895, "object_boundaries": ["on_boundary && x[0]>0.10292 && x[0]< 0.357 && x[1]>0.09194 && x[1]< 0.34602"], "height": 0.41, "width": 1.6, "inflow_peak": 0.26}