{"nodes": 2485, "object_boundaries": ["on_boundary && x[0]>0.1877 && x[0]< 0.39972 && x[1]>0.19234 && x[1]< 0.40436", "on_boundary && x[0]>0.71606 && x[0]< 0.88593 && x[1]>0.15215 && x[1]< 0.32202"], "height": 0.41, "width": 1.6, "inflow_peak": 1.72}