{"nodes": 2069, "cells": 3919, "object_boundaries": ["on_boundary && x[0]>0.3878 && x[0]< 0.5137 && x[1]>0.21583 && x[1]< 0.34174"], "height": 0.41, "width": 1.6, "inflow_peak": 1.975}