{"nodes": 2339, "object_boundaries": ["on_boundary && x[0]>0.22234 && x[0]< 0.43723 && x[1]>0.08487 && x[1]< 0.29976", "on_boundary && x[0]>0.86222 && x[0]< 1.07517 && x[1]>0.00971 && x[1]< 0.22266"], "height": 0.41, "width": 1.6, "inflow_peak": 0.86}