{"nodes": 2562, "object_boundaries": ["on_boundary && x[0]>0.19857 && x[0]< 0.36512 && x[1]>0.13849 && x[1]< 0.30504", "on_boundary && x[0]>0.74662 && x[0]< 0.96732 && x[1]>0.08271 && x[1]< 0.3034"], "height": 0.41, "width": 1.6, "inflow_peak": 1.85}