{"nodes": 2047, "object_boundaries": ["on_boundary && x[0]>0.10267 && x[0]< 0.33919 && x[1]>0.16148 && x[1]< 0.33881"], "height": 0.41, "width": 1.6, "inflow_peak": 0.6}