{"nodes": 2154, "object_boundaries": ["on_boundary && x[0]>0.30119 && x[0]< 0.4467 && x[1]>-0.01471 && x[1]< 0.21471"], "height": 0.41, "width": 1.6, "inflow_peak": 0.79}