{"nodes": 1991, "cells": 3769, "object_boundaries": ["on_boundary && x[0]>0.05115 && x[0]< 0.26947 && x[1]>0.06721 && x[1]< 0.2418"], "height": 0.41, "width": 1.6, "inflow_peak": 1.45}