{"nodes": 2082, "cells": 3946, "object_boundaries": ["on_boundary && x[0]>0.26212 && x[0]< 0.40706 && x[1]>0.17176 && x[1]< 0.27314"], "height": 0.41, "width": 1.6, "inflow_peak": 2.217}