{"nodes": 2278, "object_boundaries": ["on_boundary && x[0]>0.362 && x[0]< 0.59377 && x[1]>0.04427 && x[1]< 0.28207"], "height": 0.41, "width": 1.6, "inflow_peak": 0.61}