{"nodes": 1937, "object_boundaries": ["on_boundary && x[0]>0.19057 && x[0]< 0.38761 && x[1]>0.08687 && x[1]< 0.33287"], "height": 0.41, "width": 1.6, "inflow_peak": 1.08}