{"nodes": 1924, "object_boundaries": ["on_boundary && x[0]>0.28726 && x[0]< 0.52178 && x[1]>0.0344 && x[1]< 0.26892"], "height": 0.41, "width": 1.6, "inflow_peak": 1.59}