{"nodes": 2049, "object_boundaries": ["on_boundary && x[0]>0.18506 && x[0]< 0.38361 && x[1]>0.10497 && x[1]< 0.30352"], "height": 0.41, "width": 1.6, "inflow_peak": 1.22}