{"nodes": 1709, "object_boundaries": ["on_boundary && x[0]>0.32793 && x[0]< 0.50877 && x[1]>0.07479 && x[1]< 0.25067"], "height": 0.41, "width": 1.6, "inflow_peak": 2.05}