{"nodes": 2008, "cells": 3816, "object_boundaries": ["on_boundary && x[0]>0.3034 && x[0]< 0.37107 && x[1]>0.20445 && x[1]< 0.27213"], "height": 0.41, "width": 1.6, "inflow_peak": 1.325}