{"nodes": 1984, "cells": 3758, "object_boundaries": ["on_boundary && x[0]>0.44402 && x[0]< 0.54388 && x[1]>0.0548 && x[1]< 0.15466"], "height": 0.41, "width": 1.6, "inflow_peak": 2.242}