{"nodes": 1923, "object_boundaries": ["on_boundary && x[0]>0.10418 && x[0]< 0.32733 && x[1]>0.10824 && x[1]< 0.3314"], "height": 0.41, "width": 1.6, "inflow_peak": 0.808}