{"nodes": 1869, "object_boundaries": ["on_boundary && x[0]>0.10284 && x[0]< 0.34223 && x[1]>0.07544 && x[1]< 0.31483"], "height": 0.41, "width": 1.6, "inflow_peak": 0.7}