{"nodes": 2410, "cells": 4585, "object_boundaries": ["on_boundary && x[0]>0.19915 && x[0]< 0.3658 && x[1]>0.19017 && x[1]< 0.35682", "on_boundary && x[0]>0.87291 && x[0]< 1.07973 && x[1]>0.16997 && x[1]< 0.37678"], "height": 0.41, "width": 1.6, "inflow_peak": 0.46}