{"nodes": 2147, "cells": 4067, "object_boundaries": ["on_boundary && x[0]>0.26493 && x[0]< 0.43156 && x[1]>0.22233 && x[1]< 0.35369"], "height": 0.41, "width": 1.6, "inflow_peak": 0.687}