{"nodes": 2124, "object_boundaries": ["on_boundary && x[0]>0.36329 && x[0]< 0.50348 && x[1]>0.09064 && x[1]< 0.32984"], "height": 0.41, "width": 1.6, "inflow_peak": 0.89}