{"nodes": 1780, "object_boundaries": ["on_boundary && x[0]>0.24541 && x[0]< 0.42887 && x[1]>0.11478 && x[1]< 0.2844", "on_boundary && x[0]>0.66611 && x[0]< 0.90947 && x[1]>0.12774 && x[1]< 0.37854"], "height": 0.41, "width": 1.6, "inflow_peak": 1.29}