{"nodes": 1697, "object_boundaries": ["on_boundary && x[0]>0.18636 && x[0]< 0.40617 && x[1]>0.04003 && x[1]< 0.26498"], "height": 0.41, "width": 1.6, "inflow_peak": 1.89}