{"nodes": 1864, "object_boundaries": ["on_boundary && x[0]>0.15226 && x[0]< 0.34212 && x[1]>0.13762 && x[1]< 0.34528", "on_boundary && x[0]>0.64002 && x[0]< 0.83547 && x[1]>0.14807 && x[1]< 0.35069"], "height": 0.41, "width": 1.6, "inflow_peak": 2.07}