{"nodes": 1936, "cells": 3674, "object_boundaries": ["on_boundary && x[0]>0.09453 && x[0]< 0.24759 && x[1]>0.10778 && x[1]< 0.25973"], "height": 0.41, "width": 1.6, "inflow_peak": 0.88}