{"nodes": 2102, "object_boundaries": ["on_boundary && x[0]>0.37498 && x[0]< 0.56241 && x[1]>0.20903 && x[1]< 0.39097"], "height": 0.41, "width": 1.6, "inflow_peak": 1.79}