{"nodes": 2094, "cells": 3968, "object_boundaries": ["on_boundary && x[0]>0.34595 && x[0]< 0.49449 && x[1]>0.13451 && x[1]< 0.24847"], "height": 0.41, "width": 1.6, "inflow_peak": 2.033}