{"nodes": 1862, "object_boundaries": ["on_boundary && x[0]>0.24984 && x[0]< 0.47701 && x[1]>0.04751 && x[1]< 0.30635"], "height": 0.41, "width": 1.6, "inflow_peak": 0.9}