{"nodes": 2147, "object_boundaries": ["on_boundary && x[0]>0.13729 && x[0]< 0.34935 && x[1]>0.18655 && x[1]< 0.34847"], "height": 0.41, "width": 1.6, "inflow_peak": 2.25}