{"nodes": 2193, "object_boundaries": ["on_boundary && x[0]>0.19492 && x[0]< 0.47492 && x[1]>-0.01234 && x[1]< 0.23079"], "height": 0.41, "width": 1.6, "inflow_peak": 1.76}