{"nodes": 2003, "object_boundaries": ["on_boundary && x[0]>0.3132 && x[0]< 0.53484 && x[1]>0.08808 && x[1]< 0.30973", "on_boundary && x[0]>0.6065 && x[0]< 0.8865 && x[1]>0.06093 && x[1]< 0.34093"], "height": 0.41, "width": 1.6, "inflow_peak": 1.65}