{"nodes": 1936, "object_boundaries": ["on_boundary && x[0]>0.12996 && x[0]< 0.35403 && x[1]>0.05196 && x[1]< 0.27604"], "height": 0.41, "width": 1.6, "inflow_peak": 0.62}