{"nodes": 2129, "object_boundaries": ["on_boundary && x[0]>0.17229 && x[0]< 0.34262 && x[1]>0.01484 && x[1]< 0.18516"], "height": 0.41, "width": 1.6, "inflow_peak": 1.66}