{"nodes": 1840, "object_boundaries": ["on_boundary && x[0]>0.08519 && x[0]< 0.32432 && x[1]>-0.01112 && x[1]< 0.22801"], "height": 0.41, "width": 1.6, "inflow_peak": 0.75}