{"nodes": 1875, "object_boundaries": ["on_boundary && x[0]>0.0927 && x[0]< 0.33139 && x[1]>0.12587 && x[1]< 0.36456"], "height": 0.41, "width": 1.6, "inflow_peak": 0.83}