{"nodes": 2215, "cells": 4216, "object_boundaries": ["on_boundary && x[0]>0.1281 && x[0]< 0.19994 && x[1]>0.09521 && x[1]< 0.16706", "on_boundary && x[0]>0.69621 && x[0]< 0.7543 && x[1]>0.26563 && x[1]< 0.32373"], "height": 0.41, "width": 1.6, "inflow_peak": 1.151}