{"nodes": 2089, "cells": 3968, "object_boundaries": ["on_boundary && x[0]>0.27626 && x[0]< 0.37648 && x[1]>0.12548 && x[1]< 0.2257"], "height": 0.41, "width": 1.6, "inflow_peak": 1.688}