{"nodes": 1835, "object_boundaries": ["on_boundary && x[0]>0.30375 && x[0]< 0.56095 && x[1]>0.00417 && x[1]< 0.26137"], "height": 0.41, "width": 1.6, "inflow_peak": 1.8}