{"nodes": 1666, "object_boundaries": ["on_boundary && x[0]>0.03981 && x[0]< 0.2607 && x[1]>0.02454 && x[1]< 0.25863"], "height": 0.41, "width": 1.6, "inflow_peak": 0.76}