{"nodes": 1870, "object_boundaries": ["on_boundary && x[0]>0.31503 && x[0]< 0.56044 && x[1]>0.0085 && x[1]< 0.25391"], "height": 0.41, "width": 1.6, "inflow_peak": 0.92}