{"nodes": 1725, "object_boundaries": ["on_boundary && x[0]>0.239 && x[0]< 0.4752 && x[1]>0.10243 && x[1]< 0.33045"], "height": 0.41, "width": 1.6, "inflow_peak": 1.12}