{"nodes": 2053, "object_boundaries": ["on_boundary && x[0]>0.25819 && x[0]< 0.47489 && x[1]>0.13559 && x[1]< 0.35446"], "height": 0.41, "width": 1.6, "inflow_peak": 1.01}