{"nodes": 1977, "cells": 3746, "object_boundaries": ["on_boundary && x[0]>0.12125 && x[0]< 0.30408 && x[1]>0.06039 && x[1]< 0.24322"], "height": 0.41, "width": 1.6, "inflow_peak": 0.757}