{"nodes": 2225, "object_boundaries": ["on_boundary && x[0]>0.14964 && x[0]< 0.30718 && x[1]>0.09457 && x[1]< 0.2521"], "height": 0.41, "width": 1.6, "inflow_peak": 0.431}