{"nodes": 2146, "object_boundaries": ["on_boundary && x[0]>0.26019 && x[0]< 0.44698 && x[1]>0.14498 && x[1]< 0.33177"], "height": 0.41, "width": 1.6, "inflow_peak": 0.84}