{"nodes": 2028, "object_boundaries": ["on_boundary && x[0]>0.37302 && x[0]< 0.56169 && x[1]>0.01764 && x[1]< 0.22702"], "height": 0.41, "width": 1.6, "inflow_peak": 1.48}