{"nodes": 2517, "cells": 4766, "object_boundaries": ["on_boundary && x[0]>0.0923 && x[0]< 0.22302 && x[1]>0.09111 && x[1]< 0.20533", "on_boundary && x[0]>0.83395 && x[0]< 1.0079 && x[1]>0.10286 && x[1]< 0.24939"], "height": 0.41, "width": 1.6, "inflow_peak": 0.39}