{"nodes": 2688, "cells": 5091, "object_boundaries": ["on_boundary && x[0]>0.27522 && x[0]< 0.60106 && x[1]>0.11076 && x[1]< 0.33256", "on_boundary && x[0]>0.69373 && x[0]< 0.93444 && x[1]>0.1008 && x[1]< 0.3535"], "height": 0.41, "width": 1.6, "inflow_peak": 2.13}