{"nodes": 1962, "object_boundaries": ["on_boundary && x[0]>0.07675 && x[0]< 0.31714 && x[1]>0.02818 && x[1]< 0.25964"], "height": 0.41, "width": 1.6, "inflow_peak": 1.34}