{"nodes": 2188, "object_boundaries": ["on_boundary && x[0]>0.29716 && x[0]< 0.4804 && x[1]>0.12021 && x[1]< 0.30345"], "height": 0.41, "width": 1.6, "inflow_peak": 1.77}