{"nodes": 2054, "object_boundaries": ["on_boundary && x[0]>0.24778 && x[0]< 0.47267 && x[1]>0.0869 && x[1]< 0.30286"], "height": 0.41, "width": 1.6, "inflow_peak": 0.9}