{"nodes": 2040, "cells": 3848, "object_boundaries": ["on_boundary && x[0]>0.05658 && x[0]< 0.31407 && x[1]>0.08532 && x[1]< 0.34282"], "height": 0.41, "width": 1.6, "inflow_peak": 0.54}