{"nodes": 2091, "cells": 3953, "object_boundaries": ["on_boundary && x[0]>0.23969 && x[0]< 0.39915 && x[1]>0.16142 && x[1]< 0.32088"], "height": 0.41, "width": 1.6, "inflow_peak": 0.58}