{"nodes": 2215, "object_boundaries": ["on_boundary && x[0]>0.36347 && x[0]< 0.5819 && x[1]>0.18171 && x[1]< 0.34371"], "height": 0.41, "width": 1.6, "inflow_peak": 0.79}