{"nodes": 2100, "cells": 3979, "object_boundaries": ["on_boundary && x[0]>0.31118 && x[0]< 0.5339 && x[1]>0.02282 && x[1]< 0.2476"], "height": 0.41, "width": 1.6, "inflow_peak": 0.44}