{"nodes": 1945, "object_boundaries": ["on_boundary && x[0]>0.2258 && x[0]< 0.45121 && x[1]>0.04115 && x[1]< 0.26289"], "height": 0.41, "width": 1.6, "inflow_peak": 2.04}