{"nodes": 2056, "object_boundaries": ["on_boundary && x[0]>0.15095 && x[0]< 0.33688 && x[1]>0.01032 && x[1]< 0.1905"], "height": 0.41, "width": 1.6, "inflow_peak": 1.06}