{"nodes": 2617, "cells": 4974, "object_boundaries": ["on_boundary && x[0]>0.29325 && x[0]< 0.45096 && x[1]>0.0279 && x[1]< 0.18541", "on_boundary && x[0]>0.66687 && x[0]< 0.95945 && x[1]>0.15258 && x[1]< 0.40503"], "height": 0.41, "width": 1.6, "inflow_peak": 1.53}