{"nodes": 1987, "object_boundaries": ["on_boundary && x[0]>0.2043 && x[0]< 0.36515 && x[1]>0.04575 && x[1]< 0.23741", "on_boundary && x[0]>0.57734 && x[0]< 0.79545 && x[1]>0.18414 && x[1]< 0.40146"], "height": 0.41, "width": 1.6, "inflow_peak": 1.43}