{"nodes": 2205, "object_boundaries": ["on_boundary && x[0]>0.17262 && x[0]< 0.41127 && x[1]>0.18067 && x[1]< 0.41933"], "height": 0.41, "width": 1.6, "inflow_peak": 1.0}