{"nodes": 2156, "cells": 4090, "object_boundaries": ["on_boundary && x[0]>0.27323 && x[0]< 0.41061 && x[1]>0.17646 && x[1]< 0.31383"], "height": 0.41, "width": 1.6, "inflow_peak": 1.583}