{"nodes": 1776, "object_boundaries": ["on_boundary && x[0]>0.15776 && x[0]< 0.3526 && x[1]>0.13597 && x[1]< 0.33081"], "height": 0.41, "width": 1.6, "inflow_peak": 0.85}