{"nodes": 1697, "object_boundaries": ["on_boundary && x[0]>0.14667 && x[0]< 0.344 && x[1]>0.02344 && x[1]< 0.22077"], "height": 0.41, "width": 1.6, "inflow_peak": 1.7}