{"nodes": 2414, "cells": 4607, "object_boundaries": ["on_boundary && x[0]>0.24342 && x[0]< 0.39668 && x[1]>0.16472 && x[1]< 0.31797", "on_boundary && x[0]>0.62765 && x[0]< 0.80524 && x[1]>0.18382 && x[1]< 0.36141"], "height": 0.41, "width": 1.6, "inflow_peak": 0.87}