{"nodes": 2248, "object_boundaries": ["on_boundary && x[0]>0.15667 && x[0]< 0.39455 && x[1]>0.12377 && x[1]< 0.36165"], "height": 0.41, "width": 1.6, "inflow_peak": 2.12}