{"nodes": 1802, "object_boundaries": ["on_boundary && x[0]>0.03461 && x[0]< 0.28709 && x[1]>0.09972 && x[1]< 0.35219"], "height": 0.41, "width": 1.6, "inflow_peak": 0.65}