{"nodes": 1654, "object_boundaries": ["on_boundary && x[0]>0.12481 && x[0]< 0.41746 && x[1]>0.12552 && x[1]< 0.41766"], "height": 0.41, "width": 1.6, "inflow_peak": 0.98}