{"nodes": 1987, "cells": 3771, "object_boundaries": ["on_boundary && x[0]>0.38905 && x[0]< 0.55579 && x[1]>0.21327 && x[1]< 0.38"], "height": 0.41, "width": 1.6, "inflow_peak": 0.61}