{"nodes": 2260, "object_boundaries": ["on_boundary && x[0]>0.34779 && x[0]< 0.52242 && x[1]>0.09504 && x[1]< 0.26967"], "height": 0.41, "width": 1.6, "inflow_peak": 0.45}