{"nodes": 1756, "object_boundaries": ["on_boundary && x[0]>0.25713 && x[0]< 0.45722 && x[1]>0.08667 && x[1]< 0.28677"], "height": 0.41, "width": 1.6, "inflow_peak": 1.47}