{"nodes": 2115, "object_boundaries": ["on_boundary && x[0]>0.23868 && x[0]< 0.41678 && x[1]>0.10897 && x[1]< 0.25994", "on_boundary && x[0]>0.60014 && x[0]< 0.81558 && x[1]>0.1033 && x[1]< 0.30607"], "height": 0.41, "width": 1.6, "inflow_peak": 1.15}