{"nodes": 2071, "object_boundaries": ["on_boundary && x[0]>0.25239 && x[0]< 0.45803 && x[1]>0.09888 && x[1]< 0.30453"], "height": 0.41, "width": 1.6, "inflow_peak": 0.44}