{"nodes": 2200, "object_boundaries": ["on_boundary && x[0]>0.36037 && x[0]< 0.60392 && x[1]>0.08213 && x[1]< 0.27813", "on_boundary && x[0]>0.60182 && x[0]< 0.78203 && x[1]>0.01756 && x[1]< 0.27437"], "height": 0.41, "width": 1.6, "inflow_peak": 1.45}