{"nodes": 2223, "object_boundaries": ["on_boundary && x[0]>0.22463 && x[0]< 0.45779 && x[1]>0.09518 && x[1]< 0.2436"], "height": 0.41, "width": 1.6, "inflow_peak": 1.31}