{"nodes": 2111, "object_boundaries": ["on_boundary && x[0]>0.12663 && x[0]< 0.30156 && x[1]>0.08626 && x[1]< 0.26226"], "height": 0.41, "width": 1.6, "inflow_peak": 0.32}