{"nodes": 1684, "object_boundaries": ["on_boundary && x[0]>0.22781 && x[0]< 0.39863 && x[1]>0.20139 && x[1]< 0.37221"], "height": 0.41, "width": 1.6, "inflow_peak": 1.78}