{"nodes": 2119, "cells": 4011, "object_boundaries": ["on_boundary && x[0]>0.33439 && x[0]< 0.57747 && x[1]>0.10278 && x[1]< 0.32898"], "height": 0.41, "width": 1.6, "inflow_peak": 2.08}