{"nodes": 1661, "object_boundaries": ["on_boundary && x[0]>0.03195 && x[0]< 0.30188 && x[1]>0.0774 && x[1]< 0.34169"], "height": 0.41, "width": 1.6, "inflow_peak": 0.82}