{"nodes": 1673, "object_boundaries": ["on_boundary && x[0]>0.30633 && x[0]< 0.51007 && x[1]>0.13174 && x[1]< 0.34106"], "height": 0.41, "width": 1.6, "inflow_peak": 1.22}