{"nodes": 2044, "cells": 3864, "object_boundaries": ["on_boundary && x[0]>0.24881 && x[0]< 0.39255 && x[1]>0.04863 && x[1]< 0.19237"], "height": 0.41, "width": 1.6, "inflow_peak": 1.206}