{"nodes": 2140, "cells": 4071, "object_boundaries": ["on_boundary && x[0]>0.40553 && x[0]< 0.49347 && x[1]>0.15364 && x[1]< 0.24284"], "height": 0.41, "width": 1.6, "inflow_peak": 1.797}