{"nodes": 1769, "object_boundaries": ["on_boundary && x[0]>0.23048 && x[0]< 0.51459 && x[1]>0.04982 && x[1]< 0.30913", "on_boundary && x[0]>0.84602 && x[0]< 1.05024 && x[1]>0.18067 && x[1]< 0.38461"], "height": 0.41, "width": 1.6, "inflow_peak": 1.84}