{"nodes": 2156, "object_boundaries": ["on_boundary && x[0]>0.33761 && x[0]< 0.52589 && x[1]>0.15468 && x[1]< 0.3378"], "height": 0.41, "width": 1.6, "inflow_peak": 0.67}