{"nodes": 2118, "object_boundaries": ["on_boundary && x[0]>0.34426 && x[0]< 0.48104 && x[1]>0.10143 && x[1]< 0.33714"], "height": 0.41, "width": 1.6, "inflow_peak": 1.22}