{"nodes": 2134, "object_boundaries": ["on_boundary && x[0]>0.27568 && x[0]< 0.45452 && x[1]>0.1727 && x[1]< 0.35154"], "height": 0.41, "width": 1.6, "inflow_peak": 0.84}