{"nodes": 2048, "cells": 3884, "object_boundaries": ["on_boundary && x[0]>0.2749 && x[0]< 0.46908 && x[1]>0.10078 && x[1]< 0.29496"], "height": 0.41, "width": 1.6, "inflow_peak": 1.422}