{"nodes": 2268, "object_boundaries": ["on_boundary && x[0]>0.34579 && x[0]< 0.50412 && x[1]>0.02787 && x[1]< 0.1862"], "height": 0.41, "width": 1.6, "inflow_peak": 1.26}