{"nodes": 2341, "object_boundaries": ["on_boundary && x[0]>0.22976 && x[0]< 0.37626 && x[1]>0.18154 && x[1]< 0.32803"], "height": 0.41, "width": 1.6, "inflow_peak": 0.884}