{"nodes": 2170, "cells": 4114, "object_boundaries": ["on_boundary && x[0]>0.27181 && x[0]< 0.41338 && x[1]>0.15308 && x[1]< 0.29465"], "height": 0.41, "width": 1.6, "inflow_peak": 2.144}