{"nodes": 1675, "object_boundaries": ["on_boundary && x[0]>0.28324 && x[0]< 0.50519 && x[1]>0.16268 && x[1]< 0.39203"], "height": 0.41, "width": 1.6, "inflow_peak": 2.28}