{"nodes": 1708, "object_boundaries": ["on_boundary && x[0]>0.26309 && x[0]< 0.47872 && x[1]>0.08593 && x[1]< 0.30156"], "height": 0.41, "width": 1.6, "inflow_peak": 1.54}