{"nodes": 2157, "cells": 4078, "object_boundaries": ["on_boundary && x[0]>0.17141 && x[0]< 0.43805 && x[1]>0.02317 && x[1]< 0.29117"], "height": 0.41, "width": 1.6, "inflow_peak": 0.45}