{"nodes": 1993, "cells": 3781, "object_boundaries": ["on_boundary && x[0]>0.23749 && x[0]< 0.42289 && x[1]>0.02518 && x[1]< 0.18849"], "height": 0.41, "width": 1.6, "inflow_peak": 1.06}