{"nodes": 1836, "object_boundaries": ["on_boundary && x[0]>0.08156 && x[0]< 0.3282 && x[1]>0.08013 && x[1]< 0.31956"], "height": 0.41, "width": 1.6, "inflow_peak": 1.5}