{"nodes": 1914, "object_boundaries": ["on_boundary && x[0]>0.20452 && x[0]< 0.39467 && x[1]>0.08342 && x[1]< 0.34185"], "height": 0.41, "width": 1.6, "inflow_peak": 1.41}