{"nodes": 2072, "object_boundaries": ["on_boundary && x[0]>0.18873 && x[0]< 0.40277 && x[1]>0.03243 && x[1]< 0.2183"], "height": 0.41, "width": 1.6, "inflow_peak": 1.18}