{"nodes": 2063, "cells": 3916, "object_boundaries": ["on_boundary && x[0]>0.34555 && x[0]< 0.50904 && x[1]>0.11568 && x[1]< 0.32803"], "height": 0.41, "width": 1.6, "inflow_peak": 0.43}