{"nodes": 2147, "object_boundaries": ["on_boundary && x[0]>0.31467 && x[0]< 0.47864 && x[1]>0.07734 && x[1]< 0.27075"], "height": 0.41, "width": 1.6, "inflow_peak": 1.11}