{"nodes": 1818, "object_boundaries": ["on_boundary && x[0]>0.34671 && x[0]< 0.48554 && x[1]>0.02246 && x[1]< 0.17754"], "height": 0.41, "width": 1.6, "inflow_peak": 0.71}