{"nodes": 2083, "object_boundaries": ["on_boundary && x[0]>0.26592 && x[0]< 0.48127 && x[1]>0.12335 && x[1]< 0.37895"], "height": 0.41, "width": 1.6, "inflow_peak": 0.9}