{"nodes": 2091, "cells": 3971, "object_boundaries": ["on_boundary && x[0]>0.3716 && x[0]< 0.59907 && x[1]>0.04265 && x[1]< 0.18741"], "height": 0.41, "width": 1.6, "inflow_peak": 1.79}