{"nodes": 2104, "object_boundaries": ["on_boundary && x[0]>0.37132 && x[0]< 0.58104 && x[1]>0.13874 && x[1]< 0.33663"], "height": 0.41, "width": 1.6, "inflow_peak": 1.13}