{"nodes": 2034, "cells": 3850, "object_boundaries": ["on_boundary && x[0]>0.35416 && x[0]< 0.56974 && x[1]>0.01057 && x[1]< 0.22616"], "height": 0.41, "width": 1.6, "inflow_peak": 1.75}