{"nodes": 2179, "object_boundaries": ["on_boundary && x[0]>0.1651 && x[0]< 0.32998 && x[1]>0.04131 && x[1]< 0.20619"], "height": 0.41, "width": 1.6, "inflow_peak": 0.78}