{"nodes": 2236, "object_boundaries": ["on_boundary && x[0]>0.25138 && x[0]< 0.42253 && x[1]>0.14064 && x[1]< 0.31179"], "height": 0.41, "width": 1.6, "inflow_peak": 0.49}