{"nodes": 2027, "object_boundaries": ["on_boundary && x[0]>0.33551 && x[0]< 0.55419 && x[1]>0.07739 && x[1]< 0.28982"], "height": 0.41, "width": 1.6, "inflow_peak": 1.18}