{"nodes": 2093, "cells": 3984, "object_boundaries": ["on_boundary && x[0]>0.30847 && x[0]< 0.37059 && x[1]>0.09908 && x[1]< 0.1612"], "height": 0.41, "width": 1.6, "inflow_peak": 1.039}