{"nodes": 2123, "cells": 4019, "object_boundaries": ["on_boundary && x[0]>0.12428 && x[0]< 0.36332 && x[1]>0.02033 && x[1]< 0.24151"], "height": 0.41, "width": 1.6, "inflow_peak": 1.08}