{"nodes": 2026, "object_boundaries": ["on_boundary && x[0]>0.14783 && x[0]< 0.3589 && x[1]>0.06875 && x[1]< 0.27982"], "height": 0.41, "width": 1.6, "inflow_peak": 1.64}