{"nodes": 2083, "cells": 3945, "object_boundaries": ["on_boundary && x[0]>0.20198 && x[0]< 0.4566 && x[1]>0.10288 && x[1]< 0.29383"], "height": 0.41, "width": 1.6, "inflow_peak": 1.45}