{"nodes": 2247, "object_boundaries": ["on_boundary && x[0]>0.23572 && x[0]< 0.46893 && x[1]>0.10786 && x[1]< 0.29213"], "height": 0.41, "width": 1.6, "inflow_peak": 1.5}