{"nodes": 2072, "object_boundaries": ["on_boundary && x[0]>0.15573 && x[0]< 0.39229 && x[1]>0.11972 && x[1]< 0.30307"], "height": 0.41, "width": 1.6, "inflow_peak": 1.76}