{"nodes": 2099, "cells": 3971, "object_boundaries": ["on_boundary && x[0]>0.3256 && x[0]< 0.47848 && x[1]>0.09443 && x[1]< 0.24731"], "height": 0.41, "width": 1.6, "inflow_peak": 1.671}