{"nodes": 2063, "object_boundaries": ["on_boundary && x[0]>0.34542 && x[0]< 0.54176 && x[1]>0.17694 && x[1]< 0.37328"], "height": 0.41, "width": 1.6, "inflow_peak": 1.533}