{"nodes": 2070, "object_boundaries": ["on_boundary && x[0]>0.09936 && x[0]< 0.28827 && x[1]>0.11251 && x[1]< 0.30142"], "height": 0.41, "width": 1.6, "inflow_peak": 1.08}