{"nodes": 2088, "object_boundaries": ["on_boundary && x[0]>0.2124 && x[0]< 0.40879 && x[1]>0.11784 && x[1]< 0.31423"], "height": 0.41, "width": 1.6, "inflow_peak": 1.463}