{"nodes": 2209, "object_boundaries": ["on_boundary && x[0]>0.30631 && x[0]< 0.52737 && x[1]>-0.01018 && x[1]< 0.21087", "on_boundary && x[0]>0.72147 && x[0]< 0.95797 && x[1]>0.00031 && x[1]< 0.23682"], "height": 0.41, "width": 1.6, "inflow_peak": 0.66}