{"nodes": 3323, "object_boundaries": ["on_boundary && x[0]>0.15035 && x[0]< 0.32837 && x[1]>0.11068 && x[1]< 0.2887", "on_boundary && x[0]>0.5385 && x[0]< 0.7215 && x[1]>0.05591 && x[1]< 0.23891"], "height": 0.41, "width": 1.6, "inflow_peak": 0.74}