{"nodes": 2718, "object_boundaries": ["on_boundary && x[0]>0.29017 && x[0]< 0.50286 && x[1]>0.08205 && x[1]< 0.29473", "on_boundary && x[0]>0.73195 && x[0]< 0.89102 && x[1]>0.0746 && x[1]< 0.23367"], "height": 0.41, "width": 1.6, "inflow_peak": 1.7}