{"nodes": 2053, "cells": 3887, "object_boundaries": ["on_boundary && x[0]>0.2774 && x[0]< 0.40457 && x[1]>0.20828 && x[1]< 0.33545"], "height": 0.41, "width": 1.6, "inflow_peak": 0.827}