{"nodes": 2134, "object_boundaries": ["on_boundary && x[0]>0.24195 && x[0]< 0.42224 && x[1]>0.16524 && x[1]< 0.34553"], "height": 0.41, "width": 1.6, "inflow_peak": 1.55}