{"nodes": 2008, "object_boundaries": ["on_boundary && x[0]>0.3578 && x[0]< 0.57087 && x[1]>0.13886 && x[1]< 0.34243"], "height": 0.41, "width": 1.6, "inflow_peak": 0.53}