{"nodes": 2082, "cells": 3938, "object_boundaries": ["on_boundary && x[0]>0.26993 && x[0]< 0.49974 && x[1]>0.0408 && x[1]< 0.28628"], "height": 0.41, "width": 1.6, "inflow_peak": 0.31}