{"nodes": 2266, "object_boundaries": ["on_boundary && x[0]>0.28115 && x[0]< 0.4642 && x[1]>0.08128 && x[1]< 0.24134"], "height": 0.41, "width": 1.6, "inflow_peak": 1.79}