{"nodes": 2156, "object_boundaries": ["on_boundary && x[0]>0.36661 && x[0]< 0.54296 && x[1]>0.20038 && x[1]< 0.37674"], "height": 0.41, "width": 1.6, "inflow_peak": 0.62}