{"nodes": 1778, "object_boundaries": ["on_boundary && x[0]>0.31453 && x[0]< 0.59147 && x[1]>0.04315 && x[1]< 0.32009"], "height": 0.41, "width": 1.6, "inflow_peak": 1.79}