{"nodes": 2057, "cells": 3904, "object_boundaries": ["on_boundary && x[0]>0.09526 && x[0]< 0.27925 && x[1]>0.11146 && x[1]< 0.29546"], "height": 0.41, "width": 1.6, "inflow_peak": 0.86}