{"nodes": 1708, "object_boundaries": ["on_boundary && x[0]>0.0942 && x[0]< 0.30029 && x[1]>0.14193 && x[1]< 0.3345"], "height": 0.41, "width": 1.6, "inflow_peak": 0.52}