{"nodes": 2127, "object_boundaries": ["on_boundary && x[0]>0.26203 && x[0]< 0.40271 && x[1]>0.04086 && x[1]< 0.25893"], "height": 0.41, "width": 1.6, "inflow_peak": 1.24}