{"nodes": 2047, "cells": 3876, "object_boundaries": ["on_boundary && x[0]>0.21684 && x[0]< 0.33961 && x[1]>0.10142 && x[1]< 0.22669"], "height": 0.41, "width": 1.6, "inflow_peak": 1.116}