{"nodes": 2045, "object_boundaries": ["on_boundary && x[0]>0.15917 && x[0]< 0.3321 && x[1]>0.01069 && x[1]< 0.20872"], "height": 0.41, "width": 1.6, "inflow_peak": 1.4}