{"nodes": 2032, "cells": 3849, "object_boundaries": ["on_boundary && x[0]>0.25803 && x[0]< 0.42118 && x[1]>-0.002 && x[1]< 0.2394"], "height": 0.41, "width": 1.6, "inflow_peak": 1.28}