{"nodes": 2138, "object_boundaries": ["on_boundary && x[0]>0.27727 && x[0]< 0.44137 && x[1]>0.08046 && x[1]< 0.28475"], "height": 0.41, "width": 1.6, "inflow_peak": 1.82}