{"nodes": 2035, "cells": 3858, "object_boundaries": ["on_boundary && x[0]>0.28125 && x[0]< 0.47688 && x[1]>0.1307 && x[1]< 0.32632"], "height": 0.41, "width": 1.6, "inflow_peak": 1.401}