{"nodes": 1868, "object_boundaries": ["on_boundary && x[0]>0.15944 && x[0]< 0.39739 && x[1]>0.01632 && x[1]< 0.25426"], "height": 0.41, "width": 1.6, "inflow_peak": 1.474}