{"nodes": 2001, "object_boundaries": ["on_boundary && x[0]>0.39101 && x[0]< 0.59776 && x[1]>0.18771 && x[1]< 0.39447"], "height": 0.41, "width": 1.6, "inflow_peak": 1.21}