{"nodes": 2398, "cells": 4578, "object_boundaries": ["on_boundary && x[0]>0.33461 && x[0]< 0.49988 && x[1]>0.09552 && x[1]< 0.2608", "on_boundary && x[0]>0.6354 && x[0]< 0.79316 && x[1]>0.02972 && x[1]< 0.18748"], "height": 0.41, "width": 1.6, "inflow_peak": 1.87}