{"nodes": 2025, "object_boundaries": ["on_boundary && x[0]>0.22301 && x[0]< 0.43048 && x[1]>0.15164 && x[1]< 0.35912"], "height": 0.41, "width": 1.6, "inflow_peak": 1.15}