{"nodes": 2134, "object_boundaries": ["on_boundary && x[0]>0.10739 && x[0]< 0.27012 && x[1]>0.01984 && x[1]< 0.18257"], "height": 0.41, "width": 1.6, "inflow_peak": 1.6}