{"nodes": 2411, "cells": 4572, "object_boundaries": ["on_boundary && x[0]>0.13548 && x[0]< 0.23923 && x[1]>0.09813 && x[1]< 0.20188", "on_boundary && x[0]>0.77473 && x[0]< 0.91554 && x[1]>0.09148 && x[1]< 0.2323"], "height": 0.41, "width": 1.6, "inflow_peak": 0.356}