{"nodes": 2138, "object_boundaries": ["on_boundary && x[0]>0.261 && x[0]< 0.53481 && x[1]>0.09618 && x[1]< 0.29484"], "height": 0.41, "width": 1.6, "inflow_peak": 1.09}