{"nodes": 1718, "object_boundaries": ["on_boundary && x[0]>0.18179 && x[0]< 0.39347 && x[1]>0.0645 && x[1]< 0.27295"], "height": 0.41, "width": 1.6, "inflow_peak": 1.82}