{"nodes": 2274, "object_boundaries": ["on_boundary && x[0]>0.19371 && x[0]< 0.3293 && x[1]>0.09839 && x[1]< 0.27911"], "height": 0.41, "width": 1.6, "inflow_peak": 0.87}