{"nodes": 2717, "object_boundaries": ["on_boundary && x[0]>0.13974 && x[0]< 0.33087 && x[1]>0.04974 && x[1]< 0.24086", "on_boundary && x[0]>0.86675 && x[0]< 1.01118 && x[1]>0.15802 && x[1]< 0.30246"], "height": 0.41, "width": 1.6, "inflow_peak": 1.05}