{"nodes": 2373, "object_boundaries": ["on_boundary && x[0]>0.16804 && x[0]< 0.31307 && x[1]>0.08649 && x[1]< 0.23152"], "height": 0.41, "width": 1.6, "inflow_peak": 1.2}