{"nodes": 2039, "cells": 3860, "object_boundaries": ["on_boundary && x[0]>0.13066 && x[0]< 0.34495 && x[1]>0.04376 && x[1]< 0.25805"], "height": 0.41, "width": 1.6, "inflow_peak": 0.51}