{"nodes": 1994, "object_boundaries": ["on_boundary && x[0]>0.09299 && x[0]< 0.27774 && x[1]>0.02086 && x[1]< 0.20561"], "height": 0.41, "width": 1.6, "inflow_peak": 2.18}