{"nodes": 2063, "object_boundaries": ["on_boundary && x[0]>0.14641 && x[0]< 0.36608 && x[1]>0.04311 && x[1]< 0.27635"], "height": 0.41, "width": 1.6, "inflow_peak": 1.28}