{"nodes": 2256, "object_boundaries": ["on_boundary && x[0]>0.2922 && x[0]< 0.46083 && x[1]>0.06895 && x[1]< 0.23758"], "height": 0.41, "width": 1.6, "inflow_peak": 0.185}