{"nodes": 1955, "object_boundaries": ["on_boundary && x[0]>0.05688 && x[0]< 0.24986 && x[1]>0.00958 && x[1]< 0.20256"], "height": 0.41, "width": 1.6, "inflow_peak": 2.235}