{"nodes": 1965, "cells": 3725, "object_boundaries": ["on_boundary && x[0]>0.07909 && x[0]< 0.25133 && x[1]>0.06887 && x[1]< 0.24111"], "height": 0.41, "width": 1.6, "inflow_peak": 1.147}