{"nodes": 1818, "object_boundaries": ["on_boundary && x[0]>0.07696 && x[0]< 0.32496 && x[1]>0.0199 && x[1]< 0.26789"], "height": 0.41, "width": 1.6, "inflow_peak": 0.99}