{"nodes": 2522, "object_boundaries": ["on_boundary && x[0]>0.23909 && x[0]< 0.39592 && x[1]>0.14648 && x[1]< 0.3033", "on_boundary && x[0]>0.77353 && x[0]< 1.01007 && x[1]>0.05835 && x[1]< 0.29489"], "height": 0.41, "width": 1.6, "inflow_peak": 0.55}