{"nodes": 1892, "object_boundaries": ["on_boundary && x[0]>0.13158 && x[0]< 0.27974 && x[1]>0.13746 && x[1]< 0.28562"], "height": 0.41, "width": 1.6, "inflow_peak": 1.23}