{"nodes": 1995, "object_boundaries": ["on_boundary && x[0]>0.05559 && x[0]< 0.23385 && x[1]>0.08868 && x[1]< 0.31016"], "height": 0.41, "width": 1.6, "inflow_peak": 1.7}