{"nodes": 2125, "object_boundaries": ["on_boundary && x[0]>0.21202 && x[0]< 0.43872 && x[1]>0.11408 && x[1]< 0.29126"], "height": 0.41, "width": 1.6, "inflow_peak": 0.94}