{"nodes": 2151, "cells": 4077, "object_boundaries": ["on_boundary && x[0]>0.41609 && x[0]< 0.57484 && x[1]>0.14235 && x[1]< 0.27678"], "height": 0.41, "width": 1.6, "inflow_peak": 0.904}