{"nodes": 2165, "object_boundaries": ["on_boundary && x[0]>0.28698 && x[0]< 0.44491 && x[1]>0.19041 && x[1]< 0.40134"], "height": 0.41, "width": 1.6, "inflow_peak": 1.34}