{"nodes": 1920, "object_boundaries": ["on_boundary && x[0]>0.21884 && x[0]< 0.45729 && x[1]>0.13754 && x[1]< 0.36476"], "height": 0.41, "width": 1.6, "inflow_peak": 1.92}