{"nodes": 1918, "object_boundaries": ["on_boundary && x[0]>0.30791 && x[0]< 0.5458 && x[1]>0.04362 && x[1]< 0.28151"], "height": 0.41, "width": 1.6, "inflow_peak": 1.694}