{"nodes": 1908, "object_boundaries": ["on_boundary && x[0]>0.29978 && x[0]< 0.45282 && x[1]>0.1316 && x[1]< 0.28465"], "height": 0.41, "width": 1.6, "inflow_peak": 1.276}