{"nodes": 2110, "cells": 3989, "object_boundaries": ["on_boundary && x[0]>0.25378 && x[0]< 0.50708 && x[1]>0.06782 && x[1]< 0.32112"], "height": 0.41, "width": 1.6, "inflow_peak": 1.864}