{"nodes": 2068, "object_boundaries": ["on_boundary && x[0]>0.09153 && x[0]< 0.27326 && x[1]>0.07802 && x[1]< 0.25975"], "height": 0.41, "width": 1.6, "inflow_peak": 2.292}