{"nodes": 2030, "object_boundaries": ["on_boundary && x[0]>0.31839 && x[0]< 0.53093 && x[1]>0.15403 && x[1]< 0.36657"], "height": 0.41, "width": 1.6, "inflow_peak": 2.35}