{"nodes": 2258, "object_boundaries": ["on_boundary && x[0]>0.34514 && x[0]< 0.60149 && x[1]>0.0363 && x[1]< 0.29265"], "height": 0.41, "width": 1.6, "inflow_peak": 1.147}