{"nodes": 2051, "object_boundaries": ["on_boundary && x[0]>0.19103 && x[0]< 0.39353 && x[1]>0.07748 && x[1]< 0.27998"], "height": 0.41, "width": 1.6, "inflow_peak": 0.384}