{"nodes": 1800, "object_boundaries": ["on_boundary && x[0]>0.43247 && x[0]< 0.59883 && x[1]>0.16822 && x[1]< 0.33458"], "height": 0.41, "width": 1.6, "inflow_peak": 1.83}