{"nodes": 1673, "object_boundaries": ["on_boundary && x[0]>0.11629 && x[0]< 0.36323 && x[1]>0.16341 && x[1]< 0.40602"], "height": 0.41, "width": 1.6, "inflow_peak": 1.3}