{"nodes": 2133, "cells": 4056, "object_boundaries": ["on_boundary && x[0]>0.18713 && x[0]< 0.35337 && x[1]>0.11981 && x[1]< 0.28606"], "height": 0.41, "width": 1.6, "inflow_peak": 0.82}