{"nodes": 2173, "cells": 4122, "object_boundaries": ["on_boundary && x[0]>0.32036 && x[0]< 0.44673 && x[1]>0.07222 && x[1]< 0.21253"], "height": 0.41, "width": 1.6, "inflow_peak": 1.126}