{"nodes": 1656, "object_boundaries": ["on_boundary && x[0]>0.19556 && x[0]< 0.42327 && x[1]>0.02949 && x[1]< 0.26212"], "height": 0.41, "width": 1.6, "inflow_peak": 1.71}