{"nodes": 1749, "object_boundaries": ["on_boundary && x[0]>0.19377 && x[0]< 0.41977 && x[1]>0.14764 && x[1]< 0.37124", "on_boundary && x[0]>0.81134 && x[0]< 1.07847 && x[1]>0.16348 && x[1]< 0.38224"], "height": 0.41, "width": 1.6, "inflow_peak": 1.75}