{"nodes": 1983, "cells": 3758, "object_boundaries": ["on_boundary && x[0]>0.18001 && x[0]< 0.28976 && x[1]>0.07551 && x[1]< 0.14891"], "height": 0.41, "width": 1.6, "inflow_peak": 1.319}