{"nodes": 2236, "object_boundaries": ["on_boundary && x[0]>0.37352 && x[0]< 0.49352 && x[1]>0.07989 && x[1]< 0.291"], "height": 0.41, "width": 1.6, "inflow_peak": 2.11}