{"nodes": 2039, "cells": 3875, "object_boundaries": ["on_boundary && x[0]>0.39647 && x[0]< 0.57926 && x[1]>0.06289 && x[1]< 0.20968"], "height": 0.41, "width": 1.6, "inflow_peak": 1.7}