{"nodes": 1683, "object_boundaries": ["on_boundary && x[0]>0.29883 && x[0]< 0.52545 && x[1]>0.09696 && x[1]< 0.31485"], "height": 0.41, "width": 1.6, "inflow_peak": 1.42}