{"nodes": 2163, "object_boundaries": ["on_boundary && x[0]>0.34477 && x[0]< 0.57773 && x[1]>0.03086 && x[1]< 0.21924"], "height": 0.41, "width": 1.6, "inflow_peak": 1.26}