{"nodes": 2058, "object_boundaries": ["on_boundary && x[0]>0.13583 && x[0]< 0.33007 && x[1]>0.16226 && x[1]< 0.35651"], "height": 0.41, "width": 1.6, "inflow_peak": 1.014}