{"nodes": 2225, "object_boundaries": ["on_boundary && x[0]>0.2452 && x[0]< 0.41397 && x[1]>0.14791 && x[1]< 0.31668"], "height": 0.41, "width": 1.6, "inflow_peak": 0.915}