{"nodes": 2041, "cells": 3865, "object_boundaries": ["on_boundary && x[0]>0.21692 && x[0]< 0.33887 && x[1]>0.13486 && x[1]< 0.25681"], "height": 0.41, "width": 1.6, "inflow_peak": 1.965}