{"nodes": 2021, "cells": 3836, "object_boundaries": ["on_boundary && x[0]>0.22753 && x[0]< 0.31371 && x[1]>0.18181 && x[1]< 0.26799"], "height": 0.41, "width": 1.6, "inflow_peak": 2.086}