{"nodes": 2300, "object_boundaries": ["on_boundary && x[0]>0.23897 && x[0]< 0.47359 && x[1]>0.1495 && x[1]< 0.38412"], "height": 0.41, "width": 1.6, "inflow_peak": 1.326}