{"nodes": 1981, "object_boundaries": ["on_boundary && x[0]>0.38387 && x[0]< 0.60388 && x[1]>0.12206 && x[1]< 0.34206"], "height": 0.41, "width": 1.6, "inflow_peak": 1.295}