{"nodes": 2021, "object_boundaries": ["on_boundary && x[0]>0.21639 && x[0]< 0.41998 && x[1]>0.16589 && x[1]< 0.36947"], "height": 0.41, "width": 1.6, "inflow_peak": 0.857}