{"nodes": 1950, "object_boundaries": ["on_boundary && x[0]>0.26043 && x[0]< 0.48854 && x[1]>0.09464 && x[1]< 0.32274"], "height": 0.41, "width": 1.6, "inflow_peak": 1.847}