{"nodes": 2064, "object_boundaries": ["on_boundary && x[0]>0.35809 && x[0]< 0.56084 && x[1]>0.18912 && x[1]< 0.38635"], "height": 0.41, "width": 1.6, "inflow_peak": 1.05}