{"nodes": 1865, "object_boundaries": ["on_boundary && x[0]>0.17928 && x[0]< 0.41229 && x[1]>0.04649 && x[1]< 0.30543"], "height": 0.41, "width": 1.6, "inflow_peak": 0.71}