{"nodes": 2136, "cells": 4046, "object_boundaries": ["on_boundary && x[0]>0.32293 && x[0]< 0.48631 && x[1]>0.08958 && x[1]< 0.22162"], "height": 0.41, "width": 1.6, "inflow_peak": 1.689}