{"nodes": 2057, "cells": 3911, "object_boundaries": ["on_boundary && x[0]>0.33398 && x[0]< 0.516 && x[1]>0.08174 && x[1]< 0.22875"], "height": 0.41, "width": 1.6, "inflow_peak": 0.39}