{"nodes": 1858, "object_boundaries": ["on_boundary && x[0]>0.15682 && x[0]< 0.39995 && x[1]>0.01929 && x[1]< 0.26242"], "height": 0.41, "width": 1.6, "inflow_peak": 0.39}