{"nodes": 2022, "cells": 3846, "object_boundaries": ["on_boundary && x[0]>0.34909 && x[0]< 0.49975 && x[1]>0.14584 && x[1]< 0.2965"], "height": 0.41, "width": 1.6, "inflow_peak": 1.532}