{"nodes": 2096, "cells": 3961, "object_boundaries": ["on_boundary && x[0]>0.26471 && x[0]< 0.42582 && x[1]>0.18392 && x[1]< 0.35258"], "height": 0.41, "width": 1.6, "inflow_peak": 0.923}