{"nodes": 1707, "object_boundaries": ["on_boundary && x[0]>0.27662 && x[0]< 0.55924 && x[1]>0.14112 && x[1]< 0.36544"], "height": 0.41, "width": 1.6, "inflow_peak": 1.41}