{"nodes": 2118, "cells": 4027, "object_boundaries": ["on_boundary && x[0]>0.41021 && x[0]< 0.4974 && x[1]>0.17434 && x[1]< 0.26833"], "height": 0.41, "width": 1.6, "inflow_peak": 1.135}