{"nodes": 1723, "object_boundaries": ["on_boundary && x[0]>0.21513 && x[0]< 0.40435 && x[1]>0.10384 && x[1]< 0.28864"], "height": 0.41, "width": 1.6, "inflow_peak": 0.25}