{"nodes": 1749, "object_boundaries": ["on_boundary && x[0]>0.11792 && x[0]< 0.31383 && x[1]>0.20097 && x[1]< 0.34777"], "height": 0.41, "width": 1.6, "inflow_peak": 1.85}