{"nodes": 2061, "cells": 3889, "object_boundaries": ["on_boundary && x[0]>0.14374 && x[0]< 0.40347 && x[1]>0.14444 && x[1]< 0.40384"], "height": 0.41, "width": 1.6, "inflow_peak": 1.61}