{"nodes": 1853, "object_boundaries": ["on_boundary && x[0]>0.0361 && x[0]< 0.28428 && x[1]>0.11577 && x[1]< 0.34138"], "height": 0.41, "width": 1.6, "inflow_peak": 0.4}