{"nodes": 1910, "object_boundaries": ["on_boundary && x[0]>0.1383 && x[0]< 0.39345 && x[1]>-0.00074 && x[1]< 0.21042"], "height": 0.41, "width": 1.6, "inflow_peak": 0.26}