{"nodes": 1838, "object_boundaries": ["on_boundary && x[0]>0.20036 && x[0]< 0.4123 && x[1]>0.05956 && x[1]< 0.33956"], "height": 0.41, "width": 1.6, "inflow_peak": 0.54}