{"nodes": 2040, "object_boundaries": ["on_boundary && x[0]>0.26377 && x[0]< 0.47961 && x[1]>0.10102 && x[1]< 0.31686"], "height": 0.41, "width": 1.6, "inflow_peak": 0.75}