{"nodes": 2559, "object_boundaries": ["on_boundary && x[0]>0.19686 && x[0]< 0.38981 && x[1]>0.13931 && x[1]< 0.33225", "on_boundary && x[0]>0.61577 && x[0]< 0.81876 && x[1]>0.10519 && x[1]< 0.30819"], "height": 0.41, "width": 1.6, "inflow_peak": 0.5}