{"nodes": 2173, "object_boundaries": ["on_boundary && x[0]>0.17338 && x[0]< 0.33841 && x[1]>0.08315 && x[1]< 0.24818"], "height": 0.41, "width": 1.6, "inflow_peak": 1.98}