{"nodes": 2929, "object_boundaries": ["on_boundary && x[0]>0.08122 && x[0]< 0.25006 && x[1]>0.07932 && x[1]< 0.24816", "on_boundary && x[0]>0.84784 && x[0]< 1.04459 && x[1]>0.08164 && x[1]< 0.27839"], "height": 0.41, "width": 1.6, "inflow_peak": 1.44}