{"nodes": 1923, "object_boundaries": ["on_boundary && x[0]>0.26266 && x[0]< 0.49645 && x[1]>0.04151 && x[1]< 0.2753"], "height": 0.41, "width": 1.6, "inflow_peak": 1.43}