{"nodes": 2118, "object_boundaries": ["on_boundary && x[0]>0.21275 && x[0]< 0.39444 && x[1]>0.02595 && x[1]< 0.20764"], "height": 0.41, "width": 1.6, "inflow_peak": 1.08}