{"nodes": 2107, "cells": 3983, "object_boundaries": ["on_boundary && x[0]>0.40574 && x[0]< 0.56978 && x[1]>0.1834 && x[1]< 0.34743"], "height": 0.41, "width": 1.6, "inflow_peak": 1.94}