{"nodes": 2096, "cells": 3970, "object_boundaries": ["on_boundary && x[0]>0.09539 && x[0]< 0.30162 && x[1]>0.05946 && x[1]< 0.25978"], "height": 0.41, "width": 1.6, "inflow_peak": 0.49}