{"nodes": 1969, "cells": 3738, "object_boundaries": ["on_boundary && x[0]>0.16076 && x[0]< 0.22927 && x[1]>0.15266 && x[1]< 0.22117"], "height": 0.41, "width": 1.6, "inflow_peak": 1.277}