{"nodes": 2033, "object_boundaries": ["on_boundary && x[0]>0.15773 && x[0]< 0.35724 && x[1]>0.11492 && x[1]< 0.31443"], "height": 0.41, "width": 1.6, "inflow_peak": 1.87}