{"nodes": 2229, "object_boundaries": ["on_boundary && x[0]>0.34933 && x[0]< 0.60156 && x[1]>0.1015 && x[1]< 0.35373", "on_boundary && x[0]>0.67018 && x[0]< 0.85876 && x[1]>0.00939 && x[1]< 0.19796"], "height": 0.41, "width": 1.6, "inflow_peak": 1.53}