{"nodes": 1864, "object_boundaries": ["on_boundary && x[0]>0.03755 && x[0]< 0.26371 && x[1]>0.1386 && x[1]< 0.36476"], "height": 0.41, "width": 1.6, "inflow_peak": 1.66}