{"nodes": 2055, "cells": 3889, "object_boundaries": ["on_boundary && x[0]>0.17582 && x[0]< 0.39836 && x[1]>0.16083 && x[1]< 0.38337"], "height": 0.41, "width": 1.6, "inflow_peak": 2.213}