{"nodes": 2290, "object_boundaries": ["on_boundary && x[0]>0.27261 && x[0]< 0.43118 && x[1]>0.15066 && x[1]< 0.30923"], "height": 0.41, "width": 1.6, "inflow_peak": 1.451}