{"nodes": 2440, "object_boundaries": ["on_boundary && x[0]>0.36435 && x[0]< 0.51096 && x[1]>0.13527 && x[1]< 0.28188"], "height": 0.41, "width": 1.6, "inflow_peak": 1.054}