{"nodes": 2039, "cells": 3877, "object_boundaries": ["on_boundary && x[0]>0.41535 && x[0]< 0.48678 && x[1]>0.19007 && x[1]< 0.26149"], "height": 0.41, "width": 1.6, "inflow_peak": 1.234}