{"nodes": 2119, "object_boundaries": ["on_boundary && x[0]>0.30811 && x[0]< 0.51311 && x[1]>0.08822 && x[1]< 0.29322"], "height": 0.41, "width": 1.6, "inflow_peak": 0.571}