{"nodes": 2240, "object_boundaries": ["on_boundary && x[0]>0.15191 && x[0]< 0.31185 && x[1]>0.07548 && x[1]< 0.23542"], "height": 0.41, "width": 1.6, "inflow_peak": 1.012}