{"nodes": 2286, "object_boundaries": ["on_boundary && x[0]>0.08746 && x[0]< 0.23137 && x[1]>0.10785 && x[1]< 0.25175"], "height": 0.41, "width": 1.6, "inflow_peak": 1.279}