{"nodes": 2017, "object_boundaries": ["on_boundary && x[0]>0.35351 && x[0]< 0.57039 && x[1]>0.05481 && x[1]< 0.27169"], "height": 0.41, "width": 1.6, "inflow_peak": 1.31}