{"nodes": 2422, "object_boundaries": ["on_boundary && x[0]>0.22795 && x[0]< 0.4449 && x[1]>0.09782 && x[1]< 0.22263"], "height": 0.41, "width": 1.6, "inflow_peak": 0.97}