{"nodes": 2141, "object_boundaries": ["on_boundary && x[0]>0.13804 && x[0]< 0.36291 && x[1]>0.11254 && x[1]< 0.27829"], "height": 0.41, "width": 1.6, "inflow_peak": 1.3}