{"nodes": 1693, "object_boundaries": ["on_boundary && x[0]>0.2251 && x[0]< 0.48731 && x[1]>0.04197 && x[1]< 0.30304"], "height": 0.41, "width": 1.6, "inflow_peak": 0.87}