{"nodes": 1718, "object_boundaries": ["on_boundary && x[0]>0.09445 && x[0]< 0.27046 && x[1]>0.13398 && x[1]< 0.31139"], "height": 0.41, "width": 1.6, "inflow_peak": 1.39}