{"nodes": 2105, "cells": 3995, "object_boundaries": ["on_boundary && x[0]>0.3866 && x[0]< 0.50027 && x[1]>0.04162 && x[1]< 0.15078"], "height": 0.41, "width": 1.6, "inflow_peak": 1.698}