{"nodes": 1725, "object_boundaries": ["on_boundary && x[0]>0.06243 && x[0]< 0.29401 && x[1]>0.06426 && x[1]< 0.29584"], "height": 0.41, "width": 1.6, "inflow_peak": 0.54}