{"nodes": 1974, "object_boundaries": ["on_boundary && x[0]>0.30106 && x[0]< 0.52485 && x[1]>0.03505 && x[1]< 0.25883"], "height": 0.41, "width": 1.6, "inflow_peak": 1.32}