{"nodes": 2061, "cells": 3906, "object_boundaries": ["on_boundary && x[0]>0.26253 && x[0]< 0.46916 && x[1]>0.18357 && x[1]< 0.3902"], "height": 0.41, "width": 1.6, "inflow_peak": 0.51}