{"nodes": 2349, "cells": 4458, "object_boundaries": ["on_boundary && x[0]>0.21209 && x[0]< 0.29874 && x[1]>0.06309 && x[1]< 0.14974", "on_boundary && x[0]>0.90317 && x[0]< 1.02681 && x[1]>0.22677 && x[1]< 0.35041"], "height": 0.41, "width": 1.6, "inflow_peak": 2.194}