{"nodes": 2090, "cells": 3968, "object_boundaries": ["on_boundary && x[0]>0.18475 && x[0]< 0.36773 && x[1]>0.21759 && x[1]< 0.40131"], "height": 0.41, "width": 1.6, "inflow_peak": 1.55}