{"nodes": 1992, "cells": 3783, "object_boundaries": ["on_boundary && x[0]>0.23425 && x[0]< 0.29642 && x[1]>0.11841 && x[1]< 0.19663"], "height": 0.41, "width": 1.6, "inflow_peak": 0.878}