{"nodes": 2267, "object_boundaries": ["on_boundary && x[0]>0.10071 && x[0]< 0.25511 && x[1]>0.18996 && x[1]< 0.33185"], "height": 0.41, "width": 1.6, "inflow_peak": 0.63}