{"nodes": 1718, "object_boundaries": ["on_boundary && x[0]>0.21329 && x[0]< 0.43696 && x[1]>0.15374 && x[1]< 0.35941"], "height": 0.41, "width": 1.6, "inflow_peak": 1.35}