{"nodes": 3133, "object_boundaries": ["on_boundary && x[0]>0.30598 && x[0]< 0.56762 && x[1]>0.10873 && x[1]< 0.42488", "on_boundary && x[0]>0.59467 && x[0]< 0.76305 && x[1]>0.07615 && x[1]< 0.28469"], "height": 0.41, "width": 1.6, "inflow_peak": 0.23}