{"nodes": 1724, "object_boundaries": ["on_boundary && x[0]>0.24741 && x[0]< 0.56458 && x[1]>0.12481 && x[1]< 0.35828"], "height": 0.41, "width": 1.6, "inflow_peak": 1.43}