{"nodes": 2016, "cells": 3829, "object_boundaries": ["on_boundary && x[0]>0.38126 && x[0]< 0.53011 && x[1]>0.12049 && x[1]< 0.30113"], "height": 0.41, "width": 1.6, "inflow_peak": 0.74}