{"nodes": 1709, "object_boundaries": ["on_boundary && x[0]>0.23803 && x[0]< 0.43448 && x[1]>0.0128 && x[1]< 0.20769"], "height": 0.41, "width": 1.6, "inflow_peak": 0.15}