{"nodes": 2074, "object_boundaries": ["on_boundary && x[0]>0.17986 && x[0]< 0.34713 && x[1]>0.00847 && x[1]< 0.20727"], "height": 0.41, "width": 1.6, "inflow_peak": 0.42}