{"nodes": 2215, "object_boundaries": ["on_boundary && x[0]>0.28568 && x[0]< 0.48029 && x[1]>0.06867 && x[1]< 0.23394"], "height": 0.41, "width": 1.6, "inflow_peak": 1.54}