{"nodes": 2022, "cells": 3843, "object_boundaries": ["on_boundary && x[0]>0.29726 && x[0]< 0.34954 && x[1]>0.20133 && x[1]< 0.28836"], "height": 0.41, "width": 1.6, "inflow_peak": 1.711}