{"nodes": 2329, "object_boundaries": ["on_boundary && x[0]>0.14015 && x[0]< 0.38177 && x[1]>-0.01857 && x[1]< 0.22305", "on_boundary && x[0]>0.90657 && x[0]< 1.07385 && x[1]>0.20257 && x[1]< 0.36985"], "height": 0.41, "width": 1.6, "inflow_peak": 0.64}