{"nodes": 2864, "object_boundaries": ["on_boundary && x[0]>0.27711 && x[0]< 0.43211 && x[1]>0.19599 && x[1]< 0.35099", "on_boundary && x[0]>0.76747 && x[0]< 0.9264 && x[1]>0.09314 && x[1]< 0.25207"], "height": 0.41, "width": 1.6, "inflow_peak": 1.63}