{"nodes": 1870, "object_boundaries": ["on_boundary && x[0]>0.34052 && x[0]< 0.49121 && x[1]>0.02466 && x[1]< 0.17534"], "height": 0.41, "width": 1.6, "inflow_peak": 1.55}