{"nodes": 2370, "cells": 4522, "object_boundaries": ["on_boundary && x[0]>0.31542 && x[0]< 0.36804 && x[1]>0.09327 && x[1]< 0.1459", "on_boundary && x[0]>0.60681 && x[0]< 0.69603 && x[1]>0.16631 && x[1]< 0.25553"], "height": 0.41, "width": 1.6, "inflow_peak": 1.248}