{"nodes": 2062, "cells": 3902, "object_boundaries": ["on_boundary && x[0]>0.2875 && x[0]< 0.41624 && x[1]>0.06785 && x[1]< 0.20971"], "height": 0.41, "width": 1.6, "inflow_peak": 1.939}