{"nodes": 1802, "object_boundaries": ["on_boundary && x[0]>-0.0003 && x[0]< 0.2603 && x[1]>0.09489 && x[1]< 0.33232"], "height": 0.41, "width": 1.6, "inflow_peak": 1.57}