{"nodes": 1818, "object_boundaries": ["on_boundary && x[0]>0.25265 && x[0]< 0.41551 && x[1]>0.06659 && x[1]< 0.23221"], "height": 0.41, "width": 1.6, "inflow_peak": 1.44}