{"nodes": 2041, "object_boundaries": ["on_boundary && x[0]>0.17984 && x[0]< 0.39254 && x[1]>0.09137 && x[1]< 0.30407"], "height": 0.41, "width": 1.6, "inflow_peak": 1.54}