{"nodes": 2056, "cells": 3899, "object_boundaries": ["on_boundary && x[0]>0.32965 && x[0]< 0.43049 && x[1]>0.19278 && x[1]< 0.30922"], "height": 0.41, "width": 1.6, "inflow_peak": 2.216}