{"nodes": 2016, "cells": 3828, "object_boundaries": ["on_boundary && x[0]>0.29764 && x[0]< 0.46872 && x[1]>0.19633 && x[1]< 0.36741"], "height": 0.41, "width": 1.6, "inflow_peak": 0.28}