{"nodes": 1812, "object_boundaries": ["on_boundary && x[0]>0.07041 && x[0]< 0.31755 && x[1]>0.03613 && x[1]< 0.28327"], "height": 0.41, "width": 1.6, "inflow_peak": 0.81}