{"nodes": 2230, "object_boundaries": ["on_boundary && x[0]>0.20594 && x[0]< 0.37249 && x[1]>0.11185 && x[1]< 0.2784"], "height": 0.41, "width": 1.6, "inflow_peak": 0.55}