{"nodes": 2048, "cells": 3892, "object_boundaries": ["on_boundary && x[0]>0.27394 && x[0]< 0.36064 && x[1]>0.14272 && x[1]< 0.21373"], "height": 0.41, "width": 1.6, "inflow_peak": 1.808}