{"nodes": 2068, "cells": 3930, "object_boundaries": ["on_boundary && x[0]>0.24447 && x[0]< 0.4232 && x[1]>0.20672 && x[1]< 0.38567"], "height": 0.41, "width": 1.6, "inflow_peak": 1.83}