{"nodes": 1948, "object_boundaries": ["on_boundary && x[0]>0.15744 && x[0]< 0.35554 && x[1]>0.06291 && x[1]< 0.3042"], "height": 0.41, "width": 1.6, "inflow_peak": 0.82}