{"nodes": 2291, "object_boundaries": ["on_boundary && x[0]>0.21032 && x[0]< 0.43987 && x[1]>0.11787 && x[1]< 0.36046"], "height": 0.41, "width": 1.6, "inflow_peak": 1.55}