{"nodes": 2015, "cells": 3819, "object_boundaries": ["on_boundary && x[0]>0.22279 && x[0]< 0.42462 && x[1]>0.02086 && x[1]< 0.20392"], "height": 0.41, "width": 1.6, "inflow_peak": 0.96}