{"nodes": 1988, "cells": 3756, "object_boundaries": ["on_boundary && x[0]>0.12094 && x[0]< 0.2525 && x[1]>0.04699 && x[1]< 0.17855"], "height": 0.41, "width": 1.6, "inflow_peak": 0.406}