{"nodes": 1721, "object_boundaries": ["on_boundary && x[0]>0.11023 && x[0]< 0.30751 && x[1]>0.02514 && x[1]< 0.22242"], "height": 0.41, "width": 1.6, "inflow_peak": 1.44}