{"nodes": 2102, "cells": 3994, "object_boundaries": ["on_boundary && x[0]>0.287 && x[0]< 0.47969 && x[1]>0.12016 && x[1]< 0.31285"], "height": 0.41, "width": 1.6, "inflow_peak": 1.1}