{"nodes": 2254, "object_boundaries": ["on_boundary && x[0]>0.2953 && x[0]< 0.46657 && x[1]>0.09251 && x[1]< 0.26378"], "height": 0.41, "width": 1.6, "inflow_peak": 2.35}