{"nodes": 2025, "cells": 3826, "object_boundaries": ["on_boundary && x[0]>0.06969 && x[0]< 0.30251 && x[1]>0.0991 && x[1]< 0.33192"], "height": 0.41, "width": 1.6, "inflow_peak": 1.885}