{"nodes": 1870, "object_boundaries": ["on_boundary && x[0]>0.10563 && x[0]< 0.34139 && x[1]>0.15534 && x[1]< 0.3911"], "height": 0.41, "width": 1.6, "inflow_peak": 1.699}