{"nodes": 2065, "cells": 3899, "object_boundaries": ["on_boundary && x[0]>0.40881 && x[0]< 0.57361 && x[1]>0.20152 && x[1]< 0.36632"], "height": 0.41, "width": 1.6, "inflow_peak": 1.588}