{"nodes": 2101, "object_boundaries": ["on_boundary && x[0]>0.22405 && x[0]< 0.41594 && x[1]>0.07645 && x[1]< 0.26833"], "height": 0.41, "width": 1.6, "inflow_peak": 1.578}