{"nodes": 1704, "object_boundaries": ["on_boundary && x[0]>0.10533 && x[0]< 0.34819 && x[1]>0.03013 && x[1]< 0.29343"], "height": 0.41, "width": 1.6, "inflow_peak": 0.84}