{"nodes": 1737, "object_boundaries": ["on_boundary && x[0]>0.36216 && x[0]< 0.56247 && x[1]>0.08567 && x[1]< 0.28598"], "height": 0.41, "width": 1.6, "inflow_peak": 1.5}