{"nodes": 2112, "cells": 4000, "object_boundaries": ["on_boundary && x[0]>0.37522 && x[0]< 0.60939 && x[1]>0.08707 && x[1]< 0.32124"], "height": 0.41, "width": 1.6, "inflow_peak": 0.97}