{"nodes": 2007, "object_boundaries": ["on_boundary && x[0]>0.02709 && x[0]< 0.26636 && x[1]>0.06216 && x[1]< 0.31842"], "height": 0.41, "width": 1.6, "inflow_peak": 0.48}