{"nodes": 2039, "cells": 3851, "object_boundaries": ["on_boundary && x[0]>0.12673 && x[0]< 0.37003 && x[1]>0.11048 && x[1]< 0.35378"], "height": 0.41, "width": 1.6, "inflow_peak": 1.728}