{"nodes": 1997, "object_boundaries": ["on_boundary && x[0]>0.28818 && x[0]< 0.50819 && x[1]>0.08972 && x[1]< 0.30973"], "height": 0.41, "width": 1.6, "inflow_peak": 1.424}