{"nodes": 2032, "cells": 3843, "object_boundaries": ["on_boundary && x[0]>0.14696 && x[0]< 0.28087 && x[1]>0.1836 && x[1]< 0.31751"], "height": 0.41, "width": 1.6, "inflow_peak": 0.431}