{"nodes": 1849, "object_boundaries": ["on_boundary && x[0]>0.1427 && x[0]< 0.29905 && x[1]>0.08239 && x[1]< 0.23875"], "height": 0.41, "width": 1.6, "inflow_peak": 1.431}