{"nodes": 2048, "cells": 3894, "object_boundaries": ["on_boundary && x[0]>0.42887 && x[0]< 0.50353 && x[1]>0.18277 && x[1]< 0.25742"], "height": 0.41, "width": 1.6, "inflow_peak": 1.04}