{"nodes": 2071, "cells": 3918, "object_boundaries": ["on_boundary && x[0]>0.08216 && x[0]< 0.30067 && x[1]>0.09326 && x[1]< 0.32377"], "height": 0.41, "width": 1.6, "inflow_peak": 0.29}