{"nodes": 1725, "object_boundaries": ["on_boundary && x[0]>0.27118 && x[0]< 0.42005 && x[1]>0.12508 && x[1]< 0.27395"], "height": 0.41, "width": 1.6, "inflow_peak": 2.08}