{"nodes": 1889, "object_boundaries": ["on_boundary && x[0]>0.23454 && x[0]< 0.47317 && x[1]>-0.01404 && x[1]< 0.22459"], "height": 0.41, "width": 1.6, "inflow_peak": 1.14}