{"nodes": 2135, "object_boundaries": ["on_boundary && x[0]>0.15834 && x[0]< 0.33513 && x[1]>0.0943 && x[1]< 0.2711"], "height": 0.41, "width": 1.6, "inflow_peak": 1.06}