{"nodes": 1738, "object_boundaries": ["on_boundary && x[0]>0.11804 && x[0]< 0.29631 && x[1]>0.11891 && x[1]< 0.29717"], "height": 0.41, "width": 1.6, "inflow_peak": 1.16}