{"nodes": 1900, "object_boundaries": ["on_boundary && x[0]>0.11067 && x[0]< 0.27636 && x[1]>0.1178 && x[1]< 0.31103"], "height": 0.41, "width": 1.6, "inflow_peak": 0.89}