{"nodes": 1678, "object_boundaries": ["on_boundary && x[0]>0.15027 && x[0]< 0.40264 && x[1]>-0.00226 && x[1]< 0.24258"], "height": 0.41, "width": 1.6, "inflow_peak": 1.13}