{"nodes": 1787, "object_boundaries": ["on_boundary && x[0]>0.22072 && x[0]< 0.41647 && x[1]>0.00548 && x[1]< 0.19452"], "height": 0.41, "width": 1.6, "inflow_peak": 1.68}