{"nodes": 1709, "object_boundaries": ["on_boundary && x[0]>0.23124 && x[0]< 0.41586 && x[1]>0.01851 && x[1]< 0.21836"], "height": 0.41, "width": 1.6, "inflow_peak": 1.24}