{"nodes": 2079, "object_boundaries": ["on_boundary && x[0]>0.15225 && x[0]< 0.37491 && x[1]>0.09837 && x[1]< 0.32103"], "height": 0.41, "width": 1.6, "inflow_peak": 1.87}