{"nodes": 2061, "object_boundaries": ["on_boundary && x[0]>0.16918 && x[0]< 0.39792 && x[1]>0.06307 && x[1]< 0.2774"], "height": 0.41, "width": 1.6, "inflow_peak": 0.62}