{"nodes": 2108, "object_boundaries": ["on_boundary && x[0]>0.21553 && x[0]< 0.33553 && x[1]>0.13588 && x[1]< 0.25588"], "height": 0.41, "width": 1.6, "inflow_peak": 0.89}