{"nodes": 2116, "cells": 4002, "object_boundaries": ["on_boundary && x[0]>0.25421 && x[0]< 0.41432 && x[1]>0.13653 && x[1]< 0.29664"], "height": 0.41, "width": 1.6, "inflow_peak": 0.561}