{"nodes": 2151, "object_boundaries": ["on_boundary && x[0]>0.17062 && x[0]< 0.41551 && x[1]>0.08293 && x[1]< 0.32782", "on_boundary && x[0]>0.80395 && x[0]< 1.03361 && x[1]>0.18197 && x[1]< 0.41162"], "height": 0.41, "width": 1.6, "inflow_peak": 1.09}