{"nodes": 2342, "object_boundaries": ["on_boundary && x[0]>0.09096 && x[0]< 0.21271 && x[1]>0.1051 && x[1]< 0.22686"], "height": 0.41, "width": 1.6, "inflow_peak": 1.52}