{"nodes": 1919, "object_boundaries": ["on_boundary && x[0]>0.4461 && x[0]< 0.6139 && x[1]>0.08374 && x[1]< 0.25154"], "height": 0.41, "width": 1.6, "inflow_peak": 1.32}