{"nodes": 1691, "object_boundaries": ["on_boundary && x[0]>0.2186 && x[0]< 0.49249 && x[1]>0.09236 && x[1]< 0.37563"], "height": 0.41, "width": 1.6, "inflow_peak": 1.53}