{"nodes": 1716, "object_boundaries": ["on_boundary && x[0]>0.02929 && x[0]< 0.25801 && x[1]>0.07414 && x[1]< 0.30695"], "height": 0.41, "width": 1.6, "inflow_peak": 0.95}