{"nodes": 1888, "object_boundaries": ["on_boundary && x[0]>0.22585 && x[0]< 0.46778 && x[1]>0.09959 && x[1]< 0.34152"], "height": 0.41, "width": 1.6, "inflow_peak": 0.45}