{"nodes": 2076, "cells": 3934, "object_boundaries": ["on_boundary && x[0]>0.20772 && x[0]< 0.31021 && x[1]>0.14786 && x[1]< 0.25034"], "height": 0.41, "width": 1.6, "inflow_peak": 0.332}