{"nodes": 2095, "object_boundaries": ["on_boundary && x[0]>0.24188 && x[0]< 0.43422 && x[1]>0.11625 && x[1]< 0.3086"], "height": 0.41, "width": 1.6, "inflow_peak": 1.19}