{"nodes": 1990, "cells": 3771, "object_boundaries": ["on_boundary && x[0]>0.38024 && x[0]< 0.56727 && x[1]>0.13968 && x[1]< 0.32672"], "height": 0.41, "width": 1.6, "inflow_peak": 2.06}