{"nodes": 2217, "object_boundaries": ["on_boundary && x[0]>0.30243 && x[0]< 0.47826 && x[1]>0.13872 && x[1]< 0.31455"], "height": 0.41, "width": 1.6, "inflow_peak": 1.01}