{"nodes": 2015, "cells": 3809, "object_boundaries": ["on_boundary && x[0]>0.11404 && x[0]< 0.24721 && x[1]>0.15019 && x[1]< 0.28337"], "height": 0.41, "width": 1.6, "inflow_peak": 2.192}