{"nodes": 2138, "object_boundaries": ["on_boundary && x[0]>0.14478 && x[0]< 0.35323 && x[1]>0.01054 && x[1]< 0.21898", "on_boundary && x[0]>0.77932 && x[0]< 1.03858 && x[1]>0.07123 && x[1]< 0.33049"], "height": 0.41, "width": 1.6, "inflow_peak": 0.27}