{"nodes": 2622, "object_boundaries": ["on_boundary && x[0]>0.16276 && x[0]< 0.31414 && x[1]>0.16609 && x[1]< 0.31747", "on_boundary && x[0]>0.6866 && x[0]< 0.90012 && x[1]>0.18164 && x[1]< 0.39516"], "height": 0.41, "width": 1.6, "inflow_peak": 1.2}