{"nodes": 2164, "object_boundaries": ["on_boundary && x[0]>0.30732 && x[0]< 0.50837 && x[1]>0.08023 && x[1]< 0.24341"], "height": 0.41, "width": 1.6, "inflow_peak": 1.41}