{"nodes": 1997, "cells": 3779, "object_boundaries": ["on_boundary && x[0]>0.15195 && x[0]< 0.28771 && x[1]>0.09867 && x[1]< 0.19067"], "height": 0.41, "width": 1.6, "inflow_peak": 0.748}