{"nodes": 2179, "object_boundaries": ["on_boundary && x[0]>0.26463 && x[0]< 0.40796 && x[1]>0.18221 && x[1]< 0.40082"], "height": 0.41, "width": 1.6, "inflow_peak": 1.19}