{"nodes": 2046, "object_boundaries": ["on_boundary && x[0]>0.23954 && x[0]< 0.38643 && x[1]>0.15174 && x[1]< 0.40919"], "height": 0.41, "width": 1.6, "inflow_peak": 1.29}