{"nodes": 2406, "object_boundaries": ["on_boundary && x[0]>0.18961 && x[0]< 0.433 && x[1]>0.19233 && x[1]< 0.31233"], "height": 0.41, "width": 1.6, "inflow_peak": 1.77}