{"nodes": 2317, "object_boundaries": ["on_boundary && x[0]>0.13449 && x[0]< 0.27902 && x[1]>0.19253 && x[1]< 0.33706"], "height": 0.41, "width": 1.6, "inflow_peak": 2.01}