{"nodes": 1709, "object_boundaries": ["on_boundary && x[0]>0.10408 && x[0]< 0.29366 && x[1]>0.07614 && x[1]< 0.27624"], "height": 0.41, "width": 1.6, "inflow_peak": 1.6}