{"nodes": 1748, "object_boundaries": ["on_boundary && x[0]>0.19101 && x[0]< 0.37448 && x[1]>0.15189 && x[1]< 0.34477"], "height": 0.41, "width": 1.6, "inflow_peak": 1.47}