{"nodes": 2180, "object_boundaries": ["on_boundary && x[0]>0.28514 && x[0]< 0.44284 && x[1]>0.03844 && x[1]< 0.23363", "on_boundary && x[0]>0.62371 && x[0]< 0.80534 && x[1]>0.14112 && x[1]< 0.32289"], "height": 0.41, "width": 1.6, "inflow_peak": 1.28}