{"nodes": 1684, "object_boundaries": ["on_boundary && x[0]>0.22868 && x[0]< 0.44383 && x[1]>-0.00618 && x[1]< 0.30991"], "height": 0.41, "width": 1.6, "inflow_peak": 1.21}