{"nodes": 2465, "cells": 4690, "object_boundaries": ["on_boundary && x[0]>0.16099 && x[0]< 0.24197 && x[1]>0.18518 && x[1]< 0.28511", "on_boundary && x[0]>0.77807 && x[0]< 0.89614 && x[1]>0.21767 && x[1]< 0.33535"], "height": 0.41, "width": 1.6, "inflow_peak": 1.83}