{"nodes": 1723, "object_boundaries": ["on_boundary && x[0]>0.23607 && x[0]< 0.43049 && x[1]>0.06492 && x[1]< 0.25978"], "height": 0.41, "width": 1.6, "inflow_peak": 1.73}