{"nodes": 1936, "object_boundaries": ["on_boundary && x[0]>0.32432 && x[0]< 0.52248 && x[1]>0.07881 && x[1]< 0.26794"], "height": 0.41, "width": 1.6, "inflow_peak": 2.03}