{"nodes": 1755, "object_boundaries": ["on_boundary && x[0]>0.06934 && x[0]< 0.26979 && x[1]>0.03555 && x[1]< 0.20603"], "height": 0.41, "width": 1.6, "inflow_peak": 0.41}