{"nodes": 2164, "object_boundaries": ["on_boundary && x[0]>0.27538 && x[0]< 0.46086 && x[1]>0.09398 && x[1]< 0.27945"], "height": 0.41, "width": 1.6, "inflow_peak": 0.922}