{"nodes": 1824, "object_boundaries": ["on_boundary && x[0]>0.06569 && x[0]< 0.31248 && x[1]>0.11821 && x[1]< 0.36501"], "height": 0.41, "width": 1.6, "inflow_peak": 1.479}