{"nodes": 2071, "object_boundaries": ["on_boundary && x[0]>0.36232 && x[0]< 0.56618 && x[1]>0.16363 && x[1]< 0.36749"], "height": 0.41, "width": 1.6, "inflow_peak": 0.303}