{"nodes": 2157, "object_boundaries": ["on_boundary && x[0]>0.27521 && x[0]< 0.45278 && x[1]>0.1695 && x[1]< 0.34707"], "height": 0.41, "width": 1.6, "inflow_peak": 1.7}