{"nodes": 1947, "object_boundaries": ["on_boundary && x[0]>0.02928 && x[0]< 0.23072 && x[1]>0.14874 && x[1]< 0.35018"], "height": 0.41, "width": 1.6, "inflow_peak": 0.88}