{"nodes": 2332, "object_boundaries": ["on_boundary && x[0]>0.42706 && x[0]< 0.56719 && x[1]>0.14051 && x[1]< 0.28064"], "height": 0.41, "width": 1.6, "inflow_peak": 1.342}