{"nodes": 1926, "object_boundaries": ["on_boundary && x[0]>0.34543 && x[0]< 0.49616 && x[1]>0.15101 && x[1]< 0.30173"], "height": 0.41, "width": 1.6, "inflow_peak": 1.23}