{"nodes": 1823, "object_boundaries": ["on_boundary && x[0]>0.10795 && x[0]< 0.35721 && x[1]>0.16822 && x[1]< 0.41748"], "height": 0.41, "width": 1.6, "inflow_peak": 0.597}