{"nodes": 2145, "cells": 4054, "object_boundaries": ["on_boundary && x[0]>0.10729 && x[0]< 0.37431 && x[1]>0.07799 && x[1]< 0.34007"], "height": 0.41, "width": 1.6, "inflow_peak": 0.75}