{"nodes": 1694, "object_boundaries": ["on_boundary && x[0]>0.34531 && x[0]< 0.60829 && x[1]>0.16116 && x[1]< 0.41069"], "height": 0.41, "width": 1.6, "inflow_peak": 0.99}