{"nodes": 1832, "object_boundaries": ["on_boundary && x[0]>0.32211 && x[0]< 0.47802 && x[1]>0.21069 && x[1]< 0.3666"], "height": 0.41, "width": 1.6, "inflow_peak": 0.98}