{"nodes": 2220, "object_boundaries": ["on_boundary && x[0]>0.15072 && x[0]< 0.31155 && x[1]>0.11627 && x[1]< 0.2771"], "height": 0.41, "width": 1.6, "inflow_peak": 1.243}