{"nodes": 2118, "object_boundaries": ["on_boundary && x[0]>0.21338 && x[0]< 0.40188 && x[1]>0.11806 && x[1]< 0.30656"], "height": 0.41, "width": 1.6, "inflow_peak": 1.545}