{"nodes": 2049, "cells": 3880, "object_boundaries": ["on_boundary && x[0]>0.25389 && x[0]< 0.46694 && x[1]>0.00082 && x[1]< 0.21386"], "height": 0.41, "width": 1.6, "inflow_peak": 0.559}