{"nodes": 2348, "object_boundaries": ["on_boundary && x[0]>0.19352 && x[0]< 0.34086 && x[1]>0.12635 && x[1]< 0.27369"], "height": 0.41, "width": 1.6, "inflow_peak": 1.156}