{"nodes": 2119, "object_boundaries": ["on_boundary && x[0]>0.29036 && x[0]< 0.52337 && x[1]>0.0723 && x[1]< 0.38031"], "height": 0.41, "width": 1.6, "inflow_peak": 1.33}