{"nodes": 2180, "cells": 4121, "object_boundaries": ["on_boundary && x[0]>0.20676 && x[0]< 0.49891 && x[1]>0.02674 && x[1]< 0.27849"], "height": 0.41, "width": 1.6, "inflow_peak": 1.7}