{"nodes": 2133, "cells": 4036, "object_boundaries": ["on_boundary && x[0]>0.24207 && x[0]< 0.38612 && x[1]>0.20329 && x[1]< 0.35113"], "height": 0.41, "width": 1.6, "inflow_peak": 1.611}