{"nodes": 1717, "object_boundaries": ["on_boundary && x[0]>0.38025 && x[0]< 0.58012 && x[1]>0.05927 && x[1]< 0.27875"], "height": 0.41, "width": 1.6, "inflow_peak": 1.35}