{"nodes": 1960, "object_boundaries": ["on_boundary && x[0]>0.03369 && x[0]< 0.22631 && x[1]>0.08449 && x[1]< 0.27711"], "height": 0.41, "width": 1.6, "inflow_peak": 1.29}