{"nodes": 2640, "object_boundaries": ["on_boundary && x[0]>0.3921 && x[0]< 0.59068 && x[1]>0.00196 && x[1]< 0.20053", "on_boundary && x[0]>0.69966 && x[0]< 0.87323 && x[1]>0.11688 && x[1]< 0.29045"], "height": 0.41, "width": 1.6, "inflow_peak": 1.57}