{"nodes": 2351, "object_boundaries": ["on_boundary && x[0]>0.28122 && x[0]< 0.43583 && x[1]>0.11204 && x[1]< 0.26665"], "height": 0.41, "width": 1.6, "inflow_peak": 1.63}