{"nodes": 2452, "cells": 4662, "object_boundaries": ["on_boundary && x[0]>0.29376 && x[0]< 0.40573 && x[1]>0.17222 && x[1]< 0.28418", "on_boundary && x[0]>0.87954 && x[0]< 0.98371 && x[1]>0.10154 && x[1]< 0.20572"], "height": 0.41, "width": 1.6, "inflow_peak": 1.204}