{"nodes": 1920, "cells": 3637, "object_boundaries": ["on_boundary && x[0]>0.06635 && x[0]< 0.23497 && x[1]>0.19722 && x[1]< 0.36584"], "height": 0.41, "width": 1.6, "inflow_peak": 2.22}