{"nodes": 1959, "object_boundaries": ["on_boundary && x[0]>0.41137 && x[0]< 0.58496 && x[1]>0.08303 && x[1]< 0.25661"], "height": 0.41, "width": 1.6, "inflow_peak": 1.29}