{"nodes": 1952, "object_boundaries": ["on_boundary && x[0]>0.38988 && x[0]< 0.56211 && x[1]>0.11886 && x[1]< 0.29446"], "height": 0.41, "width": 1.6, "inflow_peak": 1.6}