{"nodes": 1966, "object_boundaries": ["on_boundary && x[0]>0.11335 && x[0]< 0.32604 && x[1]>0.15536 && x[1]< 0.36805"], "height": 0.41, "width": 1.6, "inflow_peak": 1.617}