{"nodes": 2091, "cells": 3955, "object_boundaries": ["on_boundary && x[0]>0.20419 && x[0]< 0.44787 && x[1]>0.07414 && x[1]< 0.31782"], "height": 0.41, "width": 1.6, "inflow_peak": 1.567}