{"nodes": 1859, "object_boundaries": ["on_boundary && x[0]>0.26007 && x[0]< 0.50883 && x[1]>-0.02421 && x[1]< 0.22455"], "height": 0.41, "width": 1.6, "inflow_peak": 1.841}