{"nodes": 1928, "object_boundaries": ["on_boundary && x[0]>0.07864 && x[0]< 0.28447 && x[1]>0.14152 && x[1]< 0.34735"], "height": 0.41, "width": 1.6, "inflow_peak": 2.028}