{"nodes": 1864, "object_boundaries": ["on_boundary && x[0]>0.31187 && x[0]< 0.56291 && x[1]>0.13721 && x[1]< 0.38824"], "height": 0.41, "width": 1.6, "inflow_peak": 0.805}