{"nodes": 1887, "object_boundaries": ["on_boundary && x[0]>0.16604 && x[0]< 0.31787 && x[1]>0.13333 && x[1]< 0.28516"], "height": 0.41, "width": 1.6, "inflow_peak": 2.35}