{"nodes": 2278, "object_boundaries": ["on_boundary && x[0]>0.18389 && x[0]< 0.37671 && x[1]>0.07519 && x[1]< 0.3335", "on_boundary && x[0]>0.88831 && x[0]< 1.10914 && x[1]>0.02481 && x[1]< 0.22013"], "height": 0.41, "width": 1.6, "inflow_peak": 1.13}