{"nodes": 2132, "cells": 4046, "object_boundaries": ["on_boundary && x[0]>0.25279 && x[0]< 0.37177 && x[1]>0.20814 && x[1]< 0.31676"], "height": 0.41, "width": 1.6, "inflow_peak": 1.96}