{"nodes": 2004, "cells": 3802, "object_boundaries": ["on_boundary && x[0]>0.28006 && x[0]< 0.45598 && x[1]>0.03676 && x[1]< 0.21267"], "height": 0.41, "width": 1.6, "inflow_peak": 1.36}