{"nodes": 1848, "object_boundaries": ["on_boundary && x[0]>0.21671 && x[0]< 0.46757 && x[1]>0.13113 && x[1]< 0.38198"], "height": 0.41, "width": 1.6, "inflow_peak": 1.62}