{"nodes": 1688, "object_boundaries": ["on_boundary && x[0]>0.29084 && x[0]< 0.5561 && x[1]>0.00723 && x[1]< 0.2506"], "height": 0.41, "width": 1.6, "inflow_peak": 1.23}