{"nodes": 1686, "object_boundaries": ["on_boundary && x[0]>0.37793 && x[0]< 0.56897 && x[1]>0.16348 && x[1]< 0.35452"], "height": 0.41, "width": 1.6, "inflow_peak": 0.57}