{"nodes": 2082, "object_boundaries": ["on_boundary && x[0]>0.3283 && x[0]< 0.53364 && x[1]>0.1214 && x[1]< 0.32674"], "height": 0.41, "width": 1.6, "inflow_peak": 0.72}