{"nodes": 2285, "object_boundaries": ["on_boundary && x[0]>0.31879 && x[0]< 0.5463 && x[1]>0.15516 && x[1]< 0.38268", "on_boundary && x[0]>0.82297 && x[0]< 1.03833 && x[1]>0.18082 && x[1]< 0.39618"], "height": 0.41, "width": 1.6, "inflow_peak": 2.01}