{"nodes": 2417, "object_boundaries": ["on_boundary && x[0]>0.15555 && x[0]< 0.32952 && x[1]>0.09856 && x[1]< 0.27254", "on_boundary && x[0]>0.50953 && x[0]< 0.75047 && x[1]>0.05002 && x[1]< 0.29096"], "height": 0.41, "width": 1.6, "inflow_peak": 1.95}