{"nodes": 3246, "object_boundaries": ["on_boundary && x[0]>0.3886 && x[0]< 0.53393 && x[1]>0.16487 && x[1]< 0.3102", "on_boundary && x[0]>0.75421 && x[0]< 0.9188 && x[1]>0.10205 && x[1]< 0.26664"], "height": 0.41, "width": 1.6, "inflow_peak": 0.73}