{"nodes": 2136, "cells": 4036, "object_boundaries": ["on_boundary && x[0]>0.21153 && x[0]< 0.4831 && x[1]>0.14286 && x[1]< 0.4109"], "height": 0.41, "width": 1.6, "inflow_peak": 1.82}