{"nodes": 1680, "object_boundaries": ["on_boundary && x[0]>0.19936 && x[0]< 0.35987 && x[1]>0.12825 && x[1]< 0.28876"], "height": 0.41, "width": 1.6, "inflow_peak": 2.16}