{"nodes": 2085, "object_boundaries": ["on_boundary && x[0]>0.10886 && x[0]< 0.28123 && x[1]>0.01519 && x[1]< 0.18755"], "height": 0.41, "width": 1.6, "inflow_peak": 1.36}