{"nodes": 2173, "object_boundaries": ["on_boundary && x[0]>0.24372 && x[0]< 0.42348 && x[1]>0.06168 && x[1]< 0.24144"], "height": 0.41, "width": 1.6, "inflow_peak": 1.44}