{"nodes": 2052, "cells": 3898, "object_boundaries": ["on_boundary && x[0]>0.28733 && x[0]< 0.46047 && x[1]>0.04711 && x[1]< 0.22024"], "height": 0.41, "width": 1.6, "inflow_peak": 2.01}