{"nodes": 1647, "object_boundaries": ["on_boundary && x[0]>0.10203 && x[0]< 0.40096 && x[1]>-0.0035 && x[1]< 0.27379"], "height": 0.41, "width": 1.6, "inflow_peak": 0.83}