{"nodes": 2065, "object_boundaries": ["on_boundary && x[0]>0.14094 && x[0]< 0.37816 && x[1]>0.11143 && x[1]< 0.28963"], "height": 0.41, "width": 1.6, "inflow_peak": 1.22}