{"nodes": 2006, "object_boundaries": ["on_boundary && x[0]>0.07255 && x[0]< 0.33176 && x[1]>0.1644 && x[1]< 0.33636"], "height": 0.41, "width": 1.6, "inflow_peak": 1.06}