{"nodes": 2297, "object_boundaries": ["on_boundary && x[0]>0.28973 && x[0]< 0.52034 && x[1]>0.07627 && x[1]< 0.31493"], "height": 0.41, "width": 1.6, "inflow_peak": 0.82}