{"nodes": 1843, "object_boundaries": ["on_boundary && x[0]>0.29866 && x[0]< 0.55164 && x[1]>0.04581 && x[1]< 0.30114"], "height": 0.41, "width": 1.6, "inflow_peak": 1.81}