{"nodes": 2036, "cells": 3865, "object_boundaries": ["on_boundary && x[0]>0.26771 && x[0]< 0.3834 && x[1]>0.25655 && x[1]< 0.31711"], "height": 0.41, "width": 1.6, "inflow_peak": 0.443}