{"nodes": 2288, "object_boundaries": ["on_boundary && x[0]>0.24175 && x[0]< 0.47591 && x[1]>0.07265 && x[1]< 0.21562"], "height": 0.41, "width": 1.6, "inflow_peak": 1.72}