{"nodes": 1993, "object_boundaries": ["on_boundary && x[0]>0.2525 && x[0]< 0.42602 && x[1]>0.10522 && x[1]< 0.27874"], "height": 0.41, "width": 1.6, "inflow_peak": 2.19}