{"nodes": 2171, "object_boundaries": ["on_boundary && x[0]>0.22892 && x[0]< 0.50892 && x[1]>0.08296 && x[1]< 0.36296"], "height": 0.41, "width": 1.6, "inflow_peak": 1.61}