{"nodes": 2180, "object_boundaries": ["on_boundary && x[0]>0.13288 && x[0]< 0.31604 && x[1]>0.19935 && x[1]< 0.35183"], "height": 0.41, "width": 1.6, "inflow_peak": 1.99}