{"nodes": 1851, "object_boundaries": ["on_boundary && x[0]>0.21695 && x[0]< 0.38016 && x[1]>0.21561 && x[1]< 0.36829"], "height": 0.41, "width": 1.6, "inflow_peak": 1.96}