{"nodes": 2015, "cells": 3811, "object_boundaries": ["on_boundary && x[0]>0.12539 && x[0]< 0.25859 && x[1]>0.13741 && x[1]< 0.26018"], "height": 0.41, "width": 1.6, "inflow_peak": 1.08}