{"nodes": 1995, "object_boundaries": ["on_boundary && x[0]>0.37668 && x[0]< 0.61796 && x[1]>0.11494 && x[1]< 0.32979"], "height": 0.41, "width": 1.6, "inflow_peak": 1.33}