{"nodes": 2134, "object_boundaries": ["on_boundary && x[0]>0.23135 && x[0]< 0.36413 && x[1]>0.06657 && x[1]< 0.2946"], "height": 0.41, "width": 1.6, "inflow_peak": 1.26}