{"nodes": 2014, "object_boundaries": ["on_boundary && x[0]>0.26831 && x[0]< 0.40862 && x[1]>0.11404 && x[1]< 0.28195"], "height": 0.41, "width": 1.6, "inflow_peak": 1.43}