{"nodes": 1969, "cells": 3721, "object_boundaries": ["on_boundary && x[0]>0.07562 && x[0]< 0.24633 && x[1]>-0.01598 && x[1]< 0.22672"], "height": 0.41, "width": 1.6, "inflow_peak": 1.53}