{"nodes": 1977, "object_boundaries": ["on_boundary && x[0]>0.31099 && x[0]< 0.49605 && x[1]>0.1744 && x[1]< 0.41936"], "height": 0.41, "width": 1.6, "inflow_peak": 1.42}