{"nodes": 2058, "cells": 3907, "object_boundaries": ["on_boundary && x[0]>0.42164 && x[0]< 0.51566 && x[1]>0.08554 && x[1]< 0.1802"], "height": 0.41, "width": 1.6, "inflow_peak": 1.519}