{"nodes": 1708, "object_boundaries": ["on_boundary && x[0]>0.23164 && x[0]< 0.41949 && x[1]>0.10563 && x[1]< 0.29349"], "height": 0.41, "width": 1.6, "inflow_peak": 2.01}