{"nodes": 1779, "object_boundaries": ["on_boundary && x[0]>0.30236 && x[0]< 0.4725 && x[1]>0.0699 && x[1]< 0.24004"], "height": 0.41, "width": 1.6, "inflow_peak": 0.46}