{"nodes": 1723, "object_boundaries": ["on_boundary && x[0]>0.19007 && x[0]< 0.44888 && x[1]>0.10955 && x[1]< 0.35467"], "height": 0.41, "width": 1.6, "inflow_peak": 0.79}