{"nodes": 2010, "object_boundaries": ["on_boundary && x[0]>0.22665 && x[0]< 0.43739 && x[1]>0.05859 && x[1]< 0.26934"], "height": 0.41, "width": 1.6, "inflow_peak": 1.122}