{"nodes": 2183, "object_boundaries": ["on_boundary && x[0]>0.2653 && x[0]< 0.45551 && x[1]>0.10749 && x[1]< 0.2977"], "height": 0.41, "width": 1.6, "inflow_peak": 1.224}