{"nodes": 1993, "object_boundaries": ["on_boundary && x[0]>0.20089 && x[0]< 0.41477 && x[1]>0.14953 && x[1]< 0.36342"], "height": 0.41, "width": 1.6, "inflow_peak": 2.07}