{"nodes": 2007, "cells": 3800, "object_boundaries": ["on_boundary && x[0]>0.09165 && x[0]< 0.29373 && x[1]>0.12441 && x[1]< 0.32648"], "height": 0.41, "width": 1.6, "inflow_peak": 1.821}