{"nodes": 2105, "object_boundaries": ["on_boundary && x[0]>0.36634 && x[0]< 0.56485 && x[1]>0.11472 && x[1]< 0.31323"], "height": 0.41, "width": 1.6, "inflow_peak": 1.675}