{"nodes": 1749, "object_boundaries": ["on_boundary && x[0]>0.16452 && x[0]< 0.3449 && x[1]>0.05459 && x[1]< 0.23497"], "height": 0.41, "width": 1.6, "inflow_peak": 0.66}