{"nodes": 1760, "object_boundaries": ["on_boundary && x[0]>0.15259 && x[0]< 0.32896 && x[1]>0.1784 && x[1]< 0.35477"], "height": 0.41, "width": 1.6, "inflow_peak": 0.99}