{"nodes": 2095, "cells": 3963, "object_boundaries": ["on_boundary && x[0]>0.2938 && x[0]< 0.44565 && x[1]>0.15697 && x[1]< 0.30882"], "height": 0.41, "width": 1.6, "inflow_peak": 0.738}