{"nodes": 1780, "object_boundaries": ["on_boundary && x[0]>0.18158 && x[0]< 0.35433 && x[1]>0.08477 && x[1]< 0.25752"], "height": 0.41, "width": 1.6, "inflow_peak": 0.88}