{"nodes": 1840, "object_boundaries": ["on_boundary && x[0]>0.29599 && x[0]< 0.43231 && x[1]>0.20165 && x[1]< 0.33797"], "height": 0.41, "width": 1.6, "inflow_peak": 2.0}