{"nodes": 2126, "object_boundaries": ["on_boundary && x[0]>0.41403 && x[0]< 0.64597 && x[1]>0.10577 && x[1]< 0.33772"], "height": 0.41, "width": 1.6, "inflow_peak": 1.22}