{"nodes": 1989, "object_boundaries": ["on_boundary && x[0]>0.12498 && x[0]< 0.35972 && x[1]>0.2002 && x[1]< 0.38375"], "height": 0.41, "width": 1.6, "inflow_peak": 1.8}