{"nodes": 2050, "cells": 3884, "object_boundaries": ["on_boundary && x[0]>0.19303 && x[0]< 0.44263 && x[1]>0.03461 && x[1]< 0.1912"], "height": 0.41, "width": 1.6, "inflow_peak": 1.5}