{"nodes": 1843, "object_boundaries": ["on_boundary && x[0]>0.145 && x[0]< 0.39607 && x[1]>0.14731 && x[1]< 0.39211"], "height": 0.41, "width": 1.6, "inflow_peak": 1.71}