{"nodes": 1969, "object_boundaries": ["on_boundary && x[0]>0.30713 && x[0]< 0.52131 && x[1]>0.05418 && x[1]< 0.28304"], "height": 0.41, "width": 1.6, "inflow_peak": 1.7}