{"nodes": 2040, "object_boundaries": ["on_boundary && x[0]>0.07609 && x[0]< 0.23618 && x[1]>0.07215 && x[1]< 0.28306"], "height": 0.41, "width": 1.6, "inflow_peak": 0.9}