{"nodes": 2196, "object_boundaries": ["on_boundary && x[0]>0.25059 && x[0]< 0.44186 && x[1]>0.07732 && x[1]< 0.24515"], "height": 0.41, "width": 1.6, "inflow_peak": 1.24}