{"nodes": 2056, "object_boundaries": ["on_boundary && x[0]>0.08303 && x[0]< 0.28749 && x[1]>0.2057 && x[1]< 0.37776"], "height": 0.41, "width": 1.6, "inflow_peak": 1.61}