{"nodes": 1828, "object_boundaries": ["on_boundary && x[0]>0.07459 && x[0]< 0.32015 && x[1]>0.14134 && x[1]< 0.38561"], "height": 0.41, "width": 1.6, "inflow_peak": 0.79}