{"nodes": 2231, "object_boundaries": ["on_boundary && x[0]>0.25281 && x[0]< 0.42116 && x[1]>0.14563 && x[1]< 0.31398"], "height": 0.41, "width": 1.6, "inflow_peak": 0.611}