{"nodes": 2004, "cells": 3808, "object_boundaries": ["on_boundary && x[0]>0.40764 && x[0]< 0.56522 && x[1]>0.18101 && x[1]< 0.33859"], "height": 0.41, "width": 1.6, "inflow_peak": 1.078}