{"nodes": 2239, "object_boundaries": ["on_boundary && x[0]>0.11274 && x[0]< 0.34429 && x[1]>0.08414 && x[1]< 0.31569"], "height": 0.41, "width": 1.6, "inflow_peak": 2.35}