{"nodes": 2033, "cells": 3843, "object_boundaries": ["on_boundary && x[0]>0.22627 && x[0]< 0.43533 && x[1]>0.16947 && x[1]< 0.4202"], "height": 0.41, "width": 1.6, "inflow_peak": 1.37}