{"nodes": 1989, "object_boundaries": ["on_boundary && x[0]>0.27734 && x[0]< 0.47957 && x[1]>0.18261 && x[1]< 0.40626"], "height": 0.41, "width": 1.6, "inflow_peak": 2.11}