{"nodes": 2067, "cells": 3928, "object_boundaries": ["on_boundary && x[0]>0.2439 && x[0]< 0.35571 && x[1]>0.14751 && x[1]< 0.20317"], "height": 0.41, "width": 1.6, "inflow_peak": 1.413}