{"nodes": 2228, "object_boundaries": ["on_boundary && x[0]>0.29213 && x[0]< 0.46832 && x[1]>0.11541 && x[1]< 0.2916"], "height": 0.41, "width": 1.6, "inflow_peak": 1.62}