{"nodes": 1843, "object_boundaries": ["on_boundary && x[0]>0.37411 && x[0]< 0.62144 && x[1]>-0.01752 && x[1]< 0.22981"], "height": 0.41, "width": 1.6, "inflow_peak": 1.18}