{"nodes": 2111, "cells": 3992, "object_boundaries": ["on_boundary && x[0]>0.12606 && x[0]< 0.37368 && x[1]>0.12296 && x[1]< 0.35818"], "height": 0.41, "width": 1.6, "inflow_peak": 1.0}