{"nodes": 1952, "cells": 3706, "object_boundaries": ["on_boundary && x[0]>0.45619 && x[0]< 0.51924 && x[1]>0.08437 && x[1]< 0.14742"], "height": 0.41, "width": 1.6, "inflow_peak": 1.589}