{"nodes": 1940, "cells": 3685, "object_boundaries": ["on_boundary && x[0]>0.11652 && x[0]< 0.25871 && x[1]>0.09603 && x[1]< 0.23822"], "height": 0.41, "width": 1.6, "inflow_peak": 1.77}