{"nodes": 1995, "object_boundaries": ["on_boundary && x[0]>0.17971 && x[0]< 0.4002 && x[1]>0.11343 && x[1]< 0.33392"], "height": 0.41, "width": 1.6, "inflow_peak": 0.57}