{"nodes": 2442, "object_boundaries": ["on_boundary && x[0]>0.29665 && x[0]< 0.48761 && x[1]>0.12311 && x[1]< 0.31407", "on_boundary && x[0]>0.61042 && x[0]< 0.82905 && x[1]>0.10548 && x[1]< 0.32412"], "height": 0.41, "width": 1.6, "inflow_peak": 1.79}