{"nodes": 2737, "object_boundaries": ["on_boundary && x[0]>0.23091 && x[0]< 0.42369 && x[1]>0.14715 && x[1]< 0.33993", "on_boundary && x[0]>0.78091 && x[0]< 0.94571 && x[1]>0.11823 && x[1]< 0.28304"], "height": 0.41, "width": 1.6, "inflow_peak": 2.24}