{"nodes": 1955, "object_boundaries": ["on_boundary && x[0]>0.22468 && x[0]< 0.44288 && x[1]>0.18637 && x[1]< 0.40457"], "height": 0.41, "width": 1.6, "inflow_peak": 0.59}