{"nodes": 1936, "object_boundaries": ["on_boundary && x[0]>0.11863 && x[0]< 0.3322 && x[1]>0.18559 && x[1]< 0.39916"], "height": 0.41, "width": 1.6, "inflow_peak": 1.232}