{"nodes": 2012, "cells": 3803, "object_boundaries": ["on_boundary && x[0]>0.09192 && x[0]< 0.31684 && x[1]>0.17639 && x[1]< 0.40132"], "height": 0.41, "width": 1.6, "inflow_peak": 0.611}