{"nodes": 2257, "object_boundaries": ["on_boundary && x[0]>0.2107 && x[0]< 0.37165 && x[1]>0.2071 && x[1]< 0.36805"], "height": 0.41, "width": 1.6, "inflow_peak": 1.438}