{"nodes": 2131, "object_boundaries": ["on_boundary && x[0]>0.12143 && x[0]< 0.29428 && x[1]>0.08254 && x[1]< 0.25539"], "height": 0.41, "width": 1.6, "inflow_peak": 1.672}