{"nodes": 1969, "object_boundaries": ["on_boundary && x[0]>0.31931 && x[0]< 0.5417 && x[1]>0.17642 && x[1]< 0.39881"], "height": 0.41, "width": 1.6, "inflow_peak": 1.773}