{"nodes": 2089, "object_boundaries": ["on_boundary && x[0]>0.30398 && x[0]< 0.50126 && x[1]>0.06317 && x[1]< 0.26044"], "height": 0.41, "width": 1.6, "inflow_peak": 1.12}