{"nodes": 2001, "object_boundaries": ["on_boundary && x[0]>0.24535 && x[0]< 0.46383 && x[1]>0.12135 && x[1]< 0.33984"], "height": 0.41, "width": 1.6, "inflow_peak": 1.72}