{"nodes": 2071, "cells": 3914, "object_boundaries": ["on_boundary && x[0]>0.22255 && x[0]< 0.37705 && x[1]>0.06059 && x[1]< 0.2151"], "height": 0.41, "width": 1.6, "inflow_peak": 2.006}