{"nodes": 2289, "object_boundaries": ["on_boundary && x[0]>0.1963 && x[0]< 0.34962 && x[1]>0.21753 && x[1]< 0.37085"], "height": 0.41, "width": 1.6, "inflow_peak": 1.92}