{"nodes": 2034, "object_boundaries": ["on_boundary && x[0]>0.13866 && x[0]< 0.33809 && x[1]>0.14037 && x[1]< 0.33981"], "height": 0.41, "width": 1.6, "inflow_peak": 0.79}