{"nodes": 2067, "cells": 3910, "object_boundaries": ["on_boundary && x[0]>0.25286 && x[0]< 0.48438 && x[1]>0.1716 && x[1]< 0.40313"], "height": 0.41, "width": 1.6, "inflow_peak": 1.04}