{"nodes": 1917, "object_boundaries": ["on_boundary && x[0]>0.21594 && x[0]< 0.39013 && x[1]>0.05931 && x[1]< 0.24128"], "height": 0.41, "width": 1.6, "inflow_peak": 1.16}