{"nodes": 1937, "object_boundaries": ["on_boundary && x[0]>0.22396 && x[0]< 0.40297 && x[1]>0.07442 && x[1]< 0.24628"], "height": 0.41, "width": 1.6, "inflow_peak": 0.66}