{"nodes": 2057, "object_boundaries": ["on_boundary && x[0]>0.24108 && x[0]< 0.43935 && x[1]>0.04174 && x[1]< 0.24001"], "height": 0.41, "width": 1.6, "inflow_peak": 1.5}