{"nodes": 1967, "cells": 3727, "object_boundaries": ["on_boundary && x[0]>0.13246 && x[0]< 0.22266 && x[1]>0.15131 && x[1]< 0.24151"], "height": 0.41, "width": 1.6, "inflow_peak": 2.23}