{"nodes": 2143, "object_boundaries": ["on_boundary && x[0]>0.15921 && x[0]< 0.33316 && x[1]>0.13124 && x[1]< 0.30519"], "height": 0.41, "width": 1.6, "inflow_peak": 1.51}