{"nodes": 2210, "object_boundaries": ["on_boundary && x[0]>0.14993 && x[0]< 0.31341 && x[1]>0.02783 && x[1]< 0.19131"], "height": 0.41, "width": 1.6, "inflow_peak": 2.19}