{"nodes": 2332, "object_boundaries": ["on_boundary && x[0]>0.27013 && x[0]< 0.47198 && x[1]>0.08538 && x[1]< 0.28723", "on_boundary && x[0]>0.68452 && x[0]< 0.92379 && x[1]>0.06108 && x[1]< 0.30035"], "height": 0.41, "width": 1.6, "inflow_peak": 1.62}