{"nodes": 2318, "object_boundaries": ["on_boundary && x[0]>0.06757 && x[0]< 0.19243 && x[1]>0.12915 && x[1]< 0.25401"], "height": 0.41, "width": 1.6, "inflow_peak": 1.469}