{"nodes": 2024, "cells": 3839, "object_boundaries": ["on_boundary && x[0]>0.29303 && x[0]< 0.48037 && x[1]>0.04063 && x[1]< 0.22796"], "height": 0.41, "width": 1.6, "inflow_peak": 0.536}