{"nodes": 2017, "object_boundaries": ["on_boundary && x[0]>0.19088 && x[0]< 0.40827 && x[1]>0.15816 && x[1]< 0.37556"], "height": 0.41, "width": 1.6, "inflow_peak": 0.968}