{"nodes": 2158, "object_boundaries": ["on_boundary && x[0]>0.11005 && x[0]< 0.27184 && x[1]>0.02409 && x[1]< 0.18589"], "height": 0.41, "width": 1.6, "inflow_peak": 0.974}