{"nodes": 1914, "object_boundaries": ["on_boundary && x[0]>0.30319 && x[0]< 0.46666 && x[1]>0.15089 && x[1]< 0.31436"], "height": 0.41, "width": 1.6, "inflow_peak": 1.57}