{"nodes": 1672, "object_boundaries": ["on_boundary && x[0]>0.17565 && x[0]< 0.46498 && x[1]>0.08993 && x[1]< 0.34693"], "height": 0.41, "width": 1.6, "inflow_peak": 1.76}