{"nodes": 2043, "object_boundaries": ["on_boundary && x[0]>0.20692 && x[0]< 0.39838 && x[1]>0.07229 && x[1]< 0.28751"], "height": 0.41, "width": 1.6, "inflow_peak": 0.92}