{"nodes": 2098, "cells": 3980, "object_boundaries": ["on_boundary && x[0]>0.28477 && x[0]< 0.52969 && x[1]>0.04214 && x[1]< 0.20432"], "height": 0.41, "width": 1.6, "inflow_peak": 1.51}