{"nodes": 2245, "object_boundaries": ["on_boundary && x[0]>0.21714 && x[0]< 0.46302 && x[1]>0.1317 && x[1]< 0.27479"], "height": 0.41, "width": 1.6, "inflow_peak": 0.84}