{"nodes": 2030, "object_boundaries": ["on_boundary && x[0]>0.36399 && x[0]< 0.58102 && x[1]>0.08647 && x[1]< 0.3035"], "height": 0.41, "width": 1.6, "inflow_peak": 0.46}