{"nodes": 2067, "object_boundaries": ["on_boundary && x[0]>0.17579 && x[0]< 0.36952 && x[1]>0.18671 && x[1]< 0.38044"], "height": 0.41, "width": 1.6, "inflow_peak": 1.52}