{"nodes": 1657, "object_boundaries": ["on_boundary && x[0]>0.3451 && x[0]< 0.6182 && x[1]>0.11785 && x[1]< 0.37869"], "height": 0.41, "width": 1.6, "inflow_peak": 0.33}