{"nodes": 2086, "cells": 3966, "object_boundaries": ["on_boundary && x[0]>0.39437 && x[0]< 0.4759 && x[1]>0.23911 && x[1]< 0.32064"], "height": 0.41, "width": 1.6, "inflow_peak": 0.756}