{"nodes": 2114, "cells": 4019, "object_boundaries": ["on_boundary && x[0]>0.26989 && x[0]< 0.45312 && x[1]>0.11269 && x[1]< 0.28619"], "height": 0.41, "width": 1.6, "inflow_peak": 2.06}