{"nodes": 1971, "object_boundaries": ["on_boundary && x[0]>0.27665 && x[0]< 0.50139 && x[1]>0.07996 && x[1]< 0.30469"], "height": 0.41, "width": 1.6, "inflow_peak": 1.2}