{"nodes": 2524, "cells": 4784, "object_boundaries": ["on_boundary && x[0]>0.19262 && x[0]< 0.40082 && x[1]>0.05235 && x[1]< 0.26055", "on_boundary && x[0]>0.76642 && x[0]< 1.02349 && x[1]>0.1055 && x[1]< 0.36257"], "height": 0.41, "width": 1.6, "inflow_peak": 1.28}