{"nodes": 2642, "object_boundaries": ["on_boundary && x[0]>0.0729 && x[0]< 0.29708 && x[1]>0.08549 && x[1]< 0.30967", "on_boundary && x[0]>0.74154 && x[0]< 0.88307 && x[1]>0.14985 && x[1]< 0.29138"], "height": 0.41, "width": 1.6, "inflow_peak": 1.35}