{"nodes": 2957, "object_boundaries": ["on_boundary && x[0]>0.33033 && x[0]< 0.51159 && x[1]>0.0334 && x[1]< 0.21466", "on_boundary && x[0]>0.69723 && x[0]< 0.85045 && x[1]>0.11795 && x[1]< 0.27117"], "height": 0.41, "width": 1.6, "inflow_peak": 0.81}