{"nodes": 2493, "cells": 4744, "object_boundaries": ["on_boundary && x[0]>0.26338 && x[0]< 0.51664 && x[1]>0.10924 && x[1]< 0.36251", "on_boundary && x[0]>0.71927 && x[0]< 0.86011 && x[1]>0.21978 && x[1]< 0.36062"], "height": 0.41, "width": 1.6, "inflow_peak": 2.0}