{"nodes": 2040, "cells": 3871, "object_boundaries": ["on_boundary && x[0]>0.2398 && x[0]< 0.34472 && x[1]>0.19513 && x[1]< 0.28298"], "height": 0.41, "width": 1.6, "inflow_peak": 0.255}