{"nodes": 2086, "object_boundaries": ["on_boundary && x[0]>0.18459 && x[0]< 0.42426 && x[1]>0.01495 && x[1]< 0.25442"], "height": 0.41, "width": 1.6, "inflow_peak": 1.18}