{"nodes": 1965, "object_boundaries": ["on_boundary && x[0]>0.29211 && x[0]< 0.51671 && x[1]>0.08208 && x[1]< 0.30668"], "height": 0.41, "width": 1.6, "inflow_peak": 1.09}