{"nodes": 1967, "object_boundaries": ["on_boundary && x[0]>0.23062 && x[0]< 0.4629 && x[1]>0.114 && x[1]< 0.34628"], "height": 0.41, "width": 1.6, "inflow_peak": 1.03}