{"nodes": 1996, "object_boundaries": ["on_boundary && x[0]>0.17206 && x[0]< 0.38226 && x[1]>0.06785 && x[1]< 0.27804"], "height": 0.41, "width": 1.6, "inflow_peak": 0.63}