{"nodes": 2298, "cells": 4376, "object_boundaries": ["on_boundary && x[0]>0.20945 && x[0]< 0.29327 && x[1]>0.13127 && x[1]< 0.21509", "on_boundary && x[0]>0.6601 && x[0]< 0.72614 && x[1]>0.23583 && x[1]< 0.30186"], "height": 0.41, "width": 1.6, "inflow_peak": 0.578}