{"nodes": 1950, "object_boundaries": ["on_boundary && x[0]>0.29843 && x[0]< 0.52661 && x[1]>0.11961 && x[1]< 0.34779"], "height": 0.41, "width": 1.6, "inflow_peak": 1.731}