{"nodes": 2095, "cells": 3967, "object_boundaries": ["on_boundary && x[0]>0.2374 && x[0]< 0.46585 && x[1]>0.04923 && x[1]< 0.27768"], "height": 0.41, "width": 1.6, "inflow_peak": 0.313}