{"nodes": 1862, "object_boundaries": ["on_boundary && x[0]>0.15094 && x[0]< 0.39404 && x[1]>0.04799 && x[1]< 0.29109"], "height": 0.41, "width": 1.6, "inflow_peak": 1.354}