{"nodes": 2105, "object_boundaries": ["on_boundary && x[0]>0.26154 && x[0]< 0.38154 && x[1]>0.16077 && x[1]< 0.28077"], "height": 0.41, "width": 1.6, "inflow_peak": 0.406}