{"nodes": 2096, "object_boundaries": ["on_boundary && x[0]>0.22144 && x[0]< 0.41873 && x[1]>0.17785 && x[1]< 0.33378"], "height": 0.41, "width": 1.6, "inflow_peak": 1.07}