{"nodes": 1976, "object_boundaries": ["on_boundary && x[0]>0.2793 && x[0]< 0.5109 && x[1]>0.12286 && x[1]< 0.34515"], "height": 0.41, "width": 1.6, "inflow_peak": 2.08}