{"nodes": 2060, "cells": 3912, "object_boundaries": ["on_boundary && x[0]>0.2948 && x[0]< 0.39887 && x[1]>0.16772 && x[1]< 0.24576"], "height": 0.41, "width": 1.6, "inflow_peak": 0.786}