{"nodes": 2056, "cells": 3904, "object_boundaries": ["on_boundary && x[0]>0.31629 && x[0]< 0.46232 && x[1]>0.03878 && x[1]< 0.25309"], "height": 0.41, "width": 1.6, "inflow_peak": 1.85}