{"nodes": 1758, "object_boundaries": ["on_boundary && x[0]>0.14214 && x[0]< 0.31409 && x[1]>0.09103 && x[1]< 0.29105"], "height": 0.41, "width": 1.6, "inflow_peak": 1.58}