{"nodes": 1941, "object_boundaries": ["on_boundary && x[0]>0.23857 && x[0]< 0.43177 && x[1]>0.04713 && x[1]< 0.22824"], "height": 0.41, "width": 1.6, "inflow_peak": 1.97}