{"nodes": 2038, "cells": 3866, "object_boundaries": ["on_boundary && x[0]>0.0729 && x[0]< 0.25144 && x[1]>0.14819 && x[1]< 0.32926"], "height": 0.41, "width": 1.6, "inflow_peak": 0.42}