{"nodes": 2287, "object_boundaries": ["on_boundary && x[0]>0.38287 && x[0]< 0.55853 && x[1]>0.13599 && x[1]< 0.30006"], "height": 0.41, "width": 1.6, "inflow_peak": 0.77}