{"nodes": 1710, "object_boundaries": ["on_boundary && x[0]>0.30304 && x[0]< 0.45841 && x[1]>0.19505 && x[1]< 0.35672"], "height": 0.41, "width": 1.6, "inflow_peak": 2.16}