{"nodes": 2197, "object_boundaries": ["on_boundary && x[0]>0.30811 && x[0]< 0.47208 && x[1]>0.09372 && x[1]< 0.27172"], "height": 0.41, "width": 1.6, "inflow_peak": 0.44}