{"nodes": 1961, "cells": 3716, "object_boundaries": ["on_boundary && x[0]>0.05519 && x[0]< 0.24502 && x[1]>0.14672 && x[1]< 0.31051"], "height": 0.41, "width": 1.6, "inflow_peak": 0.48}