{"nodes": 2191, "object_boundaries": ["on_boundary && x[0]>0.28225 && x[0]< 0.51722 && x[1]>0.13923 && x[1]< 0.30536"], "height": 0.41, "width": 1.6, "inflow_peak": 1.2}