{"nodes": 2125, "object_boundaries": ["on_boundary && x[0]>0.3307 && x[0]< 0.5455 && x[1]>0.09007 && x[1]< 0.27893"], "height": 0.41, "width": 1.6, "inflow_peak": 1.27}