{"nodes": 2163, "cells": 4102, "object_boundaries": ["on_boundary && x[0]>0.36396 && x[0]< 0.50261 && x[1]>0.03197 && x[1]< 0.16203"], "height": 0.41, "width": 1.6, "inflow_peak": 0.556}