{"nodes": 2207, "object_boundaries": ["on_boundary && x[0]>0.26528 && x[0]< 0.4361 && x[1]>0.14587 && x[1]< 0.3167"], "height": 0.41, "width": 1.6, "inflow_peak": 1.36}