{"nodes": 1649, "object_boundaries": ["on_boundary && x[0]>0.03933 && x[0]< 0.31545 && x[1]>0.14226 && x[1]< 0.40471"], "height": 0.41, "width": 1.6, "inflow_peak": 0.34}