{"nodes": 2048, "cells": 3881, "object_boundaries": ["on_boundary && x[0]>0.33095 && x[0]< 0.53712 && x[1]>0.16025 && x[1]< 0.36643"], "height": 0.41, "width": 1.6, "inflow_peak": 0.65}