{"nodes": 1977, "cells": 3752, "object_boundaries": ["on_boundary && x[0]>0.21396 && x[0]< 0.26944 && x[1]>0.24332 && x[1]< 0.33546"], "height": 0.41, "width": 1.6, "inflow_peak": 0.42}