{"nodes": 1809, "object_boundaries": ["on_boundary && x[0]>0.03073 && x[0]< 0.28546 && x[1]>0.01179 && x[1]< 0.25584"], "height": 0.41, "width": 1.6, "inflow_peak": 0.99}