{"nodes": 2133, "object_boundaries": ["on_boundary && x[0]>0.08425 && x[0]< 0.29563 && x[1]>0.1231 && x[1]< 0.27235"], "height": 0.41, "width": 1.6, "inflow_peak": 1.32}