{"nodes": 2099, "object_boundaries": ["on_boundary && x[0]>0.32579 && x[0]< 0.5061 && x[1]>0.04701 && x[1]< 0.23915"], "height": 0.41, "width": 1.6, "inflow_peak": 1.96}