{"nodes": 2085, "cells": 3945, "object_boundaries": ["on_boundary && x[0]>0.27405 && x[0]< 0.50746 && x[1]>0.09657 && x[1]< 0.3349"], "height": 0.41, "width": 1.6, "inflow_peak": 0.68}