{"nodes": 2285, "object_boundaries": ["on_boundary && x[0]>0.27296 && x[0]< 0.5055 && x[1]>0.10499 && x[1]< 0.25094"], "height": 0.41, "width": 1.6, "inflow_peak": 1.17}