{"nodes": 1954, "object_boundaries": ["on_boundary && x[0]>0.32637 && x[0]< 0.59722 && x[1]>0.09217 && x[1]< 0.31248"], "height": 0.41, "width": 1.6, "inflow_peak": 1.23}