{"nodes": 2048, "cells": 3890, "object_boundaries": ["on_boundary && x[0]>0.31695 && x[0]< 0.37199 && x[1]>0.20745 && x[1]< 0.31722"], "height": 0.41, "width": 1.6, "inflow_peak": 0.74}