{"nodes": 1934, "object_boundaries": ["on_boundary && x[0]>0.06446 && x[0]< 0.24316 && x[1]>-0.00028 && x[1]< 0.23245"], "height": 0.41, "width": 1.6, "inflow_peak": 0.61}