{"nodes": 2360, "cells": 4476, "object_boundaries": ["on_boundary && x[0]>0.3659 && x[0]< 0.56067 && x[1]>0.13094 && x[1]< 0.32571", "on_boundary && x[0]>0.79509 && x[0]< 1.00173 && x[1]>0.01646 && x[1]< 0.22309"], "height": 0.41, "width": 1.6, "inflow_peak": 1.64}