{"nodes": 2041, "cells": 3872, "object_boundaries": ["on_boundary && x[0]>0.16102 && x[0]< 0.27019 && x[1]>0.16096 && x[1]< 0.24285"], "height": 0.41, "width": 1.6, "inflow_peak": 2.054}