{"nodes": 1898, "object_boundaries": ["on_boundary && x[0]>0.10163 && x[0]< 0.31715 && x[1]>0.05777 && x[1]< 0.30733", "on_boundary && x[0]>0.73106 && x[0]< 0.9453 && x[1]>0.08493 && x[1]< 0.31875"], "height": 0.41, "width": 1.6, "inflow_peak": 0.51}