{"nodes": 2125, "object_boundaries": ["on_boundary && x[0]>0.26777 && x[0]< 0.48399 && x[1]>0.03393 && x[1]< 0.27187", "on_boundary && x[0]>0.82811 && x[0]< 1.08217 && x[1]>0.11705 && x[1]< 0.30459"], "height": 0.41, "width": 1.6, "inflow_peak": 0.92}