{"nodes": 2045, "object_boundaries": ["on_boundary && x[0]>0.34472 && x[0]< 0.54306 && x[1]>0.11559 && x[1]< 0.33693"], "height": 0.41, "width": 1.6, "inflow_peak": 1.44}