{"nodes": 1949, "object_boundaries": ["on_boundary && x[0]>0.28937 && x[0]< 0.52986 && x[1]>0.18454 && x[1]< 0.39858"], "height": 0.41, "width": 1.6, "inflow_peak": 2.15}