{"nodes": 2009, "cells": 3813, "object_boundaries": ["on_boundary && x[0]>0.38348 && x[0]< 0.56231 && x[1]>0.18131 && x[1]< 0.35117"], "height": 0.41, "width": 1.6, "inflow_peak": 0.8}