{"nodes": 2074, "object_boundaries": ["on_boundary && x[0]>0.09839 && x[0]< 0.28162 && x[1]>0.14417 && x[1]< 0.32739"], "height": 0.41, "width": 1.6, "inflow_peak": 1.196}