{"nodes": 2070, "cells": 3912, "object_boundaries": ["on_boundary && x[0]>0.25819 && x[0]< 0.50432 && x[1]>0.01175 && x[1]< 0.25789"], "height": 0.41, "width": 1.6, "inflow_peak": 1.771}