{"nodes": 1810, "object_boundaries": ["on_boundary && x[0]>0.12376 && x[0]< 0.3782 && x[1]>0.06334 && x[1]< 0.31777"], "height": 0.41, "width": 1.6, "inflow_peak": 1.372}