{"nodes": 2014, "cells": 3813, "object_boundaries": ["on_boundary && x[0]>0.16971 && x[0]< 0.28457 && x[1]>0.20577 && x[1]< 0.32063"], "height": 0.41, "width": 1.6, "inflow_peak": 1.806}