{"nodes": 1910, "object_boundaries": ["on_boundary && x[0]>0.27119 && x[0]< 0.50827 && x[1]>0.02711 && x[1]< 0.2642"], "height": 0.41, "width": 1.6, "inflow_peak": 1.97}