{"nodes": 1837, "object_boundaries": ["on_boundary && x[0]>0.30702 && x[0]< 0.56152 && x[1]>0.15297 && x[1]< 0.40747"], "height": 0.41, "width": 1.6, "inflow_peak": 0.57}