{"nodes": 2279, "object_boundaries": ["on_boundary && x[0]>0.25172 && x[0]< 0.49562 && x[1]>0.08337 && x[1]< 0.32727"], "height": 0.41, "width": 1.6, "inflow_peak": 1.8}