{"nodes": 2003, "object_boundaries": ["on_boundary && x[0]>0.2217 && x[0]< 0.35032 && x[1]>0.16847 && x[1]< 0.31456"], "height": 0.41, "width": 1.6, "inflow_peak": 1.99}