{"nodes": 2041, "cells": 3879, "object_boundaries": ["on_boundary && x[0]>0.32571 && x[0]< 0.50937 && x[1]>0.05746 && x[1]< 0.2056"], "height": 0.41, "width": 1.6, "inflow_peak": 0.49}