{"nodes": 2116, "object_boundaries": ["on_boundary && x[0]>0.35751 && x[0]< 0.4973 && x[1]>0.18267 && x[1]< 0.3944"], "height": 0.41, "width": 1.6, "inflow_peak": 0.19}