{"nodes": 1974, "cells": 3739, "object_boundaries": ["on_boundary && x[0]>0.13524 && x[0]< 0.23477 && x[1]>0.23702 && x[1]< 0.3309"], "height": 0.41, "width": 1.6, "inflow_peak": 0.728}