{"nodes": 1978, "object_boundaries": ["on_boundary && x[0]>0.10901 && x[0]< 0.32996 && x[1]>0.05486 && x[1]< 0.25232"], "height": 0.41, "width": 1.6, "inflow_peak": 1.11}