{"nodes": 2067, "object_boundaries": ["on_boundary && x[0]>0.32458 && x[0]< 0.53335 && x[1]>0.149 && x[1]< 0.35777"], "height": 0.41, "width": 1.6, "inflow_peak": 1.27}