{"nodes": 2100, "cells": 3991, "object_boundaries": ["on_boundary && x[0]>0.3683 && x[0]< 0.46054 && x[1]>0.16607 && x[1]< 0.263"], "height": 0.41, "width": 1.6, "inflow_peak": 2.227}