{"nodes": 1981, "object_boundaries": ["on_boundary && x[0]>0.11837 && x[0]< 0.31866 && x[1]>-0.00015 && x[1]< 0.20015"], "height": 0.41, "width": 1.6, "inflow_peak": 2.21}