{"nodes": 1730, "object_boundaries": ["on_boundary && x[0]>0.23743 && x[0]< 0.45489 && x[1]>0.0658 && x[1]< 0.28326"], "height": 0.41, "width": 1.6, "inflow_peak": 2.06}