{"nodes": 1809, "object_boundaries": ["on_boundary && x[0]>0.41149 && x[0]< 0.5748 && x[1]>0.05599 && x[1]< 0.2193"], "height": 0.41, "width": 1.6, "inflow_peak": 0.28}