{"nodes": 1727, "object_boundaries": ["on_boundary && x[0]>0.26379 && x[0]< 0.46211 && x[1]>0.1423 && x[1]< 0.33922"], "height": 0.41, "width": 1.6, "inflow_peak": 1.35}