{"nodes": 2073, "cells": 3924, "object_boundaries": ["on_boundary && x[0]>0.09786 && x[0]< 0.32729 && x[1]>0.13973 && x[1]< 0.36917"], "height": 0.41, "width": 1.6, "inflow_peak": 1.33}