{"nodes": 2046, "cells": 3882, "object_boundaries": ["on_boundary && x[0]>0.39506 && x[0]< 0.49537 && x[1]>0.16576 && x[1]< 0.26607"], "height": 0.41, "width": 1.6, "inflow_peak": 1.573}