{"nodes": 2033, "cells": 3864, "object_boundaries": ["on_boundary && x[0]>0.38604 && x[0]< 0.5505 && x[1]>0.09976 && x[1]< 0.26422"], "height": 0.41, "width": 1.6, "inflow_peak": 0.8}