{"nodes": 2076, "object_boundaries": ["on_boundary && x[0]>0.19496 && x[0]< 0.39065 && x[1]>0.10622 && x[1]< 0.30192"], "height": 0.41, "width": 1.6, "inflow_peak": 1.91}