{"nodes": 1988, "cells": 3763, "object_boundaries": ["on_boundary && x[0]>0.09759 && x[0]< 0.24718 && x[1]>0.02963 && x[1]< 0.26693"], "height": 0.41, "width": 1.6, "inflow_peak": 1.98}