{"nodes": 2040, "object_boundaries": ["on_boundary && x[0]>0.17393 && x[0]< 0.34186 && x[1]>0.13377 && x[1]< 0.36619"], "height": 0.41, "width": 1.6, "inflow_peak": 1.57}