{"nodes": 2169, "object_boundaries": ["on_boundary && x[0]>0.26185 && x[0]< 0.43739 && x[1]>0.12698 && x[1]< 0.31776"], "height": 0.41, "width": 1.6, "inflow_peak": 1.37}