{"nodes": 1936, "cells": 3668, "object_boundaries": ["on_boundary && x[0]>0.11741 && x[0]< 0.20463 && x[1]>0.09276 && x[1]< 0.16488"], "height": 0.41, "width": 1.6, "inflow_peak": 0.638}