{"nodes": 2299, "object_boundaries": ["on_boundary && x[0]>0.40425 && x[0]< 0.52425 && x[1]>0.20438 && x[1]< 0.39562"], "height": 0.41, "width": 1.6, "inflow_peak": 1.89}