{"nodes": 2318, "object_boundaries": ["on_boundary && x[0]>0.27542 && x[0]< 0.47152 && x[1]>0.04864 && x[1]< 0.19326"], "height": 0.41, "width": 1.6, "inflow_peak": 0.95}