{"nodes": 2305, "object_boundaries": ["on_boundary && x[0]>0.21941 && x[0]< 0.46005 && x[1]>0.04645 && x[1]< 0.28709"], "height": 0.41, "width": 1.6, "inflow_peak": 1.24}