{"nodes": 1975, "cells": 3718, "object_boundaries": ["on_boundary && x[0]>0.03572 && x[0]< 0.29424 && x[1]>0.14931 && x[1]< 0.40782"], "height": 0.41, "width": 1.6, "inflow_peak": 1.17}