{"nodes": 2001, "object_boundaries": ["on_boundary && x[0]>0.41337 && x[0]< 0.632 && x[1]>0.07939 && x[1]< 0.29802"], "height": 0.41, "width": 1.6, "inflow_peak": 0.54}