{"nodes": 2915, "object_boundaries": ["on_boundary && x[0]>0.29164 && x[0]< 0.47451 && x[1]>0.07147 && x[1]< 0.25434", "on_boundary && x[0]>0.51947 && x[0]< 0.74053 && x[1]>0.03868 && x[1]< 0.25975"], "height": 0.41, "width": 1.6, "inflow_peak": 1.18}