{"nodes": 1996, "object_boundaries": ["on_boundary && x[0]>0.30062 && x[0]< 0.51696 && x[1]>0.11345 && x[1]< 0.3298"], "height": 0.41, "width": 1.6, "inflow_peak": 1.16}