{"nodes": 2197, "object_boundaries": ["on_boundary && x[0]>0.34796 && x[0]< 0.51836 && x[1]>0.16415 && x[1]< 0.33455"], "height": 0.41, "width": 1.6, "inflow_peak": 2.04}