{"nodes": 1739, "object_boundaries": ["on_boundary && x[0]>0.37205 && x[0]< 0.5655 && x[1]>0.07649 && x[1]< 0.26965"], "height": 0.41, "width": 1.6, "inflow_peak": 0.45}