{"nodes": 1646, "object_boundaries": ["on_boundary && x[0]>0.14846 && x[0]< 0.42003 && x[1]>0.0809 && x[1]< 0.35551"], "height": 0.41, "width": 1.6, "inflow_peak": 1.15}