{"nodes": 2246, "object_boundaries": ["on_boundary && x[0]>0.11324 && x[0]< 0.3394 && x[1]>0.09238 && x[1]< 0.31854", "on_boundary && x[0]>0.57654 && x[0]< 0.79843 && x[1]>0.03204 && x[1]< 0.25393"], "height": 0.41, "width": 1.6, "inflow_peak": 1.29}