{"nodes": 2586, "object_boundaries": ["on_boundary && x[0]>0.26659 && x[0]< 0.48601 && x[1]>0.10567 && x[1]< 0.3251", "on_boundary && x[0]>0.83281 && x[0]< 1.0034 && x[1]>0.16833 && x[1]< 0.33893"], "height": 0.41, "width": 1.6, "inflow_peak": 1.1}