{"nodes": 2007, "cells": 3818, "object_boundaries": ["on_boundary && x[0]>0.31583 && x[0]< 0.46167 && x[1]>0.10536 && x[1]< 0.25121"], "height": 0.41, "width": 1.6, "inflow_peak": 1.86}