{"nodes": 2929, "object_boundaries": ["on_boundary && x[0]>0.17715 && x[0]< 0.4063 && x[1]>0.12288 && x[1]< 0.35203", "on_boundary && x[0]>0.87536 && x[0]< 1.0383 && x[1]>0.13634 && x[1]< 0.29928"], "height": 0.41, "width": 1.6, "inflow_peak": 1.92}