{"nodes": 2249, "object_boundaries": ["on_boundary && x[0]>0.36175 && x[0]< 0.53936 && x[1]>0.10302 && x[1]< 0.28064"], "height": 0.41, "width": 1.6, "inflow_peak": 0.3}