{"nodes": 2248, "cells": 4268, "object_boundaries": ["on_boundary && x[0]>0.10343 && x[0]< 0.21331 && x[1]>0.13174 && x[1]< 0.24162", "on_boundary && x[0]>0.8253 && x[0]< 0.89134 && x[1]>0.10563 && x[1]< 0.17167"], "height": 0.41, "width": 1.6, "inflow_peak": 0.306}