{"nodes": 2937, "object_boundaries": ["on_boundary && x[0]>0.27598 && x[0]< 0.46078 && x[1]>0.18275 && x[1]< 0.36755", "on_boundary && x[0]>0.82254 && x[0]< 0.94254 && x[1]>0.11656 && x[1]< 0.23656"], "height": 0.41, "width": 1.6, "inflow_peak": 1.53}