{"nodes": 2017, "object_boundaries": ["on_boundary && x[0]>0.39373 && x[0]< 0.6065 && x[1]>0.04838 && x[1]< 0.26116"], "height": 0.41, "width": 1.6, "inflow_peak": 1.604}