{"nodes": 1848, "object_boundaries": ["on_boundary && x[0]>0.13184 && x[0]< 0.37806 && x[1]>0.08796 && x[1]< 0.33418"], "height": 0.41, "width": 1.6, "inflow_peak": 1.119}