{"nodes": 1991, "cells": 3786, "object_boundaries": ["on_boundary && x[0]>0.43164 && x[0]< 0.48738 && x[1]>0.07732 && x[1]< 0.13306"], "height": 0.41, "width": 1.6, "inflow_peak": 1.374}