{"nodes": 2324, "object_boundaries": ["on_boundary && x[0]>0.28066 && x[0]< 0.42913 && x[1]>0.12024 && x[1]< 0.26871"], "height": 0.41, "width": 1.6, "inflow_peak": 0.45}