{"nodes": 2151, "object_boundaries": ["on_boundary && x[0]>0.18356 && x[0]< 0.45518 && x[1]>0.07327 && x[1]< 0.34489"], "height": 0.41, "width": 1.6, "inflow_peak": 0.85}