{"nodes": 2553, "cells": 4864, "object_boundaries": ["on_boundary && x[0]>0.33213 && x[0]< 0.42463 && x[1]>0.23003 && x[1]< 0.32005", "on_boundary && x[0]>0.90599 && x[0]< 1.00912 && x[1]>0.14527 && x[1]< 0.26324"], "height": 0.41, "width": 1.6, "inflow_peak": 1.284}