{"nodes": 2325, "object_boundaries": ["on_boundary && x[0]>0.24491 && x[0]< 0.40466 && x[1]>0.16734 && x[1]< 0.32056"], "height": 0.41, "width": 1.6, "inflow_peak": 1.06}