{"nodes": 1952, "object_boundaries": ["on_boundary && x[0]>0.03761 && x[0]< 0.29698 && x[1]>0.07227 && x[1]< 0.26297"], "height": 0.41, "width": 1.6, "inflow_peak": 1.45}