{"nodes": 2029, "cells": 3844, "object_boundaries": ["on_boundary && x[0]>0.22472 && x[0]< 0.37285 && x[1]>0.12265 && x[1]< 0.36706"], "height": 0.41, "width": 1.6, "inflow_peak": 1.06}