{"nodes": 1749, "object_boundaries": ["on_boundary && x[0]>0.22367 && x[0]< 0.50367 && x[1]>0.1282 && x[1]< 0.4082"], "height": 0.41, "width": 1.6, "inflow_peak": 1.21}