{"nodes": 2098, "object_boundaries": ["on_boundary && x[0]>0.27636 && x[0]< 0.47186 && x[1]>0.13474 && x[1]< 0.33023"], "height": 0.41, "width": 1.6, "inflow_peak": 0.7}