{"nodes": 2297, "cells": 4373, "object_boundaries": ["on_boundary && x[0]>0.27071 && x[0]< 0.3658 && x[1]>0.18487 && x[1]< 0.27995", "on_boundary && x[0]>0.82975 && x[0]< 0.88389 && x[1]>0.24686 && x[1]< 0.301"], "height": 0.41, "width": 1.6, "inflow_peak": 1.139}