{"nodes": 2056, "object_boundaries": ["on_boundary && x[0]>0.17121 && x[0]< 0.36991 && x[1]>0.12439 && x[1]< 0.33962"], "height": 0.41, "width": 1.6, "inflow_peak": 1.13}