{"nodes": 2087, "cells": 3950, "object_boundaries": ["on_boundary && x[0]>0.37304 && x[0]< 0.51157 && x[1]>0.17629 && x[1]< 0.32278"], "height": 0.41, "width": 1.6, "inflow_peak": 2.029}