{"nodes": 2471, "cells": 4690, "object_boundaries": ["on_boundary && x[0]>0.10804 && x[0]< 0.28766 && x[1]>0.02208 && x[1]< 0.20504", "on_boundary && x[0]>0.80358 && x[0]< 1.0684 && x[1]>0.19274 && x[1]< 0.38485"], "height": 0.41, "width": 1.6, "inflow_peak": 1.52}