{"nodes": 2050, "object_boundaries": ["on_boundary && x[0]>0.36311 && x[0]< 0.61101 && x[1]>0.01388 && x[1]< 0.19014"], "height": 0.41, "width": 1.6, "inflow_peak": 0.15}