{"nodes": 2295, "object_boundaries": ["on_boundary && x[0]>0.21767 && x[0]< 0.44765 && x[1]>0.09123 && x[1]< 0.32121"], "height": 0.41, "width": 1.6, "inflow_peak": 1.54}