{"nodes": 2001, "object_boundaries": ["on_boundary && x[0]>0.06253 && x[0]< 0.25761 && x[1]>0.07101 && x[1]< 0.26609"], "height": 0.41, "width": 1.6, "inflow_peak": 2.08}