{"nodes": 1892, "object_boundaries": ["on_boundary && x[0]>0.16773 && x[0]< 0.31459 && x[1]>0.08744 && x[1]< 0.2343"], "height": 0.41, "width": 1.6, "inflow_peak": 0.93}