{"nodes": 2638, "object_boundaries": ["on_boundary && x[0]>0.13724 && x[0]< 0.36938 && x[1]>0.06578 && x[1]< 0.29792", "on_boundary && x[0]>0.77404 && x[0]< 0.91599 && x[1]>0.17441 && x[1]< 0.31636"], "height": 0.41, "width": 1.6, "inflow_peak": 0.66}