{"nodes": 1941, "cells": 3685, "object_boundaries": ["on_boundary && x[0]>0.09737 && x[0]< 0.24606 && x[1]>0.06581 && x[1]< 0.2145"], "height": 0.41, "width": 1.6, "inflow_peak": 1.7}