{"nodes": 2022, "cells": 3848, "object_boundaries": ["on_boundary && x[0]>0.38249 && x[0]< 0.43657 && x[1]>0.19173 && x[1]< 0.24582"], "height": 0.41, "width": 1.6, "inflow_peak": 1.041}