{"nodes": 1979, "cells": 3761, "object_boundaries": ["on_boundary && x[0]>0.30725 && x[0]< 0.36434 && x[1]>0.26673 && x[1]< 0.32383"], "height": 0.41, "width": 1.6, "inflow_peak": 1.954}