{"nodes": 2187, "cells": 4144, "object_boundaries": ["on_boundary && x[0]>0.19875 && x[0]< 0.44545 && x[1]>0.11195 && x[1]< 0.35148"], "height": 0.41, "width": 1.6, "inflow_peak": 1.54}