{"nodes": 2075, "object_boundaries": ["on_boundary && x[0]>0.27938 && x[0]< 0.47911 && x[1]>0.13139 && x[1]< 0.33112"], "height": 0.41, "width": 1.6, "inflow_peak": 2.35}