{"nodes": 2606, "object_boundaries": ["on_boundary && x[0]>0.14883 && x[0]< 0.35554 && x[1]>0.15227 && x[1]< 0.35899", "on_boundary && x[0]>0.68632 && x[0]< 0.85817 && x[1]>0.14843 && x[1]< 0.32027"], "height": 0.41, "width": 1.6, "inflow_peak": 0.44}