{"nodes": 1860, "object_boundaries": ["on_boundary && x[0]>0.36388 && x[0]< 0.60879 && x[1]>0.15524 && x[1]< 0.40015"], "height": 0.41, "width": 1.6, "inflow_peak": 1.76}