{"nodes": 2144, "object_boundaries": ["on_boundary && x[0]>0.19397 && x[0]< 0.36344 && x[1]>0.04919 && x[1]< 0.21867"], "height": 0.41, "width": 1.6, "inflow_peak": 2.05}