{"nodes": 2044, "cells": 3885, "object_boundaries": ["on_boundary && x[0]>0.39518 && x[0]< 0.48574 && x[1]>0.09778 && x[1]< 0.15946"], "height": 0.41, "width": 1.6, "inflow_peak": 1.508}