{"nodes": 2557, "cells": 4847, "object_boundaries": ["on_boundary && x[0]>0.08634 && x[0]< 0.32238 && x[1]>0.15262 && x[1]< 0.39057", "on_boundary && x[0]>0.67621 && x[0]< 0.92475 && x[1]>0.08311 && x[1]< 0.30072"], "height": 0.41, "width": 1.6, "inflow_peak": 1.06}