{"nodes": 2865, "object_boundaries": ["on_boundary && x[0]>0.1988 && x[0]< 0.46254 && x[1]>0.07631 && x[1]< 0.27921", "on_boundary && x[0]>0.74124 && x[0]< 0.92692 && x[1]>0.11128 && x[1]< 0.32225"], "height": 0.41, "width": 1.6, "inflow_peak": 2.08}