{"nodes": 2043, "cells": 3883, "object_boundaries": ["on_boundary && x[0]>0.36259 && x[0]< 0.53065 && x[1]>0.12405 && x[1]< 0.29211"], "height": 0.41, "width": 1.6, "inflow_peak": 0.827}