{"nodes": 1976, "object_boundaries": ["on_boundary && x[0]>0.1984 && x[0]< 0.41605 && x[1]>0.15521 && x[1]< 0.37286"], "height": 0.41, "width": 1.6, "inflow_peak": 1.068}