{"nodes": 2087, "object_boundaries": ["on_boundary && x[0]>0.20105 && x[0]< 0.39612 && x[1]>0.16166 && x[1]< 0.35674"], "height": 0.41, "width": 1.6, "inflow_peak": 0.279}