{"nodes": 2005, "object_boundaries": ["on_boundary && x[0]>0.15907 && x[0]< 0.28585 && x[1]>0.14567 && x[1]< 0.27246"], "height": 0.41, "width": 1.6, "inflow_peak": 0.813}