{"nodes": 1911, "object_boundaries": ["on_boundary && x[0]>0.35587 && x[0]< 0.61218 && x[1]>0.06014 && x[1]< 0.29162"], "height": 0.41, "width": 1.6, "inflow_peak": 0.99}