{"nodes": 2032, "cells": 3845, "object_boundaries": ["on_boundary && x[0]>0.06255 && x[0]< 0.3223 && x[1]>0.17736 && x[1]< 0.34055"], "height": 0.41, "width": 1.6, "inflow_peak": 0.84}