{"nodes": 2249, "object_boundaries": ["on_boundary && x[0]>0.21281 && x[0]< 0.40357 && x[1]>0.12152 && x[1]< 0.27843"], "height": 0.41, "width": 1.6, "inflow_peak": 0.39}