{"nodes": 2139, "object_boundaries": ["on_boundary && x[0]>0.30493 && x[0]< 0.5261 && x[1]>0.0666 && x[1]< 0.24466"], "height": 0.41, "width": 1.6, "inflow_peak": 0.32}