{"nodes": 1731, "object_boundaries": ["on_boundary && x[0]>0.09407 && x[0]< 0.28109 && x[1]>0.06834 && x[1]< 0.26151"], "height": 0.41, "width": 1.6, "inflow_peak": 0.84}