{"nodes": 1826, "object_boundaries": ["on_boundary && x[0]>0.17827 && x[0]< 0.43314 && x[1]>0.07476 && x[1]< 0.32963"], "height": 0.41, "width": 1.6, "inflow_peak": 1.77}