{"nodes": 1695, "object_boundaries": ["on_boundary && x[0]>0.13459 && x[0]< 0.37668 && x[1]>0.17298 && x[1]< 0.40732"], "height": 0.41, "width": 1.6, "inflow_peak": 0.93}