{"nodes": 1686, "object_boundaries": ["on_boundary && x[0]>0.25215 && x[0]< 0.49891 && x[1]>0.06263 && x[1]< 0.33205"], "height": 0.41, "width": 1.6, "inflow_peak": 1.2}