{"nodes": 1683, "object_boundaries": ["on_boundary && x[0]>0.34948 && x[0]< 0.57282 && x[1]>0.07237 && x[1]< 0.29571"], "height": 0.41, "width": 1.6, "inflow_peak": 1.75}