{"nodes": 2063, "cells": 3908, "object_boundaries": ["on_boundary && x[0]>0.1207 && x[0]< 0.22812 && x[1]>0.14219 && x[1]< 0.26189"], "height": 0.41, "width": 1.6, "inflow_peak": 2.115}