{"nodes": 2112, "cells": 4018, "object_boundaries": ["on_boundary && x[0]>0.30258 && x[0]< 0.46875 && x[1]>0.12484 && x[1]< 0.29101"], "height": 0.41, "width": 1.6, "inflow_peak": 1.54}