{"nodes": 1739, "object_boundaries": ["on_boundary && x[0]>-0.00264 && x[0]< 0.26264 && x[1]>0.16736 && x[1]< 0.43264"], "height": 0.41, "width": 1.6, "inflow_peak": 2.02}