{"nodes": 2080, "cells": 3933, "object_boundaries": ["on_boundary && x[0]>0.27343 && x[0]< 0.42683 && x[1]>0.17165 && x[1]< 0.32505"], "height": 0.41, "width": 1.6, "inflow_peak": 2.091}