{"nodes": 2138, "object_boundaries": ["on_boundary && x[0]>0.25734 && x[0]< 0.53734 && x[1]>0.02939 && x[1]< 0.30939"], "height": 0.41, "width": 1.6, "inflow_peak": 0.71}