{"nodes": 3087, "object_boundaries": ["on_boundary && x[0]>0.29342 && x[0]< 0.47271 && x[1]>0.1563 && x[1]< 0.33559", "on_boundary && x[0]>0.71594 && x[0]< 0.86549 && x[1]>0.15728 && x[1]< 0.30684"], "height": 0.41, "width": 1.6, "inflow_peak": 1.28}