{"nodes": 2116, "cells": 4004, "object_boundaries": ["on_boundary && x[0]>0.30683 && x[0]< 0.55128 && x[1]>0.12072 && x[1]< 0.36517"], "height": 0.41, "width": 1.6, "inflow_peak": 0.98}