{"nodes": 2206, "object_boundaries": ["on_boundary && x[0]>0.26113 && x[0]< 0.50041 && x[1]>0.14577 && x[1]< 0.30402"], "height": 0.41, "width": 1.6, "inflow_peak": 0.91}