{"nodes": 2247, "object_boundaries": ["on_boundary && x[0]>0.20948 && x[0]< 0.44119 && x[1]>0.1101 && x[1]< 0.25498"], "height": 0.41, "width": 1.6, "inflow_peak": 1.16}