{"nodes": 1919, "object_boundaries": ["on_boundary && x[0]>0.04701 && x[0]< 0.21299 && x[1]>0.05899 && x[1]< 0.28521"], "height": 0.41, "width": 1.6, "inflow_peak": 0.18}