{"nodes": 2052, "cells": 3886, "object_boundaries": ["on_boundary && x[0]>0.3742 && x[0]< 0.59666 && x[1]>0.18085 && x[1]< 0.38909"], "height": 0.41, "width": 1.6, "inflow_peak": 1.69}