{"nodes": 2021, "cells": 3843, "object_boundaries": ["on_boundary && x[0]>0.41943 && x[0]< 0.57372 && x[1]>0.14657 && x[1]< 0.30087"], "height": 0.41, "width": 1.6, "inflow_peak": 1.89}