{"nodes": 2153, "cells": 4092, "object_boundaries": ["on_boundary && x[0]>0.36396 && x[0]< 0.61092 && x[1]>0.14633 && x[1]< 0.29115"], "height": 0.41, "width": 1.6, "inflow_peak": 1.74}