{"nodes": 1744, "object_boundaries": ["on_boundary && x[0]>0.14675 && x[0]< 0.35335 && x[1]>0.14629 && x[1]< 0.35682"], "height": 0.41, "width": 1.6, "inflow_peak": 0.78}