{"nodes": 2314, "object_boundaries": ["on_boundary && x[0]>0.24439 && x[0]< 0.52439 && x[1]>0.08765 && x[1]< 0.32823"], "height": 0.41, "width": 1.6, "inflow_peak": 1.49}