{"nodes": 1932, "object_boundaries": ["on_boundary && x[0]>0.31465 && x[0]< 0.55286 && x[1]>0.15594 && x[1]< 0.38618"], "height": 0.41, "width": 1.6, "inflow_peak": 0.31}