{"nodes": 2289, "object_boundaries": ["on_boundary && x[0]>0.13194 && x[0]< 0.29171 && x[1]>0.12542 && x[1]< 0.27679"], "height": 0.41, "width": 1.6, "inflow_peak": 0.87}