{"nodes": 1955, "cells": 3704, "object_boundaries": ["on_boundary && x[0]>0.12398 && x[0]< 0.23268 && x[1]>0.08051 && x[1]< 0.14203"], "height": 0.41, "width": 1.6, "inflow_peak": 0.403}