{"nodes": 2013, "object_boundaries": ["on_boundary && x[0]>0.15602 && x[0]< 0.31614 && x[1]>0.14102 && x[1]< 0.38057"], "height": 0.41, "width": 1.6, "inflow_peak": 1.69}