{"nodes": 2007, "object_boundaries": ["on_boundary && x[0]>0.19387 && x[0]< 0.41611 && x[1]>-0.00143 && x[1]< 0.20143"], "height": 0.41, "width": 1.6, "inflow_peak": 1.07}