{"nodes": 2464, "object_boundaries": ["on_boundary && x[0]>0.29706 && x[0]< 0.54741 && x[1]>0.12448 && x[1]< 0.24448"], "height": 0.41, "width": 1.6, "inflow_peak": 0.75}