{"nodes": 2147, "cells": 4074, "object_boundaries": ["on_boundary && x[0]>0.24733 && x[0]< 0.50493 && x[1]>0.05882 && x[1]< 0.23127"], "height": 0.41, "width": 1.6, "inflow_peak": 0.5}