{"nodes": 1988, "object_boundaries": ["on_boundary && x[0]>0.20488 && x[0]< 0.39925 && x[1]>0.07278 && x[1]< 0.30357"], "height": 0.41, "width": 1.6, "inflow_peak": 0.49}