{"nodes": 1903, "object_boundaries": ["on_boundary && x[0]>0.03237 && x[0]< 0.22763 && x[1]>0.03268 && x[1]< 0.22795"], "height": 0.41, "width": 1.6, "inflow_peak": 1.705}