{"nodes": 2026, "object_boundaries": ["on_boundary && x[0]>0.23453 && x[0]< 0.44306 && x[1]>0.06118 && x[1]< 0.2697"], "height": 0.41, "width": 1.6, "inflow_peak": 1.675}