{"nodes": 1974, "cells": 3738, "object_boundaries": ["on_boundary && x[0]>0.17257 && x[0]< 0.27282 && x[1]>0.13808 && x[1]< 0.23834"], "height": 0.41, "width": 1.6, "inflow_peak": 2.182}