{"nodes": 2242, "object_boundaries": ["on_boundary && x[0]>0.31902 && x[0]< 0.49071 && x[1]>0.12241 && x[1]< 0.2941"], "height": 0.41, "width": 1.6, "inflow_peak": 1.893}