{"nodes": 2033, "cells": 3847, "object_boundaries": ["on_boundary && x[0]>0.205 && x[0]< 0.42297 && x[1]>0.18285 && x[1]< 0.40082"], "height": 0.41, "width": 1.6, "inflow_peak": 0.529}