{"nodes": 2025, "object_boundaries": ["on_boundary && x[0]>0.32992 && x[0]< 0.54456 && x[1]>0.08351 && x[1]< 0.29815"], "height": 0.41, "width": 1.6, "inflow_peak": 0.15}