{"nodes": 1892, "object_boundaries": ["on_boundary && x[0]>0.3785 && x[0]< 0.6174 && x[1]>0.01374 && x[1]< 0.25264"], "height": 0.41, "width": 1.6, "inflow_peak": 0.982}