{"nodes": 2006, "cells": 3805, "object_boundaries": ["on_boundary && x[0]>0.30685 && x[0]< 0.39523 && x[1]>0.2502 && x[1]< 0.33858"], "height": 0.41, "width": 1.6, "inflow_peak": 0.937}