{"nodes": 2220, "object_boundaries": ["on_boundary && x[0]>0.13821 && x[0]< 0.29741 && x[1]>0.0969 && x[1]< 0.2561"], "height": 0.41, "width": 1.6, "inflow_peak": 2.134}