{"nodes": 2037, "object_boundaries": ["on_boundary && x[0]>0.18469 && x[0]< 0.38549 && x[1]>0.07735 && x[1]< 0.27815"], "height": 0.41, "width": 1.6, "inflow_peak": 1.355}