{"nodes": 2046, "object_boundaries": ["on_boundary && x[0]>0.1292 && x[0]< 0.31866 && x[1]>0.02709 && x[1]< 0.21656"], "height": 0.41, "width": 1.6, "inflow_peak": 0.89}