{"nodes": 1790, "object_boundaries": ["on_boundary && x[0]>0.31719 && x[0]< 0.44607 && x[1]>0.20087 && x[1]< 0.32975"], "height": 0.41, "width": 1.6, "inflow_peak": 1.71}