{"nodes": 2081, "object_boundaries": ["on_boundary && x[0]>0.25456 && x[0]< 0.46269 && x[1]>0.17188 && x[1]< 0.38002"], "height": 0.41, "width": 1.6, "inflow_peak": 0.7}