{"nodes": 2119, "cells": 4012, "object_boundaries": ["on_boundary && x[0]>0.37919 && x[0]< 0.5281 && x[1]>0.14169 && x[1]< 0.29059"], "height": 0.41, "width": 1.6, "inflow_peak": 1.66}