{"nodes": 1827, "object_boundaries": ["on_boundary && x[0]>0.1076 && x[0]< 0.35825 && x[1]>0.15411 && x[1]< 0.40475"], "height": 0.41, "width": 1.6, "inflow_peak": 1.18}