{"nodes": 1907, "object_boundaries": ["on_boundary && x[0]>0.23164 && x[0]< 0.46514 && x[1]>0.03824 && x[1]< 0.27173"], "height": 0.41, "width": 1.6, "inflow_peak": 1.38}