{"nodes": 1937, "object_boundaries": ["on_boundary && x[0]>0.2043 && x[0]< 0.42911 && x[1]>0.13817 && x[1]< 0.36297"], "height": 0.41, "width": 1.6, "inflow_peak": 0.89}