{"nodes": 1970, "object_boundaries": ["on_boundary && x[0]>0.2537 && x[0]< 0.47237 && x[1]>0.12449 && x[1]< 0.34316"], "height": 0.41, "width": 1.6, "inflow_peak": 1.08}