{"nodes": 2030, "cells": 3862, "object_boundaries": ["on_boundary && x[0]>0.40968 && x[0]< 0.46999 && x[1]>0.21285 && x[1]< 0.27316"], "height": 0.41, "width": 1.6, "inflow_peak": 0.903}