{"nodes": 2450, "object_boundaries": ["on_boundary && x[0]>0.1129 && x[0]< 0.29877 && x[1]>0.07097 && x[1]< 0.25684", "on_boundary && x[0]>0.54169 && x[0]< 0.76039 && x[1]>0.15054 && x[1]< 0.36924"], "height": 0.41, "width": 1.6, "inflow_peak": 2.09}