{"nodes": 2242, "object_boundaries": ["on_boundary && x[0]>0.38577 && x[0]< 0.55733 && x[1]>0.1148 && x[1]< 0.28637"], "height": 0.41, "width": 1.6, "inflow_peak": 0.15}