{"nodes": 1705, "object_boundaries": ["on_boundary && x[0]>0.13014 && x[0]< 0.30201 && x[1]>0.02865 && x[1]< 0.20052"], "height": 0.41, "width": 1.6, "inflow_peak": 1.04}