{"nodes": 1682, "object_boundaries": ["on_boundary && x[0]>0.30418 && x[0]< 0.55071 && x[1]>0.08856 && x[1]< 0.32635"], "height": 0.41, "width": 1.6, "inflow_peak": 0.38}