{"nodes": 2709, "object_boundaries": ["on_boundary && x[0]>0.28084 && x[0]< 0.45593 && x[1]>0.1902 && x[1]< 0.36529", "on_boundary && x[0]>0.70106 && x[0]< 0.90786 && x[1]>0.13014 && x[1]< 0.33695"], "height": 0.41, "width": 1.6, "inflow_peak": 1.0}