{"nodes": 2242, "object_boundaries": ["on_boundary && x[0]>0.28512 && x[0]< 0.45312 && x[1]>0.08487 && x[1]< 0.25286"], "height": 0.41, "width": 1.6, "inflow_peak": 0.85}