{"nodes": 2045, "cells": 3874, "object_boundaries": ["on_boundary && x[0]>0.17855 && x[0]< 0.386 && x[1]>0.15273 && x[1]< 0.36017"], "height": 0.41, "width": 1.6, "inflow_peak": 1.1}