{"nodes": 1965, "object_boundaries": ["on_boundary && x[0]>0.33468 && x[0]< 0.55963 && x[1]>0.03855 && x[1]< 0.2635"], "height": 0.41, "width": 1.6, "inflow_peak": 0.555}