{"nodes": 2004, "object_boundaries": ["on_boundary && x[0]>0.15476 && x[0]< 0.36386 && x[1]>0.11146 && x[1]< 0.32056"], "height": 0.41, "width": 1.6, "inflow_peak": 1.098}