{"nodes": 2293, "object_boundaries": ["on_boundary && x[0]>0.17218 && x[0]< 0.41333 && x[1]>0.08272 && x[1]< 0.32388"], "height": 0.41, "width": 1.6, "inflow_peak": 1.053}