{"nodes": 1745, "object_boundaries": ["on_boundary && x[0]>0.24133 && x[0]< 0.48161 && x[1]>0.11854 && x[1]< 0.34155", "on_boundary && x[0]>0.85011 && x[0]< 1.02535 && x[1]>0.01542 && x[1]< 0.20549"], "height": 0.41, "width": 1.6, "inflow_peak": 1.68}