{"nodes": 1702, "object_boundaries": ["on_boundary && x[0]>0.25758 && x[0]< 0.5041 && x[1]>0.11105 && x[1]< 0.33311"], "height": 0.41, "width": 1.6, "inflow_peak": 0.41}