{"nodes": 1783, "object_boundaries": ["on_boundary && x[0]>0.36442 && x[0]< 0.55238 && x[1]>0.10731 && x[1]< 0.30193"], "height": 0.41, "width": 1.6, "inflow_peak": 1.41}