{"nodes": 1777, "object_boundaries": ["on_boundary && x[0]>0.29953 && x[0]< 0.47617 && x[1]>0.17132 && x[1]< 0.36942"], "height": 0.41, "width": 1.6, "inflow_peak": 0.39}