{"nodes": 2022, "object_boundaries": ["on_boundary && x[0]>0.24571 && x[0]< 0.45296 && x[1]>0.11756 && x[1]< 0.3248"], "height": 0.41, "width": 1.6, "inflow_peak": 0.756}