{"nodes": 1952, "object_boundaries": ["on_boundary && x[0]>0.25497 && x[0]< 0.48123 && x[1]>-0.01313 && x[1]< 0.21313"], "height": 0.41, "width": 1.6, "inflow_peak": 1.118}