{"nodes": 1910, "object_boundaries": ["on_boundary && x[0]>0.2315 && x[0]< 0.46523 && x[1]>0.07292 && x[1]< 0.30665"], "height": 0.41, "width": 1.6, "inflow_peak": 1.163}