{"nodes": 2025, "cells": 3840, "object_boundaries": ["on_boundary && x[0]>0.14135 && x[0]< 0.34167 && x[1]>0.16956 && x[1]< 0.34727"], "height": 0.41, "width": 1.6, "inflow_peak": 1.24}