{"nodes": 2022, "object_boundaries": ["on_boundary && x[0]>0.33314 && x[0]< 0.54394 && x[1]>0.18765 && x[1]< 0.37029"], "height": 0.41, "width": 1.6, "inflow_peak": 1.32}