{"nodes": 2344, "object_boundaries": ["on_boundary && x[0]>0.25652 && x[0]< 0.40799 && x[1]>0.16555 && x[1]< 0.32397", "on_boundary && x[0]>0.69399 && x[0]< 0.90709 && x[1]>0.03577 && x[1]< 0.24502"], "height": 0.41, "width": 1.6, "inflow_peak": 1.88}