{"nodes": 1806, "object_boundaries": ["on_boundary && x[0]>0.36849 && x[0]< 0.55263 && x[1]>0.10804 && x[1]< 0.28753"], "height": 0.41, "width": 1.6, "inflow_peak": 0.2}