{"nodes": 1737, "object_boundaries": ["on_boundary && x[0]>0.20789 && x[0]< 0.40349 && x[1]>0.16841 && x[1]< 0.36316"], "height": 0.41, "width": 1.6, "inflow_peak": 1.52}