{"nodes": 1986, "object_boundaries": ["on_boundary && x[0]>0.07929 && x[0]< 0.19929 && x[1]>0.16583 && x[1]< 0.28583"], "height": 0.41, "width": 1.6, "inflow_peak": 0.961}