{"nodes": 2026, "cells": 3824, "object_boundaries": ["on_boundary && x[0]>0.11613 && x[0]< 0.36098 && x[1]>0.00881 && x[1]< 0.25365"], "height": 0.41, "width": 1.6, "inflow_peak": 0.334}