{"nodes": 2433, "object_boundaries": ["on_boundary && x[0]>0.29004 && x[0]< 0.4252 && x[1]>0.13471 && x[1]< 0.26986"], "height": 0.41, "width": 1.6, "inflow_peak": 0.595}