{"nodes": 2131, "cells": 4038, "object_boundaries": ["on_boundary && x[0]>0.20699 && x[0]< 0.34232 && x[1]>0.12593 && x[1]< 0.2646"], "height": 0.41, "width": 1.6, "inflow_peak": 1.619}