{"nodes": 1724, "object_boundaries": ["on_boundary && x[0]>0.11209 && x[0]< 0.29574 && x[1]>0.11284 && x[1]< 0.29649"], "height": 0.41, "width": 1.6, "inflow_peak": 0.65}