{"nodes": 1737, "object_boundaries": ["on_boundary && x[0]>0.08937 && x[0]< 0.29722 && x[1]>0.14523 && x[1]< 0.35309"], "height": 0.41, "width": 1.6, "inflow_peak": 0.84}