{"nodes": 1964, "cells": 3717, "object_boundaries": ["on_boundary && x[0]>0.12054 && x[0]< 0.31241 && x[1]>0.19964 && x[1]< 0.3915"], "height": 0.41, "width": 1.6, "inflow_peak": 1.004}