{"nodes": 1999, "object_boundaries": ["on_boundary && x[0]>0.36107 && x[0]< 0.58015 && x[1]>0.15005 && x[1]< 0.36913"], "height": 0.41, "width": 1.6, "inflow_peak": 1.795}