{"nodes": 1941, "object_boundaries": ["on_boundary && x[0]>0.21869 && x[0]< 0.44457 && x[1]>0.14574 && x[1]< 0.37162"], "height": 0.41, "width": 1.6, "inflow_peak": 0.439}