{"nodes": 2061, "object_boundaries": ["on_boundary && x[0]>0.28642 && x[0]< 0.48864 && x[1]>0.15354 && x[1]< 0.35576"], "height": 0.41, "width": 1.6, "inflow_peak": 0.792}