{"nodes": 1674, "object_boundaries": ["on_boundary && x[0]>0.01564 && x[0]< 0.23575 && x[1]>0.05201 && x[1]< 0.38923"], "height": 0.41, "width": 1.6, "inflow_peak": 1.89}