{"nodes": 2452, "cells": 4659, "object_boundaries": ["on_boundary && x[0]>0.14516 && x[0]< 0.2286 && x[1]>0.24887 && x[1]< 0.33154", "on_boundary && x[0]>0.80982 && x[0]< 0.92974 && x[1]>0.1124 && x[1]< 0.25557"], "height": 0.41, "width": 1.6, "inflow_peak": 1.642}