{"nodes": 1714, "object_boundaries": ["on_boundary && x[0]>0.10449 && x[0]< 0.32614 && x[1]>0.08011 && x[1]< 0.29785"], "height": 0.41, "width": 1.6, "inflow_peak": 1.59}