{"nodes": 2046, "cells": 3876, "object_boundaries": ["on_boundary && x[0]>0.0653 && x[0]< 0.27338 && x[1]>0.07917 && x[1]< 0.28779"], "height": 0.41, "width": 1.6, "inflow_peak": 0.27}