{"nodes": 1750, "object_boundaries": ["on_boundary && x[0]>0.21083 && x[0]< 0.4971 && x[1]>0.09225 && x[1]< 0.34278", "on_boundary && x[0]>0.85668 && x[0]< 1.07037 && x[1]>0.14986 && x[1]< 0.37169"], "height": 0.41, "width": 1.6, "inflow_peak": 1.47}