{"nodes": 2711, "object_boundaries": ["on_boundary && x[0]>0.164 && x[0]< 0.36831 && x[1]>0.14614 && x[1]< 0.35044", "on_boundary && x[0]>0.69631 && x[0]< 0.84909 && x[1]>0.14152 && x[1]< 0.29431"], "height": 0.41, "width": 1.6, "inflow_peak": 0.49}