{"nodes": 2105, "object_boundaries": ["on_boundary && x[0]>0.15611 && x[0]< 0.38118 && x[1]>0.1748 && x[1]< 0.39986", "on_boundary && x[0]>0.56042 && x[0]< 0.81007 && x[1]>0.04647 && x[1]< 0.29612"], "height": 0.41, "width": 1.6, "inflow_peak": 1.15}