{"nodes": 2472, "object_boundaries": ["on_boundary && x[0]>0.28124 && x[0]< 0.51554 && x[1]>0.1083 && x[1]< 0.3426", "on_boundary && x[0]>0.85678 && x[0]< 1.03796 && x[1]>0.05192 && x[1]< 0.23309"], "height": 0.41, "width": 1.6, "inflow_peak": 0.94}