{"nodes": 2238, "object_boundaries": ["on_boundary && x[0]>0.29244 && x[0]< 0.46342 && x[1]>0.11849 && x[1]< 0.28947"], "height": 0.41, "width": 1.6, "inflow_peak": 0.71}