{"nodes": 2248, "object_boundaries": ["on_boundary && x[0]>0.21655 && x[0]< 0.47695 && x[1]>0.09789 && x[1]< 0.35829"], "height": 0.41, "width": 1.6, "inflow_peak": 1.16}