{"nodes": 2530, "cells": 4797, "object_boundaries": ["on_boundary && x[0]>0.28776 && x[0]< 0.44743 && x[1]>0.0946 && x[1]< 0.25427", "on_boundary && x[0]>0.67584 && x[0]< 0.80062 && x[1]>0.19273 && x[1]< 0.31751"], "height": 0.41, "width": 1.6, "inflow_peak": 0.744}