{"nodes": 1830, "object_boundaries": ["on_boundary && x[0]>0.22994 && x[0]< 0.48397 && x[1]>0.01706 && x[1]< 0.2711"], "height": 0.41, "width": 1.6, "inflow_peak": 0.86}