{"nodes": 2118, "cells": 4013, "object_boundaries": ["on_boundary && x[0]>0.29599 && x[0]< 0.54332 && x[1]>0.14952 && x[1]< 0.36027"], "height": 0.41, "width": 1.6, "inflow_peak": 1.34}