{"nodes": 2062, "cells": 3906, "object_boundaries": ["on_boundary && x[0]>0.42052 && x[0]< 0.51266 && x[1]>0.12647 && x[1]< 0.27722"], "height": 0.41, "width": 1.6, "inflow_peak": 1.747}