{"nodes": 1933, "object_boundaries": ["on_boundary && x[0]>0.2663 && x[0]< 0.43877 && x[1]>0.15255 && x[1]< 0.32744"], "height": 0.41, "width": 1.6, "inflow_peak": 1.44}