{"nodes": 2005, "object_boundaries": ["on_boundary && x[0]>0.36587 && x[0]< 0.57926 && x[1]>0.16581 && x[1]< 0.3792"], "height": 0.41, "width": 1.6, "inflow_peak": 0.264}