{"nodes": 2029, "object_boundaries": ["on_boundary && x[0]>0.23536 && x[0]< 0.44358 && x[1]>0.17431 && x[1]< 0.38253"], "height": 0.41, "width": 1.6, "inflow_peak": 1.877}