{"nodes": 2155, "object_boundaries": ["on_boundary && x[0]>0.2511 && x[0]< 0.43214 && x[1]>0.14768 && x[1]< 0.32871"], "height": 0.41, "width": 1.6, "inflow_peak": 1.06}