{"nodes": 2042, "object_boundaries": ["on_boundary && x[0]>0.13113 && x[0]< 0.33091 && x[1]>0.08443 && x[1]< 0.28421"], "height": 0.41, "width": 1.6, "inflow_peak": 0.873}