{"nodes": 2029, "object_boundaries": ["on_boundary && x[0]>0.19929 && x[0]< 0.41825 && x[1]>0.06161 && x[1]< 0.28057"], "height": 0.41, "width": 1.6, "inflow_peak": 0.39}