{"nodes": 2130, "object_boundaries": ["on_boundary && x[0]>0.25444 && x[0]< 0.50935 && x[1]>0.14985 && x[1]< 0.3912"], "height": 0.41, "width": 1.6, "inflow_peak": 0.77}