{"nodes": 2134, "object_boundaries": ["on_boundary && x[0]>0.20978 && x[0]< 0.39044 && x[1]>0.06771 && x[1]< 0.25272"], "height": 0.41, "width": 1.6, "inflow_peak": 1.46}