{"nodes": 1718, "object_boundaries": ["on_boundary && x[0]>0.1637 && x[0]< 0.36309 && x[1]>0.10007 && x[1]< 0.29023"], "height": 0.41, "width": 1.6, "inflow_peak": 1.15}