{"nodes": 1706, "object_boundaries": ["on_boundary && x[0]>0.28381 && x[0]< 0.56259 && x[1]>0.01763 && x[1]< 0.22093"], "height": 0.41, "width": 1.6, "inflow_peak": 1.31}