{"nodes": 1842, "object_boundaries": ["on_boundary && x[0]>0.11134 && x[0]< 0.35905 && x[1]>0.08104 && x[1]< 0.32876"], "height": 0.41, "width": 1.6, "inflow_peak": 1.727}