{"nodes": 2452, "object_boundaries": ["on_boundary && x[0]>0.3363 && x[0]< 0.46345 && x[1]>0.12074 && x[1]< 0.2479"], "height": 0.41, "width": 1.6, "inflow_peak": 1.287}