{"nodes": 1915, "object_boundaries": ["on_boundary && x[0]>0.04946 && x[0]< 0.26533 && x[1]>0.14454 && x[1]< 0.3604"], "height": 0.41, "width": 1.6, "inflow_peak": 0.936}