{"nodes": 2059, "cells": 3896, "object_boundaries": ["on_boundary && x[0]>0.26121 && x[0]< 0.48828 && x[1]>0.00301 && x[1]< 0.23007"], "height": 0.41, "width": 1.6, "inflow_peak": 0.358}