{"nodes": 2107, "cells": 4005, "object_boundaries": ["on_boundary && x[0]>0.28647 && x[0]< 0.46326 && x[1]>0.08127 && x[1]< 0.26194"], "height": 0.41, "width": 1.6, "inflow_peak": 1.85}