{"nodes": 2084, "cells": 3937, "object_boundaries": ["on_boundary && x[0]>0.2208 && x[0]< 0.38437 && x[1]>0.15851 && x[1]< 0.32208"], "height": 0.41, "width": 1.6, "inflow_peak": 1.738}