{"nodes": 2354, "object_boundaries": ["on_boundary && x[0]>0.39465 && x[0]< 0.54238 && x[1]>0.11611 && x[1]< 0.26383"], "height": 0.41, "width": 1.6, "inflow_peak": 1.647}