{"nodes": 1983, "cells": 3769, "object_boundaries": ["on_boundary && x[0]>0.29686 && x[0]< 0.44601 && x[1]>0.05577 && x[1]< 0.20492"], "height": 0.41, "width": 1.6, "inflow_peak": 0.702}