{"nodes": 1978, "cells": 3758, "object_boundaries": ["on_boundary && x[0]>0.20897 && x[0]< 0.36057 && x[1]>0.19607 && x[1]< 0.34768"], "height": 0.41, "width": 1.6, "inflow_peak": 1.65}