{"nodes": 2068, "cells": 3922, "object_boundaries": ["on_boundary && x[0]>0.14369 && x[0]< 0.23116 && x[1]>0.06249 && x[1]< 0.14995"], "height": 0.41, "width": 1.6, "inflow_peak": 1.12}