{"nodes": 1853, "object_boundaries": ["on_boundary && x[0]>0.24454 && x[0]< 0.50581 && x[1]>0.16936 && x[1]< 0.43064", "on_boundary && x[0]>0.82842 && x[0]< 1.10842 && x[1]>0.10263 && x[1]< 0.38263"], "height": 0.41, "width": 1.6, "inflow_peak": 1.53}