{"nodes": 2036, "object_boundaries": ["on_boundary && x[0]>0.12985 && x[0]< 0.3291 && x[1]>0.09888 && x[1]< 0.29813"], "height": 0.41, "width": 1.6, "inflow_peak": 1.46}