{"nodes": 2034, "object_boundaries": ["on_boundary && x[0]>0.10374 && x[0]< 0.2963 && x[1]>0.07492 && x[1]< 0.26747"], "height": 0.41, "width": 1.6, "inflow_peak": 0.55}