{"nodes": 2924, "object_boundaries": ["on_boundary && x[0]>0.28081 && x[0]< 0.44245 && x[1]>0.12311 && x[1]< 0.28475", "on_boundary && x[0]>0.73227 && x[0]< 0.90407 && x[1]>0.14796 && x[1]< 0.31976"], "height": 0.41, "width": 1.6, "inflow_peak": 1.88}