{"nodes": 2009, "cells": 3822, "object_boundaries": ["on_boundary && x[0]>0.36718 && x[0]< 0.42199 && x[1]>0.11471 && x[1]< 0.16952"], "height": 0.41, "width": 1.6, "inflow_peak": 1.173}