{"nodes": 2101, "cells": 3982, "object_boundaries": ["on_boundary && x[0]>0.38343 && x[0]< 0.60509 && x[1]>0.0668 && x[1]< 0.28846"], "height": 0.41, "width": 1.6, "inflow_peak": 1.388}