{"nodes": 2195, "object_boundaries": ["on_boundary && x[0]>0.32405 && x[0]< 0.52773 && x[1]>0.12852 && x[1]< 0.30601"], "height": 0.41, "width": 1.6, "inflow_peak": 2.0}