{"nodes": 1858, "object_boundaries": ["on_boundary && x[0]>0.28745 && x[0]< 0.49081 && x[1]>0.10718 && x[1]< 0.38718"], "height": 0.41, "width": 1.6, "inflow_peak": 0.73}