{"nodes": 2092, "cells": 3960, "object_boundaries": ["on_boundary && x[0]>0.21968 && x[0]< 0.47503 && x[1]>0.0491 && x[1]< 0.25623"], "height": 0.41, "width": 1.6, "inflow_peak": 0.44}