{"nodes": 1995, "cells": 3787, "object_boundaries": ["on_boundary && x[0]>0.20614 && x[0]< 0.27086 && x[1]>0.09235 && x[1]< 0.18161"], "height": 0.41, "width": 1.6, "inflow_peak": 1.672}