{"nodes": 2249, "object_boundaries": ["on_boundary && x[0]>0.16956 && x[0]< 0.37865 && x[1]>0.04526 && x[1]< 0.19456"], "height": 0.41, "width": 1.6, "inflow_peak": 0.42}