{"nodes": 2205, "object_boundaries": ["on_boundary && x[0]>0.14478 && x[0]< 0.3778 && x[1]>0.00494 && x[1]< 0.23796"], "height": 0.41, "width": 1.6, "inflow_peak": 0.69}