{"nodes": 2167, "object_boundaries": ["on_boundary && x[0]>0.16809 && x[0]< 0.4401 && x[1]>0.06312 && x[1]< 0.33513"], "height": 0.41, "width": 1.6, "inflow_peak": 2.29}