{"nodes": 1664, "object_boundaries": ["on_boundary && x[0]>0.1143 && x[0]< 0.35443 && x[1]>0.06063 && x[1]< 0.31651"], "height": 0.41, "width": 1.6, "inflow_peak": 1.52}