{"nodes": 1714, "object_boundaries": ["on_boundary && x[0]>0.28686 && x[0]< 0.5438 && x[1]>0.17987 && x[1]< 0.43103"], "height": 0.41, "width": 1.6, "inflow_peak": 0.27}