{"nodes": 1712, "object_boundaries": ["on_boundary && x[0]>0.34446 && x[0]< 0.5778 && x[1]>0.16981 && x[1]< 0.4092"], "height": 0.41, "width": 1.6, "inflow_peak": 1.0}