{"nodes": 2132, "cells": 4052, "object_boundaries": ["on_boundary && x[0]>0.26634 && x[0]< 0.36339 && x[1]>0.23762 && x[1]< 0.33082"], "height": 0.41, "width": 1.6, "inflow_peak": 0.345}