{"nodes": 2074, "object_boundaries": ["on_boundary && x[0]>0.30412 && x[0]< 0.51749 && x[1]>0.08966 && x[1]< 0.30303"], "height": 0.41, "width": 1.6, "inflow_peak": 0.79}