{"nodes": 1658, "object_boundaries": ["on_boundary && x[0]>0.11179 && x[0]< 0.35623 && x[1]>0.117 && x[1]< 0.36144"], "height": 0.41, "width": 1.6, "inflow_peak": 1.03}