{"nodes": 2033, "cells": 3844, "object_boundaries": ["on_boundary && x[0]>0.07725 && x[0]< 0.30241 && x[1]>0.1238 && x[1]< 0.34896"], "height": 0.41, "width": 1.6, "inflow_peak": 2.11}