{"nodes": 2050, "cells": 3891, "object_boundaries": ["on_boundary && x[0]>0.43303 && x[0]< 0.52908 && x[1]>0.22518 && x[1]< 0.32124"], "height": 0.41, "width": 1.6, "inflow_peak": 2.058}