{"nodes": 2072, "cells": 3912, "object_boundaries": ["on_boundary && x[0]>0.22653 && x[0]< 0.48513 && x[1]>0.13908 && x[1]< 0.39768"], "height": 0.41, "width": 1.6, "inflow_peak": 0.274}