{"nodes": 2353, "object_boundaries": ["on_boundary && x[0]>0.16678 && x[0]< 0.30361 && x[1]>0.14685 && x[1]< 0.28368"], "height": 0.41, "width": 1.6, "inflow_peak": 1.392}