{"nodes": 2056, "object_boundaries": ["on_boundary && x[0]>0.33758 && x[0]< 0.54612 && x[1]>0.07732 && x[1]< 0.28586"], "height": 0.41, "width": 1.6, "inflow_peak": 0.444}