{"nodes": 1924, "object_boundaries": ["on_boundary && x[0]>0.1706 && x[0]< 0.31726 && x[1]>0.13802 && x[1]< 0.28467"], "height": 0.41, "width": 1.6, "inflow_peak": 1.796}