{"nodes": 2038, "object_boundaries": ["on_boundary && x[0]>0.0856 && x[0]< 0.26934 && x[1]>0.20125 && x[1]< 0.38499"], "height": 0.41, "width": 1.6, "inflow_peak": 1.376}