{"nodes": 1702, "object_boundaries": ["on_boundary && x[0]>0.25009 && x[0]< 0.48521 && x[1]>0.14468 && x[1]< 0.42146"], "height": 0.41, "width": 1.6, "inflow_peak": 1.04}