{"nodes": 2128, "object_boundaries": ["on_boundary && x[0]>0.24654 && x[0]< 0.47952 && x[1]>0.03483 && x[1]< 0.30984"], "height": 0.41, "width": 1.6, "inflow_peak": 1.73}