{"nodes": 1707, "object_boundaries": ["on_boundary && x[0]>0.32513 && x[0]< 0.53513 && x[1]>0.16212 && x[1]< 0.36371"], "height": 0.41, "width": 1.6, "inflow_peak": 0.98}