{"nodes": 2012, "cells": 3822, "object_boundaries": ["on_boundary && x[0]>0.32901 && x[0]< 0.47874 && x[1]>0.10816 && x[1]< 0.28715"], "height": 0.41, "width": 1.6, "inflow_peak": 2.06}