{"nodes": 1924, "object_boundaries": ["on_boundary && x[0]>0.26791 && x[0]< 0.42707 && x[1]>0.13911 && x[1]< 0.29826"], "height": 0.41, "width": 1.6, "inflow_peak": 0.33}