{"nodes": 2010, "cells": 3801, "object_boundaries": ["on_boundary && x[0]>0.10501 && x[0]< 0.31321 && x[1]>0.17332 && x[1]< 0.40086"], "height": 0.41, "width": 1.6, "inflow_peak": 1.23}