{"nodes": 2266, "object_boundaries": ["on_boundary && x[0]>0.33936 && x[0]< 0.49505 && x[1]>0.15879 && x[1]< 0.33569"], "height": 0.41, "width": 1.6, "inflow_peak": 1.01}