{"nodes": 1926, "object_boundaries": ["on_boundary && x[0]>0.38843 && x[0]< 0.59917 && x[1]>0.06089 && x[1]< 0.30314"], "height": 0.41, "width": 1.6, "inflow_peak": 0.51}