{"nodes": 1735, "object_boundaries": ["on_boundary && x[0]>0.26803 && x[0]< 0.47759 && x[1]>0.14483 && x[1]< 0.34604"], "height": 0.41, "width": 1.6, "inflow_peak": 1.84}