{"nodes": 2468, "object_boundaries": ["on_boundary && x[0]>0.26711 && x[0]< 0.50272 && x[1]>0.09628 && x[1]< 0.21628"], "height": 0.41, "width": 1.6, "inflow_peak": 0.62}