{"nodes": 2021, "cells": 3827, "object_boundaries": ["on_boundary && x[0]>0.39849 && x[0]< 0.59633 && x[1]>0.00786 && x[1]< 0.21888"], "height": 0.41, "width": 1.6, "inflow_peak": 1.47}