{"nodes": 1899, "object_boundaries": ["on_boundary && x[0]>0.1847 && x[0]< 0.4647 && x[1]>0.01574 && x[1]< 0.23116"], "height": 0.41, "width": 1.6, "inflow_peak": 2.35}