{"nodes": 1922, "cells": 3632, "object_boundaries": ["on_boundary && x[0]>0.05228 && x[0]< 0.24776 && x[1]>0.15379 && x[1]< 0.34927"], "height": 0.41, "width": 1.6, "inflow_peak": 1.365}