{"nodes": 2161, "object_boundaries": ["on_boundary && x[0]>0.25116 && x[0]< 0.43357 && x[1]>0.02984 && x[1]< 0.21225"], "height": 0.41, "width": 1.6, "inflow_peak": 1.472}