{"nodes": 2250, "object_boundaries": ["on_boundary && x[0]>0.08825 && x[0]< 0.23307 && x[1]>0.16995 && x[1]< 0.31478"], "height": 0.41, "width": 1.6, "inflow_peak": 2.35}