{"nodes": 2148, "object_boundaries": ["on_boundary && x[0]>0.19828 && x[0]< 0.37769 && x[1]>0.09797 && x[1]< 0.27738"], "height": 0.41, "width": 1.6, "inflow_peak": 1.79}