{"nodes": 2089, "cells": 3955, "object_boundaries": ["on_boundary && x[0]>0.30713 && x[0]< 0.44562 && x[1]>0.04195 && x[1]< 0.18043"], "height": 0.41, "width": 1.6, "inflow_peak": 1.647}