{"nodes": 1977, "cells": 3756, "object_boundaries": ["on_boundary && x[0]>0.32176 && x[0]< 0.47339 && x[1]>0.02425 && x[1]< 0.17588"], "height": 0.41, "width": 1.6, "inflow_peak": 0.29}