{"nodes": 1742, "object_boundaries": ["on_boundary && x[0]>0.13194 && x[0]< 0.33793 && x[1]>0.08146 && x[1]< 0.28745"], "height": 0.41, "width": 1.6, "inflow_peak": 1.14}