{"nodes": 2125, "cells": 4026, "object_boundaries": ["on_boundary && x[0]>0.30508 && x[0]< 0.52967 && x[1]>0.01256 && x[1]< 0.24811"], "height": 0.41, "width": 1.6, "inflow_peak": 0.8}