{"nodes": 2187, "object_boundaries": ["on_boundary && x[0]>0.21172 && x[0]< 0.44192 && x[1]>0.06737 && x[1]< 0.29431"], "height": 0.41, "width": 1.6, "inflow_peak": 0.96}