{"nodes": 2018, "cells": 3826, "object_boundaries": ["on_boundary && x[0]>0.41005 && x[0]< 0.48578 && x[1]>0.10901 && x[1]< 0.22869"], "height": 0.41, "width": 1.6, "inflow_peak": 2.083}