{"nodes": 1926, "object_boundaries": ["on_boundary && x[0]>0.21856 && x[0]< 0.43745 && x[1]>0.10189 && x[1]< 0.33066"], "height": 0.41, "width": 1.6, "inflow_peak": 0.93}