{"nodes": 2271, "object_boundaries": ["on_boundary && x[0]>0.20379 && x[0]< 0.34878 && x[1]>0.04782 && x[1]< 0.21263"], "height": 0.41, "width": 1.6, "inflow_peak": 1.25}