{"nodes": 2158, "object_boundaries": ["on_boundary && x[0]>0.21859 && x[0]< 0.39547 && x[1]>0.04479 && x[1]< 0.21305"], "height": 0.41, "width": 1.6, "inflow_peak": 0.58}