{"nodes": 1696, "object_boundaries": ["on_boundary && x[0]>0.09752 && x[0]< 0.35703 && x[1]>0.04521 && x[1]< 0.29138"], "height": 0.41, "width": 1.6, "inflow_peak": 1.33}