{"nodes": 2439, "cells": 4657, "object_boundaries": ["on_boundary && x[0]>0.35958 && x[0]< 0.4416 && x[1]>0.06593 && x[1]< 0.14271", "on_boundary && x[0]>0.80696 && x[0]< 0.8852 && x[1]>0.16854 && x[1]< 0.23337"], "height": 0.41, "width": 1.6, "inflow_peak": 1.116}