{"nodes": 1961, "object_boundaries": ["on_boundary && x[0]>0.17663 && x[0]< 0.40929 && x[1]>0.11482 && x[1]< 0.33469"], "height": 0.41, "width": 1.6, "inflow_peak": 1.46}