{"nodes": 2154, "object_boundaries": ["on_boundary && x[0]>0.15422 && x[0]< 0.31937 && x[1]>0.10508 && x[1]< 0.28146"], "height": 0.41, "width": 1.6, "inflow_peak": 0.86}