{"nodes": 2661, "object_boundaries": ["on_boundary && x[0]>0.33777 && x[0]< 0.4787 && x[1]>0.17834 && x[1]< 0.31927", "on_boundary && x[0]>0.85143 && x[0]< 1.09292 && x[1]>0.01509 && x[1]< 0.25659"], "height": 0.41, "width": 1.6, "inflow_peak": 2.23}