{"nodes": 2097, "object_boundaries": ["on_boundary && x[0]>0.15078 && x[0]< 0.3388 && x[1]>0.16565 && x[1]< 0.35366"], "height": 0.41, "width": 1.6, "inflow_peak": 1.87}