{"nodes": 2163, "object_boundaries": ["on_boundary && x[0]>0.3213 && x[0]< 0.52696 && x[1]>0.18834 && x[1]< 0.3154"], "height": 0.41, "width": 1.6, "inflow_peak": 1.58}