{"nodes": 2180, "object_boundaries": ["on_boundary && x[0]>0.18503 && x[0]< 0.39721 && x[1]>0.08556 && x[1]< 0.25452"], "height": 0.41, "width": 1.6, "inflow_peak": 1.25}