{"nodes": 1979, "object_boundaries": ["on_boundary && x[0]>0.2988 && x[0]< 0.54803 && x[1]>0.10887 && x[1]< 0.32012"], "height": 0.41, "width": 1.6, "inflow_peak": 1.85}