{"nodes": 2073, "cells": 3929, "object_boundaries": ["on_boundary && x[0]>0.25719 && x[0]< 0.44118 && x[1]>0.10947 && x[1]< 0.34435"], "height": 0.41, "width": 1.6, "inflow_peak": 1.48}