{"nodes": 2082, "object_boundaries": ["on_boundary && x[0]>0.18819 && x[0]< 0.33686 && x[1]>0.03691 && x[1]< 0.25842"], "height": 0.41, "width": 1.6, "inflow_peak": 1.66}