{"nodes": 2138, "object_boundaries": ["on_boundary && x[0]>0.15069 && x[0]< 0.31848 && x[1]>0.15879 && x[1]< 0.32659"], "height": 0.41, "width": 1.6, "inflow_peak": 1.28}