{"nodes": 2411, "cells": 4577, "object_boundaries": ["on_boundary && x[0]>0.45257 && x[0]< 0.5432 && x[1]>0.22769 && x[1]< 0.31833", "on_boundary && x[0]>0.83552 && x[0]< 0.97272 && x[1]>0.03863 && x[1]< 0.17583"], "height": 0.41, "width": 1.6, "inflow_peak": 1.841}