{"nodes": 2406, "cells": 4576, "object_boundaries": ["on_boundary && x[0]>0.28946 && x[0]< 0.50449 && x[1]>-0.00448 && x[1]< 0.21055", "on_boundary && x[0]>0.60007 && x[0]< 0.76442 && x[1]>0.1912 && x[1]< 0.35554"], "height": 0.41, "width": 1.6, "inflow_peak": 0.34}