{"nodes": 2299, "object_boundaries": ["on_boundary && x[0]>0.27147 && x[0]< 0.42732 && x[1]>0.15781 && x[1]< 0.31366"], "height": 0.41, "width": 1.6, "inflow_peak": 0.28}