{"nodes": 2094, "object_boundaries": ["on_boundary && x[0]>0.25438 && x[0]< 0.44935 && x[1]>0.04295 && x[1]< 0.23792"], "height": 0.41, "width": 1.6, "inflow_peak": 1.2}