{"nodes": 2044, "object_boundaries": ["on_boundary && x[0]>0.09688 && x[0]< 0.32872 && x[1]>0.02761 && x[1]< 0.18497"], "height": 0.41, "width": 1.6, "inflow_peak": 1.22}