{"nodes": 2044, "object_boundaries": ["on_boundary && x[0]>0.26348 && x[0]< 0.4862 && x[1]>0.00488 && x[1]< 0.19512"], "height": 0.41, "width": 1.6, "inflow_peak": 2.34}