{"nodes": 2057, "cells": 3910, "object_boundaries": ["on_boundary && x[0]>0.33364 && x[0]< 0.50401 && x[1]>0.0582 && x[1]< 0.22785"], "height": 0.41, "width": 1.6, "inflow_peak": 1.69}