{"nodes": 1881, "object_boundaries": ["on_boundary && x[0]>0.16248 && x[0]< 0.38374 && x[1]>0.16692 && x[1]< 0.40983"], "height": 0.41, "width": 1.6, "inflow_peak": 1.55}