{"nodes": 2114, "object_boundaries": ["on_boundary && x[0]>0.38169 && x[0]< 0.55995 && x[1]>0.06256 && x[1]< 0.24809"], "height": 0.41, "width": 1.6, "inflow_peak": 0.69}