{"nodes": 2010, "object_boundaries": ["on_boundary && x[0]>0.43761 && x[0]< 0.56672 && x[1]>0.11977 && x[1]< 0.24888"], "height": 0.41, "width": 1.6, "inflow_peak": 1.17}