{"nodes": 2078, "object_boundaries": ["on_boundary && x[0]>0.38364 && x[0]< 0.52997 && x[1]>0.05711 && x[1]< 0.30552"], "height": 0.41, "width": 1.6, "inflow_peak": 0.96}