{"nodes": 2183, "cells": 4129, "object_boundaries": ["on_boundary && x[0]>0.19048 && x[0]< 0.38548 && x[1]>0.10866 && x[1]< 0.27355"], "height": 0.41, "width": 1.6, "inflow_peak": 1.221}