{"nodes": 1898, "object_boundaries": ["on_boundary && x[0]>0.26423 && x[0]< 0.52017 && x[1]>0.00275 && x[1]< 0.23181"], "height": 0.41, "width": 1.6, "inflow_peak": 1.8}