{"nodes": 1752, "object_boundaries": ["on_boundary && x[0]>0.36132 && x[0]< 0.61581 && x[1]>0.05503 && x[1]< 0.28077", "on_boundary && x[0]>0.78961 && x[0]< 0.98804 && x[1]>0.20455 && x[1]< 0.39545"], "height": 0.41, "width": 1.6, "inflow_peak": 1.47}