{"nodes": 1980, "object_boundaries": ["on_boundary && x[0]>0.28227 && x[0]< 0.41953 && x[1]>-0.02186 && x[1]< 0.25814"], "height": 0.41, "width": 1.6, "inflow_peak": 1.61}