{"nodes": 2115, "object_boundaries": ["on_boundary && x[0]>0.27997 && x[0]< 0.55997 && x[1]>0.15442 && x[1]< 0.43442"], "height": 0.41, "width": 1.6, "inflow_peak": 1.71}