{"nodes": 2022, "cells": 3824, "object_boundaries": ["on_boundary && x[0]>0.1078 && x[0]< 0.32746 && x[1]>0.05701 && x[1]< 0.27667"], "height": 0.41, "width": 1.6, "inflow_peak": 1.304}