{"nodes": 2036, "object_boundaries": ["on_boundary && x[0]>0.25601 && x[0]< 0.46499 && x[1]>0.1029 && x[1]< 0.31188"], "height": 0.41, "width": 1.6, "inflow_peak": 2.332}