{"nodes": 1954, "object_boundaries": ["on_boundary && x[0]>0.08133 && x[0]< 0.29306 && x[1]>0.14932 && x[1]< 0.36104"], "height": 0.41, "width": 1.6, "inflow_peak": 0.695}