{"nodes": 1945, "object_boundaries": ["on_boundary && x[0]>0.28154 && x[0]< 0.50756 && x[1]>0.15433 && x[1]< 0.38035"], "height": 0.41, "width": 1.6, "inflow_peak": 0.691}