{"nodes": 1946, "object_boundaries": ["on_boundary && x[0]>0.17219 && x[0]< 0.3934 && x[1]>0.12821 && x[1]< 0.34943"], "height": 0.41, "width": 1.6, "inflow_peak": 1.184}