{"nodes": 1997, "object_boundaries": ["on_boundary && x[0]>0.18885 && x[0]< 0.39237 && x[1]>0.02878 && x[1]< 0.2323"], "height": 0.41, "width": 1.6, "inflow_peak": 1.934}