{"nodes": 2090, "object_boundaries": ["on_boundary && x[0]>0.24438 && x[0]< 0.44022 && x[1]>0.06345 && x[1]< 0.25929"], "height": 0.41, "width": 1.6, "inflow_peak": 1.005}