{"nodes": 2353, "object_boundaries": ["on_boundary && x[0]>0.23517 && x[0]< 0.4701 && x[1]>0.06658 && x[1]< 0.3015"], "height": 0.41, "width": 1.6, "inflow_peak": 0.6}