{"nodes": 2113, "object_boundaries": ["on_boundary && x[0]>0.25667 && x[0]< 0.44628 && x[1]>0.15 && x[1]< 0.33962"], "height": 0.41, "width": 1.6, "inflow_peak": 0.15}