{"nodes": 2308, "cells": 4400, "object_boundaries": ["on_boundary && x[0]>0.35682 && x[0]< 0.409 && x[1]>0.14937 && x[1]< 0.20155", "on_boundary && x[0]>0.91704 && x[0]< 0.99915 && x[1]>0.25696 && x[1]< 0.33907"], "height": 0.41, "width": 1.6, "inflow_peak": 1.654}