{"nodes": 2003, "cells": 3798, "object_boundaries": ["on_boundary && x[0]>0.15942 && x[0]< 0.31335 && x[1]>0.06866 && x[1]< 0.27795"], "height": 0.41, "width": 1.6, "inflow_peak": 1.69}