{"nodes": 2003, "object_boundaries": ["on_boundary && x[0]>0.21951 && x[0]< 0.41188 && x[1]>0.19167 && x[1]< 0.40575"], "height": 0.41, "width": 1.6, "inflow_peak": 2.22}