{"nodes": 1929, "object_boundaries": ["on_boundary && x[0]>0.209 && x[0]< 0.47786 && x[1]>0.19169 && x[1]< 0.40128"], "height": 0.41, "width": 1.6, "inflow_peak": 0.98}