{"nodes": 2166, "object_boundaries": ["on_boundary && x[0]>0.41011 && x[0]< 0.55675 && x[1]>0.0064 && x[1]< 0.20396"], "height": 0.41, "width": 1.6, "inflow_peak": 1.55}