{"nodes": 2130, "object_boundaries": ["on_boundary && x[0]>0.28749 && x[0]< 0.43899 && x[1]>0.13065 && x[1]< 0.34487"], "height": 0.41, "width": 1.6, "inflow_peak": 1.22}