{"nodes": 2127, "object_boundaries": ["on_boundary && x[0]>0.15009 && x[0]< 0.31706 && x[1]>0.06471 && x[1]< 0.23167"], "height": 0.41, "width": 1.6, "inflow_peak": 1.39}