{"nodes": 2068, "object_boundaries": ["on_boundary && x[0]>0.37534 && x[0]< 0.56905 && x[1]>0.01441 && x[1]< 0.20812"], "height": 0.41, "width": 1.6, "inflow_peak": 1.999}