{"nodes": 2016, "cells": 3833, "object_boundaries": ["on_boundary && x[0]>0.32027 && x[0]< 0.3859 && x[1]>0.13639 && x[1]< 0.20202"], "height": 0.41, "width": 1.6, "inflow_peak": 0.785}