{"nodes": 2084, "cells": 3946, "object_boundaries": ["on_boundary && x[0]>0.28873 && x[0]< 0.51685 && x[1]>0.11762 && x[1]< 0.34574"], "height": 0.41, "width": 1.6, "inflow_peak": 0.575}