{"nodes": 2774, "object_boundaries": ["on_boundary && x[0]>0.1865 && x[0]< 0.43915 && x[1]>0.01265 && x[1]< 0.26531", "on_boundary && x[0]>0.74016 && x[0]< 0.86702 && x[1]>0.15229 && x[1]< 0.27915"], "height": 0.41, "width": 1.6, "inflow_peak": 0.89}