{"nodes": 2367, "object_boundaries": ["on_boundary && x[0]>0.19373 && x[0]< 0.38989 && x[1]>0.10317 && x[1]< 0.29933", "on_boundary && x[0]>0.70274 && x[0]< 0.92078 && x[1]>0.16417 && x[1]< 0.3822"], "height": 0.41, "width": 1.6, "inflow_peak": 2.02}