{"nodes": 2175, "object_boundaries": ["on_boundary && x[0]>0.11598 && x[0]< 0.2811 && x[1]>0.15934 && x[1]< 0.32446"], "height": 0.41, "width": 1.6, "inflow_peak": 1.07}