{"nodes": 2302, "object_boundaries": ["on_boundary && x[0]>0.37048 && x[0]< 0.52998 && x[1]>0.11315 && x[1]< 0.27265"], "height": 0.41, "width": 1.6, "inflow_peak": 0.77}