{"nodes": 2472, "cells": 4682, "object_boundaries": ["on_boundary && x[0]>0.2137 && x[0]< 0.35284 && x[1]>0.20287 && x[1]< 0.34201", "on_boundary && x[0]>0.67792 && x[0]< 0.81883 && x[1]>0.19776 && x[1]< 0.33867"], "height": 0.41, "width": 1.6, "inflow_peak": 1.232}