{"nodes": 2361, "object_boundaries": ["on_boundary && x[0]>0.4074 && x[0]< 0.55171 && x[1]>0.14807 && x[1]< 0.29674"], "height": 0.41, "width": 1.6, "inflow_peak": 1.19}