{"nodes": 2011, "cells": 3817, "object_boundaries": ["on_boundary && x[0]>0.30275 && x[0]< 0.49495 && x[1]>0.02609 && x[1]< 0.17924"], "height": 0.41, "width": 1.6, "inflow_peak": 1.23}