{"nodes": 2033, "cells": 3841, "object_boundaries": ["on_boundary && x[0]>0.225 && x[0]< 0.35508 && x[1]>0.03617 && x[1]< 0.19815"], "height": 0.41, "width": 1.6, "inflow_peak": 1.891}