{"nodes": 2617, "object_boundaries": ["on_boundary && x[0]>0.25562 && x[0]< 0.45173 && x[1]>0.02468 && x[1]< 0.22078", "on_boundary && x[0]>0.84631 && x[0]< 1.00402 && x[1]>0.18749 && x[1]< 0.34521"], "height": 0.41, "width": 1.6, "inflow_peak": 1.99}