{"nodes": 2413, "object_boundaries": ["on_boundary && x[0]>0.08133 && x[0]< 0.36133 && x[1]>0.01204 && x[1]< 0.29204", "on_boundary && x[0]>0.68176 && x[0]< 0.83319 && x[1]>0.11879 && x[1]< 0.27022"], "height": 0.41, "width": 1.6, "inflow_peak": 0.68}