{"nodes": 1920, "object_boundaries": ["on_boundary && x[0]>0.03076 && x[0]< 0.22924 && x[1]>0.04901 && x[1]< 0.24749"], "height": 0.41, "width": 1.6, "inflow_peak": 0.18}