{"nodes": 2319, "cells": 4425, "object_boundaries": ["on_boundary && x[0]>0.20234 && x[0]< 0.27591 && x[1]>0.11807 && x[1]< 0.19164", "on_boundary && x[0]>0.78058 && x[0]< 0.83308 && x[1]>0.17347 && x[1]< 0.22598"], "height": 0.41, "width": 1.6, "inflow_peak": 0.29}