{"nodes": 1878, "object_boundaries": ["on_boundary && x[0]>0.28208 && x[0]< 0.52752 && x[1]>0.05473 && x[1]< 0.30017"], "height": 0.41, "width": 1.6, "inflow_peak": 0.76}