{"nodes": 1979, "object_boundaries": ["on_boundary && x[0]>0.16402 && x[0]< 0.37934 && x[1]>0.12785 && x[1]< 0.34317"], "height": 0.41, "width": 1.6, "inflow_peak": 1.634}