{"nodes": 2181, "object_boundaries": ["on_boundary && x[0]>0.10109 && x[0]< 0.26059 && x[1]>0.18312 && x[1]< 0.34261"], "height": 0.41, "width": 1.6, "inflow_peak": 1.039}