{"nodes": 2032, "cells": 3852, "object_boundaries": ["on_boundary && x[0]>0.37767 && x[0]< 0.48299 && x[1]>0.15622 && x[1]< 0.25901"], "height": 0.41, "width": 1.6, "inflow_peak": 0.759}