{"nodes": 2164, "object_boundaries": ["on_boundary && x[0]>0.14019 && x[0]< 0.30811 && x[1]>0.15081 && x[1]< 0.31873"], "height": 0.41, "width": 1.6, "inflow_peak": 1.826}