{"nodes": 1867, "object_boundaries": ["on_boundary && x[0]>0.32897 && x[0]< 0.5775 && x[1]>0.07779 && x[1]< 0.32632"], "height": 0.41, "width": 1.6, "inflow_peak": 0.793}