{"nodes": 1767, "object_boundaries": ["on_boundary && x[0]>0.12104 && x[0]< 0.30753 && x[1]>0.0502 && x[1]< 0.25119"], "height": 0.41, "width": 1.6, "inflow_peak": 1.51}