{"nodes": 1776, "object_boundaries": ["on_boundary && x[0]>0.33464 && x[0]< 0.5081 && x[1]>0.07499 && x[1]< 0.25282"], "height": 0.41, "width": 1.6, "inflow_peak": 2.11}