{"nodes": 1774, "object_boundaries": ["on_boundary && x[0]>0.21448 && x[0]< 0.4161 && x[1]>0.17082 && x[1]< 0.37207"], "height": 0.41, "width": 1.6, "inflow_peak": 1.11}