{"nodes": 1778, "object_boundaries": ["on_boundary && x[0]>0.26552 && x[0]< 0.45829 && x[1]>0.11516 && x[1]< 0.30712"], "height": 0.41, "width": 1.6, "inflow_peak": 1.84}