{"nodes": 2035, "object_boundaries": ["on_boundary && x[0]>0.3175 && x[0]< 0.51401 && x[1]>0.053 && x[1]< 0.23456"], "height": 0.41, "width": 1.6, "inflow_peak": 0.69}