{"nodes": 2124, "cells": 4036, "object_boundaries": ["on_boundary && x[0]>0.348 && x[0]< 0.45764 && x[1]>0.07871 && x[1]< 0.1617"], "height": 0.41, "width": 1.6, "inflow_peak": 0.908}