{"nodes": 2018, "cells": 3821, "object_boundaries": ["on_boundary && x[0]>0.06591 && x[0]< 0.30738 && x[1]>0.16999 && x[1]< 0.32824"], "height": 0.41, "width": 1.6, "inflow_peak": 1.24}