{"nodes": 2147, "object_boundaries": ["on_boundary && x[0]>0.33275 && x[0]< 0.51417 && x[1]>0.019 && x[1]< 0.20042"], "height": 0.41, "width": 1.6, "inflow_peak": 0.34}