{"nodes": 1723, "object_boundaries": ["on_boundary && x[0]>0.3547 && x[0]< 0.57666 && x[1]>0.02351 && x[1]< 0.26135"], "height": 0.41, "width": 1.6, "inflow_peak": 0.64}