{"nodes": 2169, "cells": 4112, "object_boundaries": ["on_boundary && x[0]>0.20411 && x[0]< 0.31636 && x[1]>0.13229 && x[1]< 0.24453"], "height": 0.41, "width": 1.6, "inflow_peak": 0.99}