{"nodes": 1826, "object_boundaries": ["on_boundary && x[0]>0.10171 && x[0]< 0.34563 && x[1]>0.16674 && x[1]< 0.41066"], "height": 0.41, "width": 1.6, "inflow_peak": 0.71}