{"nodes": 2076, "object_boundaries": ["on_boundary && x[0]>0.13124 && x[0]< 0.31585 && x[1]>0.0077 && x[1]< 0.1923"], "height": 0.41, "width": 1.6, "inflow_peak": 0.74}