{"nodes": 2035, "cells": 3864, "object_boundaries": ["on_boundary && x[0]>0.16487 && x[0]< 0.32853 && x[1]>0.08873 && x[1]< 0.25239"], "height": 0.41, "width": 1.6, "inflow_peak": 0.48}