{"nodes": 2141, "object_boundaries": ["on_boundary && x[0]>0.30673 && x[0]< 0.50174 && x[1]>0.10585 && x[1]< 0.30086"], "height": 0.41, "width": 1.6, "inflow_peak": 1.53}