{"nodes": 1682, "object_boundaries": ["on_boundary && x[0]>0.1692 && x[0]< 0.32721 && x[1]>0.06233 && x[1]< 0.22034"], "height": 0.41, "width": 1.6, "inflow_peak": 1.2}