{"nodes": 2001, "cells": 3792, "object_boundaries": ["on_boundary && x[0]>0.08594 && x[0]< 0.21516 && x[1]>0.21675 && x[1]< 0.27931"], "height": 0.41, "width": 1.6, "inflow_peak": 0.545}