{"nodes": 2114, "object_boundaries": ["on_boundary && x[0]>0.19054 && x[0]< 0.36962 && x[1]>0.07873 && x[1]< 0.27056"], "height": 0.41, "width": 1.6, "inflow_peak": 1.75}