{"nodes": 1887, "object_boundaries": ["on_boundary && x[0]>0.21841 && x[0]< 0.45585 && x[1]>0.14099 && x[1]< 0.37539"], "height": 0.41, "width": 1.6, "inflow_peak": 0.9}