{"nodes": 1963, "object_boundaries": ["on_boundary && x[0]>0.2508 && x[0]< 0.44371 && x[1]>0.13382 && x[1]< 0.37386"], "height": 0.41, "width": 1.6, "inflow_peak": 1.18}