{"nodes": 2199, "object_boundaries": ["on_boundary && x[0]>0.20351 && x[0]< 0.4419 && x[1]>0.09327 && x[1]< 0.25739"], "height": 0.41, "width": 1.6, "inflow_peak": 1.22}