{"nodes": 2051, "cells": 3892, "object_boundaries": ["on_boundary && x[0]>0.09693 && x[0]< 0.2873 && x[1]>0.10227 && x[1]< 0.27144"], "height": 0.41, "width": 1.6, "inflow_peak": 0.25}