{"nodes": 2054, "cells": 3892, "object_boundaries": ["on_boundary && x[0]>0.10843 && x[0]< 0.22554 && x[1]>0.07996 && x[1]< 0.19232"], "height": 0.41, "width": 1.6, "inflow_peak": 1.947}