{"nodes": 1881, "object_boundaries": ["on_boundary && x[0]>0.25457 && x[0]< 0.4745 && x[1]>0.01297 && x[1]< 0.2702"], "height": 0.41, "width": 1.6, "inflow_peak": 1.16}