{"nodes": 2063, "cells": 3900, "object_boundaries": ["on_boundary && x[0]>0.13694 && x[0]< 0.39442 && x[1]>0.05832 && x[1]< 0.27516"], "height": 0.41, "width": 1.6, "inflow_peak": 0.53}