{"nodes": 2052, "object_boundaries": ["on_boundary && x[0]>0.16878 && x[0]< 0.38045 && x[1]>0.10119 && x[1]< 0.29842"], "height": 0.41, "width": 1.6, "inflow_peak": 1.81}