{"nodes": 2007, "cells": 3792, "object_boundaries": ["on_boundary && x[0]>0.1632 && x[0]< 0.29453 && x[1]>0.06583 && x[1]< 0.20578"], "height": 0.41, "width": 1.6, "inflow_peak": 1.364}