{"nodes": 1965, "object_boundaries": ["on_boundary && x[0]>0.27598 && x[0]< 0.45781 && x[1]>-0.00703 && x[1]< 0.24984"], "height": 0.41, "width": 1.6, "inflow_peak": 2.05}