{"nodes": 2184, "object_boundaries": ["on_boundary && x[0]>0.21686 && x[0]< 0.41546 && x[1]>0.04827 && x[1]< 0.32379"], "height": 0.41, "width": 1.6, "inflow_peak": 0.83}