{"nodes": 2097, "cells": 3987, "object_boundaries": ["on_boundary && x[0]>0.36155 && x[0]< 0.56767 && x[1]>0.18489 && x[1]< 0.33306"], "height": 0.41, "width": 1.6, "inflow_peak": 2.15}