{"nodes": 2103, "cells": 3998, "object_boundaries": ["on_boundary && x[0]>0.28191 && x[0]< 0.36809 && x[1]>0.06714 && x[1]< 0.15394"], "height": 0.41, "width": 1.6, "inflow_peak": 1.393}