{"nodes": 1685, "object_boundaries": ["on_boundary && x[0]>0.22181 && x[0]< 0.49476 && x[1]>0.00154 && x[1]< 0.25047"], "height": 0.41, "width": 1.6, "inflow_peak": 2.17}