{"nodes": 2106, "object_boundaries": ["on_boundary && x[0]>0.14133 && x[0]< 0.42947 && x[1]>0.12161 && x[1]< 0.37692"], "height": 0.41, "width": 1.6, "inflow_peak": 1.36}