{"nodes": 1800, "object_boundaries": ["on_boundary && x[0]>0.18116 && x[0]< 0.37583 && x[1]>0.14235 && x[1]< 0.32786", "on_boundary && x[0]>0.56401 && x[0]< 0.76618 && x[1]>0.16862 && x[1]< 0.36894"], "height": 0.41, "width": 1.6, "inflow_peak": 1.99}