{"nodes": 2076, "object_boundaries": ["on_boundary && x[0]>0.27147 && x[0]< 0.44888 && x[1]>0.06926 && x[1]< 0.24624", "on_boundary && x[0]>0.83946 && x[0]< 1.00815 && x[1]>0.02609 && x[1]< 0.25318"], "height": 0.41, "width": 1.6, "inflow_peak": 0.97}