{"nodes": 2041, "object_boundaries": ["on_boundary && x[0]>0.31244 && x[0]< 0.50294 && x[1]>0.17051 && x[1]< 0.39881"], "height": 0.41, "width": 1.6, "inflow_peak": 1.51}