{"nodes": 1964, "object_boundaries": ["on_boundary && x[0]>0.2011 && x[0]< 0.42869 && x[1]>0.16186 && x[1]< 0.37894"], "height": 0.41, "width": 1.6, "inflow_peak": 1.68}