{"nodes": 1959, "object_boundaries": ["on_boundary && x[0]>0.06449 && x[0]< 0.25567 && x[1]>0.18574 && x[1]< 0.38324"], "height": 0.41, "width": 1.6, "inflow_peak": 2.08}