{"nodes": 1918, "object_boundaries": ["on_boundary && x[0]>0.15851 && x[0]< 0.38348 && x[1]>-0.01248 && x[1]< 0.21248"], "height": 0.41, "width": 1.6, "inflow_peak": 0.94}