{"nodes": 1687, "object_boundaries": ["on_boundary && x[0]>0.264 && x[0]< 0.45799 && x[1]>0.16985 && x[1]< 0.37619", "on_boundary && x[0]>0.57054 && x[0]< 0.85839 && x[1]>0.01699 && x[1]< 0.258"], "height": 0.41, "width": 1.6, "inflow_peak": 1.16}