{"nodes": 2114, "object_boundaries": ["on_boundary && x[0]>0.18877 && x[0]< 0.40153 && x[1]>0.03463 && x[1]< 0.21516"], "height": 0.41, "width": 1.6, "inflow_peak": 1.24}