{"nodes": 2895, "object_boundaries": ["on_boundary && x[0]>0.16763 && x[0]< 0.33203 && x[1]>0.09739 && x[1]< 0.311", "on_boundary && x[0]>0.82159 && x[0]< 1.0305 && x[1]>0.18299 && x[1]< 0.34706"], "height": 0.41, "width": 1.6, "inflow_peak": 1.28}