{"nodes": 1714, "object_boundaries": ["on_boundary && x[0]>0.15587 && x[0]< 0.38525 && x[1]>0.05218 && x[1]< 0.29018"], "height": 0.41, "width": 1.6, "inflow_peak": 0.77}