{"nodes": 1716, "object_boundaries": ["on_boundary && x[0]>0.20931 && x[0]< 0.42313 && x[1]>0.06028 && x[1]< 0.27409"], "height": 0.41, "width": 1.6, "inflow_peak": 1.96}