{"nodes": 2082, "cells": 3946, "object_boundaries": ["on_boundary && x[0]>0.10745 && x[0]< 0.31865 && x[1]>0.01415 && x[1]< 0.22536"], "height": 0.41, "width": 1.6, "inflow_peak": 1.63}