{"nodes": 2207, "object_boundaries": ["on_boundary && x[0]>0.30651 && x[0]< 0.54854 && x[1]>0.11959 && x[1]< 0.36162"], "height": 0.41, "width": 1.6, "inflow_peak": 0.91}