{"nodes": 2042, "cells": 3873, "object_boundaries": ["on_boundary && x[0]>0.29131 && x[0]< 0.36674 && x[1]>0.15223 && x[1]< 0.27918"], "height": 0.41, "width": 1.6, "inflow_peak": 1.008}