{"nodes": 2042, "cells": 3860, "object_boundaries": ["on_boundary && x[0]>0.19407 && x[0]< 0.39827 && x[1]>0.13542 && x[1]< 0.39261"], "height": 0.41, "width": 1.6, "inflow_peak": 0.72}