{"nodes": 2050, "object_boundaries": ["on_boundary && x[0]>0.1608 && x[0]< 0.41165 && x[1]>0.15645 && x[1]< 0.33784"], "height": 0.41, "width": 1.6, "inflow_peak": 1.91}