{"nodes": 1676, "object_boundaries": ["on_boundary && x[0]>0.15735 && x[0]< 0.3795 && x[1]>0.03717 && x[1]< 0.2659"], "height": 0.41, "width": 1.6, "inflow_peak": 0.66}