{"nodes": 1728, "object_boundaries": ["on_boundary && x[0]>0.22253 && x[0]< 0.38907 && x[1]>0.06528 && x[1]< 0.22251"], "height": 0.41, "width": 1.6, "inflow_peak": 0.83}