{"nodes": 1694, "object_boundaries": ["on_boundary && x[0]>0.11175 && x[0]< 0.33303 && x[1]>-0.01614 && x[1]< 0.205"], "height": 0.41, "width": 1.6, "inflow_peak": 1.97}