{"nodes": 1668, "object_boundaries": ["on_boundary && x[0]>0.12956 && x[0]< 0.39649 && x[1]>0.09143 && x[1]< 0.36105"], "height": 0.41, "width": 1.6, "inflow_peak": 1.97}