{"nodes": 2107, "cells": 4002, "object_boundaries": ["on_boundary && x[0]>0.30208 && x[0]< 0.40203 && x[1]>0.15123 && x[1]< 0.24285"], "height": 0.41, "width": 1.6, "inflow_peak": 1.354}