{"nodes": 1772, "object_boundaries": ["on_boundary && x[0]>0.09037 && x[0]< 0.25459 && x[1]>0.09663 && x[1]< 0.26085"], "height": 0.41, "width": 1.6, "inflow_peak": 0.9}