{"nodes": 2028, "object_boundaries": ["on_boundary && x[0]>0.23507 && x[0]< 0.42668 && x[1]>0.05237 && x[1]< 0.24397"], "height": 0.41, "width": 1.6, "inflow_peak": 0.71}