{"nodes": 1979, "object_boundaries": ["on_boundary && x[0]>0.31375 && x[0]< 0.56833 && x[1]>0.12167 && x[1]< 0.32906"], "height": 0.41, "width": 1.6, "inflow_peak": 0.92}