{"nodes": 2030, "cells": 3851, "object_boundaries": ["on_boundary && x[0]>0.19914 && x[0]< 0.3498 && x[1]>0.08189 && x[1]< 0.29494"], "height": 0.41, "width": 1.6, "inflow_peak": 1.98}