{"nodes": 1911, "object_boundaries": ["on_boundary && x[0]>0.38027 && x[0]< 0.6058 && x[1]>0.00224 && x[1]< 0.25329"], "height": 0.41, "width": 1.6, "inflow_peak": 1.94}