{"nodes": 2079, "cells": 3935, "object_boundaries": ["on_boundary && x[0]>0.34351 && x[0]< 0.44941 && x[1]>0.04843 && x[1]< 0.21523"], "height": 0.41, "width": 1.6, "inflow_peak": 1.245}