{"nodes": 2254, "object_boundaries": ["on_boundary && x[0]>0.29386 && x[0]< 0.55335 && x[1]>0.22743 && x[1]< 0.37257"], "height": 0.41, "width": 1.6, "inflow_peak": 1.53}