{"nodes": 2063, "object_boundaries": ["on_boundary && x[0]>0.26645 && x[0]< 0.43502 && x[1]>0.14284 && x[1]< 0.37035"], "height": 0.41, "width": 1.6, "inflow_peak": 2.16}