{"nodes": 2590, "object_boundaries": ["on_boundary && x[0]>0.21241 && x[0]< 0.37233 && x[1]>0.20976 && x[1]< 0.36968", "on_boundary && x[0]>0.83078 && x[0]< 1.05605 && x[1]>0.10663 && x[1]< 0.33191"], "height": 0.41, "width": 1.6, "inflow_peak": 1.75}