{"nodes": 2263, "object_boundaries": ["on_boundary && x[0]>0.39586 && x[0]< 0.54944 && x[1]>0.03941 && x[1]< 0.19801", "on_boundary && x[0]>0.73641 && x[0]< 0.99564 && x[1]>0.1978 && x[1]< 0.44656"], "height": 0.41, "width": 1.6, "inflow_peak": 0.98}