{"nodes": 2092, "cells": 3974, "object_boundaries": ["on_boundary && x[0]>0.41035 && x[0]< 0.50681 && x[1]>0.20234 && x[1]< 0.29634"], "height": 0.41, "width": 1.6, "inflow_peak": 1.189}