{"nodes": 1763, "object_boundaries": ["on_boundary && x[0]>0.37579 && x[0]< 0.55746 && x[1]>0.21291 && x[1]< 0.38709"], "height": 0.41, "width": 1.6, "inflow_peak": 2.16}