{"nodes": 2991, "object_boundaries": ["on_boundary && x[0]>0.27501 && x[0]< 0.49815 && x[1]>0.14973 && x[1]< 0.30762", "on_boundary && x[0]>0.73269 && x[0]< 0.8662 && x[1]>0.0171 && x[1]< 0.25544"], "height": 0.41, "width": 1.6, "inflow_peak": 1.65}