{"nodes": 2034, "cells": 3859, "object_boundaries": ["on_boundary && x[0]>0.24014 && x[0]< 0.33529 && x[1]>0.19744 && x[1]< 0.29259"], "height": 0.41, "width": 1.6, "inflow_peak": 1.366}