{"nodes": 2187, "object_boundaries": ["on_boundary && x[0]>0.25906 && x[0]< 0.44226 && x[1]>0.12391 && x[1]< 0.3071"], "height": 0.41, "width": 1.6, "inflow_peak": 0.984}