{"nodes": 1913, "object_boundaries": ["on_boundary && x[0]>0.12792 && x[0]< 0.3482 && x[1]>0.17795 && x[1]< 0.39823"], "height": 0.41, "width": 1.6, "inflow_peak": 1.496}