{"nodes": 1972, "cells": 3732, "object_boundaries": ["on_boundary && x[0]>0.08159 && x[0]< 0.27631 && x[1]>0.02975 && x[1]< 0.22447"], "height": 0.41, "width": 1.6, "inflow_peak": 0.782}