{"nodes": 2464, "cells": 4685, "object_boundaries": ["on_boundary && x[0]>0.41074 && x[0]< 0.56207 && x[1]>0.1234 && x[1]< 0.27473", "on_boundary && x[0]>0.7778 && x[0]< 0.84705 && x[1]>0.14003 && x[1]< 0.20929"], "height": 0.41, "width": 1.6, "inflow_peak": 2.086}