{"nodes": 1975, "cells": 3753, "object_boundaries": ["on_boundary && x[0]>0.21786 && x[0]< 0.36643 && x[1]>0.17363 && x[1]< 0.3222"], "height": 0.41, "width": 1.6, "inflow_peak": 1.3}