{"nodes": 2952, "object_boundaries": ["on_boundary && x[0]>0.16772 && x[0]< 0.34991 && x[1]>0.20891 && x[1]< 0.39109", "on_boundary && x[0]>0.65313 && x[0]< 0.91974 && x[1]>-0.00407 && x[1]< 0.26254"], "height": 0.41, "width": 1.6, "inflow_peak": 2.22}