{"nodes": 2934, "object_boundaries": ["on_boundary && x[0]>0.3766 && x[0]< 0.51788 && x[1]>0.22831 && x[1]< 0.3696", "on_boundary && x[0]>0.88269 && x[0]< 1.03076 && x[1]>0.20424 && x[1]< 0.35231"], "height": 0.41, "width": 1.6, "inflow_peak": 1.69}