{"nodes": 2052, "object_boundaries": ["on_boundary && x[0]>0.34976 && x[0]< 0.52956 && x[1]>-0.01334 && x[1]< 0.23028", "on_boundary && x[0]>0.66888 && x[0]< 0.89347 && x[1]>0.02412 && x[1]< 0.24471"], "height": 0.41, "width": 1.6, "inflow_peak": 2.02}