{"nodes": 2096, "object_boundaries": ["on_boundary && x[0]>0.17906 && x[0]< 0.40101 && x[1]>0.09863 && x[1]< 0.29108", "on_boundary && x[0]>0.80593 && x[0]< 1.00502 && x[1]>0.18759 && x[1]< 0.3867"], "height": 0.41, "width": 1.6, "inflow_peak": 1.08}