{"nodes": 2181, "object_boundaries": ["on_boundary && x[0]>0.31919 && x[0]< 0.4946 && x[1]>0.08545 && x[1]< 0.35865"], "height": 0.41, "width": 1.6, "inflow_peak": 1.57}