{"nodes": 1740, "object_boundaries": ["on_boundary && x[0]>0.31155 && x[0]< 0.50475 && x[1]>0.09808 && x[1]< 0.31239"], "height": 0.41, "width": 1.6, "inflow_peak": 1.27}