{"nodes": 2083, "cells": 3955, "object_boundaries": ["on_boundary && x[0]>0.27885 && x[0]< 0.48736 && x[1]>0.07147 && x[1]< 0.24256"], "height": 0.41, "width": 1.6, "inflow_peak": 1.81}