{"nodes": 2124, "object_boundaries": ["on_boundary && x[0]>0.32021 && x[0]< 0.579 && x[1]>0.05861 && x[1]< 0.23418"], "height": 0.41, "width": 1.6, "inflow_peak": 0.39}