{"nodes": 2018, "cells": 3818, "object_boundaries": ["on_boundary && x[0]>0.17816 && x[0]< 0.26093 && x[1]>0.12975 && x[1]< 0.28955"], "height": 0.41, "width": 1.6, "inflow_peak": 1.427}