{"nodes": 2029, "cells": 3841, "object_boundaries": ["on_boundary && x[0]>0.17984 && x[0]< 0.3259 && x[1]>-0.00319 && x[1]< 0.25431"], "height": 0.41, "width": 1.6, "inflow_peak": 0.76}