{"nodes": 2205, "object_boundaries": ["on_boundary && x[0]>0.19945 && x[0]< 0.39543 && x[1]>0.13617 && x[1]< 0.26274"], "height": 0.41, "width": 1.6, "inflow_peak": 1.16}