{"nodes": 2065, "object_boundaries": ["on_boundary && x[0]>0.15997 && x[0]< 0.31653 && x[1]>0.16171 && x[1]< 0.38221"], "height": 0.41, "width": 1.6, "inflow_peak": 1.47}