{"nodes": 1700, "object_boundaries": ["on_boundary && x[0]>0.17503 && x[0]< 0.40485 && x[1]>0.05233 && x[1]< 0.26488"], "height": 0.41, "width": 1.6, "inflow_peak": 1.47}