{"nodes": 1727, "object_boundaries": ["on_boundary && x[0]>0.16291 && x[0]< 0.39989 && x[1]>-0.02298 && x[1]< 0.1974"], "height": 0.41, "width": 1.6, "inflow_peak": 0.58}