{"nodes": 1807, "object_boundaries": ["on_boundary && x[0]>0.14524 && x[0]< 0.30232 && x[1]>0.17064 && x[1]< 0.32474"], "height": 0.41, "width": 1.6, "inflow_peak": 0.32}