{"nodes": 2010, "cells": 3812, "object_boundaries": ["on_boundary && x[0]>0.06866 && x[0]< 0.24443 && x[1]>0.0631 && x[1]< 0.23526"], "height": 0.41, "width": 1.6, "inflow_peak": 1.33}