{"nodes": 2231, "object_boundaries": ["on_boundary && x[0]>0.39898 && x[0]< 0.58927 && x[1]>0.12244 && x[1]< 0.29504"], "height": 0.41, "width": 1.6, "inflow_peak": 1.25}