{"nodes": 2228, "object_boundaries": ["on_boundary && x[0]>0.21349 && x[0]< 0.4028 && x[1]>0.21334 && x[1]< 0.36312"], "height": 0.41, "width": 1.6, "inflow_peak": 1.69}