{"nodes": 2019, "cells": 3829, "object_boundaries": ["on_boundary && x[0]>0.21249 && x[0]< 0.39525 && x[1]>0.16615 && x[1]< 0.35273"], "height": 0.41, "width": 1.6, "inflow_peak": 0.48}