{"nodes": 2106, "object_boundaries": ["on_boundary && x[0]>0.14336 && x[0]< 0.33055 && x[1]>0.07387 && x[1]< 0.34307"], "height": 0.41, "width": 1.6, "inflow_peak": 0.5}