{"nodes": 1960, "object_boundaries": ["on_boundary && x[0]>0.05329 && x[0]< 0.25249 && x[1]>0.19548 && x[1]< 0.39897"], "height": 0.41, "width": 1.6, "inflow_peak": 1.33}