{"nodes": 2122, "object_boundaries": ["on_boundary && x[0]>0.17256 && x[0]< 0.4353 && x[1]>-0.02078 && x[1]< 0.24196"], "height": 0.41, "width": 1.6, "inflow_peak": 1.0}