{"nodes": 2205, "cells": 4196, "object_boundaries": ["on_boundary && x[0]>0.36059 && x[0]< 0.47395 && x[1]>0.18613 && x[1]< 0.26439"], "height": 0.41, "width": 1.6, "inflow_peak": 0.74}