{"nodes": 2028, "object_boundaries": ["on_boundary && x[0]>0.17867 && x[0]< 0.39963 && x[1]>0.08372 && x[1]< 0.2824"], "height": 0.41, "width": 1.6, "inflow_peak": 0.17}