{"nodes": 2114, "object_boundaries": ["on_boundary && x[0]>0.12611 && x[0]< 0.38261 && x[1]>0.04741 && x[1]< 0.19822"], "height": 0.41, "width": 1.6, "inflow_peak": 1.27}