{"nodes": 2667, "cells": 5079, "object_boundaries": ["on_boundary && x[0]>0.24796 && x[0]< 0.48688 && x[1]>0.00195 && x[1]< 0.2055", "on_boundary && x[0]>0.74478 && x[0]< 0.95192 && x[1]>0.12587 && x[1]< 0.31571"], "height": 0.41, "width": 1.6, "inflow_peak": 2.04}