{"nodes": 1715, "object_boundaries": ["on_boundary && x[0]>0.38923 && x[0]< 0.56908 && x[1]>0.16322 && x[1]< 0.35645"], "height": 0.41, "width": 1.6, "inflow_peak": 0.47}