{"nodes": 2128, "object_boundaries": ["on_boundary && x[0]>0.38261 && x[0]< 0.57099 && x[1]>0.07278 && x[1]< 0.30249"], "height": 0.41, "width": 1.6, "inflow_peak": 0.76}