{"nodes": 2107, "cells": 4008, "object_boundaries": ["on_boundary && x[0]>0.26029 && x[0]< 0.34498 && x[1]>0.13445 && x[1]< 0.21958"], "height": 0.41, "width": 1.6, "inflow_peak": 0.383}