{"nodes": 1751, "object_boundaries": ["on_boundary && x[0]>0.08338 && x[0]< 0.26166 && x[1]>0.13098 && x[1]< 0.3048", "on_boundary && x[0]>0.6235 && x[0]< 0.8054 && x[1]>0.16838 && x[1]< 0.35638"], "height": 0.41, "width": 1.6, "inflow_peak": 2.2}