{"nodes": 2107, "object_boundaries": ["on_boundary && x[0]>0.16242 && x[0]< 0.41819 && x[1]>0.01846 && x[1]< 0.2591"], "height": 0.41, "width": 1.6, "inflow_peak": 1.16}