{"nodes": 1751, "object_boundaries": ["on_boundary && x[0]>0.09838 && x[0]< 0.26343 && x[1]>0.10815 && x[1]< 0.27324"], "height": 0.41, "width": 1.6, "inflow_peak": 0.75}