{"nodes": 2088, "cells": 3952, "object_boundaries": ["on_boundary && x[0]>0.33546 && x[0]< 0.57144 && x[1]>0.18223 && x[1]< 0.41358"], "height": 0.41, "width": 1.6, "inflow_peak": 0.59}