{"nodes": 2124, "object_boundaries": ["on_boundary && x[0]>0.042 && x[0]< 0.23524 && x[1]>0.08376 && x[1]< 0.23088"], "height": 0.41, "width": 1.6, "inflow_peak": 0.15}