{"nodes": 2134, "object_boundaries": ["on_boundary && x[0]>0.1889 && x[0]< 0.40487 && x[1]>0.11645 && x[1]< 0.29226"], "height": 0.41, "width": 1.6, "inflow_peak": 1.4}