{"nodes": 1905, "object_boundaries": ["on_boundary && x[0]>0.12168 && x[0]< 0.36486 && x[1]>0.02148 && x[1]< 0.24002"], "height": 0.41, "width": 1.6, "inflow_peak": 1.15}