{"nodes": 2172, "object_boundaries": ["on_boundary && x[0]>0.12834 && x[0]< 0.35643 && x[1]>0.05666 && x[1]< 0.20771"], "height": 0.41, "width": 1.6, "inflow_peak": 1.57}