{"nodes": 2081, "cells": 3939, "object_boundaries": ["on_boundary && x[0]>0.1956 && x[0]< 0.42593 && x[1]>0.1058 && x[1]< 0.33613"], "height": 0.41, "width": 1.6, "inflow_peak": 1.596}