{"nodes": 2267, "object_boundaries": ["on_boundary && x[0]>0.2264 && x[0]< 0.48435 && x[1]>0.0734 && x[1]< 0.33135"], "height": 0.41, "width": 1.6, "inflow_peak": 0.331}