{"nodes": 1998, "cells": 3788, "object_boundaries": ["on_boundary && x[0]>0.16267 && x[0]< 0.25522 && x[1]>0.19065 && x[1]< 0.28319"], "height": 0.41, "width": 1.6, "inflow_peak": 0.45}