{"nodes": 1729, "object_boundaries": ["on_boundary && x[0]>0.24678 && x[0]< 0.44711 && x[1]>0.1168 && x[1]< 0.30584"], "height": 0.41, "width": 1.6, "inflow_peak": 0.83}