{"nodes": 1708, "object_boundaries": ["on_boundary && x[0]>0.25644 && x[0]< 0.46566 && x[1]>0.14883 && x[1]< 0.37348"], "height": 0.41, "width": 1.6, "inflow_peak": 2.11}