{"nodes": 2060, "object_boundaries": ["on_boundary && x[0]>0.18259 && x[0]< 0.3766 && x[1]>0.07823 && x[1]< 0.27224"], "height": 0.41, "width": 1.6, "inflow_peak": 1.6}