{"nodes": 2038, "object_boundaries": ["on_boundary && x[0]>0.32817 && x[0]< 0.53655 && x[1]>0.15204 && x[1]< 0.36042"], "height": 0.41, "width": 1.6, "inflow_peak": 1.58}