{"nodes": 2185, "object_boundaries": ["on_boundary && x[0]>0.30836 && x[0]< 0.48642 && x[1]>0.16535 && x[1]< 0.34341"], "height": 0.41, "width": 1.6, "inflow_peak": 1.52}