{"nodes": 1666, "object_boundaries": ["on_boundary && x[0]>0.37637 && x[0]< 0.63135 && x[1]>0.00694 && x[1]< 0.28055"], "height": 0.41, "width": 1.6, "inflow_peak": 0.68}