{"nodes": 1782, "object_boundaries": ["on_boundary && x[0]>0.14134 && x[0]< 0.33827 && x[1]>0.16919 && x[1]< 0.36611"], "height": 0.41, "width": 1.6, "inflow_peak": 2.05}