{"nodes": 2078, "cells": 3934, "object_boundaries": ["on_boundary && x[0]>0.13589 && x[0]< 0.33463 && x[1]>0.1674 && x[1]< 0.36615"], "height": 0.41, "width": 1.6, "inflow_peak": 2.04}