{"nodes": 2051, "cells": 3893, "object_boundaries": ["on_boundary && x[0]>0.1816 && x[0]< 0.27164 && x[1]>0.08689 && x[1]< 0.16972"], "height": 0.41, "width": 1.6, "inflow_peak": 0.746}