{"nodes": 2024, "cells": 3833, "object_boundaries": ["on_boundary && x[0]>0.20376 && x[0]< 0.31967 && x[1]>0.06997 && x[1]< 0.18588"], "height": 0.41, "width": 1.6, "inflow_peak": 1.723}