{"nodes": 1989, "cells": 3760, "object_boundaries": ["on_boundary && x[0]>0.10072 && x[0]< 0.31481 && x[1]>0.1731 && x[1]< 0.38719"], "height": 0.41, "width": 1.6, "inflow_peak": 1.41}