{"nodes": 2050, "object_boundaries": ["on_boundary && x[0]>0.08593 && x[0]< 0.27293 && x[1]>0.05851 && x[1]< 0.24552"], "height": 0.41, "width": 1.6, "inflow_peak": 0.69}