{"nodes": 1727, "object_boundaries": ["on_boundary && x[0]>0.07042 && x[0]< 0.27994 && x[1]>0.00351 && x[1]< 0.21303"], "height": 0.41, "width": 1.6, "inflow_peak": 1.93}