{"nodes": 1772, "object_boundaries": ["on_boundary && x[0]>0.12337 && x[0]< 0.28196 && x[1]>0.09837 && x[1]< 0.25695"], "height": 0.41, "width": 1.6, "inflow_peak": 1.05}