{"nodes": 2015, "object_boundaries": ["on_boundary && x[0]>0.13056 && x[0]< 0.35239 && x[1]>0.12166 && x[1]< 0.3192", "on_boundary && x[0]>0.73064 && x[0]< 0.97458 && x[1]>0.12424 && x[1]< 0.34948"], "height": 0.41, "width": 1.6, "inflow_peak": 0.36}