{"nodes": 2521, "object_boundaries": ["on_boundary && x[0]>0.03715 && x[0]< 0.2578 && x[1]>0.1378 && x[1]< 0.35909", "on_boundary && x[0]>0.68757 && x[0]< 0.84045 && x[1]>0.16905 && x[1]< 0.33388"], "height": 0.41, "width": 1.6, "inflow_peak": 1.93}