{"nodes": 1679, "object_boundaries": ["on_boundary && x[0]>0.25102 && x[0]< 0.54454 && x[1]>0.07448 && x[1]< 0.31707"], "height": 0.41, "width": 1.6, "inflow_peak": 1.43}