{"nodes": 1774, "object_boundaries": ["on_boundary && x[0]>0.27261 && x[0]< 0.45939 && x[1]>0.03891 && x[1]< 0.21732"], "height": 0.41, "width": 1.6, "inflow_peak": 1.53}