{"nodes": 2760, "object_boundaries": ["on_boundary && x[0]>0.14617 && x[0]< 0.29533 && x[1]>0.12305 && x[1]< 0.2722", "on_boundary && x[0]>0.66647 && x[0]< 0.87453 && x[1]>0.08802 && x[1]< 0.29607"], "height": 0.41, "width": 1.6, "inflow_peak": 1.99}