{"nodes": 2260, "object_boundaries": ["on_boundary && x[0]>0.04539 && x[0]< 0.21461 && x[1]>0.09221 && x[1]< 0.26143", "on_boundary && x[0]>0.6695 && x[0]< 0.91978 && x[1]>0.00199 && x[1]< 0.25226"], "height": 0.41, "width": 1.6, "inflow_peak": 0.22}