{"nodes": 2322, "object_boundaries": ["on_boundary && x[0]>0.12465 && x[0]< 0.35012 && x[1]>0.02861 && x[1]< 0.25409", "on_boundary && x[0]>0.87534 && x[0]< 1.07152 && x[1]>0.01401 && x[1]< 0.21018"], "height": 0.41, "width": 1.6, "inflow_peak": 1.22}