{"nodes": 1987, "cells": 3756, "object_boundaries": ["on_boundary && x[0]>0.07844 && x[0]< 0.23739 && x[1]>0.04362 && x[1]< 0.30254"], "height": 0.41, "width": 1.6, "inflow_peak": 1.7}