{"nodes": 1949, "cells": 3695, "object_boundaries": ["on_boundary && x[0]>0.15328 && x[0]< 0.21891 && x[1]>0.08431 && x[1]< 0.17385"], "height": 0.41, "width": 1.6, "inflow_peak": 1.841}