{"nodes": 2138, "object_boundaries": ["on_boundary && x[0]>0.19889 && x[0]< 0.34158 && x[1]>0.09398 && x[1]< 0.31971"], "height": 0.41, "width": 1.6, "inflow_peak": 0.44}