{"nodes": 2198, "object_boundaries": ["on_boundary && x[0]>0.35174 && x[0]< 0.54923 && x[1]>0.1187 && x[1]< 0.29529"], "height": 0.41, "width": 1.6, "inflow_peak": 1.36}