{"nodes": 2253, "object_boundaries": ["on_boundary && x[0]>0.33499 && x[0]< 0.46482 && x[1]>0.08822 && x[1]< 0.29635"], "height": 0.41, "width": 1.6, "inflow_peak": 1.94}