{"nodes": 2316, "object_boundaries": ["on_boundary && x[0]>0.31505 && x[0]< 0.54797 && x[1]>0.0093 && x[1]< 0.24143"], "height": 0.41, "width": 1.6, "inflow_peak": 1.87}