{"nodes": 1942, "object_boundaries": ["on_boundary && x[0]>0.37805 && x[0]< 0.57269 && x[1]>0.16879 && x[1]< 0.40987"], "height": 0.41, "width": 1.6, "inflow_peak": 0.37}