{"nodes": 2078, "object_boundaries": ["on_boundary && x[0]>0.19003 && x[0]< 0.3352 && x[1]>0.00758 && x[1]< 0.24294"], "height": 0.41, "width": 1.6, "inflow_peak": 1.78}