{"nodes": 2015, "cells": 3819, "object_boundaries": ["on_boundary && x[0]>0.22842 && x[0]< 0.41965 && x[1]>0.1796 && x[1]< 0.37582"], "height": 0.41, "width": 1.6, "inflow_peak": 0.26}