{"nodes": 1875, "object_boundaries": ["on_boundary && x[0]>0.40038 && x[0]< 0.63908 && x[1]>-0.00328 && x[1]< 0.23542"], "height": 0.41, "width": 1.6, "inflow_peak": 0.906}