{"nodes": 2156, "object_boundaries": ["on_boundary && x[0]>0.30578 && x[0]< 0.49978 && x[1]>0.10072 && x[1]< 0.29473"], "height": 0.41, "width": 1.6, "inflow_peak": 1.717}