{"nodes": 1916, "cells": 3638, "object_boundaries": ["on_boundary && x[0]>0.16611 && x[0]< 0.2162 && x[1]>0.17028 && x[1]< 0.22038"], "height": 0.41, "width": 1.6, "inflow_peak": 1.486}