{"nodes": 1803, "object_boundaries": ["on_boundary && x[0]>0.07608 && x[0]< 0.33279 && x[1]>0.00757 && x[1]< 0.26429"], "height": 0.41, "width": 1.6, "inflow_peak": 0.43}