{"nodes": 2257, "object_boundaries": ["on_boundary && x[0]>0.41054 && x[0]< 0.57548 && x[1]>0.12488 && x[1]< 0.28982"], "height": 0.41, "width": 1.6, "inflow_peak": 0.54}