{"nodes": 2134, "object_boundaries": ["on_boundary && x[0]>0.25096 && x[0]< 0.51202 && x[1]>0.05211 && x[1]< 0.31316", "on_boundary && x[0]>0.75502 && x[0]< 0.9789 && x[1]>0.07242 && x[1]< 0.2963"], "height": 0.41, "width": 1.6, "inflow_peak": 1.61}