{"nodes": 1681, "object_boundaries": ["on_boundary && x[0]>0.13922 && x[0]< 0.38327 && x[1]>-0.00078 && x[1]< 0.24295"], "height": 0.41, "width": 1.6, "inflow_peak": 1.01}