{"nodes": 2125, "cells": 4032, "object_boundaries": ["on_boundary && x[0]>0.40396 && x[0]< 0.51502 && x[1]>0.08191 && x[1]< 0.19858"], "height": 0.41, "width": 1.6, "inflow_peak": 1.116}