{"nodes": 1825, "object_boundaries": ["on_boundary && x[0]>0.11146 && x[0]< 0.35826 && x[1]>0.03383 && x[1]< 0.28063"], "height": 0.41, "width": 1.6, "inflow_peak": 1.46}