{"nodes": 2209, "object_boundaries": ["on_boundary && x[0]>0.317 && x[0]< 0.48552 && x[1]>0.2155 && x[1]< 0.38402"], "height": 0.41, "width": 1.6, "inflow_peak": 2.07}