{"nodes": 2125, "cells": 4036, "object_boundaries": ["on_boundary && x[0]>0.27042 && x[0]< 0.45959 && x[1]>0.07462 && x[1]< 0.26379"], "height": 0.41, "width": 1.6, "inflow_peak": 2.2}