{"nodes": 2261, "object_boundaries": ["on_boundary && x[0]>0.28042 && x[0]< 0.54153 && x[1]>0.06121 && x[1]< 0.32232"], "height": 0.41, "width": 1.6, "inflow_peak": 1.49}