{"nodes": 2084, "object_boundaries": ["on_boundary && x[0]>0.35159 && x[0]< 0.58163 && x[1]>0.0548 && x[1]< 0.28497"], "height": 0.41, "width": 1.6, "inflow_peak": 0.98}