{"nodes": 2047, "object_boundaries": ["on_boundary && x[0]>0.14891 && x[0]< 0.35425 && x[1]>0.20674 && x[1]< 0.39326"], "height": 0.41, "width": 1.6, "inflow_peak": 1.34}