{"nodes": 1972, "object_boundaries": ["on_boundary && x[0]>0.04588 && x[0]< 0.28981 && x[1]>0.1695 && x[1]< 0.36136"], "height": 0.41, "width": 1.6, "inflow_peak": 1.97}