{"nodes": 2068, "cells": 3907, "object_boundaries": ["on_boundary && x[0]>0.16958 && x[0]< 0.33945 && x[1]>0.06708 && x[1]< 0.21195"], "height": 0.41, "width": 1.6, "inflow_peak": 1.15}