{"nodes": 2137, "object_boundaries": ["on_boundary && x[0]>0.2907 && x[0]< 0.47588 && x[1]>0.10982 && x[1]< 0.30089"], "height": 0.41, "width": 1.6, "inflow_peak": 1.33}