{"nodes": 1816, "object_boundaries": ["on_boundary && x[0]>0.30352 && x[0]< 0.46921 && x[1]>0.15154 && x[1]< 0.31722"], "height": 0.41, "width": 1.6, "inflow_peak": 0.6}