{"nodes": 2139, "cells": 4060, "object_boundaries": ["on_boundary && x[0]>0.22673 && x[0]< 0.33839 && x[1]>0.14528 && x[1]< 0.26277"], "height": 0.41, "width": 1.6, "inflow_peak": 1.479}