{"nodes": 2089, "cells": 3949, "object_boundaries": ["on_boundary && x[0]>0.21479 && x[0]< 0.46437 && x[1]>0.09734 && x[1]< 0.34692"], "height": 0.41, "width": 1.6, "inflow_peak": 1.76}