{"nodes": 1672, "object_boundaries": ["on_boundary && x[0]>0.30308 && x[0]< 0.50749 && x[1]>0.1926 && x[1]< 0.39702"], "height": 0.41, "width": 1.6, "inflow_peak": 1.39}