{"nodes": 2130, "object_boundaries": ["on_boundary && x[0]>0.32766 && x[0]< 0.51626 && x[1]>0.11754 && x[1]< 0.30614"], "height": 0.41, "width": 1.6, "inflow_peak": 0.58}