{"nodes": 1693, "object_boundaries": ["on_boundary && x[0]>0.19135 && x[0]< 0.36422 && x[1]>0.14382 && x[1]< 0.31669"], "height": 0.41, "width": 1.6, "inflow_peak": 1.3}