{"nodes": 2132, "cells": 4048, "object_boundaries": ["on_boundary && x[0]>0.27157 && x[0]< 0.48293 && x[1]>0.09652 && x[1]< 0.30213"], "height": 0.41, "width": 1.6, "inflow_peak": 1.02}