{"nodes": 1744, "object_boundaries": ["on_boundary && x[0]>0.08698 && x[0]< 0.29298 && x[1]>0.14969 && x[1]< 0.36406", "on_boundary && x[0]>0.53404 && x[0]< 0.75367 && x[1]>0.02276 && x[1]< 0.27476"], "height": 0.41, "width": 1.6, "inflow_peak": 0.38}