{"nodes": 2115, "cells": 3995, "object_boundaries": ["on_boundary && x[0]>0.19185 && x[0]< 0.34843 && x[1]>0.02569 && x[1]< 0.21369"], "height": 0.41, "width": 1.6, "inflow_peak": 1.611}