{"nodes": 1958, "object_boundaries": ["on_boundary && x[0]>0.17373 && x[0]< 0.39352 && x[1]>-0.00989 && x[1]< 0.20989"], "height": 0.41, "width": 1.6, "inflow_peak": 1.37}