{"nodes": 2068, "cells": 3926, "object_boundaries": ["on_boundary && x[0]>0.10611 && x[0]< 0.27853 && x[1]>0.07788 && x[1]< 0.2503"], "height": 0.41, "width": 1.6, "inflow_peak": 0.89}