{"nodes": 2120, "cells": 4018, "object_boundaries": ["on_boundary && x[0]>0.35163 && x[0]< 0.4831 && x[1]>0.05879 && x[1]< 0.19026"], "height": 0.41, "width": 1.6, "inflow_peak": 1.801}