{"nodes": 1893, "object_boundaries": ["on_boundary && x[0]>0.06137 && x[0]< 0.28934 && x[1]>0.14783 && x[1]< 0.37581"], "height": 0.41, "width": 1.6, "inflow_peak": 1.53}