{"nodes": 1684, "object_boundaries": ["on_boundary && x[0]>0.32528 && x[0]< 0.51133 && x[1]>0.0196 && x[1]< 0.19532"], "height": 0.41, "width": 1.6, "inflow_peak": 1.06}