{"nodes": 2320, "object_boundaries": ["on_boundary && x[0]>0.20896 && x[0]< 0.44231 && x[1]>0.05321 && x[1]< 0.28656"], "height": 0.41, "width": 1.6, "inflow_peak": 2.15}