{"nodes": 2012, "object_boundaries": ["on_boundary && x[0]>0.23117 && x[0]< 0.44403 && x[1]>0.10616 && x[1]< 0.31902"], "height": 0.41, "width": 1.6, "inflow_peak": 0.73}