{"nodes": 2837, "object_boundaries": ["on_boundary && x[0]>0.18895 && x[0]< 0.34605 && x[1]>0.03355 && x[1]< 0.19065", "on_boundary && x[0]>0.91108 && x[0]< 1.06149 && x[1]>0.03461 && x[1]< 0.18503"], "height": 0.41, "width": 1.6, "inflow_peak": 1.76}