{"nodes": 2106, "cells": 3991, "object_boundaries": ["on_boundary && x[0]>0.22357 && x[0]< 0.45012 && x[1]>0.09539 && x[1]< 0.3169"], "height": 0.41, "width": 1.6, "inflow_peak": 1.65}