{"nodes": 2003, "object_boundaries": ["on_boundary && x[0]>0.0712 && x[0]< 0.25813 && x[1]>0.03396 && x[1]< 0.21884"], "height": 0.41, "width": 1.6, "inflow_peak": 0.83}