{"nodes": 1984, "cells": 3749, "object_boundaries": ["on_boundary && x[0]>0.11068 && x[0]< 0.24319 && x[1]>0.23783 && x[1]< 0.36199"], "height": 0.41, "width": 1.6, "inflow_peak": 1.829}