{"nodes": 2400, "object_boundaries": ["on_boundary && x[0]>0.30193 && x[0]< 0.49815 && x[1]>0.16071 && x[1]< 0.29671"], "height": 0.41, "width": 1.6, "inflow_peak": 0.92}