{"nodes": 2061, "object_boundaries": ["on_boundary && x[0]>0.11429 && x[0]< 0.30761 && x[1]>0.04081 && x[1]< 0.23289"], "height": 0.41, "width": 1.6, "inflow_peak": 1.29}