{"nodes": 2025, "cells": 3840, "object_boundaries": ["on_boundary && x[0]>0.15238 && x[0]< 0.2514 && x[1]>0.05873 && x[1]< 0.1636"], "height": 0.41, "width": 1.6, "inflow_peak": 0.506}