{"nodes": 2377, "cells": 4506, "object_boundaries": ["on_boundary && x[0]>0.0875 && x[0]< 0.2893 && x[1]>0.05146 && x[1]< 0.25669", "on_boundary && x[0]>0.85663 && x[0]< 1.03878 && x[1]>0.16997 && x[1]< 0.40089"], "height": 0.41, "width": 1.6, "inflow_peak": 1.76}