{"nodes": 2013, "object_boundaries": ["on_boundary && x[0]>0.14383 && x[0]< 0.33361 && x[1]>0.11737 && x[1]< 0.33617"], "height": 0.41, "width": 1.6, "inflow_peak": 1.89}