{"nodes": 1912, "object_boundaries": ["on_boundary && x[0]>0.0879 && x[0]< 0.24785 && x[1]>0.10777 && x[1]< 0.23895"], "height": 0.41, "width": 1.6, "inflow_peak": 1.48}