{"nodes": 2063, "cells": 3915, "object_boundaries": ["on_boundary && x[0]>0.27279 && x[0]< 0.45279 && x[1]>0.09875 && x[1]< 0.30105"], "height": 0.41, "width": 1.6, "inflow_peak": 0.49}