{"nodes": 2187, "object_boundaries": ["on_boundary && x[0]>0.24696 && x[0]< 0.39891 && x[1]>0.08824 && x[1]< 0.27711"], "height": 0.41, "width": 1.6, "inflow_peak": 0.43}