{"nodes": 2009, "object_boundaries": ["on_boundary && x[0]>0.1765 && x[0]< 0.3839 && x[1]>0.14763 && x[1]< 0.35788"], "height": 0.41, "width": 1.6, "inflow_peak": 0.34}