{"nodes": 2038, "object_boundaries": ["on_boundary && x[0]>0.00888 && x[0]< 0.25112 && x[1]>0.11542 && x[1]< 0.30319"], "height": 0.41, "width": 1.6, "inflow_peak": 0.32}