{"nodes": 2031, "cells": 3853, "object_boundaries": ["on_boundary && x[0]>0.31411 && x[0]< 0.4957 && x[1]>0.10769 && x[1]< 0.29784"], "height": 0.41, "width": 1.6, "inflow_peak": 1.64}