{"nodes": 1989, "cells": 3775, "object_boundaries": ["on_boundary && x[0]>0.42724 && x[0]< 0.47834 && x[1]>0.13661 && x[1]< 0.23473"], "height": 0.41, "width": 1.6, "inflow_peak": 1.129}