{"nodes": 2021, "object_boundaries": ["on_boundary && x[0]>0.06647 && x[0]< 0.32022 && x[1]>0.05546 && x[1]< 0.22763"], "height": 0.41, "width": 1.6, "inflow_peak": 1.46}