{"nodes": 2358, "object_boundaries": ["on_boundary && x[0]>0.15853 && x[0]< 0.27853 && x[1]>0.11344 && x[1]< 0.2712"], "height": 0.41, "width": 1.6, "inflow_peak": 1.57}