{"nodes": 1973, "cells": 3731, "object_boundaries": ["on_boundary && x[0]>0.07634 && x[0]< 0.28895 && x[1]>0.19543 && x[1]< 0.39445"], "height": 0.41, "width": 1.6, "inflow_peak": 0.71}