{"nodes": 2021, "cells": 3831, "object_boundaries": ["on_boundary && x[0]>0.24176 && x[0]< 0.32126 && x[1]>0.12967 && x[1]< 0.25482"], "height": 0.41, "width": 1.6, "inflow_peak": 0.65}