{"nodes": 1825, "object_boundaries": ["on_boundary && x[0]>0.10171 && x[0]< 0.36078 && x[1]>0.13785 && x[1]< 0.38294"], "height": 0.41, "width": 1.6, "inflow_peak": 2.05}