{"nodes": 1967, "cells": 3709, "object_boundaries": ["on_boundary && x[0]>0.09855 && x[0]< 0.24448 && x[1]>0.21931 && x[1]< 0.36524"], "height": 0.41, "width": 1.6, "inflow_peak": 1.782}