{"nodes": 1976, "cells": 3732, "object_boundaries": ["on_boundary && x[0]>0.08956 && x[0]< 0.27244 && x[1]>0.15943 && x[1]< 0.40979"], "height": 0.41, "width": 1.6, "inflow_peak": 0.82}