{"nodes": 2017, "object_boundaries": ["on_boundary && x[0]>0.18553 && x[0]< 0.37991 && x[1]>0.03699 && x[1]< 0.24795"], "height": 0.41, "width": 1.6, "inflow_peak": 1.93}