{"nodes": 2011, "object_boundaries": ["on_boundary && x[0]>0.25068 && x[0]< 0.42405 && x[1]>0.10976 && x[1]< 0.35487"], "height": 0.41, "width": 1.6, "inflow_peak": 0.93}