{"nodes": 2054, "object_boundaries": ["on_boundary && x[0]>0.22312 && x[0]< 0.38832 && x[1]>0.06477 && x[1]< 0.30018"], "height": 0.41, "width": 1.6, "inflow_peak": 2.04}