{"nodes": 2054, "object_boundaries": ["on_boundary && x[0]>0.187 && x[0]< 0.39663 && x[1]>0.18491 && x[1]< 0.3717"], "height": 0.41, "width": 1.6, "inflow_peak": 1.25}