{"nodes": 2120, "cells": 4025, "object_boundaries": ["on_boundary && x[0]>0.38 && x[0]< 0.52468 && x[1]>0.21793 && x[1]< 0.29927"], "height": 0.41, "width": 1.6, "inflow_peak": 1.163}