{"nodes": 2077, "object_boundaries": ["on_boundary && x[0]>0.15907 && x[0]< 0.3994 && x[1]>0.08864 && x[1]< 0.34012"], "height": 0.41, "width": 1.6, "inflow_peak": 0.7}