{"nodes": 2011, "cells": 3806, "object_boundaries": ["on_boundary && x[0]>0.10904 && x[0]< 0.21845 && x[1]>0.07236 && x[1]< 0.18533"], "height": 0.41, "width": 1.6, "inflow_peak": 1.101}