{"nodes": 2066, "object_boundaries": ["on_boundary && x[0]>0.3343 && x[0]< 0.54582 && x[1]>0.12863 && x[1]< 0.32805"], "height": 0.41, "width": 1.6, "inflow_peak": 0.71}