{"nodes": 1754, "object_boundaries": ["on_boundary && x[0]>0.31012 && x[0]< 0.50098 && x[1]>0.00239 && x[1]< 0.20733"], "height": 0.41, "width": 1.6, "inflow_peak": 0.78}