{"nodes": 2084, "object_boundaries": ["on_boundary && x[0]>0.40703 && x[0]< 0.60635 && x[1]>0.14289 && x[1]< 0.34221"], "height": 0.41, "width": 1.6, "inflow_peak": 0.2}