{"nodes": 2098, "cells": 3986, "object_boundaries": ["on_boundary && x[0]>0.20296 && x[0]< 0.30498 && x[1]>0.23681 && x[1]< 0.32742"], "height": 0.41, "width": 1.6, "inflow_peak": 0.832}