{"nodes": 2192, "object_boundaries": ["on_boundary && x[0]>0.15093 && x[0]< 0.40454 && x[1]>0.18424 && x[1]< 0.41534"], "height": 0.41, "width": 1.6, "inflow_peak": 1.23}