{"nodes": 2049, "object_boundaries": ["on_boundary && x[0]>0.30926 && x[0]< 0.53597 && x[1]>0.08184 && x[1]< 0.2821"], "height": 0.41, "width": 1.6, "inflow_peak": 1.3}