{"nodes": 1732, "object_boundaries": ["on_boundary && x[0]>0.31553 && x[0]< 0.47625 && x[1]>0.17033 && x[1]< 0.35641"], "height": 0.41, "width": 1.6, "inflow_peak": 1.76}