{"nodes": 2701, "object_boundaries": ["on_boundary && x[0]>0.25926 && x[0]< 0.47666 && x[1]>0.121 && x[1]< 0.241", "on_boundary && x[0]>0.91059 && x[0]< 1.0447 && x[1]>0.17686 && x[1]< 0.36585"], "height": 0.41, "width": 1.6, "inflow_peak": 1.24}