{"nodes": 1999, "cells": 3790, "object_boundaries": ["on_boundary && x[0]>0.12412 && x[0]< 0.21835 && x[1]>0.20085 && x[1]< 0.29662"], "height": 0.41, "width": 1.6, "inflow_peak": 0.717}