{"nodes": 2504, "cells": 4779, "object_boundaries": ["on_boundary && x[0]>0.21717 && x[0]< 0.39991 && x[1]>0.11296 && x[1]< 0.27683", "on_boundary && x[0]>0.75521 && x[0]< 0.92936 && x[1]>0.05147 && x[1]< 0.22003"], "height": 0.41, "width": 1.6, "inflow_peak": 1.55}