{"nodes": 2333, "object_boundaries": ["on_boundary && x[0]>0.35352 && x[0]< 0.55636 && x[1]>0.08772 && x[1]< 0.23862"], "height": 0.41, "width": 1.6, "inflow_peak": 0.95}