{"nodes": 2178, "object_boundaries": ["on_boundary && x[0]>0.14393 && x[0]< 0.29425 && x[1]>0.11105 && x[1]< 0.30777"], "height": 0.41, "width": 1.6, "inflow_peak": 2.35}