{"nodes": 1666, "object_boundaries": ["on_boundary && x[0]>0.24432 && x[0]< 0.49076 && x[1]>0.07588 && x[1]< 0.3272"], "height": 0.41, "width": 1.6, "inflow_peak": 2.35}