{"nodes": 2062, "cells": 3918, "object_boundaries": ["on_boundary && x[0]>0.27004 && x[0]< 0.34331 && x[1]>0.18302 && x[1]< 0.25628"], "height": 0.41, "width": 1.6, "inflow_peak": 1.358}