{"nodes": 2006, "object_boundaries": ["on_boundary && x[0]>0.06946 && x[0]< 0.26208 && x[1]>0.04038 && x[1]< 0.233"], "height": 0.41, "width": 1.6, "inflow_peak": 1.59}