{"nodes": 1800, "object_boundaries": ["on_boundary && x[0]>0.34294 && x[0]< 0.51203 && x[1]>0.05632 && x[1]< 0.22541"], "height": 0.41, "width": 1.6, "inflow_peak": 1.16}