{"nodes": 2044, "object_boundaries": ["on_boundary && x[0]>0.39226 && x[0]< 0.62739 && x[1]>0.02009 && x[1]< 0.22261"], "height": 0.41, "width": 1.6, "inflow_peak": 0.53}