{"nodes": 1739, "object_boundaries": ["on_boundary && x[0]>0.25762 && x[0]< 0.42061 && x[1]>0.13504 && x[1]< 0.30058"], "height": 0.41, "width": 1.6, "inflow_peak": 1.57}