{"nodes": 2077, "cells": 3942, "object_boundaries": ["on_boundary && x[0]>0.32838 && x[0]< 0.41691 && x[1]>0.21266 && x[1]< 0.31112"], "height": 0.41, "width": 1.6, "inflow_peak": 0.466}