{"nodes": 1692, "object_boundaries": ["on_boundary && x[0]>0.24652 && x[0]< 0.51064 && x[1]>0.03423 && x[1]< 0.30832"], "height": 0.41, "width": 1.6, "inflow_peak": 0.88}