{"nodes": 1696, "object_boundaries": ["on_boundary && x[0]>0.05475 && x[0]< 0.35502 && x[1]>0.04186 && x[1]< 0.2661"], "height": 0.41, "width": 1.6, "inflow_peak": 0.84}