{"nodes": 2033, "cells": 3851, "object_boundaries": ["on_boundary && x[0]>0.25042 && x[0]< 0.37745 && x[1]>0.24397 && x[1]< 0.34306"], "height": 0.41, "width": 1.6, "inflow_peak": 0.554}