{"nodes": 1719, "object_boundaries": ["on_boundary && x[0]>0.25459 && x[0]< 0.48511 && x[1]>0.0673 && x[1]< 0.29555", "on_boundary && x[0]>0.65248 && x[0]< 0.93132 && x[1]>-0.03855 && x[1]< 0.24636"], "height": 0.41, "width": 1.6, "inflow_peak": 0.99}