{"nodes": 1689, "object_boundaries": ["on_boundary && x[0]>0.07065 && x[0]< 0.25503 && x[1]>0.11096 && x[1]< 0.28605"], "height": 0.41, "width": 1.6, "inflow_peak": 0.43}