{"nodes": 2261, "object_boundaries": ["on_boundary && x[0]>0.17912 && x[0]< 0.43671 && x[1]>0.1209 && x[1]< 0.30543"], "height": 0.41, "width": 1.6, "inflow_peak": 1.53}