{"nodes": 2189, "object_boundaries": ["on_boundary && x[0]>0.15478 && x[0]< 0.41622 && x[1]>0.07313 && x[1]< 0.33456"], "height": 0.41, "width": 1.6, "inflow_peak": 0.7}