{"nodes": 2082, "cells": 3960, "object_boundaries": ["on_boundary && x[0]>0.27096 && x[0]< 0.43434 && x[1]>0.17737 && x[1]< 0.33268"], "height": 0.41, "width": 1.6, "inflow_peak": 2.08}