{"nodes": 2071, "cells": 3914, "object_boundaries": ["on_boundary && x[0]>0.16504 && x[0]< 0.32008 && x[1]>0.14536 && x[1]< 0.3004"], "height": 0.41, "width": 1.6, "inflow_peak": 0.814}