{"nodes": 2049, "object_boundaries": ["on_boundary && x[0]>0.32429 && x[0]< 0.52832 && x[1]>0.05566 && x[1]< 0.2597"], "height": 0.41, "width": 1.6, "inflow_peak": 1.804}