{"nodes": 2106, "cells": 3991, "object_boundaries": ["on_boundary && x[0]>0.34467 && x[0]< 0.56767 && x[1]>0.14034 && x[1]< 0.36334"], "height": 0.41, "width": 1.6, "inflow_peak": 0.577}