{"nodes": 2146, "object_boundaries": ["on_boundary && x[0]>0.20604 && x[0]< 0.37964 && x[1]>0.16302 && x[1]< 0.34557"], "height": 0.41, "width": 1.6, "inflow_peak": 2.13}