{"nodes": 1754, "object_boundaries": ["on_boundary && x[0]>0.14005 && x[0]< 0.36457 && x[1]>0.10906 && x[1]< 0.31522", "on_boundary && x[0]>0.72295 && x[0]< 0.89174 && x[1]>0.15807 && x[1]< 0.37498"], "height": 0.41, "width": 1.6, "inflow_peak": 1.94}