{"nodes": 1886, "object_boundaries": ["on_boundary && x[0]>0.22834 && x[0]< 0.46713 && x[1]>0.10379 && x[1]< 0.34258"], "height": 0.41, "width": 1.6, "inflow_peak": 1.109}