{"nodes": 1953, "object_boundaries": ["on_boundary && x[0]>0.27884 && x[0]< 0.50793 && x[1]>0.16094 && x[1]< 0.39003"], "height": 0.41, "width": 1.6, "inflow_peak": 1.934}