{"nodes": 2207, "object_boundaries": ["on_boundary && x[0]>0.2269 && x[0]< 0.40026 && x[1]>0.11135 && x[1]< 0.2847"], "height": 0.41, "width": 1.6, "inflow_peak": 0.544}