{"nodes": 2024, "cells": 3822, "object_boundaries": ["on_boundary && x[0]>0.08579 && x[0]< 0.32383 && x[1]>0.04703 && x[1]< 0.28507"], "height": 0.41, "width": 1.6, "inflow_peak": 1.881}