{"nodes": 2170, "object_boundaries": ["on_boundary && x[0]>0.2376 && x[0]< 0.41106 && x[1]>0.1013 && x[1]< 0.27476"], "height": 0.41, "width": 1.6, "inflow_peak": 1.063}