{"nodes": 2403, "object_boundaries": ["on_boundary && x[0]>0.32643 && x[0]< 0.4805 && x[1]>0.11512 && x[1]< 0.26919"], "height": 0.41, "width": 1.6, "inflow_peak": 2.237}