{"nodes": 1693, "object_boundaries": ["on_boundary && x[0]>0.05497 && x[0]< 0.27885 && x[1]>0.10437 && x[1]< 0.32025"], "height": 0.41, "width": 1.6, "inflow_peak": 0.37}