{"nodes": 2052, "cells": 3895, "object_boundaries": ["on_boundary && x[0]>0.22438 && x[0]< 0.40589 && x[1]>0.01973 && x[1]< 0.20715"], "height": 0.41, "width": 1.6, "inflow_peak": 1.76}