{"nodes": 2124, "object_boundaries": ["on_boundary && x[0]>0.24304 && x[0]< 0.43427 && x[1]>0.06998 && x[1]< 0.26122"], "height": 0.41, "width": 1.6, "inflow_peak": 1.38}