{"nodes": 2146, "cells": 4065, "object_boundaries": ["on_boundary && x[0]>0.41246 && x[0]< 0.56136 && x[1]>0.14196 && x[1]< 0.27594"], "height": 0.41, "width": 1.6, "inflow_peak": 0.79}