{"nodes": 2124, "cells": 4042, "object_boundaries": ["on_boundary && x[0]>0.27572 && x[0]< 0.44461 && x[1]>0.09157 && x[1]< 0.26045"], "height": 0.41, "width": 1.6, "inflow_peak": 0.89}