{"nodes": 1676, "object_boundaries": ["on_boundary && x[0]>0.19191 && x[0]< 0.37965 && x[1]>0.05975 && x[1]< 0.24193"], "height": 0.41, "width": 1.6, "inflow_peak": 1.28}