{"nodes": 1676, "object_boundaries": ["on_boundary && x[0]>0.25297 && x[0]< 0.45026 && x[1]>0.11489 && x[1]< 0.31218"], "height": 0.41, "width": 1.6, "inflow_peak": 0.52}