{"nodes": 1990, "object_boundaries": ["on_boundary && x[0]>0.17098 && x[0]< 0.38086 && x[1]>0.07475 && x[1]< 0.28464"], "height": 0.41, "width": 1.6, "inflow_peak": 1.08}