{"nodes": 1724, "object_boundaries": ["on_boundary && x[0]>0.22071 && x[0]< 0.41753 && x[1]>0.08795 && x[1]< 0.28477"], "height": 0.41, "width": 1.6, "inflow_peak": 1.82}