{"nodes": 1972, "object_boundaries": ["on_boundary && x[0]>0.14577 && x[0]< 0.36091 && x[1]>0.00168 && x[1]< 0.21682"], "height": 0.41, "width": 1.6, "inflow_peak": 0.84}