{"nodes": 2136, "object_boundaries": ["on_boundary && x[0]>0.39851 && x[0]< 0.59228 && x[1]>0.12689 && x[1]< 0.32066"], "height": 0.41, "width": 1.6, "inflow_peak": 1.38}