{"nodes": 1957, "cells": 3683, "object_boundaries": ["on_boundary && x[0]>0.07102 && x[0]< 0.23551 && x[1]>0.19543 && x[1]< 0.35992"], "height": 0.41, "width": 1.6, "inflow_peak": 0.295}