{"nodes": 2186, "object_boundaries": ["on_boundary && x[0]>0.13785 && x[0]< 0.30994 && x[1]>0.02976 && x[1]< 0.20185"], "height": 0.41, "width": 1.6, "inflow_peak": 1.02}