{"nodes": 2128, "cells": 4040, "object_boundaries": ["on_boundary && x[0]>0.34677 && x[0]< 0.59152 && x[1]>0.08073 && x[1]< 0.24545"], "height": 0.41, "width": 1.6, "inflow_peak": 0.26}