{"nodes": 2209, "object_boundaries": ["on_boundary && x[0]>0.15236 && x[0]< 0.36919 && x[1]>0.0969 && x[1]< 0.24709"], "height": 0.41, "width": 1.6, "inflow_peak": 1.16}