{"nodes": 2097, "object_boundaries": ["on_boundary && x[0]>0.19113 && x[0]< 0.41634 && x[1]>0.11547 && x[1]< 0.27293"], "height": 0.41, "width": 1.6, "inflow_peak": 1.51}