{"nodes": 2348, "object_boundaries": ["on_boundary && x[0]>0.34909 && x[0]< 0.49152 && x[1]>0.1544 && x[1]< 0.29683"], "height": 0.41, "width": 1.6, "inflow_peak": 0.454}