{"nodes": 2103, "cells": 3988, "object_boundaries": ["on_boundary && x[0]>0.2714 && x[0]< 0.486 && x[1]>0.09302 && x[1]< 0.30762"], "height": 0.41, "width": 1.6, "inflow_peak": 0.46}