{"nodes": 1833, "object_boundaries": ["on_boundary && x[0]>0.30791 && x[0]< 0.56688 && x[1]>0.12145 && x[1]< 0.38042"], "height": 0.41, "width": 1.6, "inflow_peak": 0.863}