{"nodes": 2113, "object_boundaries": ["on_boundary && x[0]>0.24035 && x[0]< 0.42845 && x[1]>0.06372 && x[1]< 0.25181"], "height": 0.41, "width": 1.6, "inflow_peak": 0.297}