{"nodes": 2027, "object_boundaries": ["on_boundary && x[0]>0.17897 && x[0]< 0.38632 && x[1]>0.1232 && x[1]< 0.33055"], "height": 0.41, "width": 1.6, "inflow_peak": 1.246}