{"nodes": 2044, "cells": 3872, "object_boundaries": ["on_boundary && x[0]>0.18654 && x[0]< 0.30536 && x[1]>0.1246 && x[1]< 0.24342"], "height": 0.41, "width": 1.6, "inflow_peak": 1.741}