{"nodes": 1785, "object_boundaries": ["on_boundary && x[0]>0.12648 && x[0]< 0.2942 && x[1]>0.0518 && x[1]< 0.21953"], "height": 0.41, "width": 1.6, "inflow_peak": 1.74}