{"nodes": 2078, "cells": 3942, "object_boundaries": ["on_boundary && x[0]>0.17088 && x[0]< 0.36214 && x[1]>0.1696 && x[1]< 0.36086"], "height": 0.41, "width": 1.6, "inflow_peak": 2.19}