{"nodes": 1743, "object_boundaries": ["on_boundary && x[0]>0.09925 && x[0]< 0.29138 && x[1]>0.09596 && x[1]< 0.2881"], "height": 0.41, "width": 1.6, "inflow_peak": 0.51}