{"nodes": 2151, "cells": 4080, "object_boundaries": ["on_boundary && x[0]>0.38146 && x[0]< 0.60428 && x[1]>0.10726 && x[1]< 0.33007"], "height": 0.41, "width": 1.6, "inflow_peak": 0.67}