{"nodes": 1966, "object_boundaries": ["on_boundary && x[0]>0.29366 && x[0]< 0.52093 && x[1]>0.06561 && x[1]< 0.29288"], "height": 0.41, "width": 1.6, "inflow_peak": 0.8}