{"nodes": 2017, "object_boundaries": ["on_boundary && x[0]>0.13501 && x[0]< 0.33626 && x[1]>0.06248 && x[1]< 0.26373"], "height": 0.41, "width": 1.6, "inflow_peak": 1.01}