{"nodes": 1996, "cells": 3766, "object_boundaries": ["on_boundary && x[0]>0.12236 && x[0]< 0.25591 && x[1]>0.08242 && x[1]< 0.2479"], "height": 0.41, "width": 1.6, "inflow_peak": 0.826}