{"nodes": 2043, "cells": 3863, "object_boundaries": ["on_boundary && x[0]>0.0713 && x[0]< 0.23959 && x[1]>0.08116 && x[1]< 0.17966"], "height": 0.41, "width": 1.6, "inflow_peak": 1.015}