{"nodes": 1757, "object_boundaries": ["on_boundary && x[0]>0.25196 && x[0]< 0.42697 && x[1]>0.13319 && x[1]< 0.3335"], "height": 0.41, "width": 1.6, "inflow_peak": 1.07}