{"nodes": 2238, "object_boundaries": ["on_boundary && x[0]>0.30353 && x[0]< 0.47967 && x[1]>0.08592 && x[1]< 0.2625"], "height": 0.41, "width": 1.6, "inflow_peak": 1.09}