{"nodes": 1955, "cells": 3709, "object_boundaries": ["on_boundary && x[0]>0.13687 && x[0]< 0.29772 && x[1]>0.2134 && x[1]< 0.37424"], "height": 0.41, "width": 1.6, "inflow_peak": 1.995}