{"nodes": 1816, "object_boundaries": ["on_boundary && x[0]>0.12949 && x[0]< 0.38601 && x[1]>0.1123 && x[1]< 0.36882"], "height": 0.41, "width": 1.6, "inflow_peak": 1.235}