{"nodes": 1974, "object_boundaries": ["on_boundary && x[0]>0.10213 && x[0]< 0.31355 && x[1]>0.11209 && x[1]< 0.32352"], "height": 0.41, "width": 1.6, "inflow_peak": 1.769}