{"nodes": 1727, "object_boundaries": ["on_boundary && x[0]>0.23725 && x[0]< 0.45127 && x[1]>0.0497 && x[1]< 0.26239"], "height": 0.41, "width": 1.6, "inflow_peak": 0.46}