{"nodes": 2012, "cells": 3806, "object_boundaries": ["on_boundary && x[0]>0.12692 && x[0]< 0.3417 && x[1]>0.14303 && x[1]< 0.35781"], "height": 0.41, "width": 1.6, "inflow_peak": 1.526}