{"nodes": 2013, "cells": 3808, "object_boundaries": ["on_boundary && x[0]>0.17228 && x[0]< 0.29624 && x[1]>0.05686 && x[1]< 0.18081"], "height": 0.41, "width": 1.6, "inflow_peak": 1.029}