{"nodes": 2109, "object_boundaries": ["on_boundary && x[0]>0.11518 && x[0]< 0.26842 && x[1]>0.07648 && x[1]< 0.27962"], "height": 0.41, "width": 1.6, "inflow_peak": 0.38}