{"nodes": 1872, "object_boundaries": ["on_boundary && x[0]>0.16688 && x[0]< 0.4033 && x[1]>-0.0195 && x[1]< 0.22073"], "height": 0.41, "width": 1.6, "inflow_peak": 2.06}