{"nodes": 2067, "cells": 3917, "object_boundaries": ["on_boundary && x[0]>0.36433 && x[0]< 0.45097 && x[1]>0.06031 && x[1]< 0.20942"], "height": 0.41, "width": 1.6, "inflow_peak": 1.13}