{"nodes": 1958, "cells": 3715, "object_boundaries": ["on_boundary && x[0]>0.12912 && x[0]< 0.28071 && x[1]>0.07077 && x[1]< 0.24194"], "height": 0.41, "width": 1.6, "inflow_peak": 0.86}