{"nodes": 2072, "object_boundaries": ["on_boundary && x[0]>0.19006 && x[0]< 0.34536 && x[1]>0.10461 && x[1]< 0.29208"], "height": 0.41, "width": 1.6, "inflow_peak": 1.99}