{"nodes": 2095, "object_boundaries": ["on_boundary && x[0]>0.41763 && x[0]< 0.59465 && x[1]>0.00208 && x[1]< 0.19792"], "height": 0.41, "width": 1.6, "inflow_peak": 0.53}