{"nodes": 1758, "object_boundaries": ["on_boundary && x[0]>0.34591 && x[0]< 0.53889 && x[1]>0.18579 && x[1]< 0.37229"], "height": 0.41, "width": 1.6, "inflow_peak": 2.01}