{"nodes": 1751, "object_boundaries": ["on_boundary && x[0]>0.26511 && x[0]< 0.48565 && x[1]>0.02928 && x[1]< 0.24968"], "height": 0.41, "width": 1.6, "inflow_peak": 0.82}