{"nodes": 2037, "object_boundaries": ["on_boundary && x[0]>0.35402 && x[0]< 0.56274 && x[1]>-0.00436 && x[1]< 0.20436"], "height": 0.41, "width": 1.6, "inflow_peak": 0.15}