{"nodes": 1745, "object_boundaries": ["on_boundary && x[0]>0.24925 && x[0]< 0.42941 && x[1]>0.03874 && x[1]< 0.23497"], "height": 0.41, "width": 1.6, "inflow_peak": 2.07}