{"nodes": 2096, "cells": 3982, "object_boundaries": ["on_boundary && x[0]>0.38948 && x[0]< 0.60593 && x[1]>0.10095 && x[1]< 0.25652"], "height": 0.41, "width": 1.6, "inflow_peak": 2.14}