{"nodes": 1915, "object_boundaries": ["on_boundary && x[0]>0.34759 && x[0]< 0.59817 && x[1]>0.02498 && x[1]< 0.24755"], "height": 0.41, "width": 1.6, "inflow_peak": 0.87}