{"nodes": 1947, "object_boundaries": ["on_boundary && x[0]>0.14578 && x[0]< 0.32868 && x[1]>0.06971 && x[1]< 0.32416"], "height": 0.41, "width": 1.6, "inflow_peak": 1.42}