{"nodes": 2271, "object_boundaries": ["on_boundary && x[0]>0.27058 && x[0]< 0.45165 && x[1]>0.16446 && x[1]< 0.3196"], "height": 0.41, "width": 1.6, "inflow_peak": 1.05}