{"nodes": 2110, "cells": 4000, "object_boundaries": ["on_boundary && x[0]>0.35113 && x[0]< 0.50046 && x[1]>0.11029 && x[1]< 0.22023"], "height": 0.41, "width": 1.6, "inflow_peak": 1.587}