{"nodes": 1773, "object_boundaries": ["on_boundary && x[0]>0.07034 && x[0]< 0.31217 && x[1]>0.05086 && x[1]< 0.33086"], "height": 0.41, "width": 1.6, "inflow_peak": 1.37}