{"nodes": 2058, "object_boundaries": ["on_boundary && x[0]>0.26374 && x[0]< 0.40388 && x[1]>0.04777 && x[1]< 0.23483"], "height": 0.41, "width": 1.6, "inflow_peak": 2.18}