{"nodes": 2127, "cells": 4033, "object_boundaries": ["on_boundary && x[0]>0.35843 && x[0]< 0.58311 && x[1]>0.0934 && x[1]< 0.31807"], "height": 0.41, "width": 1.6, "inflow_peak": 1.11}