{"nodes": 1711, "object_boundaries": ["on_boundary && x[0]>0.32701 && x[0]< 0.51064 && x[1]>0.11834 && x[1]< 0.30196"], "height": 0.41, "width": 1.6, "inflow_peak": 1.41}