{"nodes": 2032, "object_boundaries": ["on_boundary && x[0]>0.2719 && x[0]< 0.48251 && x[1]>0.05055 && x[1]< 0.26117"], "height": 0.41, "width": 1.6, "inflow_peak": 0.89}