{"nodes": 1704, "object_boundaries": ["on_boundary && x[0]>0.30558 && x[0]< 0.49871 && x[1]>0.07745 && x[1]< 0.27059"], "height": 0.41, "width": 1.6, "inflow_peak": 0.27}