{"nodes": 1932, "object_boundaries": ["on_boundary && x[0]>0.13733 && x[0]< 0.33954 && x[1]>0.09225 && x[1]< 0.32119"], "height": 0.41, "width": 1.6, "inflow_peak": 0.73}