{"nodes": 2114, "object_boundaries": ["on_boundary && x[0]>0.30742 && x[0]< 0.4812 && x[1]>0.0377 && x[1]< 0.24829"], "height": 0.41, "width": 1.6, "inflow_peak": 1.08}