{"nodes": 2006, "cells": 3781, "object_boundaries": ["on_boundary && x[0]>0.08907 && x[0]< 0.34132 && x[1]>-0.00951 && x[1]< 0.25031"], "height": 0.41, "width": 1.6, "inflow_peak": 0.61}