{"nodes": 1961, "cells": 3721, "object_boundaries": ["on_boundary && x[0]>0.1227 && x[0]< 0.20282 && x[1]>0.17524 && x[1]< 0.23343"], "height": 0.41, "width": 1.6, "inflow_peak": 1.109}