{"nodes": 1752, "object_boundaries": ["on_boundary && x[0]>0.12947 && x[0]< 0.30427 && x[1]>0.07223 && x[1]< 0.27557"], "height": 0.41, "width": 1.6, "inflow_peak": 1.62}