{"nodes": 1985, "object_boundaries": ["on_boundary && x[0]>0.30523 && x[0]< 0.49604 && x[1]>0.18806 && x[1]< 0.40979"], "height": 0.41, "width": 1.6, "inflow_peak": 1.72}