{"nodes": 1696, "object_boundaries": ["on_boundary && x[0]>0.29276 && x[0]< 0.48263 && x[1]>0.04527 && x[1]< 0.27444", "on_boundary && x[0]>0.68274 && x[0]< 0.93352 && x[1]>0.00866 && x[1]< 0.27728"], "height": 0.41, "width": 1.6, "inflow_peak": 1.71}