{"nodes": 2107, "cells": 4005, "object_boundaries": ["on_boundary && x[0]>0.40023 && x[0]< 0.58532 && x[1]>0.02948 && x[1]< 0.20058"], "height": 0.41, "width": 1.6, "inflow_peak": 0.82}