{"nodes": 3025, "object_boundaries": ["on_boundary && x[0]>0.15811 && x[0]< 0.30889 && x[1]>0.09189 && x[1]< 0.29408", "on_boundary && x[0]>0.67224 && x[0]< 0.9169 && x[1]>0.10667 && x[1]< 0.28478"], "height": 0.41, "width": 1.6, "inflow_peak": 1.81}