{"nodes": 1912, "object_boundaries": ["on_boundary && x[0]>0.19149 && x[0]< 0.42436 && x[1]>0.02996 && x[1]< 0.2539"], "height": 0.41, "width": 1.6, "inflow_peak": 1.16}