{"nodes": 2062, "cells": 3907, "object_boundaries": ["on_boundary && x[0]>0.1779 && x[0]< 0.2942 && x[1]>0.20559 && x[1]< 0.33368"], "height": 0.41, "width": 1.6, "inflow_peak": 0.976}