{"nodes": 1680, "object_boundaries": ["on_boundary && x[0]>0.30608 && x[0]< 0.55498 && x[1]>0.1152 && x[1]< 0.33233"], "height": 0.41, "width": 1.6, "inflow_peak": 2.06}