{"nodes": 2022, "object_boundaries": ["on_boundary && x[0]>0.35388 && x[0]< 0.50198 && x[1]>0.13897 && x[1]< 0.38926"], "height": 0.41, "width": 1.6, "inflow_peak": 0.76}