{"nodes": 1931, "cells": 3660, "object_boundaries": ["on_boundary && x[0]>0.14634 && x[0]< 0.21301 && x[1]>0.08208 && x[1]< 0.16175"], "height": 0.41, "width": 1.6, "inflow_peak": 0.923}