{"nodes": 2246, "object_boundaries": ["on_boundary && x[0]>0.3178 && x[0]< 0.51364 && x[1]>0.08702 && x[1]< 0.24651"], "height": 0.41, "width": 1.6, "inflow_peak": 1.56}