{"nodes": 2002, "object_boundaries": ["on_boundary && x[0]>0.23623 && x[0]< 0.44277 && x[1]>-0.00904 && x[1]< 0.20904"], "height": 0.41, "width": 1.6, "inflow_peak": 0.64}