{"nodes": 2117, "cells": 4019, "object_boundaries": ["on_boundary && x[0]>0.36576 && x[0]< 0.48007 && x[1]>0.15999 && x[1]< 0.27431"], "height": 0.41, "width": 1.6, "inflow_peak": 1.708}