{"nodes": 1847, "object_boundaries": ["on_boundary && x[0]>0.34244 && x[0]< 0.58983 && x[1]>0.1667 && x[1]< 0.4141"], "height": 0.41, "width": 1.6, "inflow_peak": 1.92}