{"nodes": 1723, "object_boundaries": ["on_boundary && x[0]>0.06625 && x[0]< 0.26607 && x[1]>0.05257 && x[1]< 0.25238"], "height": 0.41, "width": 1.6, "inflow_peak": 0.82}