{"nodes": 2046, "object_boundaries": ["on_boundary && x[0]>0.21183 && x[0]< 0.42406 && x[1]>0.06738 && x[1]< 0.27961"], "height": 0.41, "width": 1.6, "inflow_peak": 1.04}