{"nodes": 1684, "object_boundaries": ["on_boundary && x[0]>0.34402 && x[0]< 0.57537 && x[1]>0.17218 && x[1]< 0.38831"], "height": 0.41, "width": 1.6, "inflow_peak": 1.95}