{"nodes": 1774, "object_boundaries": ["on_boundary && x[0]>0.24862 && x[0]< 0.4081 && x[1]>0.20197 && x[1]< 0.36145"], "height": 0.41, "width": 1.6, "inflow_peak": 1.1}