{"nodes": 1739, "object_boundaries": ["on_boundary && x[0]>0.17443 && x[0]< 0.38266 && x[1]>0.09508 && x[1]< 0.30331"], "height": 0.41, "width": 1.6, "inflow_peak": 0.43}