{"nodes": 2150, "cells": 4090, "object_boundaries": ["on_boundary && x[0]>0.35932 && x[0]< 0.45133 && x[1]>0.17665 && x[1]< 0.26867"], "height": 0.41, "width": 1.6, "inflow_peak": 1.58}