{"nodes": 2047, "cells": 3876, "object_boundaries": ["on_boundary && x[0]>0.12955 && x[0]< 0.33373 && x[1]>0.00015 && x[1]< 0.20433"], "height": 0.41, "width": 1.6, "inflow_peak": 0.63}