{"nodes": 2259, "object_boundaries": ["on_boundary && x[0]>0.2927 && x[0]< 0.50389 && x[1]>0.06123 && x[1]< 0.20783"], "height": 0.41, "width": 1.6, "inflow_peak": 0.99}