{"nodes": 2071, "object_boundaries": ["on_boundary && x[0]>0.28174 && x[0]< 0.52942 && x[1]>0.10854 && x[1]< 0.30115"], "height": 0.41, "width": 1.6, "inflow_peak": 0.88}