{"nodes": 1991, "object_boundaries": ["on_boundary && x[0]>0.22909 && x[0]< 0.43929 && x[1]>0.12069 && x[1]< 0.33324"], "height": 0.41, "width": 1.6, "inflow_peak": 2.0}