{"nodes": 2118, "cells": 4014, "object_boundaries": ["on_boundary && x[0]>0.37875 && x[0]< 0.6105 && x[1]>0.12641 && x[1]< 0.34642"], "height": 0.41, "width": 1.6, "inflow_peak": 1.65}