{"nodes": 2019, "object_boundaries": ["on_boundary && x[0]>0.08628 && x[0]< 0.316 && x[1]>0.13021 && x[1]< 0.33643"], "height": 0.41, "width": 1.6, "inflow_peak": 1.52}