{"nodes": 2045, "cells": 3874, "object_boundaries": ["on_boundary && x[0]>0.30583 && x[0]< 0.37764 && x[1]>0.21387 && x[1]< 0.36897"], "height": 0.41, "width": 1.6, "inflow_peak": 2.109}