{"nodes": 2045, "cells": 3865, "object_boundaries": ["on_boundary && x[0]>0.13027 && x[0]< 0.3655 && x[1]>0.11309 && x[1]< 0.34832"], "height": 0.41, "width": 1.6, "inflow_peak": 1.029}