{"nodes": 1804, "object_boundaries": ["on_boundary && x[0]>0.16579 && x[0]< 0.42763 && x[1]>0.09151 && x[1]< 0.35336"], "height": 0.41, "width": 1.6, "inflow_peak": 1.913}