{"nodes": 2100, "object_boundaries": ["on_boundary && x[0]>0.24624 && x[0]< 0.3711 && x[1]>0.1053 && x[1]< 0.23016"], "height": 0.41, "width": 1.6, "inflow_peak": 0.337}