{"nodes": 2018, "cells": 3815, "object_boundaries": ["on_boundary && x[0]>0.18664 && x[0]< 0.31867 && x[1]>0.0676 && x[1]< 0.19963"], "height": 0.41, "width": 1.6, "inflow_peak": 0.851}