{"nodes": 1758, "object_boundaries": ["on_boundary && x[0]>0.19209 && x[0]< 0.4703 && x[1]>0.11975 && x[1]< 0.39796"], "height": 0.41, "width": 1.6, "inflow_peak": 0.86}