{"nodes": 1901, "object_boundaries": ["on_boundary && x[0]>0.06479 && x[0]< 0.19521 && x[1]>0.18179 && x[1]< 0.31222"], "height": 0.41, "width": 1.6, "inflow_peak": 0.63}