{"nodes": 2365, "object_boundaries": ["on_boundary && x[0]>0.22075 && x[0]< 0.43021 && x[1]>0.11264 && x[1]< 0.3221", "on_boundary && x[0]>0.88222 && x[0]< 1.09 && x[1]>0.07608 && x[1]< 0.28386"], "height": 0.41, "width": 1.6, "inflow_peak": 1.0}