{"nodes": 2090, "object_boundaries": ["on_boundary && x[0]>0.14997 && x[0]< 0.4031 && x[1]>0.12496 && x[1]< 0.3781", "on_boundary && x[0]>0.86957 && x[0]< 1.09383 && x[1]>0.12614 && x[1]< 0.3504"], "height": 0.41, "width": 1.6, "inflow_peak": 1.33}