{"nodes": 1929, "object_boundaries": ["on_boundary && x[0]>0.18643 && x[0]< 0.41675 && x[1]>0.1356 && x[1]< 0.36592"], "height": 0.41, "width": 1.6, "inflow_peak": 1.84}