{"nodes": 2021, "object_boundaries": ["on_boundary && x[0]>0.4231 && x[0]< 0.6369 && x[1]>0.10492 && x[1]< 0.31872"], "height": 0.41, "width": 1.6, "inflow_peak": 0.36}