{"nodes": 2010, "cells": 3792, "object_boundaries": ["on_boundary && x[0]>0.19121 && x[0]< 0.34744 && x[1]>0.02421 && x[1]< 0.18045"], "height": 0.41, "width": 1.6, "inflow_peak": 0.59}