{"nodes": 2284, "object_boundaries": ["on_boundary && x[0]>0.23369 && x[0]< 0.36994 && x[1]>0.14317 && x[1]< 0.32942"], "height": 0.41, "width": 1.6, "inflow_peak": 1.75}