{"nodes": 2051, "object_boundaries": ["on_boundary && x[0]>0.14003 && x[0]< 0.35058 && x[1]>0.19835 && x[1]< 0.37799"], "height": 0.41, "width": 1.6, "inflow_peak": 1.97}