{"nodes": 2191, "object_boundaries": ["on_boundary && x[0]>0.22515 && x[0]< 0.37239 && x[1]>0.1654 && x[1]< 0.35842"], "height": 0.41, "width": 1.6, "inflow_peak": 1.3}