{"nodes": 2227, "object_boundaries": ["on_boundary && x[0]>0.34183 && x[0]< 0.6069 && x[1]>0.16286 && x[1]< 0.40548"], "height": 0.41, "width": 1.6, "inflow_peak": 1.15}