{"nodes": 2422, "object_boundaries": ["on_boundary && x[0]>0.3905 && x[0]< 0.53555 && x[1]>0.13709 && x[1]< 0.28214"], "height": 0.41, "width": 1.6, "inflow_peak": 0.454}