{"nodes": 2126, "cells": 4023, "object_boundaries": ["on_boundary && x[0]>0.32988 && x[0]< 0.57813 && x[1]>0.06763 && x[1]< 0.31588"], "height": 0.41, "width": 1.6, "inflow_peak": 0.94}