{"nodes": 1783, "object_boundaries": ["on_boundary && x[0]>0.0164 && x[0]< 0.26995 && x[1]>0.08078 && x[1]< 0.33434"], "height": 0.41, "width": 1.6, "inflow_peak": 1.52}