{"nodes": 1879, "object_boundaries": ["on_boundary && x[0]>0.20847 && x[0]< 0.45053 && x[1]>0.13981 && x[1]< 0.38187"], "height": 0.41, "width": 1.6, "inflow_peak": 0.96}