{"nodes": 2065, "object_boundaries": ["on_boundary && x[0]>0.33469 && x[0]< 0.53619 && x[1]>0.1759 && x[1]< 0.3774"], "height": 0.41, "width": 1.6, "inflow_peak": 2.17}