{"nodes": 1940, "object_boundaries": ["on_boundary && x[0]>0.24406 && x[0]< 0.3841 && x[1]>0.06932 && x[1]< 0.20935"], "height": 0.41, "width": 1.6, "inflow_peak": 1.58}