{"nodes": 1989, "object_boundaries": ["on_boundary && x[0]>0.09447 && x[0]< 0.29506 && x[1]>0.04543 && x[1]< 0.24603"], "height": 0.41, "width": 1.6, "inflow_peak": 1.396}