{"nodes": 1993, "object_boundaries": ["on_boundary && x[0]>0.25093 && x[0]< 0.4648 && x[1]>0.13422 && x[1]< 0.34808"], "height": 0.41, "width": 1.6, "inflow_peak": 1.232}