{"nodes": 1945, "object_boundaries": ["on_boundary && x[0]>0.3881 && x[0]< 0.60614 && x[1]>-0.00902 && x[1]< 0.20902"], "height": 0.41, "width": 1.6, "inflow_peak": 1.358}