{"nodes": 2122, "cells": 4015, "object_boundaries": ["on_boundary && x[0]>0.3678 && x[0]< 0.61732 && x[1]>0.07669 && x[1]< 0.32621"], "height": 0.41, "width": 1.6, "inflow_peak": 1.439}