{"nodes": 1961, "cells": 3720, "object_boundaries": ["on_boundary && x[0]>0.15507 && x[0]< 0.22997 && x[1]>0.22483 && x[1]< 0.29974"], "height": 0.41, "width": 1.6, "inflow_peak": 1.666}