{"nodes": 1773, "object_boundaries": ["on_boundary && x[0]>0.03976 && x[0]< 0.29663 && x[1]>0.06666 && x[1]< 0.32354"], "height": 0.41, "width": 1.6, "inflow_peak": 1.899}