{"nodes": 2013, "object_boundaries": ["on_boundary && x[0]>0.19793 && x[0]< 0.37674 && x[1]>0.10679 && x[1]< 0.34171"], "height": 0.41, "width": 1.6, "inflow_peak": 0.9}