{"nodes": 2055, "object_boundaries": ["on_boundary && x[0]>0.32117 && x[0]< 0.53236 && x[1]>0.02693 && x[1]< 0.22079"], "height": 0.41, "width": 1.6, "inflow_peak": 0.97}