{"nodes": 1908, "object_boundaries": ["on_boundary && x[0]>0.14564 && x[0]< 0.33211 && x[1]>0.02839 && x[1]< 0.28701"], "height": 0.41, "width": 1.6, "inflow_peak": 1.37}