{"nodes": 2235, "object_boundaries": ["on_boundary && x[0]>0.35418 && x[0]< 0.51118 && x[1]>0.21134 && x[1]< 0.36835"], "height": 0.41, "width": 1.6, "inflow_peak": 0.62}