{"nodes": 1818, "object_boundaries": ["on_boundary && x[0]>0.27018 && x[0]< 0.53207 && x[1]>0.07234 && x[1]< 0.33423"], "height": 0.41, "width": 1.6, "inflow_peak": 0.15}