{"nodes": 2039, "cells": 3872, "object_boundaries": ["on_boundary && x[0]>0.21478 && x[0]< 0.39504 && x[1]>0.16201 && x[1]< 0.34228"], "height": 0.41, "width": 1.6, "inflow_peak": 0.76}