{"nodes": 2018, "cells": 3832, "object_boundaries": ["on_boundary && x[0]>0.30429 && x[0]< 0.38503 && x[1]>0.12585 && x[1]< 0.20659"], "height": 0.41, "width": 1.6, "inflow_peak": 0.351}