{"nodes": 1949, "object_boundaries": ["on_boundary && x[0]>0.0875 && x[0]< 0.29761 && x[1]>0.05984 && x[1]< 0.26994"], "height": 0.41, "width": 1.6, "inflow_peak": 0.5}