{"nodes": 1986, "cells": 3751, "object_boundaries": ["on_boundary && x[0]>0.09033 && x[0]< 0.22495 && x[1]>0.136 && x[1]< 0.27061"], "height": 0.41, "width": 1.6, "inflow_peak": 0.429}