{"nodes": 2303, "object_boundaries": ["on_boundary && x[0]>0.37822 && x[0]< 0.52105 && x[1]>0.03727 && x[1]< 0.1801"], "height": 0.41, "width": 1.6, "inflow_peak": 1.992}