{"nodes": 2012, "cells": 3808, "object_boundaries": ["on_boundary && x[0]>0.16922 && x[0]< 0.37665 && x[1]>0.00395 && x[1]< 0.21139"], "height": 0.41, "width": 1.6, "inflow_peak": 0.839}