{"nodes": 1985, "cells": 3761, "object_boundaries": ["on_boundary && x[0]>0.18731 && x[0]< 0.2832 && x[1]>0.08442 && x[1]< 0.18032"], "height": 0.41, "width": 1.6, "inflow_peak": 1.347}