{"nodes": 2066, "cells": 3901, "object_boundaries": ["on_boundary && x[0]>0.16059 && x[0]< 0.41427 && x[1]>0.02692 && x[1]< 0.2806"], "height": 0.41, "width": 1.6, "inflow_peak": 0.92}