{"nodes": 1991, "object_boundaries": ["on_boundary && x[0]>0.16471 && x[0]< 0.37299 && x[1]>0.05947 && x[1]< 0.26775"], "height": 0.41, "width": 1.6, "inflow_peak": 1.185}