{"nodes": 2094, "cells": 3963, "object_boundaries": ["on_boundary && x[0]>0.24679 && x[0]< 0.39118 && x[1]>0.14581 && x[1]< 0.2902"], "height": 0.41, "width": 1.6, "inflow_peak": 1.033}