{"nodes": 1964, "cells": 3730, "object_boundaries": ["on_boundary && x[0]>0.11839 && x[0]< 0.26867 && x[1]>0.08815 && x[1]< 0.23843"], "height": 0.41, "width": 1.6, "inflow_peak": 1.48}