{"nodes": 1955, "object_boundaries": ["on_boundary && x[0]>0.36391 && x[0]< 0.5938 && x[1]>0.07406 && x[1]< 0.30395"], "height": 0.41, "width": 1.6, "inflow_peak": 0.52}