{"nodes": 2008, "object_boundaries": ["on_boundary && x[0]>0.25751 && x[0]< 0.45977 && x[1]>0.0089 && x[1]< 0.21117"], "height": 0.41, "width": 1.6, "inflow_peak": 2.21}