{"nodes": 2001, "cells": 3801, "object_boundaries": ["on_boundary && x[0]>0.18826 && x[0]< 0.27713 && x[1]>0.2226 && x[1]< 0.27457"], "height": 0.41, "width": 1.6, "inflow_peak": 1.492}