{"nodes": 2570, "cells": 4872, "object_boundaries": ["on_boundary && x[0]>0.33499 && x[0]< 0.50874 && x[1]>0.16136 && x[1]< 0.39149", "on_boundary && x[0]>0.84971 && x[0]< 1.12996 && x[1]>0.17406 && x[1]< 0.42891"], "height": 0.41, "width": 1.6, "inflow_peak": 1.25}