{"nodes": 1718, "object_boundaries": ["on_boundary && x[0]>0.29858 && x[0]< 0.48929 && x[1]>0.0257 && x[1]< 0.22642"], "height": 0.41, "width": 1.6, "inflow_peak": 1.41}