{"nodes": 2098, "object_boundaries": ["on_boundary && x[0]>0.27439 && x[0]< 0.45628 && x[1]>0.0263 && x[1]< 0.22103"], "height": 0.41, "width": 1.6, "inflow_peak": 2.14}