{"nodes": 1744, "object_boundaries": ["on_boundary && x[0]>0.08107 && x[0]< 0.27066 && x[1]>0.09156 && x[1]< 0.27682"], "height": 0.41, "width": 1.6, "inflow_peak": 0.75}