{"nodes": 1882, "object_boundaries": ["on_boundary && x[0]>0.27738 && x[0]< 0.52159 && x[1]>0.02676 && x[1]< 0.27097"], "height": 0.41, "width": 1.6, "inflow_peak": 1.893}