{"nodes": 2171, "object_boundaries": ["on_boundary && x[0]>0.17826 && x[0]< 0.34992 && x[1]>0.09248 && x[1]< 0.26413"], "height": 0.41, "width": 1.6, "inflow_peak": 1.052}