{"nodes": 2135, "object_boundaries": ["on_boundary && x[0]>0.27445 && x[0]< 0.45342 && x[1]>0.19477 && x[1]< 0.37374"], "height": 0.41, "width": 1.6, "inflow_peak": 1.428}