{"nodes": 2022, "cells": 3844, "object_boundaries": ["on_boundary && x[0]>0.43531 && x[0]< 0.50349 && x[1]>0.17805 && x[1]< 0.24622"], "height": 0.41, "width": 1.6, "inflow_peak": 1.69}