{"nodes": 2017, "object_boundaries": ["on_boundary && x[0]>0.2237 && x[0]< 0.43271 && x[1]>0.15776 && x[1]< 0.36677"], "height": 0.41, "width": 1.6, "inflow_peak": 0.622}