{"nodes": 1878, "object_boundaries": ["on_boundary && x[0]>0.08535 && x[0]< 0.32007 && x[1]>0.129 && x[1]< 0.36372"], "height": 0.41, "width": 1.6, "inflow_peak": 2.191}