{"nodes": 2126, "object_boundaries": ["on_boundary && x[0]>0.23313 && x[0]< 0.4183 && x[1]>0.03289 && x[1]< 0.21806"], "height": 0.41, "width": 1.6, "inflow_peak": 1.709}