{"nodes": 2072, "cells": 3923, "object_boundaries": ["on_boundary && x[0]>0.11778 && x[0]< 0.33919 && x[1]>0.07434 && x[1]< 0.29695"], "height": 0.41, "width": 1.6, "inflow_peak": 1.21}