{"nodes": 2141, "cells": 4057, "object_boundaries": ["on_boundary && x[0]>0.1706 && x[0]< 0.32942 && x[1]>0.16098 && x[1]< 0.2646"], "height": 0.41, "width": 1.6, "inflow_peak": 0.558}