{"nodes": 1925, "object_boundaries": ["on_boundary && x[0]>0.24783 && x[0]< 0.42603 && x[1]>0.05033 && x[1]< 0.31937"], "height": 0.41, "width": 1.6, "inflow_peak": 1.21}