{"nodes": 2015, "cells": 3803, "object_boundaries": ["on_boundary && x[0]>0.07004 && x[0]< 0.21296 && x[1]>0.04177 && x[1]< 0.1831"], "height": 0.41, "width": 1.6, "inflow_peak": 0.577}