{"nodes": 1701, "object_boundaries": ["on_boundary && x[0]>0.14133 && x[0]< 0.33849 && x[1]>0.01433 && x[1]< 0.21343"], "height": 0.41, "width": 1.6, "inflow_peak": 1.97}