{"nodes": 2052, "object_boundaries": ["on_boundary && x[0]>0.14677 && x[0]< 0.34096 && x[1]>0.0554 && x[1]< 0.2496"], "height": 0.41, "width": 1.6, "inflow_peak": 2.102}