{"nodes": 1935, "object_boundaries": ["on_boundary && x[0]>0.36278 && x[0]< 0.59605 && x[1]>0.07025 && x[1]< 0.30352"], "height": 0.41, "width": 1.6, "inflow_peak": 0.607}