{"nodes": 2075, "cells": 3922, "object_boundaries": ["on_boundary && x[0]>0.21937 && x[0]< 0.46315 && x[1]>0.15458 && x[1]< 0.39836"], "height": 0.41, "width": 1.6, "inflow_peak": 1.54}