{"nodes": 1916, "object_boundaries": ["on_boundary && x[0]>0.10008 && x[0]< 0.32236 && x[1]>0.07713 && x[1]< 0.29941"], "height": 0.41, "width": 1.6, "inflow_peak": 2.04}