{"nodes": 2024, "cells": 3822, "object_boundaries": ["on_boundary && x[0]>0.16947 && x[0]< 0.31308 && x[1]>0.06442 && x[1]< 0.2177"], "height": 0.41, "width": 1.6, "inflow_peak": 1.912}