{"nodes": 2051, "cells": 3883, "object_boundaries": ["on_boundary && x[0]>0.27814 && x[0]< 0.5037 && x[1]>0.01098 && x[1]< 0.22131"], "height": 0.41, "width": 1.6, "inflow_peak": 1.94}