{"nodes": 2108, "object_boundaries": ["on_boundary && x[0]>0.36134 && x[0]< 0.53869 && x[1]>0.10466 && x[1]< 0.30408"], "height": 0.41, "width": 1.6, "inflow_peak": 1.19}