{"nodes": 2034, "cells": 3866, "object_boundaries": ["on_boundary && x[0]>0.2982 && x[0]< 0.37161 && x[1]>0.24433 && x[1]< 0.31775"], "height": 0.41, "width": 1.6, "inflow_peak": 2.184}