{"nodes": 2057, "cells": 3896, "object_boundaries": ["on_boundary && x[0]>0.11478 && x[0]< 0.32444 && x[1]>0.03925 && x[1]< 0.25053"], "height": 0.41, "width": 1.6, "inflow_peak": 2.18}