{"nodes": 2040, "object_boundaries": ["on_boundary && x[0]>0.16622 && x[0]< 0.36679 && x[1]>0.12985 && x[1]< 0.33042"], "height": 0.41, "width": 1.6, "inflow_peak": 1.673}