{"nodes": 2116, "cells": 4009, "object_boundaries": ["on_boundary && x[0]>0.36948 && x[0]< 0.59929 && x[1]>0.07942 && x[1]< 0.30924"], "height": 0.41, "width": 1.6, "inflow_peak": 0.355}