{"nodes": 2083, "object_boundaries": ["on_boundary && x[0]>0.13748 && x[0]< 0.32367 && x[1]>0.06396 && x[1]< 0.25014"], "height": 0.41, "width": 1.6, "inflow_peak": 1.538}