{"nodes": 2049, "object_boundaries": ["on_boundary && x[0]>0.34268 && x[0]< 0.54819 && x[1]>0.16714 && x[1]< 0.37265"], "height": 0.41, "width": 1.6, "inflow_peak": 1.016}