{"nodes": 2105, "cells": 3989, "object_boundaries": ["on_boundary && x[0]>0.31464 && x[0]< 0.44912 && x[1]>0.13982 && x[1]< 0.27431"], "height": 0.41, "width": 1.6, "inflow_peak": 0.849}