{"nodes": 2240, "object_boundaries": ["on_boundary && x[0]>0.37692 && x[0]< 0.552 && x[1]>0.13298 && x[1]< 0.30806"], "height": 0.41, "width": 1.6, "inflow_peak": 1.508}