{"nodes": 2004, "object_boundaries": ["on_boundary && x[0]>0.16976 && x[0]< 0.34597 && x[1]>0.10098 && x[1]< 0.33656"], "height": 0.41, "width": 1.6, "inflow_peak": 1.85}