{"nodes": 1893, "object_boundaries": ["on_boundary && x[0]>0.12648 && x[0]< 0.34134 && x[1]>0.02729 && x[1]< 0.27119"], "height": 0.41, "width": 1.6, "inflow_peak": 0.9}