{"nodes": 2081, "object_boundaries": ["on_boundary && x[0]>0.26292 && x[0]< 0.47831 && x[1]>0.07745 && x[1]< 0.27016"], "height": 0.41, "width": 1.6, "inflow_peak": 0.67}