{"nodes": 2073, "object_boundaries": ["on_boundary && x[0]>0.13585 && x[0]< 0.4132 && x[1]>0.13537 && x[1]< 0.41272"], "height": 0.41, "width": 1.6, "inflow_peak": 1.653}