{"nodes": 1995, "cells": 3781, "object_boundaries": ["on_boundary && x[0]>0.21169 && x[0]< 0.39906 && x[1]>0.01371 && x[1]< 0.20108"], "height": 0.41, "width": 1.6, "inflow_peak": 1.407}