{"nodes": 2234, "object_boundaries": ["on_boundary && x[0]>0.214 && x[0]< 0.38287 && x[1]>0.20819 && x[1]< 0.37707"], "height": 0.41, "width": 1.6, "inflow_peak": 1.492}