{"nodes": 2054, "object_boundaries": ["on_boundary && x[0]>0.30562 && x[0]< 0.51333 && x[1]>0.13587 && x[1]< 0.34357"], "height": 0.41, "width": 1.6, "inflow_peak": 0.91}