{"nodes": 2104, "cells": 3978, "object_boundaries": ["on_boundary && x[0]>0.27993 && x[0]< 0.44097 && x[1]>0.19262 && x[1]< 0.35365"], "height": 0.41, "width": 1.6, "inflow_peak": 1.786}