{"nodes": 1680, "object_boundaries": ["on_boundary && x[0]>0.23102 && x[0]< 0.45923 && x[1]>0.15539 && x[1]< 0.37272"], "height": 0.41, "width": 1.6, "inflow_peak": 1.85}