{"nodes": 1995, "object_boundaries": ["on_boundary && x[0]>0.20849 && x[0]< 0.39629 && x[1]>0.10159 && x[1]< 0.28939"], "height": 0.41, "width": 1.6, "inflow_peak": 0.7}