{"nodes": 1924, "object_boundaries": ["on_boundary && x[0]>0.03752 && x[0]< 0.25271 && x[1]>0.02524 && x[1]< 0.24042"], "height": 0.41, "width": 1.6, "inflow_peak": 1.197}