{"nodes": 1901, "object_boundaries": ["on_boundary && x[0]>0.35614 && x[0]< 0.59455 && x[1]>0.02241 && x[1]< 0.26082"], "height": 0.41, "width": 1.6, "inflow_peak": 1.747}