{"nodes": 1919, "object_boundaries": ["on_boundary && x[0]>0.32824 && x[0]< 0.4874 && x[1]>0.16194 && x[1]< 0.3211"], "height": 0.41, "width": 1.6, "inflow_peak": 1.577}