{"nodes": 1703, "object_boundaries": ["on_boundary && x[0]>0.34444 && x[0]< 0.58688 && x[1]>-0.01285 && x[1]< 0.25153"], "height": 0.41, "width": 1.6, "inflow_peak": 2.21}