{"nodes": 1668, "object_boundaries": ["on_boundary && x[0]>0.26691 && x[0]< 0.48529 && x[1]>0.07477 && x[1]< 0.30891"], "height": 0.41, "width": 1.6, "inflow_peak": 0.59}