{"nodes": 2005, "cells": 3804, "object_boundaries": ["on_boundary && x[0]>0.10504 && x[0]< 0.28177 && x[1]>0.11842 && x[1]< 0.29516"], "height": 0.41, "width": 1.6, "inflow_peak": 2.03}