{"nodes": 1790, "object_boundaries": ["on_boundary && x[0]>0.28299 && x[0]< 0.43653 && x[1]>0.0974 && x[1]< 0.25094"], "height": 0.41, "width": 1.6, "inflow_peak": 0.89}