{"nodes": 2059, "cells": 3896, "object_boundaries": ["on_boundary && x[0]>0.19252 && x[0]< 0.42348 && x[1]>0.16077 && x[1]< 0.38482"], "height": 0.41, "width": 1.6, "inflow_peak": 0.8}