{"nodes": 1975, "object_boundaries": ["on_boundary && x[0]>0.25741 && x[0]< 0.47524 && x[1]>0.02196 && x[1]< 0.23521"], "height": 0.41, "width": 1.6, "inflow_peak": 1.39}