{"nodes": 2181, "object_boundaries": ["on_boundary && x[0]>0.25533 && x[0]< 0.4542 && x[1]>0.07849 && x[1]< 0.249"], "height": 0.41, "width": 1.6, "inflow_peak": 1.22}