{"nodes": 2146, "object_boundaries": ["on_boundary && x[0]>0.11426 && x[0]< 0.26666 && x[1]>0.03199 && x[1]< 0.2031"], "height": 0.41, "width": 1.6, "inflow_peak": 2.05}