{"nodes": 1982, "cells": 3758, "object_boundaries": ["on_boundary && x[0]>0.13088 && x[0]< 0.30824 && x[1]>0.10752 && x[1]< 0.28488"], "height": 0.41, "width": 1.6, "inflow_peak": 1.372}