{"nodes": 1995, "cells": 3787, "object_boundaries": ["on_boundary && x[0]>0.20204 && x[0]< 0.27972 && x[1]>0.15096 && x[1]< 0.22865"], "height": 0.41, "width": 1.6, "inflow_peak": 1.188}