{"nodes": 1912, "object_boundaries": ["on_boundary && x[0]>0.18531 && x[0]< 0.41551 && x[1]>0.05714 && x[1]< 0.28733"], "height": 0.41, "width": 1.6, "inflow_peak": 0.855}