{"nodes": 2078, "object_boundaries": ["on_boundary && x[0]>0.24654 && x[0]< 0.44718 && x[1]>0.10942 && x[1]< 0.31006"], "height": 0.41, "width": 1.6, "inflow_peak": 1.791}