{"nodes": 2028, "cells": 3839, "object_boundaries": ["on_boundary && x[0]>0.16274 && x[0]< 0.37282 && x[1]>0.18042 && x[1]< 0.3905"], "height": 0.41, "width": 1.6, "inflow_peak": 1.849}