{"nodes": 1934, "object_boundaries": ["on_boundary && x[0]>0.0757 && x[0]< 0.2877 && x[1]>0.05062 && x[1]< 0.26263"], "height": 0.41, "width": 1.6, "inflow_peak": 1.045}