{"nodes": 2027, "cells": 3842, "object_boundaries": ["on_boundary && x[0]>0.31813 && x[0]< 0.42229 && x[1]>0.19942 && x[1]< 0.30359"], "height": 0.41, "width": 1.6, "inflow_peak": 2.172}