{"nodes": 2279, "object_boundaries": ["on_boundary && x[0]>0.27922 && x[0]< 0.44722 && x[1]>0.12132 && x[1]< 0.28932"], "height": 0.41, "width": 1.6, "inflow_peak": 0.969}