{"nodes": 2105, "object_boundaries": ["on_boundary && x[0]>0.29121 && x[0]< 0.48473 && x[1]>0.05826 && x[1]< 0.25178"], "height": 0.41, "width": 1.6, "inflow_peak": 0.15}