{"nodes": 2132, "object_boundaries": ["on_boundary && x[0]>0.26858 && x[0]< 0.45325 && x[1]>0.0975 && x[1]< 0.28217"], "height": 0.41, "width": 1.6, "inflow_peak": 2.35}