{"nodes": 1942, "object_boundaries": ["on_boundary && x[0]>0.0456 && x[0]< 0.25674 && x[1]>0.11189 && x[1]< 0.32303"], "height": 0.41, "width": 1.6, "inflow_peak": 0.528}