{"nodes": 2138, "object_boundaries": ["on_boundary && x[0]>0.30993 && x[0]< 0.5036 && x[1]>0.09095 && x[1]< 0.28463"], "height": 0.41, "width": 1.6, "inflow_peak": 1.99}