{"nodes": 2029, "object_boundaries": ["on_boundary && x[0]>0.31475 && x[0]< 0.54004 && x[1]>0.08093 && x[1]< 0.30622"], "height": 0.41, "width": 1.6, "inflow_peak": 1.66}