{"nodes": 2170, "object_boundaries": ["on_boundary && x[0]>0.21894 && x[0]< 0.37238 && x[1]>0.08257 && x[1]< 0.27857"], "height": 0.41, "width": 1.6, "inflow_peak": 1.8}