{"nodes": 2541, "cells": 4828, "object_boundaries": ["on_boundary && x[0]>0.17631 && x[0]< 0.25914 && x[1]>0.14901 && x[1]< 0.24028", "on_boundary && x[0]>0.80522 && x[0]< 0.95503 && x[1]>0.08039 && x[1]< 0.2386"], "height": 0.41, "width": 1.6, "inflow_peak": 1.048}