{"nodes": 2134, "object_boundaries": ["on_boundary && x[0]>0.0654 && x[0]< 0.31327 && x[1]>0.02053 && x[1]< 0.25775", "on_boundary && x[0]>0.64003 && x[0]< 0.89705 && x[1]>0.13593 && x[1]< 0.35253"], "height": 0.41, "width": 1.6, "inflow_peak": 0.29}