{"nodes": 2309, "object_boundaries": ["on_boundary && x[0]>0.20051 && x[0]< 0.3811 && x[1]>0.0494 && x[1]< 0.19858"], "height": 0.41, "width": 1.6, "inflow_peak": 2.09}