{"nodes": 2065, "cells": 3925, "object_boundaries": ["on_boundary && x[0]>0.45382 && x[0]< 0.51439 && x[1]>0.14622 && x[1]< 0.24957"], "height": 0.41, "width": 1.6, "inflow_peak": 0.778}