{"nodes": 1919, "object_boundaries": ["on_boundary && x[0]>0.09302 && x[0]< 0.31695 && x[1]>0.03878 && x[1]< 0.26272"], "height": 0.41, "width": 1.6, "inflow_peak": 1.14}