{"nodes": 1992, "cells": 3780, "object_boundaries": ["on_boundary && x[0]>0.13307 && x[0]< 0.3029 && x[1]>0.09825 && x[1]< 0.26808"], "height": 0.41, "width": 1.6, "inflow_peak": 0.82}