{"nodes": 1701, "object_boundaries": ["on_boundary && x[0]>0.12615 && x[0]< 0.31749 && x[1]>0.19613 && x[1]< 0.38747"], "height": 0.41, "width": 1.6, "inflow_peak": 1.04}