{"nodes": 2043, "cells": 3872, "object_boundaries": ["on_boundary && x[0]>0.26399 && x[0]< 0.37665 && x[1]>0.2304 && x[1]< 0.34006"], "height": 0.41, "width": 1.6, "inflow_peak": 0.662}