{"nodes": 2085, "object_boundaries": ["on_boundary && x[0]>0.12534 && x[0]< 0.30742 && x[1]>0.09208 && x[1]< 0.36617"], "height": 0.41, "width": 1.6, "inflow_peak": 1.71}