{"nodes": 2006, "object_boundaries": ["on_boundary && x[0]>0.28219 && x[0]< 0.456 && x[1]>-0.02368 && x[1]< 0.23295"], "height": 0.41, "width": 1.6, "inflow_peak": 0.87}