{"nodes": 2053, "object_boundaries": ["on_boundary && x[0]>0.08345 && x[0]< 0.28981 && x[1]>0.15179 && x[1]< 0.3285"], "height": 0.41, "width": 1.6, "inflow_peak": 0.34}