{"nodes": 2395, "cells": 4545, "object_boundaries": ["on_boundary && x[0]>0.1038 && x[0]< 0.34447 && x[1]>0.16368 && x[1]< 0.40435", "on_boundary && x[0]>0.8547 && x[0]< 1.01734 && x[1]>0.09884 && x[1]< 0.26147"], "height": 0.41, "width": 1.6, "inflow_peak": 0.88}