{"nodes": 1940, "object_boundaries": ["on_boundary && x[0]>0.17934 && x[0]< 0.40595 && x[1]>0.07053 && x[1]< 0.29714"], "height": 0.41, "width": 1.6, "inflow_peak": 1.33}