{"nodes": 2356, "cells": 4455, "object_boundaries": ["on_boundary && x[0]>0.42106 && x[0]< 0.53972 && x[1]>0.19797 && x[1]< 0.31663", "on_boundary && x[0]>0.61858 && x[0]< 0.76489 && x[1]>0.11588 && x[1]< 0.26219"], "height": 0.41, "width": 1.6, "inflow_peak": 1.078}