{"nodes": 2242, "object_boundaries": ["on_boundary && x[0]>0.26567 && x[0]< 0.43281 && x[1]>0.11315 && x[1]< 0.28029"], "height": 0.41, "width": 1.6, "inflow_peak": 2.2}