{"nodes": 1824, "object_boundaries": ["on_boundary && x[0]>0.17943 && x[0]< 0.43567 && x[1]>0.11734 && x[1]< 0.37358"], "height": 0.41, "width": 1.6, "inflow_peak": 0.43}