{"nodes": 1774, "object_boundaries": ["on_boundary && x[0]>0.34391 && x[0]< 0.51987 && x[1]>0.08106 && x[1]< 0.23117"], "height": 0.41, "width": 1.6, "inflow_peak": 0.85}