{"nodes": 2161, "cells": 4097, "object_boundaries": ["on_boundary && x[0]>0.2088 && x[0]< 0.42871 && x[1]>0.09493 && x[1]< 0.32694"], "height": 0.41, "width": 1.6, "inflow_peak": 0.83}