{"nodes": 1705, "object_boundaries": ["on_boundary && x[0]>0.04361 && x[0]< 0.25824 && x[1]>0.11781 && x[1]< 0.35535"], "height": 0.41, "width": 1.6, "inflow_peak": 1.02}