{"nodes": 1745, "object_boundaries": ["on_boundary && x[0]>0.12233 && x[0]< 0.28172 && x[1]>0.15578 && x[1]< 0.31518"], "height": 0.41, "width": 1.6, "inflow_peak": 0.79}