{"nodes": 2081, "cells": 3944, "object_boundaries": ["on_boundary && x[0]>0.11443 && x[0]< 0.31519 && x[1]>0.05402 && x[1]< 0.26318"], "height": 0.41, "width": 1.6, "inflow_peak": 0.44}