{"nodes": 2125, "cells": 4028, "object_boundaries": ["on_boundary && x[0]>0.29487 && x[0]< 0.4128 && x[1]>0.23412 && x[1]< 0.35205"], "height": 0.41, "width": 1.6, "inflow_peak": 0.664}