{"nodes": 2073, "cells": 3925, "object_boundaries": ["on_boundary && x[0]>0.20444 && x[0]< 0.42834 && x[1]>0.06811 && x[1]< 0.29201"], "height": 0.41, "width": 1.6, "inflow_peak": 1.908}