{"nodes": 1881, "object_boundaries": ["on_boundary && x[0]>0.0717 && x[0]< 0.30395 && x[1]>0.05996 && x[1]< 0.29221"], "height": 0.41, "width": 1.6, "inflow_peak": 1.147}