{"nodes": 1914, "object_boundaries": ["on_boundary && x[0]>0.2118 && x[0]< 0.44277 && x[1]>0.02087 && x[1]< 0.25183"], "height": 0.41, "width": 1.6, "inflow_peak": 1.467}