{"nodes": 1953, "object_boundaries": ["on_boundary && x[0]>0.38047 && x[0]< 0.56744 && x[1]>0.16714 && x[1]< 0.35412"], "height": 0.41, "width": 1.6, "inflow_peak": 0.98}