{"nodes": 2053, "cells": 3892, "object_boundaries": ["on_boundary && x[0]>0.43251 && x[0]< 0.54536 && x[1]>0.22033 && x[1]< 0.33318"], "height": 0.41, "width": 1.6, "inflow_peak": 2.126}