{"nodes": 1940, "object_boundaries": ["on_boundary && x[0]>0.18461 && x[0]< 0.4103 && x[1]>0.10066 && x[1]< 0.32634"], "height": 0.41, "width": 1.6, "inflow_peak": 1.255}