{"nodes": 1967, "object_boundaries": ["on_boundary && x[0]>0.32857 && x[0]< 0.4767 && x[1]>0.07883 && x[1]< 0.22695"], "height": 0.41, "width": 1.6, "inflow_peak": 1.24}