{"nodes": 1956, "object_boundaries": ["on_boundary && x[0]>0.24797 && x[0]< 0.46817 && x[1]>0.03722 && x[1]< 0.25742"], "height": 0.41, "width": 1.6, "inflow_peak": 1.48}