{"nodes": 2143, "object_boundaries": ["on_boundary && x[0]>0.22871 && x[0]< 0.50762 && x[1]>0.06579 && x[1]< 0.34469"], "height": 0.41, "width": 1.6, "inflow_peak": 0.87}