{"nodes": 2241, "object_boundaries": ["on_boundary && x[0]>0.19206 && x[0]< 0.3524 && x[1]>0.05053 && x[1]< 0.21087"], "height": 0.41, "width": 1.6, "inflow_peak": 2.0}