{"nodes": 1960, "object_boundaries": ["on_boundary && x[0]>0.08102 && x[0]< 0.29626 && x[1]>0.11116 && x[1]< 0.32639"], "height": 0.41, "width": 1.6, "inflow_peak": 2.029}