{"nodes": 1868, "object_boundaries": ["on_boundary && x[0]>0.09309 && x[0]< 0.32727 && x[1]>0.00045 && x[1]< 0.23462"], "height": 0.41, "width": 1.6, "inflow_peak": 1.097}