{"nodes": 1889, "object_boundaries": ["on_boundary && x[0]>0.27595 && x[0]< 0.51504 && x[1]>0.17512 && x[1]< 0.41421"], "height": 0.41, "width": 1.6, "inflow_peak": 0.383}