{"nodes": 1949, "object_boundaries": ["on_boundary && x[0]>0.28436 && x[0]< 0.5034 && x[1]>0.01277 && x[1]< 0.23181"], "height": 0.41, "width": 1.6, "inflow_peak": 2.014}