{"nodes": 2071, "object_boundaries": ["on_boundary && x[0]>0.27042 && x[0]< 0.48713 && x[1]>0.11722 && x[1]< 0.31115"], "height": 0.41, "width": 1.6, "inflow_peak": 0.15}