{"nodes": 2150, "object_boundaries": ["on_boundary && x[0]>0.3788 && x[0]< 0.61167 && x[1]>0.18783 && x[1]< 0.34374"], "height": 0.41, "width": 1.6, "inflow_peak": 0.63}