{"nodes": 2133, "object_boundaries": ["on_boundary && x[0]>0.23762 && x[0]< 0.40411 && x[1]>0.09582 && x[1]< 0.29197"], "height": 0.41, "width": 1.6, "inflow_peak": 1.74}