{"nodes": 2100, "object_boundaries": ["on_boundary && x[0]>0.19803 && x[0]< 0.37905 && x[1]>0.07496 && x[1]< 0.2879"], "height": 0.41, "width": 1.6, "inflow_peak": 1.29}