{"nodes": 1713, "object_boundaries": ["on_boundary && x[0]>0.16951 && x[0]< 0.38828 && x[1]>0.01921 && x[1]< 0.21488"], "height": 0.41, "width": 1.6, "inflow_peak": 1.93}