{"nodes": 2077, "cells": 3936, "object_boundaries": ["on_boundary && x[0]>0.35725 && x[0]< 0.47959 && x[1]>0.04746 && x[1]< 0.17453"], "height": 0.41, "width": 1.6, "inflow_peak": 2.126}