{"nodes": 2101, "object_boundaries": ["on_boundary && x[0]>0.35225 && x[0]< 0.59869 && x[1]>0.11652 && x[1]< 0.30399"], "height": 0.41, "width": 1.6, "inflow_peak": 1.38}