{"nodes": 2087, "object_boundaries": ["on_boundary && x[0]>0.13654 && x[0]< 0.30781 && x[1]>0.1137 && x[1]< 0.3212"], "height": 0.41, "width": 1.6, "inflow_peak": 1.24}