{"nodes": 1995, "object_boundaries": ["on_boundary && x[0]>0.23749 && x[0]< 0.4208 && x[1]>0.14403 && x[1]< 0.33507"], "height": 0.41, "width": 1.6, "inflow_peak": 1.74}