{"nodes": 2104, "cells": 3971, "object_boundaries": ["on_boundary && x[0]>0.08044 && x[0]< 0.31074 && x[1]>0.03339 && x[1]< 0.34548"], "height": 0.41, "width": 1.6, "inflow_peak": 2.1}