{"nodes": 2639, "cells": 5037, "object_boundaries": ["on_boundary && x[0]>0.23601 && x[0]< 0.36048 && x[1]>0.15277 && x[1]< 0.25731", "on_boundary && x[0]>0.78155 && x[0]< 0.85774 && x[1]>0.22732 && x[1]< 0.31238"], "height": 0.41, "width": 1.6, "inflow_peak": 1.556}