{"nodes": 1729, "object_boundaries": ["on_boundary && x[0]>0.15571 && x[0]< 0.3509 && x[1]>0.04911 && x[1]< 0.24117"], "height": 0.41, "width": 1.6, "inflow_peak": 2.03}