{"nodes": 2029, "object_boundaries": ["on_boundary && x[0]>0.12112 && x[0]< 0.3284 && x[1]>0.12882 && x[1]< 0.30595", "on_boundary && x[0]>0.73558 && x[0]< 0.95845 && x[1]>0.1025 && x[1]< 0.3237"], "height": 0.41, "width": 1.6, "inflow_peak": 1.32}