{"nodes": 1716, "object_boundaries": ["on_boundary && x[0]>0.24682 && x[0]< 0.45816 && x[1]>0.02429 && x[1]< 0.26172"], "height": 0.41, "width": 1.6, "inflow_peak": 1.21}