{"nodes": 1961, "object_boundaries": ["on_boundary && x[0]>0.15704 && x[0]< 0.39143 && x[1]>0.13859 && x[1]< 0.34901"], "height": 0.41, "width": 1.6, "inflow_peak": 0.99}