{"nodes": 2082, "object_boundaries": ["on_boundary && x[0]>0.22577 && x[0]< 0.38331 && x[1]>0.11537 && x[1]< 0.34322"], "height": 0.41, "width": 1.6, "inflow_peak": 1.17}