{"nodes": 1669, "object_boundaries": ["on_boundary && x[0]>0.33716 && x[0]< 0.56148 && x[1]>0.09619 && x[1]< 0.32755"], "height": 0.41, "width": 1.6, "inflow_peak": 0.28}