{"nodes": 1774, "object_boundaries": ["on_boundary && x[0]>0.25011 && x[0]< 0.41736 && x[1]>0.11297 && x[1]< 0.28022"], "height": 0.41, "width": 1.6, "inflow_peak": 0.62}