{"nodes": 2018, "cells": 3832, "object_boundaries": ["on_boundary && x[0]>0.18062 && x[0]< 0.35167 && x[1]>0.05727 && x[1]< 0.22548"], "height": 0.41, "width": 1.6, "inflow_peak": 1.07}