{"nodes": 2135, "cells": 4052, "object_boundaries": ["on_boundary && x[0]>0.41657 && x[0]< 0.57504 && x[1]>0.16794 && x[1]< 0.24869"], "height": 0.41, "width": 1.6, "inflow_peak": 1.04}