{"nodes": 2073, "object_boundaries": ["on_boundary && x[0]>0.23862 && x[0]< 0.42564 && x[1]>0.00946 && x[1]< 0.19054"], "height": 0.41, "width": 1.6, "inflow_peak": 1.66}