{"nodes": 2298, "object_boundaries": ["on_boundary && x[0]>0.29304 && x[0]< 0.47303 && x[1]>0.13006 && x[1]< 0.28896"], "height": 0.41, "width": 1.6, "inflow_peak": 1.69}