{"nodes": 2483, "object_boundaries": ["on_boundary && x[0]>0.35206 && x[0]< 0.54068 && x[1]>0.08937 && x[1]< 0.20937"], "height": 0.41, "width": 1.6, "inflow_peak": 1.12}