{"nodes": 1958, "object_boundaries": ["on_boundary && x[0]>0.11422 && x[0]< 0.33379 && x[1]>0.02204 && x[1]< 0.23039"], "height": 0.41, "width": 1.6, "inflow_peak": 2.1}