{"nodes": 2109, "object_boundaries": ["on_boundary && x[0]>0.35938 && x[0]< 0.57894 && x[1]>0.04312 && x[1]< 0.21553"], "height": 0.41, "width": 1.6, "inflow_peak": 1.39}