{"nodes": 2016, "cells": 3820, "object_boundaries": ["on_boundary && x[0]>0.37807 && x[0]< 0.57373 && x[1]>0.11017 && x[1]< 0.30583"], "height": 0.41, "width": 1.6, "inflow_peak": 0.49}