{"nodes": 2249, "object_boundaries": ["on_boundary && x[0]>0.19208 && x[0]< 0.35472 && x[1]>0.18675 && x[1]< 0.34938"], "height": 0.41, "width": 1.6, "inflow_peak": 1.15}