{"nodes": 1892, "object_boundaries": ["on_boundary && x[0]>0.06482 && x[0]< 0.19518 && x[1]>0.17188 && x[1]< 0.30223"], "height": 0.41, "width": 1.6, "inflow_peak": 1.13}