{"nodes": 2334, "cells": 4447, "object_boundaries": ["on_boundary && x[0]>0.41891 && x[0]< 0.50751 && x[1]>0.24938 && x[1]< 0.33798", "on_boundary && x[0]>0.65994 && x[0]< 0.72095 && x[1]>0.14327 && x[1]< 0.20428"], "height": 0.41, "width": 1.6, "inflow_peak": 1.754}