{"nodes": 2024, "object_boundaries": ["on_boundary && x[0]>0.1916 && x[0]< 0.3795 && x[1]>0.15595 && x[1]< 0.36802"], "height": 0.41, "width": 1.6, "inflow_peak": 0.63}