{"nodes": 2787, "object_boundaries": ["on_boundary && x[0]>0.18663 && x[0]< 0.40692 && x[1]>0.10465 && x[1]< 0.31676", "on_boundary && x[0]>0.67517 && x[0]< 0.89108 && x[1]>0.13556 && x[1]< 0.35079"], "height": 0.41, "width": 1.6, "inflow_peak": 2.0}