{"nodes": 1787, "object_boundaries": ["on_boundary && x[0]>0.32805 && x[0]< 0.50821 && x[1]>0.12753 && x[1]< 0.30723"], "height": 0.41, "width": 1.6, "inflow_peak": 2.35}