{"nodes": 1691, "object_boundaries": ["on_boundary && x[0]>0.01609 && x[0]< 0.29832 && x[1]>0.04821 && x[1]< 0.27409"], "height": 0.41, "width": 1.6, "inflow_peak": 1.44}