{"nodes": 2075, "object_boundaries": ["on_boundary && x[0]>0.44452 && x[0]< 0.60602 && x[1]>0.09565 && x[1]< 0.31068"], "height": 0.41, "width": 1.6, "inflow_peak": 2.35}