{"nodes": 2090, "cells": 3963, "object_boundaries": ["on_boundary && x[0]>0.31233 && x[0]< 0.55065 && x[1]>0.11086 && x[1]< 0.29193"], "height": 0.41, "width": 1.6, "inflow_peak": 1.88}