{"nodes": 2310, "object_boundaries": ["on_boundary && x[0]>0.21529 && x[0]< 0.41695 && x[1]>0.1463 && x[1]< 0.29033"], "height": 0.41, "width": 1.6, "inflow_peak": 2.16}