{"nodes": 2013, "object_boundaries": ["on_boundary && x[0]>0.27743 && x[0]< 0.48624 && x[1]>0.06677 && x[1]< 0.2718"], "height": 0.41, "width": 1.6, "inflow_peak": 0.69}