{"nodes": 1935, "object_boundaries": ["on_boundary && x[0]>0.04754 && x[0]< 0.25687 && x[1]>0.08815 && x[1]< 0.29562"], "height": 0.41, "width": 1.6, "inflow_peak": 1.69}