{"nodes": 2603, "cells": 4962, "object_boundaries": ["on_boundary && x[0]>0.33106 && x[0]< 0.51554 && x[1]>0.06478 && x[1]< 0.25444", "on_boundary && x[0]>0.78264 && x[0]< 0.96748 && x[1]>0.07383 && x[1]< 0.27548"], "height": 0.41, "width": 1.6, "inflow_peak": 1.61}