{"nodes": 2043, "cells": 3869, "object_boundaries": ["on_boundary && x[0]>0.10748 && x[0]< 0.20538 && x[1]>0.11372 && x[1]< 0.24896"], "height": 0.41, "width": 1.6, "inflow_peak": 0.723}