{"nodes": 2067, "cells": 3915, "object_boundaries": ["on_boundary && x[0]>0.23865 && x[0]< 0.45452 && x[1]>0.16613 && x[1]< 0.38199"], "height": 0.41, "width": 1.6, "inflow_peak": 2.07}