{"nodes": 2170, "object_boundaries": ["on_boundary && x[0]>0.39818 && x[0]< 0.57181 && x[1]>0.15578 && x[1]< 0.32941"], "height": 0.41, "width": 1.6, "inflow_peak": 2.13}