{"nodes": 1947, "object_boundaries": ["on_boundary && x[0]>0.13558 && x[0]< 0.35681 && x[1]>0.12573 && x[1]< 0.34696"], "height": 0.41, "width": 1.6, "inflow_peak": 1.42}