{"nodes": 2511, "cells": 4755, "object_boundaries": ["on_boundary && x[0]>0.22648 && x[0]< 0.39539 && x[1]>0.09527 && x[1]< 0.26418", "on_boundary && x[0]>0.91548 && x[0]< 1.04253 && x[1]>0.12104 && x[1]< 0.24809"], "height": 0.41, "width": 1.6, "inflow_peak": 1.521}