{"nodes": 1792, "object_boundaries": ["on_boundary && x[0]>0.34335 && x[0]< 0.52836 && x[1]>0.1582 && x[1]< 0.32657"], "height": 0.41, "width": 1.6, "inflow_peak": 1.88}