{"nodes": 2022, "object_boundaries": ["on_boundary && x[0]>0.22505 && x[0]< 0.39845 && x[1]>-0.00246 && x[1]< 0.22703"], "height": 0.41, "width": 1.6, "inflow_peak": 1.74}