{"nodes": 1687, "object_boundaries": ["on_boundary && x[0]>0.13862 && x[0]< 0.29163 && x[1]>0.11247 && x[1]< 0.28279"], "height": 0.41, "width": 1.6, "inflow_peak": 0.87}