{"nodes": 1928, "object_boundaries": ["on_boundary && x[0]>0.34203 && x[0]< 0.53373 && x[1]>0.03326 && x[1]< 0.27053", "on_boundary && x[0]>0.59188 && x[0]< 0.81401 && x[1]>0.14954 && x[1]< 0.38972"], "height": 0.41, "width": 1.6, "inflow_peak": 2.14}