{"nodes": 2383, "object_boundaries": ["on_boundary && x[0]>0.36889 && x[0]< 0.53865 && x[1]>0.09808 && x[1]< 0.26783", "on_boundary && x[0]>0.56234 && x[0]< 0.79595 && x[1]>0.16828 && x[1]< 0.40189"], "height": 0.41, "width": 1.6, "inflow_peak": 0.52}