{"nodes": 1987, "object_boundaries": ["on_boundary && x[0]>0.38503 && x[0]< 0.59783 && x[1]>0.01175 && x[1]< 0.22455"], "height": 0.41, "width": 1.6, "inflow_peak": 2.07}