{"nodes": 2127, "cells": 4036, "object_boundaries": ["on_boundary && x[0]>0.37412 && x[0]< 0.5424 && x[1]>0.25651 && x[1]< 0.32117"], "height": 0.41, "width": 1.6, "inflow_peak": 0.359}