{"nodes": 2328, "object_boundaries": ["on_boundary && x[0]>0.21292 && x[0]< 0.38761 && x[1]>0.17028 && x[1]< 0.31225"], "height": 0.41, "width": 1.6, "inflow_peak": 0.58}