{"nodes": 1752, "object_boundaries": ["on_boundary && x[0]>0.13475 && x[0]< 0.35827 && x[1]>0.0051 && x[1]< 0.22412"], "height": 0.41, "width": 1.6, "inflow_peak": 0.82}