{"nodes": 1779, "object_boundaries": ["on_boundary && x[0]>0.28815 && x[0]< 0.4857 && x[1]>0.13129 && x[1]< 0.30951"], "height": 0.41, "width": 1.6, "inflow_peak": 2.35}