{"nodes": 2151, "object_boundaries": ["on_boundary && x[0]>0.29329 && x[0]< 0.48593 && x[1]>0.04119 && x[1]< 0.27888"], "height": 0.41, "width": 1.6, "inflow_peak": 1.49}