{"nodes": 1782, "object_boundaries": ["on_boundary && x[0]>0.28645 && x[0]< 0.50218 && x[1]>0.11156 && x[1]< 0.34566", "on_boundary && x[0]>0.59456 && x[0]< 0.76566 && x[1]>0.08738 && x[1]< 0.26494"], "height": 0.41, "width": 1.6, "inflow_peak": 1.8}