{"nodes": 2255, "object_boundaries": ["on_boundary && x[0]>0.23868 && x[0]< 0.45503 && x[1]>0.21622 && x[1]< 0.3651"], "height": 0.41, "width": 1.6, "inflow_peak": 0.61}