{"nodes": 1876, "object_boundaries": ["on_boundary && x[0]>0.32555 && x[0]< 0.49595 && x[1]>0.05211 && x[1]< 0.21926"], "height": 0.41, "width": 1.6, "inflow_peak": 1.59}