{"nodes": 2089, "cells": 3967, "object_boundaries": ["on_boundary && x[0]>0.43084 && x[0]< 0.56768 && x[1]>0.23271 && x[1]< 0.29069"], "height": 0.41, "width": 1.6, "inflow_peak": 2.21}