{"nodes": 2078, "object_boundaries": ["on_boundary && x[0]>0.39846 && x[0]< 0.58797 && x[1]>0.11435 && x[1]< 0.3166"], "height": 0.41, "width": 1.6, "inflow_peak": 2.35}