{"nodes": 1918, "object_boundaries": ["on_boundary && x[0]>0.19379 && x[0]< 0.42391 && x[1]>0.06593 && x[1]< 0.29879"], "height": 0.41, "width": 1.6, "inflow_peak": 0.89}