{"nodes": 2011, "object_boundaries": ["on_boundary && x[0]>0.10051 && x[0]< 0.28758 && x[1]>0.09123 && x[1]< 0.29378"], "height": 0.41, "width": 1.6, "inflow_peak": 1.32}