{"nodes": 2176, "object_boundaries": ["on_boundary && x[0]>0.22697 && x[0]< 0.39611 && x[1]>0.20379 && x[1]< 0.37292"], "height": 0.41, "width": 1.6, "inflow_peak": 1.413}