{"nodes": 2021, "cells": 3825, "object_boundaries": ["on_boundary && x[0]>0.10692 && x[0]< 0.31659 && x[1]>0.16187 && x[1]< 0.37154"], "height": 0.41, "width": 1.6, "inflow_peak": 1.5}