{"nodes": 2265, "object_boundaries": ["on_boundary && x[0]>0.26614 && x[0]< 0.42539 && x[1]>0.0465 && x[1]< 0.20575"], "height": 0.41, "width": 1.6, "inflow_peak": 0.638}