{"nodes": 1898, "object_boundaries": ["on_boundary && x[0]>0.32961 && x[0]< 0.57204 && x[1]>0.11532 && x[1]< 0.35775"], "height": 0.41, "width": 1.6, "inflow_peak": 0.15}