{"nodes": 2061, "cells": 3907, "object_boundaries": ["on_boundary && x[0]>0.34284 && x[0]< 0.45601 && x[1]>0.22531 && x[1]< 0.33849"], "height": 0.41, "width": 1.6, "inflow_peak": 1.687}