{"nodes": 1681, "object_boundaries": ["on_boundary && x[0]>0.19811 && x[0]< 0.38835 && x[1]>0.08439 && x[1]< 0.27463"], "height": 0.41, "width": 1.6, "inflow_peak": 0.25}