{"nodes": 2133, "cells": 4048, "object_boundaries": ["on_boundary && x[0]>0.34185 && x[0]< 0.55507 && x[1]>0.08365 && x[1]< 0.29687"], "height": 0.41, "width": 1.6, "inflow_peak": 1.6}