{"nodes": 1720, "object_boundaries": ["on_boundary && x[0]>0.28864 && x[0]< 0.52281 && x[1]>0.09008 && x[1]< 0.32279"], "height": 0.41, "width": 1.6, "inflow_peak": 1.41}