{"nodes": 1701, "object_boundaries": ["on_boundary && x[0]>0.34637 && x[0]< 0.57181 && x[1]>0.11005 && x[1]< 0.35437"], "height": 0.41, "width": 1.6, "inflow_peak": 0.67}