{"nodes": 2504, "cells": 4762, "object_boundaries": ["on_boundary && x[0]>0.37654 && x[0]< 0.4873 && x[1]>0.16495 && x[1]< 0.25665", "on_boundary && x[0]>0.59319 && x[0]< 0.71133 && x[1]>0.13702 && x[1]< 0.25712"], "height": 0.41, "width": 1.6, "inflow_peak": 0.839}