{"nodes": 2063, "cells": 3922, "object_boundaries": ["on_boundary && x[0]>0.21423 && x[0]< 0.37585 && x[1]>0.04478 && x[1]< 0.19187"], "height": 0.41, "width": 1.6, "inflow_peak": 1.53}