{"nodes": 2135, "cells": 4048, "object_boundaries": ["on_boundary && x[0]>0.28138 && x[0]< 0.38897 && x[1]>0.08706 && x[1]< 0.19473"], "height": 0.41, "width": 1.6, "inflow_peak": 0.494}