{"nodes": 2080, "object_boundaries": ["on_boundary && x[0]>0.36763 && x[0]< 0.5494 && x[1]>0.08908 && x[1]< 0.29941"], "height": 0.41, "width": 1.6, "inflow_peak": 1.31}