{"nodes": 1984, "cells": 3757, "object_boundaries": ["on_boundary && x[0]>0.04804 && x[0]< 0.27161 && x[1]>0.08515 && x[1]< 0.23944"], "height": 0.41, "width": 1.6, "inflow_peak": 0.3}