{"nodes": 2078, "object_boundaries": ["on_boundary && x[0]>0.12949 && x[0]< 0.3411 && x[1]>0.06754 && x[1]< 0.25235"], "height": 0.41, "width": 1.6, "inflow_peak": 0.53}