{"nodes": 2067, "object_boundaries": ["on_boundary && x[0]>0.09639 && x[0]< 0.28415 && x[1]>0.06979 && x[1]< 0.24068"], "height": 0.41, "width": 1.6, "inflow_peak": 1.14}