{"nodes": 2053, "cells": 3897, "object_boundaries": ["on_boundary && x[0]>0.39616 && x[0]< 0.44884 && x[1]>0.22408 && x[1]< 0.3554"], "height": 0.41, "width": 1.6, "inflow_peak": 2.135}