{"nodes": 2358, "object_boundaries": ["on_boundary && x[0]>0.22501 && x[0]< 0.49739 && x[1]>0.11093 && x[1]< 0.2395"], "height": 0.41, "width": 1.6, "inflow_peak": 1.42}