{"nodes": 2061, "object_boundaries": ["on_boundary && x[0]>0.34051 && x[0]< 0.56547 && x[1]>0.1052 && x[1]< 0.30803"], "height": 0.41, "width": 1.6, "inflow_peak": 2.2}