{"nodes": 2050, "object_boundaries": ["on_boundary && x[0]>0.20654 && x[0]< 0.35714 && x[1]>0.0069 && x[1]< 0.24956"], "height": 0.41, "width": 1.6, "inflow_peak": 0.18}