{"nodes": 2173, "object_boundaries": ["on_boundary && x[0]>0.08583 && x[0]< 0.26077 && x[1]>0.20696 && x[1]< 0.36282"], "height": 0.41, "width": 1.6, "inflow_peak": 0.81}