{"nodes": 2177, "object_boundaries": ["on_boundary && x[0]>0.43626 && x[0]< 0.62374 && x[1]>0.08482 && x[1]< 0.31628"], "height": 0.41, "width": 1.6, "inflow_peak": 1.32}