{"nodes": 2482, "object_boundaries": ["on_boundary && x[0]>0.23775 && x[0]< 0.41271 && x[1]>0.22368 && x[1]< 0.34368"], "height": 0.41, "width": 1.6, "inflow_peak": 1.6}