{"nodes": 2055, "cells": 3897, "object_boundaries": ["on_boundary && x[0]>0.16101 && x[0]< 0.2889 && x[1]>0.17341 && x[1]< 0.25921"], "height": 0.41, "width": 1.6, "inflow_peak": 1.709}