{"nodes": 1983, "cells": 3756, "object_boundaries": ["on_boundary && x[0]>0.04221 && x[0]< 0.26004 && x[1]>0.16946 && x[1]< 0.32343"], "height": 0.41, "width": 1.6, "inflow_peak": 1.32}