{"nodes": 2313, "object_boundaries": ["on_boundary && x[0]>0.2829 && x[0]< 0.4533 && x[1]>0.15196 && x[1]< 0.31112"], "height": 0.41, "width": 1.6, "inflow_peak": 1.39}