{"nodes": 2107, "object_boundaries": ["on_boundary && x[0]>0.29379 && x[0]< 0.52251 && x[1]>0.12251 && x[1]< 0.30992"], "height": 0.41, "width": 1.6, "inflow_peak": 1.02}