{"nodes": 2074, "cells": 3930, "object_boundaries": ["on_boundary && x[0]>0.32932 && x[0]< 0.50777 && x[1]>0.05491 && x[1]< 0.29795"], "height": 0.41, "width": 1.6, "inflow_peak": 1.11}