{"nodes": 1999, "object_boundaries": ["on_boundary && x[0]>0.41983 && x[0]< 0.64017 && x[1]>0.06483 && x[1]< 0.2852"], "height": 0.41, "width": 1.6, "inflow_peak": 2.35}