{"nodes": 1991, "object_boundaries": ["on_boundary && x[0]>0.39436 && x[0]< 0.61579 && x[1]>0.11172 && x[1]< 0.33314"], "height": 0.41, "width": 1.6, "inflow_peak": 0.651}