{"nodes": 2280, "object_boundaries": ["on_boundary && x[0]>0.35664 && x[0]< 0.50747 && x[1]>0.03915 && x[1]< 0.18998"], "height": 0.41, "width": 1.6, "inflow_peak": 0.719}