{"nodes": 1886, "object_boundaries": ["on_boundary && x[0]>0.04433 && x[0]< 0.27311 && x[1]>0.09129 && x[1]< 0.32008"], "height": 0.41, "width": 1.6, "inflow_peak": 1.299}