{"nodes": 2022, "cells": 3835, "object_boundaries": ["on_boundary && x[0]>0.24764 && x[0]< 0.43468 && x[1]>0.18032 && x[1]< 0.36736"], "height": 0.41, "width": 1.6, "inflow_peak": 0.546}