{"nodes": 2154, "object_boundaries": ["on_boundary && x[0]>0.06518 && x[0]< 0.22703 && x[1]>0.12448 && x[1]< 0.2866"], "height": 0.41, "width": 1.6, "inflow_peak": 1.1}