{"nodes": 2115, "object_boundaries": ["on_boundary && x[0]>0.31689 && x[0]< 0.48279 && x[1]>0.10121 && x[1]< 0.30954"], "height": 0.41, "width": 1.6, "inflow_peak": 1.93}