{"nodes": 2171, "object_boundaries": ["on_boundary && x[0]>0.15774 && x[0]< 0.38775 && x[1]>0.09246 && x[1]< 0.25073"], "height": 0.41, "width": 1.6, "inflow_peak": 1.11}