{"nodes": 1651, "object_boundaries": ["on_boundary && x[0]>0.16246 && x[0]< 0.45603 && x[1]>-0.00692 && x[1]< 0.28419"], "height": 0.41, "width": 1.6, "inflow_peak": 0.27}