{"nodes": 1691, "object_boundaries": ["on_boundary && x[0]>0.39904 && x[0]< 0.59554 && x[1]>0.19394 && x[1]< 0.3994"], "height": 0.41, "width": 1.6, "inflow_peak": 0.86}