{"nodes": 2149, "cells": 4080, "object_boundaries": ["on_boundary && x[0]>0.31219 && x[0]< 0.50948 && x[1]>0.20002 && x[1]< 0.39731"], "height": 0.41, "width": 1.6, "inflow_peak": 0.33}