{"nodes": 1987, "object_boundaries": ["on_boundary && x[0]>0.36138 && x[0]< 0.57752 && x[1]>0.14303 && x[1]< 0.35916"], "height": 0.41, "width": 1.6, "inflow_peak": 1.32}