{"nodes": 2009, "cells": 3793, "object_boundaries": ["on_boundary && x[0]>0.12482 && x[0]< 0.27125 && x[1]>0.04852 && x[1]< 0.19495"], "height": 0.41, "width": 1.6, "inflow_peak": 0.268}