{"nodes": 1754, "object_boundaries": ["on_boundary && x[0]>0.24213 && x[0]< 0.42342 && x[1]>0.09906 && x[1]< 0.26559"], "height": 0.41, "width": 1.6, "inflow_peak": 1.34}