{"nodes": 1738, "object_boundaries": ["on_boundary && x[0]>0.21155 && x[0]< 0.39145 && x[1]>0.1002 && x[1]< 0.27972"], "height": 0.41, "width": 1.6, "inflow_peak": 0.35}