{"nodes": 2075, "cells": 3934, "object_boundaries": ["on_boundary && x[0]>0.09863 && x[0]< 0.3082 && x[1]>0.18562 && x[1]< 0.37649"], "height": 0.41, "width": 1.6, "inflow_peak": 0.55}