{"nodes": 2172, "object_boundaries": ["on_boundary && x[0]>0.29603 && x[0]< 0.50105 && x[1]>0.11147 && x[1]< 0.27377", "on_boundary && x[0]>0.53084 && x[0]< 0.74901 && x[1]>0.06596 && x[1]< 0.26012"], "height": 0.41, "width": 1.6, "inflow_peak": 0.55}