{"nodes": 2025, "cells": 3841, "object_boundaries": ["on_boundary && x[0]>0.21099 && x[0]< 0.35202 && x[1]>0.08139 && x[1]< 0.3041"], "height": 0.41, "width": 1.6, "inflow_peak": 0.51}