{"nodes": 1918, "object_boundaries": ["on_boundary && x[0]>0.1636 && x[0]< 0.37451 && x[1]>-0.0124 && x[1]< 0.21335"], "height": 0.41, "width": 1.6, "inflow_peak": 0.55}