{"nodes": 2184, "object_boundaries": ["on_boundary && x[0]>0.19465 && x[0]< 0.43953 && x[1]>0.08548 && x[1]< 0.24396"], "height": 0.41, "width": 1.6, "inflow_peak": 0.85}