{"nodes": 1784, "object_boundaries": ["on_boundary && x[0]>0.36647 && x[0]< 0.57882 && x[1]>0.16809 && x[1]< 0.37749"], "height": 0.41, "width": 1.6, "inflow_peak": 0.75}