{"nodes": 2164, "object_boundaries": ["on_boundary && x[0]>0.24225 && x[0]< 0.39929 && x[1]>0.06605 && x[1]< 0.32321"], "height": 0.41, "width": 1.6, "inflow_peak": 2.11}