{"nodes": 1772, "object_boundaries": ["on_boundary && x[0]>0.31769 && x[0]< 0.5234 && x[1]>0.11506 && x[1]< 0.31454"], "height": 0.41, "width": 1.6, "inflow_peak": 0.96}