{"nodes": 2125, "cells": 4018, "object_boundaries": ["on_boundary && x[0]>0.31833 && x[0]< 0.48741 && x[1]>0.05674 && x[1]< 0.21347"], "height": 0.41, "width": 1.6, "inflow_peak": 0.989}