{"nodes": 1840, "object_boundaries": ["on_boundary && x[0]>0.20896 && x[0]< 0.45719 && x[1]>0.0932 && x[1]< 0.35219"], "height": 0.41, "width": 1.6, "inflow_peak": 1.71}