{"nodes": 1750, "object_boundaries": ["on_boundary && x[0]>0.29768 && x[0]< 0.48971 && x[1]>0.12983 && x[1]< 0.32947"], "height": 0.41, "width": 1.6, "inflow_peak": 0.37}