{"nodes": 2130, "cells": 4020, "object_boundaries": ["on_boundary && x[0]>0.10886 && x[0]< 0.37393 && x[1]>0.00179 && x[1]< 0.29627"], "height": 0.41, "width": 1.6, "inflow_peak": 1.03}