{"nodes": 2016, "cells": 3824, "object_boundaries": ["on_boundary && x[0]>0.41497 && x[0]< 0.5699 && x[1]>0.00726 && x[1]< 0.21414"], "height": 0.41, "width": 1.6, "inflow_peak": 1.79}