{"nodes": 1931, "object_boundaries": ["on_boundary && x[0]>0.32823 && x[0]< 0.52591 && x[1]>0.14683 && x[1]< 0.40568"], "height": 0.41, "width": 1.6, "inflow_peak": 1.57}