{"nodes": 1969, "cells": 3713, "object_boundaries": ["on_boundary && x[0]>0.09653 && x[0]< 0.24216 && x[1]>0.20069 && x[1]< 0.34632"], "height": 0.41, "width": 1.6, "inflow_peak": 1.514}