{"nodes": 2126, "object_boundaries": ["on_boundary && x[0]>0.24257 && x[0]< 0.44649 && x[1]>0.08448 && x[1]< 0.2884"], "height": 0.41, "width": 1.6, "inflow_peak": 1.59}