{"nodes": 1915, "object_boundaries": ["on_boundary && x[0]>0.23478 && x[0]< 0.4626 && x[1]>-0.01391 && x[1]< 0.21391"], "height": 0.41, "width": 1.6, "inflow_peak": 1.74}