{"nodes": 2047, "cells": 3888, "object_boundaries": ["on_boundary && x[0]>0.28696 && x[0]< 0.4651 && x[1]>0.00761 && x[1]< 0.17858"], "height": 0.41, "width": 1.6, "inflow_peak": 2.05}