{"nodes": 1672, "object_boundaries": ["on_boundary && x[0]>0.15037 && x[0]< 0.42078 && x[1]>0.06596 && x[1]< 0.3239"], "height": 0.41, "width": 1.6, "inflow_peak": 0.92}