{"nodes": 1663, "object_boundaries": ["on_boundary && x[0]>0.2883 && x[0]< 0.55033 && x[1]>0.05792 && x[1]< 0.33049"], "height": 0.41, "width": 1.6, "inflow_peak": 0.75}