{"nodes": 2216, "object_boundaries": ["on_boundary && x[0]>0.30315 && x[0]< 0.48252 && x[1]>0.13805 && x[1]< 0.31741"], "height": 0.41, "width": 1.6, "inflow_peak": 1.819}