{"nodes": 1972, "object_boundaries": ["on_boundary && x[0]>0.24846 && x[0]< 0.46847 && x[1]>0.06747 && x[1]< 0.28747"], "height": 0.41, "width": 1.6, "inflow_peak": 0.45}