{"nodes": 2016, "cells": 3817, "object_boundaries": ["on_boundary && x[0]>0.13984 && x[0]< 0.34474 && x[1]>0.16299 && x[1]< 0.36788"], "height": 0.41, "width": 1.6, "inflow_peak": 0.963}