{"nodes": 1947, "object_boundaries": ["on_boundary && x[0]>0.07055 && x[0]< 0.28666 && x[1]>0.12135 && x[1]< 0.33745"], "height": 0.41, "width": 1.6, "inflow_peak": 0.596}