{"nodes": 1894, "object_boundaries": ["on_boundary && x[0]>0.05028 && x[0]< 0.27517 && x[1]>0.15346 && x[1]< 0.37835"], "height": 0.41, "width": 1.6, "inflow_peak": 1.875}