{"nodes": 2088, "cells": 3970, "object_boundaries": ["on_boundary && x[0]>0.34888 && x[0]< 0.50987 && x[1]>0.02998 && x[1]< 0.19097"], "height": 0.41, "width": 1.6, "inflow_peak": 1.85}