{"nodes": 2110, "cells": 3981, "object_boundaries": ["on_boundary && x[0]>0.09789 && x[0]< 0.28523 && x[1]>0.11642 && x[1]< 0.2961"], "height": 0.41, "width": 1.6, "inflow_peak": 0.419}