{"nodes": 1784, "object_boundaries": ["on_boundary && x[0]>0.19334 && x[0]< 0.38774 && x[1]>0.0697 && x[1]< 0.26409"], "height": 0.41, "width": 1.6, "inflow_peak": 0.5}