{"nodes": 1819, "object_boundaries": ["on_boundary && x[0]>0.27113 && x[0]< 0.42405 && x[1]>0.14845 && x[1]< 0.30137"], "height": 0.41, "width": 1.6, "inflow_peak": 1.98}