{"nodes": 1760, "object_boundaries": ["on_boundary && x[0]>0.30773 && x[0]< 0.50292 && x[1]>0.10486 && x[1]< 0.30005"], "height": 0.41, "width": 1.6, "inflow_peak": 1.45}