{"nodes": 2141, "cells": 4073, "object_boundaries": ["on_boundary && x[0]>0.38627 && x[0]< 0.56103 && x[1]>0.08937 && x[1]< 0.2741"], "height": 0.41, "width": 1.6, "inflow_peak": 1.87}