{"nodes": 1682, "object_boundaries": ["on_boundary && x[0]>0.26511 && x[0]< 0.51611 && x[1]>0.12248 && x[1]< 0.3937"], "height": 0.41, "width": 1.6, "inflow_peak": 1.92}