{"nodes": 1678, "object_boundaries": ["on_boundary && x[0]>0.12868 && x[0]< 0.38709 && x[1]>0.04812 && x[1]< 0.31749"], "height": 0.41, "width": 1.6, "inflow_peak": 1.89}