{"nodes": 2109, "cells": 4000, "object_boundaries": ["on_boundary && x[0]>0.1898 && x[0]< 0.31308 && x[1]>0.18628 && x[1]< 0.30956"], "height": 0.41, "width": 1.6, "inflow_peak": 1.991}