{"nodes": 1777, "object_boundaries": ["on_boundary && x[0]>0.29522 && x[0]< 0.49067 && x[1]>0.07565 && x[1]< 0.27564"], "height": 0.41, "width": 1.6, "inflow_peak": 2.18}