{"nodes": 2179, "object_boundaries": ["on_boundary && x[0]>0.2768 && x[0]< 0.43836 && x[1]>0.17235 && x[1]< 0.34979", "on_boundary && x[0]>0.68316 && x[0]< 0.90526 && x[1]>0.08725 && x[1]< 0.28926"], "height": 0.41, "width": 1.6, "inflow_peak": 2.04}