{"nodes": 2159, "object_boundaries": ["on_boundary && x[0]>0.07726 && x[0]< 0.22721 && x[1]>0.02562 && x[1]< 0.17557"], "height": 0.41, "width": 1.6, "inflow_peak": 2.35}