{"nodes": 2072, "cells": 3930, "object_boundaries": ["on_boundary && x[0]>0.32223 && x[0]< 0.5251 && x[1]>0.0464 && x[1]< 0.24926"], "height": 0.41, "width": 1.6, "inflow_peak": 1.21}