{"nodes": 2037, "cells": 3858, "object_boundaries": ["on_boundary && x[0]>0.10352 && x[0]< 0.22047 && x[1]>0.19116 && x[1]< 0.30736"], "height": 0.41, "width": 1.6, "inflow_peak": 0.454}