{"nodes": 1715, "object_boundaries": ["on_boundary && x[0]>0.14839 && x[0]< 0.37161 && x[1]>0.00142 && x[1]< 0.21764"], "height": 0.41, "width": 1.6, "inflow_peak": 1.39}