{"nodes": 1725, "object_boundaries": ["on_boundary && x[0]>0.30353 && x[0]< 0.50778 && x[1]>0.07732 && x[1]< 0.31417"], "height": 0.41, "width": 1.6, "inflow_peak": 1.26}