{"nodes": 2093, "cells": 3966, "object_boundaries": ["on_boundary && x[0]>0.1277 && x[0]< 0.33008 && x[1]>0.13547 && x[1]< 0.36472"], "height": 0.41, "width": 1.6, "inflow_peak": 0.49}