{"nodes": 2022, "object_boundaries": ["on_boundary && x[0]>0.31141 && x[0]< 0.5198 && x[1]>0.09244 && x[1]< 0.3063"], "height": 0.41, "width": 1.6, "inflow_peak": 1.41}