{"nodes": 1822, "object_boundaries": ["on_boundary && x[0]>0.34826 && x[0]< 0.60749 && x[1]>0.0401 && x[1]< 0.29933"], "height": 0.41, "width": 1.6, "inflow_peak": 1.2}