{"nodes": 1700, "object_boundaries": ["on_boundary && x[0]>0.29768 && x[0]< 0.55894 && x[1]>0.08029 && x[1]< 0.3296"], "height": 0.41, "width": 1.6, "inflow_peak": 0.46}