{"nodes": 2012, "object_boundaries": ["on_boundary && x[0]>0.13567 && x[0]< 0.34314 && x[1]>0.10217 && x[1]< 0.30964"], "height": 0.41, "width": 1.6, "inflow_peak": 2.03}