{"nodes": 2564, "cells": 4889, "object_boundaries": ["on_boundary && x[0]>0.23544 && x[0]< 0.43767 && x[1]>0.05885 && x[1]< 0.23842", "on_boundary && x[0]>0.81168 && x[0]< 0.99677 && x[1]>0.06777 && x[1]< 0.25324"], "height": 0.41, "width": 1.6, "inflow_peak": 2.08}