{"nodes": 1680, "object_boundaries": ["on_boundary && x[0]>0.0033 && x[0]< 0.31087 && x[1]>0.08955 && x[1]< 0.34933"], "height": 0.41, "width": 1.6, "inflow_peak": 2.16}