{"nodes": 1935, "cells": 3664, "object_boundaries": ["on_boundary && x[0]>0.11188 && x[0]< 0.21344 && x[1]>0.06707 && x[1]< 0.1341"], "height": 0.41, "width": 1.6, "inflow_peak": 0.407}