{"nodes": 1780, "object_boundaries": ["on_boundary && x[0]>0.25973 && x[0]< 0.44294 && x[1]>0.17898 && x[1]< 0.36665"], "height": 0.41, "width": 1.6, "inflow_peak": 0.93}