{"nodes": 1968, "object_boundaries": ["on_boundary && x[0]>0.26777 && x[0]< 0.39815 && x[1]>0.16207 && x[1]< 0.30398"], "height": 0.41, "width": 1.6, "inflow_peak": 0.15}