{"nodes": 2091, "cells": 3970, "object_boundaries": ["on_boundary && x[0]>0.32464 && x[0]< 0.46434 && x[1]>0.19864 && x[1]< 0.26375"], "height": 0.41, "width": 1.6, "inflow_peak": 2.062}