{"nodes": 2114, "object_boundaries": ["on_boundary && x[0]>0.2727 && x[0]< 0.51106 && x[1]>0.11129 && x[1]< 0.29185"], "height": 0.41, "width": 1.6, "inflow_peak": 0.92}