{"nodes": 2496, "object_boundaries": ["on_boundary && x[0]>0.28699 && x[0]< 0.40699 && x[1]>0.12951 && x[1]< 0.27356"], "height": 0.41, "width": 1.6, "inflow_peak": 0.49}