{"nodes": 2232, "object_boundaries": ["on_boundary && x[0]>0.19998 && x[0]< 0.31998 && x[1]>0.15791 && x[1]< 0.36391"], "height": 0.41, "width": 1.6, "inflow_peak": 1.46}