{"nodes": 2047, "object_boundaries": ["on_boundary && x[0]>0.10267 && x[0]< 0.35964 && x[1]>0.14725 && x[1]< 0.40422"], "height": 0.41, "width": 1.6, "inflow_peak": 1.73}