{"nodes": 1992, "cells": 3787, "object_boundaries": ["on_boundary && x[0]>0.24083 && x[0]< 0.29793 && x[1]>0.20218 && x[1]< 0.25928"], "height": 0.41, "width": 1.6, "inflow_peak": 0.481}