{"nodes": 2130, "object_boundaries": ["on_boundary && x[0]>0.11137 && x[0]< 0.28945 && x[1]>0.11986 && x[1]< 0.29794"], "height": 0.41, "width": 1.6, "inflow_peak": 0.931}