{"nodes": 1976, "cells": 3749, "object_boundaries": ["on_boundary && x[0]>0.16547 && x[0]< 0.33129 && x[1]>0.19891 && x[1]< 0.36473"], "height": 0.41, "width": 1.6, "inflow_peak": 1.41}