{"nodes": 1933, "object_boundaries": ["on_boundary && x[0]>0.0202 && x[0]< 0.3002 && x[1]>0.12365 && x[1]< 0.40365"], "height": 0.41, "width": 1.6, "inflow_peak": 0.757}