{"nodes": 2075, "object_boundaries": ["on_boundary && x[0]>0.27557 && x[0]< 0.4805 && x[1]>0.13881 && x[1]< 0.34374"], "height": 0.41, "width": 1.6, "inflow_peak": 1.378}