{"nodes": 2024, "cells": 3839, "object_boundaries": ["on_boundary && x[0]>0.37512 && x[0]< 0.47594 && x[1]>0.15358 && x[1]< 0.24602"], "height": 0.41, "width": 1.6, "inflow_peak": 0.323}