{"nodes": 2002, "cells": 3792, "object_boundaries": ["on_boundary && x[0]>0.07451 && x[0]< 0.29029 && x[1]>0.19768 && x[1]< 0.36913"], "height": 0.41, "width": 1.6, "inflow_peak": 2.13}