{"nodes": 2076, "object_boundaries": ["on_boundary && x[0]>0.25614 && x[0]< 0.38571 && x[1]>0.16868 && x[1]< 0.37395"], "height": 0.41, "width": 1.6, "inflow_peak": 1.12}