{"nodes": 2076, "object_boundaries": ["on_boundary && x[0]>0.13384 && x[0]< 0.31441 && x[1]>0.02676 && x[1]< 0.21181"], "height": 0.41, "width": 1.6, "inflow_peak": 2.28}