{"nodes": 1956, "object_boundaries": ["on_boundary && x[0]>0.19379 && x[0]< 0.36705 && x[1]>0.09878 && x[1]< 0.35849"], "height": 0.41, "width": 1.6, "inflow_peak": 1.3}