{"nodes": 2015, "object_boundaries": ["on_boundary && x[0]>0.34194 && x[0]< 0.48887 && x[1]>0.02052 && x[1]< 0.2745"], "height": 0.41, "width": 1.6, "inflow_peak": 2.15}