{"nodes": 2111, "cells": 4004, "object_boundaries": ["on_boundary && x[0]>0.27524 && x[0]< 0.39941 && x[1]>0.07147 && x[1]< 0.19565"], "height": 0.41, "width": 1.6, "inflow_peak": 1.098}