{"nodes": 1674, "object_boundaries": ["on_boundary && x[0]>0.34112 && x[0]< 0.56123 && x[1]>0.11153 && x[1]< 0.33165"], "height": 0.41, "width": 1.6, "inflow_peak": 0.63}