{"nodes": 2024, "cells": 3836, "object_boundaries": ["on_boundary && x[0]>0.34928 && x[0]< 0.54554 && x[1]>0.14567 && x[1]< 0.34194"], "height": 0.41, "width": 1.6, "inflow_peak": 0.43}