{"nodes": 1672, "object_boundaries": ["on_boundary && x[0]>0.04032 && x[0]< 0.263 && x[1]>0.09327 && x[1]< 0.32398"], "height": 0.41, "width": 1.6, "inflow_peak": 0.42}