{"nodes": 2140, "object_boundaries": ["on_boundary && x[0]>0.27446 && x[0]< 0.46305 && x[1]>0.12425 && x[1]< 0.31284"], "height": 0.41, "width": 1.6, "inflow_peak": 1.34}