{"nodes": 2271, "object_boundaries": ["on_boundary && x[0]>0.28681 && x[0]< 0.47902 && x[1]>0.02079 && x[1]< 0.213", "on_boundary && x[0]>0.54971 && x[0]< 0.79218 && x[1]>0.11571 && x[1]< 0.35818"], "height": 0.41, "width": 1.6, "inflow_peak": 0.81}