{"nodes": 2932, "object_boundaries": ["on_boundary && x[0]>0.3377 && x[0]< 0.50029 && x[1]>0.13683 && x[1]< 0.29941", "on_boundary && x[0]>0.64378 && x[0]< 0.81611 && x[1]>0.1296 && x[1]< 0.30193"], "height": 0.41, "width": 1.6, "inflow_peak": 0.56}