{"nodes": 2028, "cells": 3847, "object_boundaries": ["on_boundary && x[0]>0.4056 && x[0]< 0.59207 && x[1]>0.18366 && x[1]< 0.37014"], "height": 0.41, "width": 1.6, "inflow_peak": 1.31}