{"nodes": 1940, "object_boundaries": ["on_boundary && x[0]>0.18087 && x[0]< 0.36956 && x[1]>0.06356 && x[1]< 0.31831"], "height": 0.41, "width": 1.6, "inflow_peak": 2.22}