{"nodes": 2486, "object_boundaries": ["on_boundary && x[0]>0.22382 && x[0]< 0.4561 && x[1]>0.15379 && x[1]< 0.41193", "on_boundary && x[0]>0.56267 && x[0]< 0.75284 && x[1]>0.1845 && x[1]< 0.333"], "height": 0.41, "width": 1.6, "inflow_peak": 0.36}