{"nodes": 1958, "cells": 3699, "object_boundaries": ["on_boundary && x[0]>0.12096 && x[0]< 0.24245 && x[1]>0.21663 && x[1]< 0.33812"], "height": 0.41, "width": 1.6, "inflow_peak": 2.105}