{"nodes": 1722, "object_boundaries": ["on_boundary && x[0]>0.08816 && x[0]< 0.29048 && x[1]>0.16716 && x[1]< 0.38296"], "height": 0.41, "width": 1.6, "inflow_peak": 1.96}