{"nodes": 1728, "object_boundaries": ["on_boundary && x[0]>0.07682 && x[0]< 0.26526 && x[1]>0.00646 && x[1]< 0.19989"], "height": 0.41, "width": 1.6, "inflow_peak": 0.46}