{"nodes": 2353, "object_boundaries": ["on_boundary && x[0]>0.11698 && x[0]< 0.33214 && x[1]>0.10123 && x[1]< 0.31638", "on_boundary && x[0]>0.76944 && x[0]< 0.97907 && x[1]>0.10645 && x[1]< 0.31608"], "height": 0.41, "width": 1.6, "inflow_peak": 1.89}