{"nodes": 1974, "cells": 3754, "object_boundaries": ["on_boundary && x[0]>0.4151 && x[0]< 0.5557 && x[1]>0.21174 && x[1]< 0.35233"], "height": 0.41, "width": 1.6, "inflow_peak": 1.88}