{"nodes": 2230, "object_boundaries": ["on_boundary && x[0]>0.28399 && x[0]< 0.45883 && x[1]>0.08199 && x[1]< 0.25684"], "height": 0.41, "width": 1.6, "inflow_peak": 0.18}