{"nodes": 2507, "object_boundaries": ["on_boundary && x[0]>0.29864 && x[0]< 0.5539 && x[1]>0.0805 && x[1]< 0.33577", "on_boundary && x[0]>0.75754 && x[0]< 0.92009 && x[1]>0.09241 && x[1]< 0.25496"], "height": 0.41, "width": 1.6, "inflow_peak": 0.24}