{"nodes": 2084, "object_boundaries": ["on_boundary && x[0]>0.17027 && x[0]< 0.40025 && x[1]>0.1149 && x[1]< 0.34489"], "height": 0.41, "width": 1.6, "inflow_peak": 2.18}