{"nodes": 2021, "object_boundaries": ["on_boundary && x[0]>0.36236 && x[0]< 0.52276 && x[1]>0.08377 && x[1]< 0.3094"], "height": 0.41, "width": 1.6, "inflow_peak": 1.22}