{"nodes": 1687, "object_boundaries": ["on_boundary && x[0]>0.25713 && x[0]< 0.48427 && x[1]>0.04054 && x[1]< 0.26223"], "height": 0.41, "width": 1.6, "inflow_peak": 1.56}