{"nodes": 2085, "object_boundaries": ["on_boundary && x[0]>0.23168 && x[0]< 0.49113 && x[1]>0.10892 && x[1]< 0.28943"], "height": 0.41, "width": 1.6, "inflow_peak": 1.4}