{"nodes": 2921, "object_boundaries": ["on_boundary && x[0]>0.29595 && x[0]< 0.50055 && x[1]>0.07963 && x[1]< 0.28423", "on_boundary && x[0]>0.80139 && x[0]< 0.9827 && x[1]>0.18203 && x[1]< 0.36334"], "height": 0.41, "width": 1.6, "inflow_peak": 0.73}