{"nodes": 3162, "object_boundaries": ["on_boundary && x[0]>0.37158 && x[0]< 0.49158 && x[1]>0.16606 && x[1]< 0.28606", "on_boundary && x[0]>0.62493 && x[0]< 0.81846 && x[1]>0.14645 && x[1]< 0.33998"], "height": 0.41, "width": 1.6, "inflow_peak": 0.33}