{"nodes": 1928, "cells": 3659, "object_boundaries": ["on_boundary && x[0]>0.17897 && x[0]< 0.23835 && x[1]>0.08356 && x[1]< 0.14294"], "height": 0.41, "width": 1.6, "inflow_peak": 0.381}