{"nodes": 1721, "object_boundaries": ["on_boundary && x[0]>0.27642 && x[0]< 0.53368 && x[1]>0.07098 && x[1]< 0.30506"], "height": 0.41, "width": 1.6, "inflow_peak": 1.77}