{"nodes": 1775, "object_boundaries": ["on_boundary && x[0]>0.22459 && x[0]< 0.44905 && x[1]>-0.04884 && x[1]< 0.24663", "on_boundary && x[0]>0.58147 && x[0]< 0.73374 && x[1]>0.09573 && x[1]< 0.28937"], "height": 0.41, "width": 1.6, "inflow_peak": 1.97}