{"nodes": 2073, "object_boundaries": ["on_boundary && x[0]>0.20545 && x[0]< 0.42064 && x[1]>0.16874 && x[1]< 0.36292"], "height": 0.41, "width": 1.6, "inflow_peak": 1.11}