{"nodes": 2470, "cells": 4683, "object_boundaries": ["on_boundary && x[0]>0.30591 && x[0]< 0.42551 && x[1]>0.19592 && x[1]< 0.29923", "on_boundary && x[0]>0.66634 && x[0]< 0.80724 && x[1]>0.06143 && x[1]< 0.22698"], "height": 0.41, "width": 1.6, "inflow_peak": 1.838}