{"nodes": 1739, "object_boundaries": ["on_boundary && x[0]>0.19396 && x[0]< 0.39267 && x[1]>0.09554 && x[1]< 0.30605"], "height": 0.41, "width": 1.6, "inflow_peak": 0.84}