{"nodes": 2044, "cells": 3877, "object_boundaries": ["on_boundary && x[0]>0.32973 && x[0]< 0.51674 && x[1]>0.14311 && x[1]< 0.33773"], "height": 0.41, "width": 1.6, "inflow_peak": 0.68}