{"nodes": 2065, "object_boundaries": ["on_boundary && x[0]>0.18137 && x[0]< 0.37872 && x[1]>0.10994 && x[1]< 0.31098"], "height": 0.41, "width": 1.6, "inflow_peak": 0.69}