{"nodes": 2288, "object_boundaries": ["on_boundary && x[0]>0.19197 && x[0]< 0.32127 && x[1]>0.08552 && x[1]< 0.26545"], "height": 0.41, "width": 1.6, "inflow_peak": 0.58}