{"nodes": 2084, "object_boundaries": ["on_boundary && x[0]>0.09614 && x[0]< 0.30168 && x[1]>0.14811 && x[1]< 0.31578"], "height": 0.41, "width": 1.6, "inflow_peak": 1.23}