{"nodes": 2074, "object_boundaries": ["on_boundary && x[0]>0.11871 && x[0]< 0.32425 && x[1]>0.15573 && x[1]< 0.33981"], "height": 0.41, "width": 1.6, "inflow_peak": 2.22}