{"nodes": 1852, "object_boundaries": ["on_boundary && x[0]>0.2744 && x[0]< 0.52475 && x[1]>0.03768 && x[1]< 0.28354"], "height": 0.41, "width": 1.6, "inflow_peak": 2.09}