{"nodes": 1999, "cells": 3796, "object_boundaries": ["on_boundary && x[0]>0.45384 && x[0]< 0.52655 && x[1]>0.07409 && x[1]< 0.1468"], "height": 0.41, "width": 1.6, "inflow_peak": 2.142}