{"nodes": 1986, "object_boundaries": ["on_boundary && x[0]>0.34446 && x[0]< 0.52487 && x[1]>0.166 && x[1]< 0.41114"], "height": 0.41, "width": 1.6, "inflow_peak": 0.76}