{"nodes": 1997, "cells": 3778, "object_boundaries": ["on_boundary && x[0]>0.07204 && x[0]< 0.22884 && x[1]>0.22338 && x[1]< 0.29146"], "height": 0.41, "width": 1.6, "inflow_peak": 1.34}