{"nodes": 1871, "object_boundaries": ["on_boundary && x[0]>0.06026 && x[0]< 0.30968 && x[1]>0.09076 && x[1]< 0.31504"], "height": 0.41, "width": 1.6, "inflow_peak": 1.49}