{"nodes": 2063, "cells": 3916, "object_boundaries": ["on_boundary && x[0]>0.26382 && x[0]< 0.40534 && x[1]>0.13993 && x[1]< 0.36452"], "height": 0.41, "width": 1.6, "inflow_peak": 1.1}