{"nodes": 2194, "object_boundaries": ["on_boundary && x[0]>0.26245 && x[0]< 0.53011 && x[1]>0.06111 && x[1]< 0.32877"], "height": 0.41, "width": 1.6, "inflow_peak": 0.51}