{"nodes": 1699, "object_boundaries": ["on_boundary && x[0]>0.30891 && x[0]< 0.54889 && x[1]>0.03581 && x[1]< 0.27795"], "height": 0.41, "width": 1.6, "inflow_peak": 1.27}