{"nodes": 2007, "cells": 3808, "object_boundaries": ["on_boundary && x[0]>0.12039 && x[0]< 0.19188 && x[1]>0.18571 && x[1]< 0.2572"], "height": 0.41, "width": 1.6, "inflow_peak": 1.744}