{"nodes": 2148, "object_boundaries": ["on_boundary && x[0]>0.16892 && x[0]< 0.34665 && x[1]>0.18958 && x[1]< 0.36731"], "height": 0.41, "width": 1.6, "inflow_peak": 0.35}