{"nodes": 1660, "object_boundaries": ["on_boundary && x[0]>0.26823 && x[0]< 0.50856 && x[1]>0.03942 && x[1]< 0.29505"], "height": 0.41, "width": 1.6, "inflow_peak": 1.85}