{"nodes": 1959, "cells": 3713, "object_boundaries": ["on_boundary && x[0]>0.07245 && x[0]< 0.24504 && x[1]>0.18159 && x[1]< 0.35418"], "height": 0.41, "width": 1.6, "inflow_peak": 2.14}