{"nodes": 1870, "object_boundaries": ["on_boundary && x[0]>0.2482 && x[0]< 0.39579 && x[1]>0.19595 && x[1]< 0.34354"], "height": 0.41, "width": 1.6, "inflow_peak": 1.29}