{"nodes": 2118, "object_boundaries": ["on_boundary && x[0]>0.21516 && x[0]< 0.38095 && x[1]>0.0171 && x[1]< 0.1829"], "height": 0.41, "width": 1.6, "inflow_peak": 0.52}