{"nodes": 1957, "cells": 3706, "object_boundaries": ["on_boundary && x[0]>0.14406 && x[0]< 0.23649 && x[1]>0.22965 && x[1]< 0.32208"], "height": 0.41, "width": 1.6, "inflow_peak": 2.091}