{"nodes": 1837, "object_boundaries": ["on_boundary && x[0]>0.16176 && x[0]< 0.41021 && x[1]>0.00893 && x[1]< 0.25739"], "height": 0.41, "width": 1.6, "inflow_peak": 1.47}