{"nodes": 2494, "object_boundaries": ["on_boundary && x[0]>0.28098 && x[0]< 0.47753 && x[1]>0.07269 && x[1]< 0.26924", "on_boundary && x[0]>0.77087 && x[0]< 0.98896 && x[1]>0.07685 && x[1]< 0.29494"], "height": 0.41, "width": 1.6, "inflow_peak": 1.0}