{"nodes": 1698, "object_boundaries": ["on_boundary && x[0]>0.14017 && x[0]< 0.3488 && x[1]>-0.00479 && x[1]< 0.20479", "on_boundary && x[0]>0.72911 && x[0]< 0.96061 && x[1]>0.07621 && x[1]< 0.3256"], "height": 0.41, "width": 1.6, "inflow_peak": 0.21}