{"nodes": 2007, "cells": 3804, "object_boundaries": ["on_boundary && x[0]>0.30104 && x[0]< 0.37131 && x[1]>0.0531 && x[1]< 0.1741"], "height": 0.41, "width": 1.6, "inflow_peak": 2.165}