{"nodes": 2027, "cells": 3839, "object_boundaries": ["on_boundary && x[0]>0.11623 && x[0]< 0.26843 && x[1]>0.08617 && x[1]< 0.33168"], "height": 0.41, "width": 1.6, "inflow_peak": 0.87}