{"nodes": 2058, "cells": 3910, "object_boundaries": ["on_boundary && x[0]>0.36255 && x[0]< 0.42749 && x[1]>0.22717 && x[1]< 0.33082"], "height": 0.41, "width": 1.6, "inflow_peak": 1.893}