{"nodes": 1694, "object_boundaries": ["on_boundary && x[0]>0.0423 && x[0]< 0.27698 && x[1]>0.05574 && x[1]< 0.30623"], "height": 0.41, "width": 1.6, "inflow_peak": 1.25}