{"nodes": 1707, "object_boundaries": ["on_boundary && x[0]>0.18022 && x[0]< 0.39617 && x[1]>0.16597 && x[1]< 0.36802"], "height": 0.41, "width": 1.6, "inflow_peak": 0.83}