{"nodes": 1725, "object_boundaries": ["on_boundary && x[0]>0.04596 && x[0]< 0.2814 && x[1]>0.05511 && x[1]< 0.31027", "on_boundary && x[0]>0.77547 && x[0]< 0.96245 && x[1]>0.05876 && x[1]< 0.25895"], "height": 0.41, "width": 1.6, "inflow_peak": 0.98}