{"nodes": 1940, "cells": 3668, "object_boundaries": ["on_boundary && x[0]>0.11833 && x[0]< 0.20508 && x[1]>0.05713 && x[1]< 0.17847"], "height": 0.41, "width": 1.6, "inflow_peak": 2.168}