{"nodes": 2032, "cells": 3862, "object_boundaries": ["on_boundary && x[0]>0.3901 && x[0]< 0.5334 && x[1]>0.12535 && x[1]< 0.30846"], "height": 0.41, "width": 1.6, "inflow_peak": 0.6}