{"nodes": 1751, "object_boundaries": ["on_boundary && x[0]>0.42614 && x[0]< 0.62032 && x[1]>0.10571 && x[1]< 0.29654"], "height": 0.41, "width": 1.6, "inflow_peak": 0.9}