{"nodes": 2081, "cells": 3950, "object_boundaries": ["on_boundary && x[0]>0.4278 && x[0]< 0.5351 && x[1]>0.06996 && x[1]< 0.16442"], "height": 0.41, "width": 1.6, "inflow_peak": 1.636}