{"nodes": 1997, "object_boundaries": ["on_boundary && x[0]>0.25367 && x[0]< 0.47773 && x[1]>0.10302 && x[1]< 0.32709"], "height": 0.41, "width": 1.6, "inflow_peak": 1.6}