{"nodes": 2044, "cells": 3881, "object_boundaries": ["on_boundary && x[0]>0.39695 && x[0]< 0.45408 && x[1]>0.13092 && x[1]< 0.24883"], "height": 0.41, "width": 1.6, "inflow_peak": 0.767}