{"nodes": 2037, "object_boundaries": ["on_boundary && x[0]>0.08145 && x[0]< 0.241 && x[1]>0.17692 && x[1]< 0.39003"], "height": 0.41, "width": 1.6, "inflow_peak": 0.97}