{"nodes": 2125, "object_boundaries": ["on_boundary && x[0]>0.17611 && x[0]< 0.37997 && x[1]>0.0742 && x[1]< 0.31526"], "height": 0.41, "width": 1.6, "inflow_peak": 0.85}