{"nodes": 2423, "object_boundaries": ["on_boundary && x[0]>0.19437 && x[0]< 0.39943 && x[1]>0.06764 && x[1]< 0.18764"], "height": 0.41, "width": 1.6, "inflow_peak": 1.45}