{"nodes": 1978, "object_boundaries": ["on_boundary && x[0]>0.24241 && x[0]< 0.46048 && x[1]>0.14418 && x[1]< 0.36226"], "height": 0.41, "width": 1.6, "inflow_peak": 1.809}