{"nodes": 1986, "cells": 3762, "object_boundaries": ["on_boundary && x[0]>0.27896 && x[0]< 0.37884 && x[1]>0.22892 && x[1]< 0.3288"], "height": 0.41, "width": 1.6, "inflow_peak": 0.665}