{"nodes": 1875, "object_boundaries": ["on_boundary && x[0]>0.15021 && x[0]< 0.38873 && x[1]>0.16405 && x[1]< 0.40258"], "height": 0.41, "width": 1.6, "inflow_peak": 1.362}