{"nodes": 2144, "object_boundaries": ["on_boundary && x[0]>0.30436 && x[0]< 0.48371 && x[1]>0.01972 && x[1]< 0.19907"], "height": 0.41, "width": 1.6, "inflow_peak": 1.622}