{"nodes": 1998, "cells": 3792, "object_boundaries": ["on_boundary && x[0]>0.24684 && x[0]< 0.32574 && x[1]>0.09984 && x[1]< 0.17874"], "height": 0.41, "width": 1.6, "inflow_peak": 0.845}