{"nodes": 2104, "object_boundaries": ["on_boundary && x[0]>0.17826 && x[0]< 0.36207 && x[1]>0.03443 && x[1]< 0.21824"], "height": 0.41, "width": 1.6, "inflow_peak": 1.99}