{"nodes": 2021, "cells": 3839, "object_boundaries": ["on_boundary && x[0]>0.34888 && x[0]< 0.51735 && x[1]>0.14855 && x[1]< 0.31702"], "height": 0.41, "width": 1.6, "inflow_peak": 1.38}