{"nodes": 1698, "object_boundaries": ["on_boundary && x[0]>0.20312 && x[0]< 0.38388 && x[1]>0.07687 && x[1]< 0.25762"], "height": 0.41, "width": 1.6, "inflow_peak": 0.29}