{"nodes": 2056, "cells": 3880, "object_boundaries": ["on_boundary && x[0]>0.19606 && x[0]< 0.36308 && x[1]>0.05679 && x[1]< 0.22381"], "height": 0.41, "width": 1.6, "inflow_peak": 1.496}