{"nodes": 1668, "object_boundaries": ["on_boundary && x[0]>0.0951 && x[0]< 0.35274 && x[1]>-0.03198 && x[1]< 0.24101"], "height": 0.41, "width": 1.6, "inflow_peak": 1.36}