{"nodes": 2112, "object_boundaries": ["on_boundary && x[0]>0.3043 && x[0]< 0.50266 && x[1]>0.11701 && x[1]< 0.31537"], "height": 0.41, "width": 1.6, "inflow_peak": 1.22}