{"nodes": 1990, "object_boundaries": ["on_boundary && x[0]>0.19733 && x[0]< 0.37677 && x[1]>0.11846 && x[1]< 0.36057"], "height": 0.41, "width": 1.6, "inflow_peak": 2.35}