{"nodes": 2048, "cells": 3881, "object_boundaries": ["on_boundary && x[0]>0.29316 && x[0]< 0.48453 && x[1]>0.16117 && x[1]< 0.37961"], "height": 0.41, "width": 1.6, "inflow_peak": 1.61}