{"nodes": 2007, "cells": 3799, "object_boundaries": ["on_boundary && x[0]>0.15389 && x[0]< 0.26169 && x[1]>0.17053 && x[1]< 0.29201"], "height": 0.41, "width": 1.6, "inflow_peak": 1.713}