{"nodes": 2076, "object_boundaries": ["on_boundary && x[0]>0.05063 && x[0]< 0.25221 && x[1]>0.06993 && x[1]< 0.2309"], "height": 0.41, "width": 1.6, "inflow_peak": 1.89}