{"nodes": 1684, "object_boundaries": ["on_boundary && x[0]>0.29299 && x[0]< 0.4555 && x[1]>0.11726 && x[1]< 0.27977"], "height": 0.41, "width": 1.6, "inflow_peak": 1.32}