{"nodes": 1810, "object_boundaries": ["on_boundary && x[0]>0.21291 && x[0]< 0.37818 && x[1]>0.18101 && x[1]< 0.34628"], "height": 0.41, "width": 1.6, "inflow_peak": 0.68}