{"nodes": 1721, "object_boundaries": ["on_boundary && x[0]>0.04681 && x[0]< 0.26271 && x[1]>-0.00041 && x[1]< 0.2155"], "height": 0.41, "width": 1.6, "inflow_peak": 2.01}