{"nodes": 2083, "cells": 3942, "object_boundaries": ["on_boundary && x[0]>0.13003 && x[0]< 0.34901 && x[1]>0.01277 && x[1]< 0.24837"], "height": 0.41, "width": 1.6, "inflow_peak": 0.71}