{"nodes": 2136, "cells": 4057, "object_boundaries": ["on_boundary && x[0]>0.34786 && x[0]< 0.45522 && x[1]>0.23849 && x[1]< 0.34231"], "height": 0.41, "width": 1.6, "inflow_peak": 1.084}