{"nodes": 1992, "cells": 3769, "object_boundaries": ["on_boundary && x[0]>0.03145 && x[0]< 0.2779 && x[1]>0.09452 && x[1]< 0.24677"], "height": 0.41, "width": 1.6, "inflow_peak": 0.33}