{"nodes": 2094, "object_boundaries": ["on_boundary && x[0]>0.22479 && x[0]< 0.42521 && x[1]>0.15923 && x[1]< 0.3885"], "height": 0.41, "width": 1.6, "inflow_peak": 1.13}