{"nodes": 2049, "cells": 3873, "object_boundaries": ["on_boundary && x[0]>0.32458 && x[0]< 0.45209 && x[1]>0.02014 && x[1]< 0.18324"], "height": 0.41, "width": 1.6, "inflow_peak": 2.157}