{"nodes": 2154, "object_boundaries": ["on_boundary && x[0]>0.31275 && x[0]< 0.51747 && x[1]>0.09723 && x[1]< 0.27752"], "height": 0.41, "width": 1.6, "inflow_peak": 1.61}