{"nodes": 2025, "cells": 3848, "object_boundaries": ["on_boundary && x[0]>0.35458 && x[0]< 0.42751 && x[1]>0.08608 && x[1]< 0.15901"], "height": 0.41, "width": 1.6, "inflow_peak": 1.731}