{"nodes": 2865, "object_boundaries": ["on_boundary && x[0]>0.26435 && x[0]< 0.42089 && x[1]>0.09112 && x[1]< 0.24766", "on_boundary && x[0]>0.85883 && x[0]< 1.02931 && x[1]>0.1306 && x[1]< 0.30109"], "height": 0.41, "width": 1.6, "inflow_peak": 0.59}