{"nodes": 2110, "object_boundaries": ["on_boundary && x[0]>0.3141 && x[0]< 0.54999 && x[1]>0.12449 && x[1]< 0.36039", "on_boundary && x[0]>0.90484 && x[0]< 1.15516 && x[1]>0.12442 && x[1]< 0.37475"], "height": 0.41, "width": 1.6, "inflow_peak": 1.97}