{"nodes": 2015, "cells": 3821, "object_boundaries": ["on_boundary && x[0]>0.23412 && x[0]< 0.4216 && x[1]>0.10421 && x[1]< 0.29169"], "height": 0.41, "width": 1.6, "inflow_peak": 0.86}