{"nodes": 1919, "object_boundaries": ["on_boundary && x[0]>0.38081 && x[0]< 0.60837 && x[1]>0.12918 && x[1]< 0.35674"], "height": 0.41, "width": 1.6, "inflow_peak": 0.37}