{"nodes": 1940, "cells": 3685, "object_boundaries": ["on_boundary && x[0]>0.20025 && x[0]< 0.25279 && x[1]>0.18926 && x[1]< 0.2418"], "height": 0.41, "width": 1.6, "inflow_peak": 1.897}