{"nodes": 2317, "object_boundaries": ["on_boundary && x[0]>0.16575 && x[0]< 0.39224 && x[1]>0.1581 && x[1]< 0.3846", "on_boundary && x[0]>0.66999 && x[0]< 0.88107 && x[1]>0.16742 && x[1]< 0.37849"], "height": 0.41, "width": 1.6, "inflow_peak": 2.07}