{"nodes": 3111, "object_boundaries": ["on_boundary && x[0]>0.34453 && x[0]< 0.52218 && x[1]>0.06603 && x[1]< 0.24368", "on_boundary && x[0]>0.61234 && x[0]< 0.81404 && x[1]>0.11585 && x[1]< 0.31755"], "height": 0.41, "width": 1.6, "inflow_peak": 1.6}