{"nodes": 2067, "cells": 3914, "object_boundaries": ["on_boundary && x[0]>0.29643 && x[0]< 0.42719 && x[1]>0.20679 && x[1]< 0.33755"], "height": 0.41, "width": 1.6, "inflow_peak": 0.943}