{"nodes": 2046, "object_boundaries": ["on_boundary && x[0]>0.3903 && x[0]< 0.59447 && x[1]>0.00906 && x[1]< 0.21323"], "height": 0.41, "width": 1.6, "inflow_peak": 0.92}