{"nodes": 2691, "object_boundaries": ["on_boundary && x[0]>0.25997 && x[0]< 0.42903 && x[1]>0.12852 && x[1]< 0.29759", "on_boundary && x[0]>0.72215 && x[0]< 0.9243 && x[1]>0.01582 && x[1]< 0.21796"], "height": 0.41, "width": 1.6, "inflow_peak": 1.15}