{"nodes": 2955, "object_boundaries": ["on_boundary && x[0]>0.24933 && x[0]< 0.43626 && x[1]>0.1587 && x[1]< 0.34562", "on_boundary && x[0]>0.68808 && x[0]< 0.84138 && x[1]>0.06065 && x[1]< 0.21395"], "height": 0.41, "width": 1.6, "inflow_peak": 0.15}