{"nodes": 2166, "cells": 4099, "object_boundaries": ["on_boundary && x[0]>0.21162 && x[0]< 0.36557 && x[1]>0.08443 && x[1]< 0.25986"], "height": 0.41, "width": 1.6, "inflow_peak": 1.175}