{"nodes": 2218, "object_boundaries": ["on_boundary && x[0]>0.40331 && x[0]< 0.56993 && x[1]>0.15557 && x[1]< 0.32219"], "height": 0.41, "width": 1.6, "inflow_peak": 1.76}