{"nodes": 2116, "cells": 4010, "object_boundaries": ["on_boundary && x[0]>0.3857 && x[0]< 0.5236 && x[1]>0.19386 && x[1]< 0.33176"], "height": 0.41, "width": 1.6, "inflow_peak": 0.912}