{"nodes": 2172, "cells": 4134, "object_boundaries": ["on_boundary && x[0]>0.27144 && x[0]< 0.45192 && x[1]>0.07347 && x[1]< 0.25396"], "height": 0.41, "width": 1.6, "inflow_peak": 1.99}