{"nodes": 1924, "object_boundaries": ["on_boundary && x[0]>0.29424 && x[0]< 0.47133 && x[1]>0.16414 && x[1]< 0.29306"], "height": 0.41, "width": 1.6, "inflow_peak": 0.84}