{"nodes": 2434, "cells": 4637, "object_boundaries": ["on_boundary && x[0]>0.39033 && x[0]< 0.53679 && x[1]>0.18623 && x[1]< 0.32656", "on_boundary && x[0]>0.62566 && x[0]< 0.85071 && x[1]>0.0693 && x[1]< 0.26896"], "height": 0.41, "width": 1.6, "inflow_peak": 0.98}