{"nodes": 1958, "object_boundaries": ["on_boundary && x[0]>0.06945 && x[0]< 0.24262 && x[1]>0.03733 && x[1]< 0.28011"], "height": 0.41, "width": 1.6, "inflow_peak": 1.21}