{"nodes": 1912, "object_boundaries": ["on_boundary && x[0]>0.34391 && x[0]< 0.51248 && x[1]>0.09097 && x[1]< 0.21097"], "height": 0.41, "width": 1.6, "inflow_peak": 0.94}