{"nodes": 2125, "cells": 4038, "object_boundaries": ["on_boundary && x[0]>0.29276 && x[0]< 0.4869 && x[1]>0.14209 && x[1]< 0.33401"], "height": 0.41, "width": 1.6, "inflow_peak": 1.33}