{"nodes": 1814, "object_boundaries": ["on_boundary && x[0]>0.2624 && x[0]< 0.44434 && x[1]>0.16305 && x[1]< 0.35142"], "height": 0.41, "width": 1.6, "inflow_peak": 0.75}