{"nodes": 1692, "object_boundaries": ["on_boundary && x[0]>0.39928 && x[0]< 0.62161 && x[1]>0.00483 && x[1]< 0.2797"], "height": 0.41, "width": 1.6, "inflow_peak": 1.91}