{"nodes": 2098, "cells": 3970, "object_boundaries": ["on_boundary && x[0]>0.24624 && x[0]< 0.48442 && x[1]>0.02306 && x[1]< 0.26124"], "height": 0.41, "width": 1.6, "inflow_peak": 1.16}