{"nodes": 1669, "object_boundaries": ["on_boundary && x[0]>0.27725 && x[0]< 0.50715 && x[1]>0.05916 && x[1]< 0.28906"], "height": 0.41, "width": 1.6, "inflow_peak": 1.34}