{"nodes": 1715, "object_boundaries": ["on_boundary && x[0]>0.23 && x[0]< 0.43881 && x[1]>0.15895 && x[1]< 0.36776"], "height": 0.41, "width": 1.6, "inflow_peak": 1.22}