{"nodes": 1685, "object_boundaries": ["on_boundary && x[0]>0.09394 && x[0]< 0.31275 && x[1]>0.0912 && x[1]< 0.31001"], "height": 0.41, "width": 1.6, "inflow_peak": 1.71}