{"nodes": 2086, "object_boundaries": ["on_boundary && x[0]>0.21907 && x[0]< 0.40851 && x[1]>0.04919 && x[1]< 0.23863"], "height": 0.41, "width": 1.6, "inflow_peak": 0.41}