{"nodes": 2031, "cells": 3854, "object_boundaries": ["on_boundary && x[0]>0.2415 && x[0]< 0.42418 && x[1]>0.07256 && x[1]< 0.25524"], "height": 0.41, "width": 1.6, "inflow_peak": 1.02}