{"nodes": 2053, "object_boundaries": ["on_boundary && x[0]>0.34798 && x[0]< 0.55585 && x[1]>0.1325 && x[1]< 0.34037"], "height": 0.41, "width": 1.6, "inflow_peak": 2.06}