{"nodes": 2600, "object_boundaries": ["on_boundary && x[0]>0.27449 && x[0]< 0.46805 && x[1]>0.04333 && x[1]< 0.23689", "on_boundary && x[0]>0.89404 && x[0]< 1.08009 && x[1]>0.10883 && x[1]< 0.29487"], "height": 0.41, "width": 1.6, "inflow_peak": 1.84}