{"nodes": 1994, "object_boundaries": ["on_boundary && x[0]>0.28442 && x[0]< 0.46479 && x[1]>0.1165 && x[1]< 0.35682"], "height": 0.41, "width": 1.6, "inflow_peak": 1.51}