{"nodes": 2090, "cells": 3960, "object_boundaries": ["on_boundary && x[0]>0.36599 && x[0]< 0.49053 && x[1]>0.13862 && x[1]< 0.27702"], "height": 0.41, "width": 1.6, "inflow_peak": 1.964}