{"nodes": 2146, "object_boundaries": ["on_boundary && x[0]>0.15596 && x[0]< 0.36566 && x[1]>0.057 && x[1]< 0.22512"], "height": 0.41, "width": 1.6, "inflow_peak": 1.64}