{"nodes": 2061, "object_boundaries": ["on_boundary && x[0]>0.14595 && x[0]< 0.36446 && x[1]>0.05814 && x[1]< 0.24198"], "height": 0.41, "width": 1.6, "inflow_peak": 1.77}