{"nodes": 2298, "object_boundaries": ["on_boundary && x[0]>0.1754 && x[0]< 0.31909 && x[1]>0.10775 && x[1]< 0.27748"], "height": 0.41, "width": 1.6, "inflow_peak": 1.16}