{"nodes": 1726, "object_boundaries": ["on_boundary && x[0]>0.16989 && x[0]< 0.44989 && x[1]>0.08526 && x[1]< 0.36526"], "height": 0.41, "width": 1.6, "inflow_peak": 1.42}