{"nodes": 2079, "cells": 3943, "object_boundaries": ["on_boundary && x[0]>0.20963 && x[0]< 0.3477 && x[1]>0.19359 && x[1]< 0.28336"], "height": 0.41, "width": 1.6, "inflow_peak": 0.422}