{"nodes": 2876, "object_boundaries": ["on_boundary && x[0]>0.28346 && x[0]< 0.43763 && x[1]>0.09901 && x[1]< 0.31439", "on_boundary && x[0]>0.6705 && x[0]< 0.7905 && x[1]>0.00475 && x[1]< 0.22104"], "height": 0.41, "width": 1.6, "inflow_peak": 0.44}