{"nodes": 2096, "cells": 3980, "object_boundaries": ["on_boundary && x[0]>0.34097 && x[0]< 0.5496 && x[1]>0.1191 && x[1]< 0.29978"], "height": 0.41, "width": 1.6, "inflow_peak": 0.45}