{"nodes": 1965, "object_boundaries": ["on_boundary && x[0]>0.21397 && x[0]< 0.39639 && x[1]>0.05679 && x[1]< 0.30543"], "height": 0.41, "width": 1.6, "inflow_peak": 1.54}