{"nodes": 1993, "cells": 3790, "object_boundaries": ["on_boundary && x[0]>0.27058 && x[0]< 0.32716 && x[1]>0.14357 && x[1]< 0.20015"], "height": 0.41, "width": 1.6, "inflow_peak": 1.322}