{"nodes": 2126, "object_boundaries": ["on_boundary && x[0]>0.17951 && x[0]< 0.36139 && x[1]>0.15169 && x[1]< 0.33357"], "height": 0.41, "width": 1.6, "inflow_peak": 1.843}