{"nodes": 2001, "cells": 3784, "object_boundaries": ["on_boundary && x[0]>0.09567 && x[0]< 0.30989 && x[1]>0.04171 && x[1]< 0.25593"], "height": 0.41, "width": 1.6, "inflow_peak": 1.608}