{"nodes": 2155, "object_boundaries": ["on_boundary && x[0]>0.30641 && x[0]< 0.49361 && x[1]>0.15223 && x[1]< 0.33943"], "height": 0.41, "width": 1.6, "inflow_peak": 1.464}