{"nodes": 2914, "object_boundaries": ["on_boundary && x[0]>0.21229 && x[0]< 0.38899 && x[1]>0.06345 && x[1]< 0.24016", "on_boundary && x[0]>0.81768 && x[0]< 0.94633 && x[1]>0.18626 && x[1]< 0.31491"], "height": 0.41, "width": 1.6, "inflow_peak": 1.43}