{"nodes": 2319, "object_boundaries": ["on_boundary && x[0]>0.31043 && x[0]< 0.45187 && x[1]>0.03217 && x[1]< 0.1736"], "height": 0.41, "width": 1.6, "inflow_peak": 1.17}