{"nodes": 2403, "cells": 4575, "object_boundaries": ["on_boundary && x[0]>0.31464 && x[0]< 0.42716 && x[1]>0.07577 && x[1]< 0.18828", "on_boundary && x[0]>0.64012 && x[0]< 0.71213 && x[1]>0.19644 && x[1]< 0.26845"], "height": 0.41, "width": 1.6, "inflow_peak": 0.848}