{"nodes": 2088, "cells": 3954, "object_boundaries": ["on_boundary && x[0]>0.1127 && x[0]< 0.33345 && x[1]>0.06637 && x[1]< 0.28712"], "height": 0.41, "width": 1.6, "inflow_peak": 0.51}