{"nodes": 1867, "object_boundaries": ["on_boundary && x[0]>0.25733 && x[0]< 0.42064 && x[1]>0.08642 && x[1]< 0.24974"], "height": 0.41, "width": 1.6, "inflow_peak": 0.54}