{"nodes": 1774, "object_boundaries": ["on_boundary && x[0]>0.16271 && x[0]< 0.33584 && x[1]>0.11429 && x[1]< 0.28742"], "height": 0.41, "width": 1.6, "inflow_peak": 1.56}