{"nodes": 1798, "object_boundaries": ["on_boundary && x[0]>0.2981 && x[0]< 0.46859 && x[1]>0.19049 && x[1]< 0.36097"], "height": 0.41, "width": 1.6, "inflow_peak": 1.22}