{"nodes": 1703, "object_boundaries": ["on_boundary && x[0]>0.15219 && x[0]< 0.34781 && x[1]>0.1746 && x[1]< 0.37572"], "height": 0.41, "width": 1.6, "inflow_peak": 0.97}