{"nodes": 1915, "cells": 3621, "object_boundaries": ["on_boundary && x[0]>0.1274 && x[0]< 0.22462 && x[1]>0.05945 && x[1]< 0.15659"], "height": 0.41, "width": 1.6, "inflow_peak": 2.185}