{"nodes": 2138, "cells": 4063, "object_boundaries": ["on_boundary && x[0]>0.38032 && x[0]< 0.58003 && x[1]>0.08462 && x[1]< 0.26511"], "height": 0.41, "width": 1.6, "inflow_peak": 0.5}