{"nodes": 2072, "object_boundaries": ["on_boundary && x[0]>0.35475 && x[0]< 0.5681 && x[1]>0.02771 && x[1]< 0.24106"], "height": 0.41, "width": 1.6, "inflow_peak": 1.1}