{"nodes": 2591, "cells": 4907, "object_boundaries": ["on_boundary && x[0]>0.04331 && x[0]< 0.33891 && x[1]>0.17378 && x[1]< 0.41067", "on_boundary && x[0]>0.57151 && x[0]< 0.78781 && x[1]>0.05869 && x[1]< 0.28812"], "height": 0.41, "width": 1.6, "inflow_peak": 2.18}