{"nodes": 2101, "object_boundaries": ["on_boundary && x[0]>0.3408 && x[0]< 0.53508 && x[1]>0.11785 && x[1]< 0.36124"], "height": 0.41, "width": 1.6, "inflow_peak": 1.69}