{"nodes": 2160, "object_boundaries": ["on_boundary && x[0]>0.28274 && x[0]< 0.52906 && x[1]>0.09307 && x[1]< 0.26368", "on_boundary && x[0]>0.60442 && x[0]< 0.7809 && x[1]>0.02111 && x[1]< 0.21246"], "height": 0.41, "width": 1.6, "inflow_peak": 1.51}