{"nodes": 2096, "object_boundaries": ["on_boundary && x[0]>0.35913 && x[0]< 0.61021 && x[1]>0.06836 && x[1]< 0.21862", "on_boundary && x[0]>0.55564 && x[0]< 0.75208 && x[1]>0.13492 && x[1]< 0.36395"], "height": 0.41, "width": 1.6, "inflow_peak": 0.55}