{"nodes": 2021, "object_boundaries": ["on_boundary && x[0]>0.19167 && x[0]< 0.35756 && x[1]>0.01523 && x[1]< 0.26524"], "height": 0.41, "width": 1.6, "inflow_peak": 1.47}