{"nodes": 2192, "object_boundaries": ["on_boundary && x[0]>0.21839 && x[0]< 0.41639 && x[1]>0.14665 && x[1]< 0.2752"], "height": 0.41, "width": 1.6, "inflow_peak": 1.51}