{"nodes": 2089, "object_boundaries": ["on_boundary && x[0]>0.24015 && x[0]< 0.3883 && x[1]>0.16618 && x[1]< 0.40983"], "height": 0.41, "width": 1.6, "inflow_peak": 2.19}