{"nodes": 2091, "cells": 3952, "object_boundaries": ["on_boundary && x[0]>0.21738 && x[0]< 0.46798 && x[1]>0.05855 && x[1]< 0.30919"], "height": 0.41, "width": 1.6, "inflow_peak": 1.2}