{"nodes": 2190, "object_boundaries": ["on_boundary && x[0]>0.39596 && x[0]< 0.57903 && x[1]>0.11554 && x[1]< 0.29861"], "height": 0.41, "width": 1.6, "inflow_peak": 1.025}