{"nodes": 2073, "object_boundaries": ["on_boundary && x[0]>0.37487 && x[0]< 0.57924 && x[1]>0.15866 && x[1]< 0.36302"], "height": 0.41, "width": 1.6, "inflow_peak": 1.082}