{"nodes": 2026, "object_boundaries": ["on_boundary && x[0]>0.28189 && x[0]< 0.50677 && x[1]>0.13559 && x[1]< 0.36047"], "height": 0.41, "width": 1.6, "inflow_peak": 0.15}