{"nodes": 2390, "object_boundaries": ["on_boundary && x[0]>0.24066 && x[0]< 0.38725 && x[1]>0.15411 && x[1]< 0.3007"], "height": 0.41, "width": 1.6, "inflow_peak": 0.676}