{"nodes": 2179, "object_boundaries": ["on_boundary && x[0]>0.2125 && x[0]< 0.46361 && x[1]>0.08503 && x[1]< 0.33614"], "height": 0.41, "width": 1.6, "inflow_peak": 0.92}