{"nodes": 2228, "object_boundaries": ["on_boundary && x[0]>0.1309 && x[0]< 0.29315 && x[1]>0.13712 && x[1]< 0.29937"], "height": 0.41, "width": 1.6, "inflow_peak": 0.67}