{"nodes": 2043, "object_boundaries": ["on_boundary && x[0]>0.27069 && x[0]< 0.47847 && x[1]>0.05136 && x[1]< 0.25914"], "height": 0.41, "width": 1.6, "inflow_peak": 0.73}