{"nodes": 1903, "object_boundaries": ["on_boundary && x[0]>0.34263 && x[0]< 0.58595 && x[1]>-0.00498 && x[1]< 0.23834"], "height": 0.41, "width": 1.6, "inflow_peak": 1.77}