{"nodes": 1941, "object_boundaries": ["on_boundary && x[0]>0.28212 && x[0]< 0.51188 && x[1]>0.08522 && x[1]< 0.31497"], "height": 0.41, "width": 1.6, "inflow_peak": 1.37}