{"nodes": 2128, "cells": 4028, "object_boundaries": ["on_boundary && x[0]>0.26926 && x[0]< 0.42311 && x[1]>0.18986 && x[1]< 0.34372"], "height": 0.41, "width": 1.6, "inflow_peak": 1.422}