{"nodes": 2003, "object_boundaries": ["on_boundary && x[0]>0.05745 && x[0]< 0.23685 && x[1]>0.05253 && x[1]< 0.23193"], "height": 0.41, "width": 1.6, "inflow_peak": 1.29}