{"nodes": 2581, "object_boundaries": ["on_boundary && x[0]>0.24667 && x[0]< 0.42379 && x[1]>0.16829 && x[1]< 0.28829"], "height": 0.41, "width": 1.6, "inflow_peak": 0.76}