{"nodes": 2118, "object_boundaries": ["on_boundary && x[0]>0.38758 && x[0]< 0.6005 && x[1]>0.06059 && x[1]< 0.24483"], "height": 0.41, "width": 1.6, "inflow_peak": 2.15}