{"nodes": 2078, "object_boundaries": ["on_boundary && x[0]>0.31535 && x[0]< 0.50058 && x[1]>0.1573 && x[1]< 0.36711"], "height": 0.41, "width": 1.6, "inflow_peak": 0.59}