{"nodes": 2232, "object_boundaries": ["on_boundary && x[0]>0.25725 && x[0]< 0.47438 && x[1]>0.17613 && x[1]< 0.33026"], "height": 0.41, "width": 1.6, "inflow_peak": 0.46}