{"nodes": 2120, "object_boundaries": ["on_boundary && x[0]>0.19731 && x[0]< 0.38383 && x[1]>0.13399 && x[1]< 0.32051"], "height": 0.41, "width": 1.6, "inflow_peak": 1.488}