{"nodes": 2013, "cells": 3822, "object_boundaries": ["on_boundary && x[0]>0.20839 && x[0]< 0.37775 && x[1]>0.04275 && x[1]< 0.21211"], "height": 0.41, "width": 1.6, "inflow_peak": 0.696}