{"nodes": 2210, "object_boundaries": ["on_boundary && x[0]>0.1324 && x[0]< 0.29217 && x[1]>0.18822 && x[1]< 0.348"], "height": 0.41, "width": 1.6, "inflow_peak": 1.299}