{"nodes": 2226, "object_boundaries": ["on_boundary && x[0]>0.18785 && x[0]< 0.35535 && x[1]>0.07997 && x[1]< 0.24748"], "height": 0.41, "width": 1.6, "inflow_peak": 1.689}