{"nodes": 2063, "cells": 3904, "object_boundaries": ["on_boundary && x[0]>0.24454 && x[0]< 0.38096 && x[1]>0.09066 && x[1]< 0.22708"], "height": 0.41, "width": 1.6, "inflow_peak": 2.028}