{"nodes": 2061, "object_boundaries": ["on_boundary && x[0]>0.24929 && x[0]< 0.44021 && x[1]>0.09866 && x[1]< 0.30186"], "height": 0.41, "width": 1.6, "inflow_peak": 0.52}