{"nodes": 2091, "object_boundaries": ["on_boundary && x[0]>0.38496 && x[0]< 0.60652 && x[1]>0.0574 && x[1]< 0.23709"], "height": 0.41, "width": 1.6, "inflow_peak": 0.54}