{"nodes": 2033, "cells": 3844, "object_boundaries": ["on_boundary && x[0]>0.21231 && x[0]< 0.33831 && x[1]>0.18781 && x[1]< 0.33556"], "height": 0.41, "width": 1.6, "inflow_peak": 1.4}