{"nodes": 2038, "cells": 3865, "object_boundaries": ["on_boundary && x[0]>0.31908 && x[0]< 0.50562 && x[1]>0.04043 && x[1]< 0.23837"], "height": 0.41, "width": 1.6, "inflow_peak": 1.0}