{"nodes": 1984, "object_boundaries": ["on_boundary && x[0]>0.29129 && x[0]< 0.45756 && x[1]>0.07351 && x[1]< 0.324"], "height": 0.41, "width": 1.6, "inflow_peak": 1.43}