{"nodes": 2084, "object_boundaries": ["on_boundary && x[0]>0.39349 && x[0]< 0.57539 && x[1]>0.14505 && x[1]< 0.35278"], "height": 0.41, "width": 1.6, "inflow_peak": 0.32}