{"nodes": 1872, "object_boundaries": ["on_boundary && x[0]>0.25843 && x[0]< 0.41651 && x[1]>0.05645 && x[1]< 0.20986"], "height": 0.41, "width": 1.6, "inflow_peak": 2.35}