{"nodes": 2369, "object_boundaries": ["on_boundary && x[0]>0.22491 && x[0]< 0.41195 && x[1]>0.07534 && x[1]< 0.21808"], "height": 0.41, "width": 1.6, "inflow_peak": 1.94}