{"nodes": 2262, "object_boundaries": ["on_boundary && x[0]>0.09456 && x[0]< 0.31305 && x[1]>0.08437 && x[1]< 0.20437"], "height": 0.41, "width": 1.6, "inflow_peak": 0.97}