{"nodes": 1926, "object_boundaries": ["on_boundary && x[0]>0.38796 && x[0]< 0.51556 && x[1]>0.19426 && x[1]< 0.36007"], "height": 0.41, "width": 1.6, "inflow_peak": 1.07}