{"nodes": 2046, "cells": 3880, "object_boundaries": ["on_boundary && x[0]>0.25409 && x[0]< 0.42919 && x[1]>0.05202 && x[1]< 0.2632"], "height": 0.41, "width": 1.6, "inflow_peak": 0.32}