{"nodes": 2014, "object_boundaries": ["on_boundary && x[0]>0.16834 && x[0]< 0.32339 && x[1]>0.17083 && x[1]< 0.42757"], "height": 0.41, "width": 1.6, "inflow_peak": 2.22}