{"nodes": 2388, "object_boundaries": ["on_boundary && x[0]>0.22805 && x[0]< 0.42268 && x[1]>0.14812 && x[1]< 0.28268"], "height": 0.41, "width": 1.6, "inflow_peak": 1.51}