{"nodes": 2002, "cells": 3788, "object_boundaries": ["on_boundary && x[0]>0.40393 && x[0]< 0.48684 && x[1]>0.21303 && x[1]< 0.36028"], "height": 0.41, "width": 1.6, "inflow_peak": 2.032}