{"nodes": 2285, "object_boundaries": ["on_boundary && x[0]>0.15867 && x[0]< 0.29973 && x[1]>0.0869 && x[1]< 0.25426"], "height": 0.41, "width": 1.6, "inflow_peak": 0.36}