{"nodes": 2228, "object_boundaries": ["on_boundary && x[0]>0.17813 && x[0]< 0.33366 && x[1]>0.04819 && x[1]< 0.21269"], "height": 0.41, "width": 1.6, "inflow_peak": 0.48}