{"nodes": 2062, "cells": 3918, "object_boundaries": ["on_boundary && x[0]>0.34587 && x[0]< 0.43415 && x[1]>0.16651 && x[1]< 0.2548"], "height": 0.41, "width": 1.6, "inflow_peak": 1.654}