{"nodes": 1763, "object_boundaries": ["on_boundary && x[0]>0.3381 && x[0]< 0.56348 && x[1]>0.09729 && x[1]< 0.32267"], "height": 0.41, "width": 1.6, "inflow_peak": 1.03}