{"nodes": 2128, "cells": 4020, "object_boundaries": ["on_boundary && x[0]>0.08296 && x[0]< 0.35 && x[1]>0.07702 && x[1]< 0.32328"], "height": 0.41, "width": 1.6, "inflow_peak": 2.07}