{"nodes": 2024, "cells": 3841, "object_boundaries": ["on_boundary && x[0]>0.38285 && x[0]< 0.47277 && x[1]>0.1585 && x[1]< 0.24842"], "height": 0.41, "width": 1.6, "inflow_peak": 2.205}