{"nodes": 2092, "cells": 3966, "object_boundaries": ["on_boundary && x[0]>0.30042 && x[0]< 0.42376 && x[1]>0.143 && x[1]< 0.25904"], "height": 0.41, "width": 1.6, "inflow_peak": 1.207}