{"nodes": 2083, "cells": 3939, "object_boundaries": ["on_boundary && x[0]>0.20719 && x[0]< 0.44963 && x[1]>0.06538 && x[1]< 0.30782"], "height": 0.41, "width": 1.6, "inflow_peak": 1.24}