{"nodes": 1982, "object_boundaries": ["on_boundary && x[0]>0.2719 && x[0]< 0.49596 && x[1]>0.06311 && x[1]< 0.28717"], "height": 0.41, "width": 1.6, "inflow_peak": 1.1}