{"nodes": 2140, "object_boundaries": ["on_boundary && x[0]>0.12233 && x[0]< 0.35772 && x[1]>0.07735 && x[1]< 0.28018"], "height": 0.41, "width": 1.6, "inflow_peak": 0.7}