{"nodes": 2113, "object_boundaries": ["on_boundary && x[0]>0.42415 && x[0]< 0.56884 && x[1]>0.15663 && x[1]< 0.37799"], "height": 0.41, "width": 1.6, "inflow_peak": 0.3}