{"nodes": 2083, "cells": 3958, "object_boundaries": ["on_boundary && x[0]>0.30828 && x[0]< 0.3814 && x[1]>0.0577 && x[1]< 0.15063"], "height": 0.41, "width": 1.6, "inflow_peak": 0.793}