{"nodes": 2035, "object_boundaries": ["on_boundary && x[0]>0.10181 && x[0]< 0.30881 && x[1]>0.09245 && x[1]< 0.28476"], "height": 0.41, "width": 1.6, "inflow_peak": 1.9}