{"nodes": 2124, "cells": 4032, "object_boundaries": ["on_boundary && x[0]>0.20185 && x[0]< 0.40917 && x[1]>0.06206 && x[1]< 0.25367"], "height": 0.41, "width": 1.6, "inflow_peak": 1.93}