{"nodes": 2073, "cells": 3922, "object_boundaries": ["on_boundary && x[0]>0.08564 && x[0]< 0.31302 && x[1]>0.02235 && x[1]< 0.24883"], "height": 0.41, "width": 1.6, "inflow_peak": 2.01}