{"nodes": 1844, "object_boundaries": ["on_boundary && x[0]>0.15674 && x[0]< 0.40886 && x[1]>0.10091 && x[1]< 0.35303"], "height": 0.41, "width": 1.6, "inflow_peak": 0.926}