{"nodes": 2084, "cells": 3952, "object_boundaries": ["on_boundary && x[0]>0.37127 && x[0]< 0.48911 && x[1]>0.17352 && x[1]< 0.29135"], "height": 0.41, "width": 1.6, "inflow_peak": 2.196}