{"nodes": 2135, "object_boundaries": ["on_boundary && x[0]>0.18605 && x[0]< 0.36443 && x[1]>0.04549 && x[1]< 0.22387"], "height": 0.41, "width": 1.6, "inflow_peak": 1.28}