{"nodes": 1963, "object_boundaries": ["on_boundary && x[0]>0.12384 && x[0]< 0.32767 && x[1]>0.02104 && x[1]< 0.23338"], "height": 0.41, "width": 1.6, "inflow_peak": 1.05}