{"nodes": 1999, "object_boundaries": ["on_boundary && x[0]>0.1121 && x[0]< 0.37045 && x[1]>0.15754 && x[1]< 0.34527"], "height": 0.41, "width": 1.6, "inflow_peak": 1.66}