{"nodes": 2077, "cells": 3936, "object_boundaries": ["on_boundary && x[0]>0.41316 && x[0]< 0.58214 && x[1]>0.04915 && x[1]< 0.30189"], "height": 0.41, "width": 1.6, "inflow_peak": 0.39}