{"nodes": 1953, "object_boundaries": ["on_boundary && x[0]>0.03147 && x[0]< 0.22853 && x[1]>0.17698 && x[1]< 0.36698"], "height": 0.41, "width": 1.6, "inflow_peak": 2.35}