{"nodes": 2006, "cells": 3787, "object_boundaries": ["on_boundary && x[0]>0.14304 && x[0]< 0.2842 && x[1]>0.17039 && x[1]< 0.32172"], "height": 0.41, "width": 1.6, "inflow_peak": 0.801}