{"nodes": 2014, "object_boundaries": ["on_boundary && x[0]>0.37313 && x[0]< 0.57099 && x[1]>0.00374 && x[1]< 0.23414"], "height": 0.41, "width": 1.6, "inflow_peak": 0.79}