{"nodes": 2379, "object_boundaries": ["on_boundary && x[0]>0.16301 && x[0]< 0.28301 && x[1]>0.16986 && x[1]< 0.33162"], "height": 0.41, "width": 1.6, "inflow_peak": 0.49}