{"nodes": 2119, "object_boundaries": ["on_boundary && x[0]>0.20724 && x[0]< 0.4229 && x[1]>0.15853 && x[1]< 0.33447"], "height": 0.41, "width": 1.6, "inflow_peak": 1.71}