{"nodes": 2054, "cells": 3903, "object_boundaries": ["on_boundary && x[0]>0.30232 && x[0]< 0.40718 && x[1]>0.14449 && x[1]< 0.20459"], "height": 0.41, "width": 1.6, "inflow_peak": 0.493}