{"nodes": 2041, "object_boundaries": ["on_boundary && x[0]>0.29654 && x[0]< 0.56137 && x[1]>0.12333 && x[1]< 0.32126"], "height": 0.41, "width": 1.6, "inflow_peak": 1.14}