{"nodes": 1937, "object_boundaries": ["on_boundary && x[0]>0.1259 && x[0]< 0.32491 && x[1]>0.11313 && x[1]< 0.35312"], "height": 0.41, "width": 1.6, "inflow_peak": 1.05}