{"nodes": 2120, "cells": 4027, "object_boundaries": ["on_boundary && x[0]>0.22722 && x[0]< 0.37826 && x[1]>0.22352 && x[1]< 0.27781"], "height": 0.41, "width": 1.6, "inflow_peak": 1.644}