{"nodes": 2004, "object_boundaries": ["on_boundary && x[0]>0.30716 && x[0]< 0.46011 && x[1]>0.13393 && x[1]< 0.40889"], "height": 0.41, "width": 1.6, "inflow_peak": 1.13}