{"nodes": 2281, "object_boundaries": ["on_boundary && x[0]>0.13668 && x[0]< 0.2902 && x[1]>0.06181 && x[1]< 0.21533"], "height": 0.41, "width": 1.6, "inflow_peak": 1.871}