{"nodes": 2074, "object_boundaries": ["on_boundary && x[0]>0.1599 && x[0]< 0.35423 && x[1]>0.09747 && x[1]< 0.29179"], "height": 0.41, "width": 1.6, "inflow_peak": 1.915}