{"nodes": 2102, "object_boundaries": ["on_boundary && x[0]>0.43512 && x[0]< 0.62488 && x[1]>0.14515 && x[1]< 0.33491"], "height": 0.41, "width": 1.6, "inflow_peak": 1.421}