{"nodes": 2085, "object_boundaries": ["on_boundary && x[0]>0.43189 && x[0]< 0.66012 && x[1]>0.07338 && x[1]< 0.31215"], "height": 0.41, "width": 1.6, "inflow_peak": 0.33}