{"nodes": 2135, "object_boundaries": ["on_boundary && x[0]>0.26894 && x[0]< 0.46229 && x[1]>0.18314 && x[1]< 0.37648"], "height": 0.41, "width": 1.6, "inflow_peak": 1.315}