{"nodes": 2208, "object_boundaries": ["on_boundary && x[0]>0.31991 && x[0]< 0.5032 && x[1]>0.09653 && x[1]< 0.27982"], "height": 0.41, "width": 1.6, "inflow_peak": 0.478}