{"nodes": 1951, "object_boundaries": ["on_boundary && x[0]>0.26371 && x[0]< 0.49099 && x[1]>0.06742 && x[1]< 0.2947"], "height": 0.41, "width": 1.6, "inflow_peak": 1.139}