{"nodes": 2105, "cells": 3992, "object_boundaries": ["on_boundary && x[0]>0.21475 && x[0]< 0.31364 && x[1]>0.23511 && x[1]< 0.334"], "height": 0.41, "width": 1.6, "inflow_peak": 2.228}