{"nodes": 1964, "object_boundaries": ["on_boundary && x[0]>0.07966 && x[0]< 0.2881 && x[1]>0.08403 && x[1]< 0.29247"], "height": 0.41, "width": 1.6, "inflow_peak": 1.26}