{"nodes": 2417, "object_boundaries": ["on_boundary && x[0]>0.09255 && x[0]< 0.31055 && x[1]>0.00448 && x[1]< 0.22248", "on_boundary && x[0]>0.71827 && x[0]< 0.89878 && x[1]>0.19571 && x[1]< 0.37622"], "height": 0.41, "width": 1.6, "inflow_peak": 2.13}