{"nodes": 2434, "cells": 4629, "object_boundaries": ["on_boundary && x[0]>0.45769 && x[0]< 0.52452 && x[1]>0.13343 && x[1]< 0.20026", "on_boundary && x[0]>0.80824 && x[0]< 0.94726 && x[1]>0.21258 && x[1]< 0.3516"], "height": 0.41, "width": 1.6, "inflow_peak": 1.489}