{"nodes": 2043, "cells": 3876, "object_boundaries": ["on_boundary && x[0]>0.43558 && x[0]< 0.53427 && x[1]>0.19106 && x[1]< 0.28975"], "height": 0.41, "width": 1.6, "inflow_peak": 1.116}