{"nodes": 1842, "object_boundaries": ["on_boundary && x[0]>0.19048 && x[0]< 0.44151 && x[1]>-0.00039 && x[1]< 0.25064"], "height": 0.41, "width": 1.6, "inflow_peak": 1.804}