{"nodes": 1966, "cells": 3725, "object_boundaries": ["on_boundary && x[0]>0.1198 && x[0]< 0.29884 && x[1]>0.08032 && x[1]< 0.25937"], "height": 0.41, "width": 1.6, "inflow_peak": 0.986}