{"nodes": 2220, "object_boundaries": ["on_boundary && x[0]>0.20694 && x[0]< 0.37916 && x[1]>0.12778 && x[1]< 0.3"], "height": 0.41, "width": 1.6, "inflow_peak": 0.834}