{"nodes": 2141, "object_boundaries": ["on_boundary && x[0]>0.35068 && x[0]< 0.53752 && x[1]>0.17835 && x[1]< 0.36519"], "height": 0.41, "width": 1.6, "inflow_peak": 2.164}