{"nodes": 2245, "object_boundaries": ["on_boundary && x[0]>0.25871 && x[0]< 0.49057 && x[1]>-0.00161 && x[1]< 0.23025"], "height": 0.41, "width": 1.6, "inflow_peak": 0.736}