{"nodes": 1849, "object_boundaries": ["on_boundary && x[0]>0.14662 && x[0]< 0.39495 && x[1]>0.10698 && x[1]< 0.35531"], "height": 0.41, "width": 1.6, "inflow_peak": 1.45}