{"nodes": 2280, "object_boundaries": ["on_boundary && x[0]>0.27811 && x[0]< 0.44492 && x[1]>0.10217 && x[1]< 0.26898"], "height": 0.41, "width": 1.6, "inflow_peak": 2.03}