{"nodes": 2101, "cells": 3976, "object_boundaries": ["on_boundary && x[0]>0.27212 && x[0]< 0.51226 && x[1]>0.12518 && x[1]< 0.36532"], "height": 0.41, "width": 1.6, "inflow_peak": 0.29}