{"nodes": 2042, "object_boundaries": ["on_boundary && x[0]>0.24214 && x[0]< 0.45344 && x[1]>0.19435 && x[1]< 0.40565"], "height": 0.41, "width": 1.6, "inflow_peak": 1.235}