{"nodes": 1830, "object_boundaries": ["on_boundary && x[0]>0.2269 && x[0]< 0.47802 && x[1]>0.16208 && x[1]< 0.4132"], "height": 0.41, "width": 1.6, "inflow_peak": 1.705}