{"nodes": 2071, "cells": 3929, "object_boundaries": ["on_boundary && x[0]>0.31086 && x[0]< 0.41854 && x[1]>0.18078 && x[1]< 0.28846"], "height": 0.41, "width": 1.6, "inflow_peak": 0.257}