{"nodes": 1836, "object_boundaries": ["on_boundary && x[0]>0.36574 && x[0]< 0.62291 && x[1]>0.0054 && x[1]< 0.26257"], "height": 0.41, "width": 1.6, "inflow_peak": 1.836}