{"nodes": 2060, "object_boundaries": ["on_boundary && x[0]>0.31749 && x[0]< 0.51525 && x[1]>0.13676 && x[1]< 0.33452"], "height": 0.41, "width": 1.6, "inflow_peak": 0.684}