{"nodes": 2174, "object_boundaries": ["on_boundary && x[0]>0.09754 && x[0]< 0.25474 && x[1]>0.1933 && x[1]< 0.3505"], "height": 0.41, "width": 1.6, "inflow_peak": 1.92}