{"nodes": 2063, "cells": 3915, "object_boundaries": ["on_boundary && x[0]>0.42752 && x[0]< 0.52937 && x[1]>0.09165 && x[1]< 0.1935"], "height": 0.41, "width": 1.6, "inflow_peak": 1.471}