{"nodes": 2014, "cells": 3819, "object_boundaries": ["on_boundary && x[0]>0.22871 && x[0]< 0.41575 && x[1]>0.0942 && x[1]< 0.28124"], "height": 0.41, "width": 1.6, "inflow_peak": 1.157}