{"nodes": 2073, "object_boundaries": ["on_boundary && x[0]>0.38868 && x[0]< 0.58286 && x[1]>0.19733 && x[1]< 0.39151"], "height": 0.41, "width": 1.6, "inflow_peak": 1.711}