{"nodes": 2020, "object_boundaries": ["on_boundary && x[0]>0.39586 && x[0]< 0.60394 && x[1]>0.1576 && x[1]< 0.36568"], "height": 0.41, "width": 1.6, "inflow_peak": 0.982}