{"nodes": 1907, "object_boundaries": ["on_boundary && x[0]>0.25205 && x[0]< 0.49202 && x[1]>0.09675 && x[1]< 0.33672"], "height": 0.41, "width": 1.6, "inflow_peak": 1.775}