{"nodes": 1749, "object_boundaries": ["on_boundary && x[0]>0.35305 && x[0]< 0.55327 && x[1]>0.12883 && x[1]< 0.32905"], "height": 0.41, "width": 1.6, "inflow_peak": 1.53}