{"nodes": 2521, "object_boundaries": ["on_boundary && x[0]>0.22877 && x[0]< 0.34877 && x[1]>0.14482 && x[1]< 0.26482"], "height": 0.41, "width": 1.6, "inflow_peak": 1.19}