{"nodes": 1687, "object_boundaries": ["on_boundary && x[0]>0.34587 && x[0]< 0.58333 && x[1]>0.10548 && x[1]< 0.3534"], "height": 0.41, "width": 1.6, "inflow_peak": 1.78}