{"nodes": 2074, "object_boundaries": ["on_boundary && x[0]>0.38318 && x[0]< 0.57597 && x[1]>0.05359 && x[1]< 0.24638"], "height": 0.41, "width": 1.6, "inflow_peak": 1.957}