{"nodes": 2011, "object_boundaries": ["on_boundary && x[0]>0.38754 && x[0]< 0.59985 && x[1]>0.10921 && x[1]< 0.32151"], "height": 0.41, "width": 1.6, "inflow_peak": 0.96}