{"nodes": 1982, "cells": 3743, "object_boundaries": ["on_boundary && x[0]>0.06024 && x[0]< 0.28376 && x[1]>-0.00583 && x[1]< 0.21768"], "height": 0.41, "width": 1.6, "inflow_peak": 1.615}