{"nodes": 2005, "cells": 3808, "object_boundaries": ["on_boundary && x[0]>0.23752 && x[0]< 0.31159 && x[1]>0.23097 && x[1]< 0.30505"], "height": 0.41, "width": 1.6, "inflow_peak": 0.479}