{"nodes": 2561, "object_boundaries": ["on_boundary && x[0]>0.24163 && x[0]< 0.36163 && x[1]>0.12736 && x[1]< 0.24736"], "height": 0.41, "width": 1.6, "inflow_peak": 0.56}