{"nodes": 1762, "object_boundaries": ["on_boundary && x[0]>0.25243 && x[0]< 0.41915 && x[1]>0.02804 && x[1]< 0.19476"], "height": 0.41, "width": 1.6, "inflow_peak": 1.49}