{"nodes": 1696, "object_boundaries": ["on_boundary && x[0]>0.35854 && x[0]< 0.61426 && x[1]>0.01293 && x[1]< 0.27126"], "height": 0.41, "width": 1.6, "inflow_peak": 1.27}