{"nodes": 2092, "cells": 3970, "object_boundaries": ["on_boundary && x[0]>0.42169 && x[0]< 0.53596 && x[1]>0.08413 && x[1]< 0.19544"], "height": 0.41, "width": 1.6, "inflow_peak": 0.578}