{"nodes": 1706, "object_boundaries": ["on_boundary && x[0]>0.18512 && x[0]< 0.43443 && x[1]>0.13377 && x[1]< 0.30714"], "height": 0.41, "width": 1.6, "inflow_peak": 1.11}