{"nodes": 1736, "object_boundaries": ["on_boundary && x[0]>0.02415 && x[0]< 0.23585 && x[1]>0.08494 && x[1]< 0.29821"], "height": 0.41, "width": 1.6, "inflow_peak": 1.64}