{"nodes": 2300, "object_boundaries": ["on_boundary && x[0]>0.36585 && x[0]< 0.58608 && x[1]>0.05616 && x[1]< 0.2968", "on_boundary && x[0]>0.82076 && x[0]< 1.05148 && x[1]>0.15439 && x[1]< 0.30463"], "height": 0.41, "width": 1.6, "inflow_peak": 1.8}