{"nodes": 2258, "object_boundaries": ["on_boundary && x[0]>0.17299 && x[0]< 0.41273 && x[1]>0.1226 && x[1]< 0.36234"], "height": 0.41, "width": 1.6, "inflow_peak": 0.91}