{"nodes": 1999, "cells": 3793, "object_boundaries": ["on_boundary && x[0]>0.45355 && x[0]< 0.53709 && x[1]>0.21055 && x[1]< 0.29409"], "height": 0.41, "width": 1.6, "inflow_peak": 1.919}