{"nodes": 1961, "cells": 3727, "object_boundaries": ["on_boundary && x[0]>0.19895 && x[0]< 0.34211 && x[1]>0.15207 && x[1]< 0.29524"], "height": 0.41, "width": 1.6, "inflow_peak": 1.313}