{"nodes": 1910, "object_boundaries": ["on_boundary && x[0]>0.07915 && x[0]< 0.30341 && x[1]>0.06325 && x[1]< 0.28751"], "height": 0.41, "width": 1.6, "inflow_peak": 0.191}