{"nodes": 2141, "cells": 4071, "object_boundaries": ["on_boundary && x[0]>0.39895 && x[0]< 0.53973 && x[1]>0.18379 && x[1]< 0.23981"], "height": 0.41, "width": 1.6, "inflow_peak": 0.942}