{"nodes": 1947, "cells": 3699, "object_boundaries": ["on_boundary && x[0]>0.45202 && x[0]< 0.5056 && x[1]>0.23364 && x[1]< 0.28722"], "height": 0.41, "width": 1.6, "inflow_peak": 1.674}