{"nodes": 2074, "object_boundaries": ["on_boundary && x[0]>0.14442 && x[0]< 0.33532 && x[1]>0.00981 && x[1]< 0.20072"], "height": 0.41, "width": 1.6, "inflow_peak": 0.377}