{"nodes": 2059, "cells": 3907, "object_boundaries": ["on_boundary && x[0]>0.3288 && x[0]< 0.52007 && x[1]>0.06518 && x[1]< 0.25644"], "height": 0.41, "width": 1.6, "inflow_peak": 1.989}