{"nodes": 1989, "cells": 3756, "object_boundaries": ["on_boundary && x[0]>0.09361 && x[0]< 0.23067 && x[1]>0.12842 && x[1]< 0.26547"], "height": 0.41, "width": 1.6, "inflow_peak": 0.41}