{"nodes": 1692, "object_boundaries": ["on_boundary && x[0]>0.36316 && x[0]< 0.57364 && x[1]>0.14449 && x[1]< 0.35497"], "height": 0.41, "width": 1.6, "inflow_peak": 0.89}