{"nodes": 1683, "object_boundaries": ["on_boundary && x[0]>0.39462 && x[0]< 0.61456 && x[1]>0.09569 && x[1]< 0.31563"], "height": 0.41, "width": 1.6, "inflow_peak": 2.22}