{"nodes": 2057, "object_boundaries": ["on_boundary && x[0]>0.11305 && x[0]< 0.35866 && x[1]>0.14544 && x[1]< 0.31937"], "height": 0.41, "width": 1.6, "inflow_peak": 2.0}