{"nodes": 1998, "cells": 3793, "object_boundaries": ["on_boundary && x[0]>0.33372 && x[0]< 0.41768 && x[1]>0.08202 && x[1]< 0.15496"], "height": 0.41, "width": 1.6, "inflow_peak": 1.651}