{"nodes": 2116, "object_boundaries": ["on_boundary && x[0]>0.2986 && x[0]< 0.4662 && x[1]>0.13913 && x[1]< 0.34761"], "height": 0.41, "width": 1.6, "inflow_peak": 1.62}