{"nodes": 2568, "cells": 4875, "object_boundaries": ["on_boundary && x[0]>0.13345 && x[0]< 0.31321 && x[1]>0.07292 && x[1]< 0.24418", "on_boundary && x[0]>0.91827 && x[0]< 1.00615 && x[1]>0.08172 && x[1]< 0.16941"], "height": 0.41, "width": 1.6, "inflow_peak": 1.756}