{"nodes": 1731, "object_boundaries": ["on_boundary && x[0]>0.36639 && x[0]< 0.58049 && x[1]>0.07723 && x[1]< 0.27968"], "height": 0.41, "width": 1.6, "inflow_peak": 1.01}