{"nodes": 1968, "object_boundaries": ["on_boundary && x[0]>0.3191 && x[0]< 0.5933 && x[1]>0.09965 && x[1]< 0.28569", "on_boundary && x[0]>0.55278 && x[0]< 0.76793 && x[1]>0.11622 && x[1]< 0.33136"], "height": 0.41, "width": 1.6, "inflow_peak": 1.37}