{"nodes": 1952, "object_boundaries": ["on_boundary && x[0]>0.18478 && x[0]< 0.30478 && x[1]>0.14468 && x[1]< 0.37446"], "height": 0.41, "width": 1.6, "inflow_peak": 1.77}