{"nodes": 2617, "object_boundaries": ["on_boundary && x[0]>0.1199 && x[0]< 0.24162 && x[1]>0.15981 && x[1]< 0.28152", "on_boundary && x[0]>0.71424 && x[0]< 0.97937 && x[1]>0.14988 && x[1]< 0.41501"], "height": 0.41, "width": 1.6, "inflow_peak": 1.36}