{"nodes": 2057, "object_boundaries": ["on_boundary && x[0]>0.29979 && x[0]< 0.41979 && x[1]>0.12064 && x[1]< 0.24064"], "height": 0.41, "width": 1.6, "inflow_peak": 2.14}