{"nodes": 1904, "object_boundaries": ["on_boundary && x[0]>0.06092 && x[0]< 0.28358 && x[1]>0.10132 && x[1]< 0.32398"], "height": 0.41, "width": 1.6, "inflow_peak": 1.375}