{"nodes": 2044, "cells": 3859, "object_boundaries": ["on_boundary && x[0]>0.19168 && x[0]< 0.44106 && x[1]>-0.01344 && x[1]< 0.23594"], "height": 0.41, "width": 1.6, "inflow_peak": 1.975}