{"nodes": 2190, "object_boundaries": ["on_boundary && x[0]>0.29929 && x[0]< 0.4821 && x[1]>0.09078 && x[1]< 0.27358"], "height": 0.41, "width": 1.6, "inflow_peak": 1.177}