{"nodes": 1988, "cells": 3765, "object_boundaries": ["on_boundary && x[0]>0.38194 && x[0]< 0.57549 && x[1]>0.00466 && x[1]< 0.19821"], "height": 0.41, "width": 1.6, "inflow_peak": 0.868}