{"nodes": 2287, "object_boundaries": ["on_boundary && x[0]>0.32914 && x[0]< 0.47954 && x[1]>0.21299 && x[1]< 0.36338"], "height": 0.41, "width": 1.6, "inflow_peak": 1.159}