{"nodes": 2102, "object_boundaries": ["on_boundary && x[0]>0.43291 && x[0]< 0.62709 && x[1]>0.06843 && x[1]< 0.2626"], "height": 0.41, "width": 1.6, "inflow_peak": 0.15}