{"nodes": 2323, "object_boundaries": ["on_boundary && x[0]>0.16982 && x[0]< 0.31093 && x[1]>0.05971 && x[1]< 0.20082"], "height": 0.41, "width": 1.6, "inflow_peak": 0.813}