{"nodes": 1999, "cells": 3789, "object_boundaries": ["on_boundary && x[0]>0.27461 && x[0]< 0.37147 && x[1]>0.23033 && x[1]< 0.32719"], "height": 0.41, "width": 1.6, "inflow_peak": 0.374}