{"nodes": 2501, "object_boundaries": ["on_boundary && x[0]>0.25723 && x[0]< 0.44183 && x[1]>0.13551 && x[1]< 0.26455", "on_boundary && x[0]>0.90844 && x[0]< 1.1162 && x[1]>0.11469 && x[1]< 0.32355"], "height": 0.41, "width": 1.6, "inflow_peak": 2.35}