{"nodes": 2063, "cells": 3909, "object_boundaries": ["on_boundary && x[0]>0.16097 && x[0]< 0.34105 && x[1]>0.02518 && x[1]< 0.25995"], "height": 0.41, "width": 1.6, "inflow_peak": 2.02}