{"nodes": 2005, "object_boundaries": ["on_boundary && x[0]>0.23343 && x[0]< 0.43794 && x[1]>0.10324 && x[1]< 0.30033"], "height": 0.41, "width": 1.6, "inflow_peak": 2.0}