{"nodes": 1694, "object_boundaries": ["on_boundary && x[0]>0.13123 && x[0]< 0.32375 && x[1]>0.06178 && x[1]< 0.33512"], "height": 0.41, "width": 1.6, "inflow_peak": 1.56}