{"nodes": 2298, "object_boundaries": ["on_boundary && x[0]>0.18225 && x[0]< 0.3575 && x[1]>0.15858 && x[1]< 0.30347"], "height": 0.41, "width": 1.6, "inflow_peak": 0.56}