{"nodes": 2074, "cells": 3931, "object_boundaries": ["on_boundary && x[0]>0.37784 && x[0]< 0.60475 && x[1]>0.1254 && x[1]< 0.32111"], "height": 0.41, "width": 1.6, "inflow_peak": 0.36}