{"nodes": 1800, "object_boundaries": ["on_boundary && x[0]>0.1658 && x[0]< 0.43201 && x[1]>0.04809 && x[1]< 0.30885"], "height": 0.41, "width": 1.6, "inflow_peak": 0.65}