{"nodes": 2050, "cells": 3887, "object_boundaries": ["on_boundary && x[0]>0.21307 && x[0]< 0.27031 && x[1]>0.13338 && x[1]< 0.28024"], "height": 0.41, "width": 1.6, "inflow_peak": 1.19}