{"nodes": 2184, "object_boundaries": ["on_boundary && x[0]>0.2563 && x[0]< 0.43961 && x[1]>0.02025 && x[1]< 0.17975"], "height": 0.41, "width": 1.6, "inflow_peak": 1.88}