{"nodes": 1910, "object_boundaries": ["on_boundary && x[0]>0.1899 && x[0]< 0.35324 && x[1]>0.14219 && x[1]< 0.28976"], "height": 0.41, "width": 1.6, "inflow_peak": 1.84}