{"nodes": 2334, "object_boundaries": ["on_boundary && x[0]>0.34047 && x[0]< 0.48551 && x[1]>0.0654 && x[1]< 0.21043"], "height": 0.41, "width": 1.6, "inflow_peak": 1.92}