{"nodes": 2484, "object_boundaries": ["on_boundary && x[0]>0.1864 && x[0]< 0.36791 && x[1]>0.09895 && x[1]< 0.28046", "on_boundary && x[0]>0.88215 && x[0]< 1.10073 && x[1]>0.10947 && x[1]< 0.32805"], "height": 0.41, "width": 1.6, "inflow_peak": 1.57}