{"nodes": 2053, "object_boundaries": ["on_boundary && x[0]>0.20175 && x[0]< 0.32175 && x[1]>0.11881 && x[1]< 0.23881"], "height": 0.41, "width": 1.6, "inflow_peak": 1.27}