{"nodes": 2541, "object_boundaries": ["on_boundary && x[0]>0.23227 && x[0]< 0.40029 && x[1]>0.09426 && x[1]< 0.26229", "on_boundary && x[0]>0.65302 && x[0]< 0.87916 && x[1]>0.13919 && x[1]< 0.36533"], "height": 0.41, "width": 1.6, "inflow_peak": 2.1}