{"nodes": 2032, "cells": 3857, "object_boundaries": ["on_boundary && x[0]>0.37001 && x[0]< 0.45971 && x[1]>0.15898 && x[1]< 0.24868"], "height": 0.41, "width": 1.6, "inflow_peak": 1.944}