{"nodes": 2306, "object_boundaries": ["on_boundary && x[0]>0.25553 && x[0]< 0.40582 && x[1]>0.05972 && x[1]< 0.21"], "height": 0.41, "width": 1.6, "inflow_peak": 1.834}