{"nodes": 2245, "object_boundaries": ["on_boundary && x[0]>0.12698 && x[0]< 0.28392 && x[1]>0.17478 && x[1]< 0.33171"], "height": 0.41, "width": 1.6, "inflow_peak": 1.434}