{"nodes": 2320, "object_boundaries": ["on_boundary && x[0]>0.39694 && x[0]< 0.5404 && x[1]>0.17572 && x[1]< 0.31918"], "height": 0.41, "width": 1.6, "inflow_peak": 1.953}