{"nodes": 1996, "object_boundaries": ["on_boundary && x[0]>0.2865 && x[0]< 0.49694 && x[1]>-0.03935 && x[1]< 0.20538"], "height": 0.41, "width": 1.6, "inflow_peak": 1.22}