{"nodes": 1663, "object_boundaries": ["on_boundary && x[0]>0.29313 && x[0]< 0.56255 && x[1]>0.15635 && x[1]< 0.42724"], "height": 0.41, "width": 1.6, "inflow_peak": 1.46}