{"nodes": 1970, "cells": 3740, "object_boundaries": ["on_boundary && x[0]>0.43028 && x[0]< 0.49678 && x[1]>0.0923 && x[1]< 0.1588"], "height": 0.41, "width": 1.6, "inflow_peak": 0.52}