{"nodes": 1947, "object_boundaries": ["on_boundary && x[0]>0.14555 && x[0]< 0.36607 && x[1]>0.10818 && x[1]< 0.3287"], "height": 0.41, "width": 1.6, "inflow_peak": 2.35}