{"nodes": 2264, "object_boundaries": ["on_boundary && x[0]>0.2252 && x[0]< 0.41609 && x[1]>0.20369 && x[1]< 0.39457", "on_boundary && x[0]>0.75535 && x[0]< 1.00707 && x[1]>0.0292 && x[1]< 0.28092"], "height": 0.41, "width": 1.6, "inflow_peak": 0.35}