{"nodes": 2820, "object_boundaries": ["on_boundary && x[0]>0.31063 && x[0]< 0.50093 && x[1]>0.09845 && x[1]< 0.28875", "on_boundary && x[0]>0.71263 && x[0]< 0.88581 && x[1]>0.03022 && x[1]< 0.2034"], "height": 0.41, "width": 1.6, "inflow_peak": 1.52}