{"nodes": 2100, "object_boundaries": ["on_boundary && x[0]>0.22321 && x[0]< 0.45331 && x[1]>0.02201 && x[1]< 0.25993"], "height": 0.41, "width": 1.6, "inflow_peak": 1.39}