{"nodes": 2392, "object_boundaries": ["on_boundary && x[0]>0.09845 && x[0]< 0.32897 && x[1]>0.03087 && x[1]< 0.26139", "on_boundary && x[0]>0.82243 && x[0]< 0.99757 && x[1]>0.06885 && x[1]< 0.244"], "height": 0.41, "width": 1.6, "inflow_peak": 1.18}