{"nodes": 2219, "object_boundaries": ["on_boundary && x[0]>0.13164 && x[0]< 0.28372 && x[1]>0.05506 && x[1]< 0.20714"], "height": 0.41, "width": 1.6, "inflow_peak": 1.71}