{"nodes": 2116, "object_boundaries": ["on_boundary && x[0]>0.23196 && x[0]< 0.42868 && x[1]>0.16151 && x[1]< 0.35824"], "height": 0.41, "width": 1.6, "inflow_peak": 1.69}