{"nodes": 1995, "cells": 3790, "object_boundaries": ["on_boundary && x[0]>0.3091 && x[0]< 0.37797 && x[1]>0.22795 && x[1]< 0.29682"], "height": 0.41, "width": 1.6, "inflow_peak": 0.936}