{"nodes": 1879, "object_boundaries": ["on_boundary && x[0]>0.05475 && x[0]< 0.27691 && x[1]>0.0143 && x[1]< 0.23646"], "height": 0.41, "width": 1.6, "inflow_peak": 0.88}