{"nodes": 2026, "cells": 3843, "object_boundaries": ["on_boundary && x[0]>0.43892 && x[0]< 0.53526 && x[1]>0.07934 && x[1]< 0.17568"], "height": 0.41, "width": 1.6, "inflow_peak": 1.896}