{"nodes": 1751, "object_boundaries": ["on_boundary && x[0]>0.18459 && x[0]< 0.36707 && x[1]>0.08792 && x[1]< 0.27905"], "height": 0.41, "width": 1.6, "inflow_peak": 0.31}