{"nodes": 1731, "object_boundaries": ["on_boundary && x[0]>0.26875 && x[0]< 0.44631 && x[1]>0.19508 && x[1]< 0.38946"], "height": 0.41, "width": 1.6, "inflow_peak": 1.17}