{"nodes": 1833, "object_boundaries": ["on_boundary && x[0]>0.11833 && x[0]< 0.27317 && x[1]>0.11315 && x[1]< 0.26799"], "height": 0.41, "width": 1.6, "inflow_peak": 1.3}