{"nodes": 1755, "object_boundaries": ["on_boundary && x[0]>0.19785 && x[0]< 0.37124 && x[1]>0.0828 && x[1]< 0.26149"], "height": 0.41, "width": 1.6, "inflow_peak": 1.6}