{"nodes": 2101, "object_boundaries": ["on_boundary && x[0]>0.20915 && x[0]< 0.42657 && x[1]>0.12825 && x[1]< 0.31112"], "height": 0.41, "width": 1.6, "inflow_peak": 0.15}