{"nodes": 2095, "cells": 3976, "object_boundaries": ["on_boundary && x[0]>0.25676 && x[0]< 0.39795 && x[1]>0.11502 && x[1]< 0.1915"], "height": 0.41, "width": 1.6, "inflow_peak": 0.84}