{"nodes": 2053, "cells": 3895, "object_boundaries": ["on_boundary && x[0]>0.33376 && x[0]< 0.43507 && x[1]>0.23056 && x[1]< 0.33186"], "height": 0.41, "width": 1.6, "inflow_peak": 1.633}