{"nodes": 2226, "object_boundaries": ["on_boundary && x[0]>0.0576 && x[0]< 0.2024 && x[1]>0.11425 && x[1]< 0.25905"], "height": 0.41, "width": 1.6, "inflow_peak": 1.215}