{"nodes": 1992, "object_boundaries": ["on_boundary && x[0]>0.14066 && x[0]< 0.33752 && x[1]>0.01049 && x[1]< 0.20735"], "height": 0.41, "width": 1.6, "inflow_peak": 1.393}