{"nodes": 1794, "object_boundaries": ["on_boundary && x[0]>0.06911 && x[0]< 0.32895 && x[1]>0.08135 && x[1]< 0.3412"], "height": 0.41, "width": 1.6, "inflow_peak": 0.951}