{"nodes": 2320, "object_boundaries": ["on_boundary && x[0]>0.15238 && x[0]< 0.38034 && x[1]>0.17087 && x[1]< 0.30197"], "height": 0.41, "width": 1.6, "inflow_peak": 1.0}