{"nodes": 1702, "object_boundaries": ["on_boundary && x[0]>0.0752 && x[0]< 0.26105 && x[1]>0.03662 && x[1]< 0.19433"], "height": 0.41, "width": 1.6, "inflow_peak": 1.54}