{"nodes": 2130, "object_boundaries": ["on_boundary && x[0]>0.30249 && x[0]< 0.51111 && x[1]>0.08463 && x[1]< 0.22216"], "height": 0.41, "width": 1.6, "inflow_peak": 0.97}