{"nodes": 2017, "cells": 3817, "object_boundaries": ["on_boundary && x[0]>0.17079 && x[0]< 0.29676 && x[1]>0.09516 && x[1]< 0.2088"], "height": 0.41, "width": 1.6, "inflow_peak": 2.211}