{"nodes": 1753, "object_boundaries": ["on_boundary && x[0]>0.22635 && x[0]< 0.39241 && x[1]>0.10378 && x[1]< 0.28066"], "height": 0.41, "width": 1.6, "inflow_peak": 1.79}