{"nodes": 2088, "cells": 3940, "object_boundaries": ["on_boundary && x[0]>0.03078 && x[0]< 0.31409 && x[1]>0.13385 && x[1]< 0.37652"], "height": 0.41, "width": 1.6, "inflow_peak": 1.1}