{"nodes": 2028, "object_boundaries": ["on_boundary && x[0]>0.25725 && x[0]< 0.4768 && x[1]>0.04632 && x[1]< 0.26587"], "height": 0.41, "width": 1.6, "inflow_peak": 1.33}