{"nodes": 2518, "object_boundaries": ["on_boundary && x[0]>0.09406 && x[0]< 0.31743 && x[1]>0.07135 && x[1]< 0.29472", "on_boundary && x[0]>0.89061 && x[0]< 1.06054 && x[1]>0.10981 && x[1]< 0.27974"], "height": 0.41, "width": 1.6, "inflow_peak": 1.93}