{"nodes": 2466, "cells": 4696, "object_boundaries": ["on_boundary && x[0]>0.3418 && x[0]< 0.43088 && x[1]>0.17527 && x[1]< 0.26435", "on_boundary && x[0]>0.7348 && x[0]< 0.84454 && x[1]>0.07367 && x[1]< 0.18341"], "height": 0.41, "width": 1.6, "inflow_peak": 1.464}