{"nodes": 2095, "object_boundaries": ["on_boundary && x[0]>0.12228 && x[0]< 0.30784 && x[1]>0.0678 && x[1]< 0.25336"], "height": 0.41, "width": 1.6, "inflow_peak": 1.3}