{"nodes": 2025, "object_boundaries": ["on_boundary && x[0]>0.25119 && x[0]< 0.53119 && x[1]>-0.00779 && x[1]< 0.27221", "on_boundary && x[0]>0.71144 && x[0]< 0.93401 && x[1]>0.00078 && x[1]< 0.22334"], "height": 0.41, "width": 1.6, "inflow_peak": 1.07}