{"nodes": 2134, "object_boundaries": ["on_boundary && x[0]>0.15945 && x[0]< 0.33682 && x[1]>0.14878 && x[1]< 0.32615"], "height": 0.41, "width": 1.6, "inflow_peak": 1.26}