{"nodes": 2426, "object_boundaries": ["on_boundary && x[0]>0.29727 && x[0]< 0.44816 && x[1]>0.13314 && x[1]< 0.28402"], "height": 0.41, "width": 1.6, "inflow_peak": 0.75}