{"nodes": 2121, "object_boundaries": ["on_boundary && x[0]>0.28579 && x[0]< 0.4776 && x[1]>0.05985 && x[1]< 0.25166"], "height": 0.41, "width": 1.6, "inflow_peak": 0.766}