{"nodes": 2106, "cells": 3988, "object_boundaries": ["on_boundary && x[0]>0.28827 && x[0]< 0.42973 && x[1]>0.12593 && x[1]< 0.26739"], "height": 0.41, "width": 1.6, "inflow_peak": 1.676}