{"nodes": 2071, "cells": 3910, "object_boundaries": ["on_boundary && x[0]>0.35844 && x[0]< 0.61742 && x[1]>0.13632 && x[1]< 0.39529"], "height": 0.41, "width": 1.6, "inflow_peak": 0.875}