{"nodes": 2216, "object_boundaries": ["on_boundary && x[0]>0.38588 && x[0]< 0.55551 && x[1]>0.04485 && x[1]< 0.21448"], "height": 0.41, "width": 1.6, "inflow_peak": 0.495}