{"nodes": 1971, "object_boundaries": ["on_boundary && x[0]>0.30437 && x[0]< 0.53195 && x[1]>0.07906 && x[1]< 0.30665"], "height": 0.41, "width": 1.6, "inflow_peak": 0.858}