{"nodes": 1672, "object_boundaries": ["on_boundary && x[0]>0.3583 && x[0]< 0.58948 && x[1]>0.03943 && x[1]< 0.26073"], "height": 0.41, "width": 1.6, "inflow_peak": 0.37}