{"nodes": 2164, "cells": 4089, "object_boundaries": ["on_boundary && x[0]>0.20566 && x[0]< 0.38491 && x[1]>0.18693 && x[1]< 0.36951"], "height": 0.41, "width": 1.6, "inflow_peak": 0.483}