{"nodes": 1840, "object_boundaries": ["on_boundary && x[0]>0.20434 && x[0]< 0.45567 && x[1]>0.08496 && x[1]< 0.33629"], "height": 0.41, "width": 1.6, "inflow_peak": 1.69}