{"nodes": 2201, "object_boundaries": ["on_boundary && x[0]>0.32022 && x[0]< 0.50241 && x[1]>0.09368 && x[1]< 0.27587"], "height": 0.41, "width": 1.6, "inflow_peak": 0.76}