{"nodes": 1720, "object_boundaries": ["on_boundary && x[0]>0.2274 && x[0]< 0.44212 && x[1]>0.15194 && x[1]< 0.36922"], "height": 0.41, "width": 1.6, "inflow_peak": 1.16}