{"nodes": 1726, "object_boundaries": ["on_boundary && x[0]>0.17042 && x[0]< 0.36652 && x[1]>0.13516 && x[1]< 0.32505"], "height": 0.41, "width": 1.6, "inflow_peak": 1.48}