{"nodes": 1963, "cells": 3725, "object_boundaries": ["on_boundary && x[0]>0.18164 && x[0]< 0.2526 && x[1]>0.15184 && x[1]< 0.2228"], "height": 0.41, "width": 1.6, "inflow_peak": 2.087}