{"nodes": 2115, "object_boundaries": ["on_boundary && x[0]>0.1143 && x[0]< 0.29239 && x[1]>0.17365 && x[1]< 0.35175"], "height": 0.41, "width": 1.6, "inflow_peak": 0.82}