{"nodes": 1854, "object_boundaries": ["on_boundary && x[0]>0.01519 && x[0]< 0.24481 && x[1]>0.02682 && x[1]< 0.25645"], "height": 0.41, "width": 1.6, "inflow_peak": 2.35}