{"nodes": 2307, "object_boundaries": ["on_boundary && x[0]>0.12701 && x[0]< 0.33917 && x[1]>0.05735 && x[1]< 0.26951", "on_boundary && x[0]>0.70239 && x[0]< 0.92419 && x[1]>0.02685 && x[1]< 0.24866"], "height": 0.41, "width": 1.6, "inflow_peak": 0.43}