{"nodes": 1955, "cells": 3712, "object_boundaries": ["on_boundary && x[0]>0.12781 && x[0]< 0.18989 && x[1]>0.14533 && x[1]< 0.20741"], "height": 0.41, "width": 1.6, "inflow_peak": 1.375}