{"nodes": 2396, "object_boundaries": ["on_boundary && x[0]>0.19312 && x[0]< 0.33779 && x[1]>0.12697 && x[1]< 0.27164"], "height": 0.41, "width": 1.6, "inflow_peak": 0.735}