{"nodes": 2383, "object_boundaries": ["on_boundary && x[0]>0.17792 && x[0]< 0.32093 && x[1]>0.19212 && x[1]< 0.33512"], "height": 0.41, "width": 1.6, "inflow_peak": 1.148}