{"nodes": 2076, "cells": 3920, "object_boundaries": ["on_boundary && x[0]>0.22199 && x[0]< 0.47918 && x[1]>0.03661 && x[1]< 0.2938"], "height": 0.41, "width": 1.6, "inflow_peak": 1.069}