{"nodes": 1821, "object_boundaries": ["on_boundary && x[0]>0.11446 && x[0]< 0.35629 && x[1]>0.17649 && x[1]< 0.41832"], "height": 0.41, "width": 1.6, "inflow_peak": 2.188}