{"nodes": 1923, "object_boundaries": ["on_boundary && x[0]>0.32968 && x[0]< 0.48692 && x[1]>0.07215 && x[1]< 0.2294"], "height": 0.41, "width": 1.6, "inflow_peak": 1.92}