{"nodes": 2047, "object_boundaries": ["on_boundary && x[0]>0.39392 && x[0]< 0.59009 && x[1]>0.15089 && x[1]< 0.34707"], "height": 0.41, "width": 1.6, "inflow_peak": 0.3}