{"nodes": 2117, "object_boundaries": ["on_boundary && x[0]>0.41555 && x[0]< 0.60195 && x[1]>0.0844 && x[1]< 0.2708"], "height": 0.41, "width": 1.6, "inflow_peak": 0.68}