{"nodes": 1674, "object_boundaries": ["on_boundary && x[0]>0.23594 && x[0]< 0.45861 && x[1]>0.08873 && x[1]< 0.3114"], "height": 0.41, "width": 1.6, "inflow_peak": 0.93}