{"nodes": 1951, "object_boundaries": ["on_boundary && x[0]>0.21832 && x[0]< 0.44264 && x[1]>0.13557 && x[1]< 0.35989"], "height": 0.41, "width": 1.6, "inflow_peak": 1.41}