{"nodes": 2041, "cells": 3879, "object_boundaries": ["on_boundary && x[0]>0.39686 && x[0]< 0.56368 && x[1]>0.14488 && x[1]< 0.3117"], "height": 0.41, "width": 1.6, "inflow_peak": 2.19}