{"nodes": 2387, "cells": 4527, "object_boundaries": ["on_boundary && x[0]>0.41699 && x[0]< 0.5076 && x[1]>0.05619 && x[1]< 0.1468", "on_boundary && x[0]>0.6335 && x[0]< 0.77753 && x[1]>0.13097 && x[1]< 0.27499"], "height": 0.41, "width": 1.6, "inflow_peak": 1.722}