{"nodes": 2206, "object_boundaries": ["on_boundary && x[0]>0.06573 && x[0]< 0.27035 && x[1]>0.16058 && x[1]< 0.3652", "on_boundary && x[0]>0.66425 && x[0]< 0.90348 && x[1]>0.02457 && x[1]< 0.26379"], "height": 0.41, "width": 1.6, "inflow_peak": 0.27}