{"nodes": 2032, "cells": 3835, "object_boundaries": ["on_boundary && x[0]>0.15269 && x[0]< 0.40031 && x[1]>0.17099 && x[1]< 0.41862"], "height": 0.41, "width": 1.6, "inflow_peak": 1.35}