{"nodes": 1964, "object_boundaries": ["on_boundary && x[0]>0.09328 && x[0]< 0.26499 && x[1]>0.13158 && x[1]< 0.38116"], "height": 0.41, "width": 1.6, "inflow_peak": 1.51}