{"nodes": 2017, "object_boundaries": ["on_boundary && x[0]>0.21872 && x[0]< 0.45427 && x[1]>0.0055 && x[1]< 0.19559"], "height": 0.41, "width": 1.6, "inflow_peak": 1.98}