{"nodes": 2059, "cells": 3915, "object_boundaries": ["on_boundary && x[0]>0.16248 && x[0]< 0.35065 && x[1]>0.04635 && x[1]< 0.18686"], "height": 0.41, "width": 1.6, "inflow_peak": 0.82}