{"nodes": 2045, "cells": 3868, "object_boundaries": ["on_boundary && x[0]>0.06657 && x[0]< 0.30229 && x[1]>0.10326 && x[1]< 0.33898"], "height": 0.41, "width": 1.6, "inflow_peak": 1.21}