{"nodes": 1771, "object_boundaries": ["on_boundary && x[0]>0.33132 && x[0]< 0.48848 && x[1]>0.16348 && x[1]< 0.32064"], "height": 0.41, "width": 1.6, "inflow_peak": 0.74}