{"nodes": 1760, "object_boundaries": ["on_boundary && x[0]>0.3297 && x[0]< 0.48892 && x[1]>0.10434 && x[1]< 0.26355"], "height": 0.41, "width": 1.6, "inflow_peak": 0.52}