{"nodes": 1959, "object_boundaries": ["on_boundary && x[0]>0.22881 && x[0]< 0.45267 && x[1]>0.08768 && x[1]< 0.31154"], "height": 0.41, "width": 1.6, "inflow_peak": 2.2}