{"nodes": 2084, "object_boundaries": ["on_boundary && x[0]>0.13409 && x[0]< 0.32378 && x[1]>0.01107 && x[1]< 0.29107"], "height": 0.41, "width": 1.6, "inflow_peak": 1.86}