{"nodes": 2167, "object_boundaries": ["on_boundary && x[0]>0.43289 && x[0]< 0.62711 && x[1]>0.10721 && x[1]< 0.28672"], "height": 0.41, "width": 1.6, "inflow_peak": 1.49}