{"nodes": 2006, "cells": 3813, "object_boundaries": ["on_boundary && x[0]>0.38655 && x[0]< 0.4516 && x[1]>0.25453 && x[1]< 0.32071"], "height": 0.41, "width": 1.6, "inflow_peak": 1.261}