{"nodes": 1976, "object_boundaries": ["on_boundary && x[0]>0.08615 && x[0]< 0.29385 && x[1]>0.02933 && x[1]< 0.23703"], "height": 0.41, "width": 1.6, "inflow_peak": 0.15}