{"nodes": 1960, "cells": 3720, "object_boundaries": ["on_boundary && x[0]>0.18612 && x[0]< 0.34516 && x[1]>0.21854 && x[1]< 0.37759"], "height": 0.41, "width": 1.6, "inflow_peak": 2.05}