{"nodes": 1829, "object_boundaries": ["on_boundary && x[0]>0.0827 && x[0]< 0.32938 && x[1]>0.02318 && x[1]< 0.26986"], "height": 0.41, "width": 1.6, "inflow_peak": 1.76}