{"nodes": 1869, "object_boundaries": ["on_boundary && x[0]>0.09025 && x[0]< 0.32711 && x[1]>0.15819 && x[1]< 0.39504"], "height": 0.41, "width": 1.6, "inflow_peak": 1.14}