{"nodes": 2308, "object_boundaries": ["on_boundary && x[0]>0.25129 && x[0]< 0.40432 && x[1]>0.02995 && x[1]< 0.18297"], "height": 0.41, "width": 1.6, "inflow_peak": 1.14}