{"nodes": 2231, "object_boundaries": ["on_boundary && x[0]>0.26319 && x[0]< 0.43673 && x[1]>0.12194 && x[1]< 0.29549"], "height": 0.41, "width": 1.6, "inflow_peak": 0.52}