{"nodes": 1748, "object_boundaries": ["on_boundary && x[0]>0.12508 && x[0]< 0.3011 && x[1]>0.11988 && x[1]< 0.26759"], "height": 0.41, "width": 1.6, "inflow_peak": 0.29}