{"nodes": 2004, "cells": 3788, "object_boundaries": ["on_boundary && x[0]>0.08489 && x[0]< 0.24322 && x[1]>0.16323 && x[1]< 0.26515"], "height": 0.41, "width": 1.6, "inflow_peak": 1.528}