{"nodes": 2026, "cells": 3844, "object_boundaries": ["on_boundary && x[0]>0.08774 && x[0]< 0.25973 && x[1]>0.1286 && x[1]< 0.31049"], "height": 0.41, "width": 1.6, "inflow_peak": 0.54}