{"nodes": 1730, "object_boundaries": ["on_boundary && x[0]>0.10656 && x[0]< 0.34497 && x[1]>0.12996 && x[1]< 0.35347"], "height": 0.41, "width": 1.6, "inflow_peak": 2.35}