{"nodes": 1707, "object_boundaries": ["on_boundary && x[0]>0.18906 && x[0]< 0.43213 && x[1]>0.08534 && x[1]< 0.32841"], "height": 0.41, "width": 1.6, "inflow_peak": 1.35}