{"nodes": 1694, "object_boundaries": ["on_boundary && x[0]>0.28507 && x[0]< 0.51617 && x[1]>0.04439 && x[1]< 0.2912"], "height": 0.41, "width": 1.6, "inflow_peak": 1.02}