{"nodes": 1713, "object_boundaries": ["on_boundary && x[0]>0.29301 && x[0]< 0.53224 && x[1]>0.09192 && x[1]< 0.31648"], "height": 0.41, "width": 1.6, "inflow_peak": 0.72}