{"nodes": 2245, "object_boundaries": ["on_boundary && x[0]>0.11327 && x[0]< 0.34716 && x[1]>0.15611 && x[1]< 0.39"], "height": 0.41, "width": 1.6, "inflow_peak": 1.344}