{"nodes": 2315, "object_boundaries": ["on_boundary && x[0]>0.20304 && x[0]< 0.35349 && x[1]>0.13886 && x[1]< 0.28931"], "height": 0.41, "width": 1.6, "inflow_peak": 1.119}