{"nodes": 2009, "object_boundaries": ["on_boundary && x[0]>0.10289 && x[0]< 0.30251 && x[1]>0.04891 && x[1]< 0.24853"], "height": 0.41, "width": 1.6, "inflow_peak": 0.948}