{"nodes": 2048, "cells": 3868, "object_boundaries": ["on_boundary && x[0]>0.28636 && x[0]< 0.53105 && x[1]>0.17574 && x[1]< 0.42043"], "height": 0.41, "width": 1.6, "inflow_peak": 0.496}