{"nodes": 2059, "cells": 3892, "object_boundaries": ["on_boundary && x[0]>0.32821 && x[0]< 0.47752 && x[1]>0.22206 && x[1]< 0.37137"], "height": 0.41, "width": 1.6, "inflow_peak": 0.918}