{"nodes": 2146, "object_boundaries": ["on_boundary && x[0]>0.32745 && x[0]< 0.52083 && x[1]>0.09989 && x[1]< 0.29327"], "height": 0.41, "width": 1.6, "inflow_peak": 1.74}