{"nodes": 1884, "object_boundaries": ["on_boundary && x[0]>0.3401 && x[0]< 0.50052 && x[1]>0.1374 && x[1]< 0.29782"], "height": 0.41, "width": 1.6, "inflow_peak": 1.47}