{"nodes": 2226, "object_boundaries": ["on_boundary && x[0]>0.22656 && x[0]< 0.43373 && x[1]>0.11404 && x[1]< 0.32121", "on_boundary && x[0]>0.64207 && x[0]< 0.89453 && x[1]>0.01191 && x[1]< 0.26437"], "height": 0.41, "width": 1.6, "inflow_peak": 1.16}