{"nodes": 1977, "cells": 3757, "object_boundaries": ["on_boundary && x[0]>0.41741 && x[0]< 0.47661 && x[1]>0.21987 && x[1]< 0.27907"], "height": 0.41, "width": 1.6, "inflow_peak": 1.878}