{"nodes": 2579, "object_boundaries": ["on_boundary && x[0]>0.38521 && x[0]< 0.62497 && x[1]>0.03969 && x[1]< 0.27944", "on_boundary && x[0]>0.71586 && x[0]< 0.85483 && x[1]>0.06813 && x[1]< 0.2071"], "height": 0.41, "width": 1.6, "inflow_peak": 1.36}