{"nodes": 2288, "object_boundaries": ["on_boundary && x[0]>0.20602 && x[0]< 0.35569 && x[1]>0.14031 && x[1]< 0.28998"], "height": 0.41, "width": 1.6, "inflow_peak": 0.56}