{"nodes": 2268, "cells": 4321, "object_boundaries": ["on_boundary && x[0]>0.17943 && x[0]< 0.25803 && x[1]>0.11023 && x[1]< 0.18883", "on_boundary && x[0]>0.82239 && x[0]< 0.87857 && x[1]>0.27128 && x[1]< 0.32747"], "height": 0.41, "width": 1.6, "inflow_peak": 1.231}