{"nodes": 2213, "object_boundaries": ["on_boundary && x[0]>0.18436 && x[0]< 0.36546 && x[1]>0.20472 && x[1]< 0.35685"], "height": 0.41, "width": 1.6, "inflow_peak": 0.95}