{"nodes": 1693, "object_boundaries": ["on_boundary && x[0]>0.22623 && x[0]< 0.42894 && x[1]>0.05756 && x[1]< 0.30509"], "height": 0.41, "width": 1.6, "inflow_peak": 1.02}