{"nodes": 2084, "object_boundaries": ["on_boundary && x[0]>0.32463 && x[0]< 0.52849 && x[1]>0.09015 && x[1]< 0.294"], "height": 0.41, "width": 1.6, "inflow_peak": 1.94}