{"nodes": 2038, "cells": 3844, "object_boundaries": ["on_boundary && x[0]>0.21456 && x[0]< 0.38344 && x[1]>0.20085 && x[1]< 0.36974"], "height": 0.41, "width": 1.6, "inflow_peak": 1.966}