{"nodes": 1701, "object_boundaries": ["on_boundary && x[0]>0.09081 && x[0]< 0.30847 && x[1]>0.01411 && x[1]< 0.23055"], "height": 0.41, "width": 1.6, "inflow_peak": 0.91}