{"nodes": 1973, "object_boundaries": ["on_boundary && x[0]>0.15674 && x[0]< 0.37287 && x[1]>0.1078 && x[1]< 0.32393"], "height": 0.41, "width": 1.6, "inflow_peak": 0.8}