{"nodes": 1745, "object_boundaries": ["on_boundary && x[0]>0.05259 && x[0]< 0.20741 && x[1]>0.12903 && x[1]< 0.28386"], "height": 0.41, "width": 1.6, "inflow_peak": 0.9}