{"nodes": 1698, "object_boundaries": ["on_boundary && x[0]>0.09758 && x[0]< 0.31671 && x[1]>0.13834 && x[1]< 0.34199"], "height": 0.41, "width": 1.6, "inflow_peak": 1.96}