{"nodes": 2146, "cells": 4074, "object_boundaries": ["on_boundary && x[0]>0.27301 && x[0]< 0.46315 && x[1]>0.059 && x[1]< 0.24914"], "height": 0.41, "width": 1.6, "inflow_peak": 0.49}