{"nodes": 1891, "object_boundaries": ["on_boundary && x[0]>0.04644 && x[0]< 0.26437 && x[1]>0.00341 && x[1]< 0.22133"], "height": 0.41, "width": 1.6, "inflow_peak": 1.13}