{"nodes": 1999, "cells": 3794, "object_boundaries": ["on_boundary && x[0]>0.35 && x[0]< 0.42875 && x[1]>0.07251 && x[1]< 0.15126"], "height": 0.41, "width": 1.6, "inflow_peak": 1.489}