{"nodes": 2031, "object_boundaries": ["on_boundary && x[0]>0.32225 && x[0]< 0.532 && x[1]>0.17613 && x[1]< 0.38588"], "height": 0.41, "width": 1.6, "inflow_peak": 0.15}