{"nodes": 1827, "object_boundaries": ["on_boundary && x[0]>0.15158 && x[0]< 0.4042 && x[1]>0.00018 && x[1]< 0.2528"], "height": 0.41, "width": 1.6, "inflow_peak": 0.74}