{"nodes": 2092, "object_boundaries": ["on_boundary && x[0]>0.22521 && x[0]< 0.41876 && x[1]>0.07149 && x[1]< 0.26504"], "height": 0.41, "width": 1.6, "inflow_peak": 1.45}