{"nodes": 2262, "object_boundaries": ["on_boundary && x[0]>0.26703 && x[0]< 0.5259 && x[1]>0.10006 && x[1]< 0.35893"], "height": 0.41, "width": 1.6, "inflow_peak": 1.75}