{"nodes": 1992, "cells": 3772, "object_boundaries": ["on_boundary && x[0]>0.12274 && x[0]< 0.3179 && x[1]>0.19457 && x[1]< 0.38973"], "height": 0.41, "width": 1.6, "inflow_peak": 1.58}