{"nodes": 1700, "object_boundaries": ["on_boundary && x[0]>0.11112 && x[0]< 0.40866 && x[1]>0.06667 && x[1]< 0.32074", "on_boundary && x[0]>0.77565 && x[0]< 0.97931 && x[1]>0.15753 && x[1]< 0.38044"], "height": 0.41, "width": 1.6, "inflow_peak": 1.73}