{"nodes": 1890, "object_boundaries": ["on_boundary && x[0]>0.26774 && x[0]< 0.44425 && x[1]>0.04305 && x[1]< 0.2271", "on_boundary && x[0]>0.64992 && x[0]< 0.83617 && x[1]>0.10309 && x[1]< 0.29097"], "height": 0.41, "width": 1.6, "inflow_peak": 0.38}