{"nodes": 2058, "cells": 3900, "object_boundaries": ["on_boundary && x[0]>0.13901 && x[0]< 0.21548 && x[1]>0.14968 && x[1]< 0.25207"], "height": 0.41, "width": 1.6, "inflow_peak": 1.033}