{"nodes": 2058, "cells": 3904, "object_boundaries": ["on_boundary && x[0]>0.10222 && x[0]< 0.27562 && x[1]>0.04226 && x[1]< 0.24596"], "height": 0.41, "width": 1.6, "inflow_peak": 0.48}