{"nodes": 2093, "cells": 3963, "object_boundaries": ["on_boundary && x[0]>0.29501 && x[0]< 0.54598 && x[1]>0.16291 && x[1]< 0.36688"], "height": 0.41, "width": 1.6, "inflow_peak": 0.46}