{"nodes": 2067, "object_boundaries": ["on_boundary && x[0]>0.08828 && x[0]< 0.23856 && x[1]>0.06976 && x[1]< 0.27856"], "height": 0.41, "width": 1.6, "inflow_peak": 1.87}