{"nodes": 2212, "object_boundaries": ["on_boundary && x[0]>0.26434 && x[0]< 0.40843 && x[1]>0.17472 && x[1]< 0.36708"], "height": 0.41, "width": 1.6, "inflow_peak": 0.42}