{"nodes": 1673, "object_boundaries": ["on_boundary && x[0]>0.35131 && x[0]< 0.54108 && x[1]>0.16663 && x[1]< 0.34499"], "height": 0.41, "width": 1.6, "inflow_peak": 0.74}