{"nodes": 1722, "object_boundaries": ["on_boundary && x[0]>0.19348 && x[0]< 0.36559 && x[1]>0.05379 && x[1]< 0.2259"], "height": 0.41, "width": 1.6, "inflow_peak": 0.74}