{"nodes": 2112, "cells": 4012, "object_boundaries": ["on_boundary && x[0]>0.38657 && x[0]< 0.57167 && x[1]>0.07208 && x[1]< 0.26832"], "height": 0.41, "width": 1.6, "inflow_peak": 1.71}