{"nodes": 1999, "object_boundaries": ["on_boundary && x[0]>0.30336 && x[0]< 0.52168 && x[1]>0.09231 && x[1]< 0.31063"], "height": 0.41, "width": 1.6, "inflow_peak": 1.72}