{"nodes": 2092, "cells": 3964, "object_boundaries": ["on_boundary && x[0]>0.31263 && x[0]< 0.44231 && x[1]>0.18309 && x[1]< 0.31277"], "height": 0.41, "width": 1.6, "inflow_peak": 2.016}