{"nodes": 1751, "object_boundaries": ["on_boundary && x[0]>0.38523 && x[0]< 0.58424 && x[1]>0.03715 && x[1]< 0.23617"], "height": 0.41, "width": 1.6, "inflow_peak": 0.29}