{"nodes": 2120, "cells": 4010, "object_boundaries": ["on_boundary && x[0]>0.21965 && x[0]< 0.3654 && x[1]>0.20465 && x[1]< 0.3674"], "height": 0.41, "width": 1.6, "inflow_peak": 1.587}