{"nodes": 2000, "object_boundaries": ["on_boundary && x[0]>0.10082 && x[0]< 0.32544 && x[1]>0.09909 && x[1]< 0.33262"], "height": 0.41, "width": 1.6, "inflow_peak": 1.01}