{"nodes": 2093, "object_boundaries": ["on_boundary && x[0]>0.35746 && x[0]< 0.55904 && x[1]>0.07155 && x[1]< 0.27313"], "height": 0.41, "width": 1.6, "inflow_peak": 0.928}