{"nodes": 1993, "cells": 3774, "object_boundaries": ["on_boundary && x[0]>0.19252 && x[0]< 0.29829 && x[1]>0.12705 && x[1]< 0.23283"], "height": 0.41, "width": 1.6, "inflow_peak": 1.101}