{"nodes": 2008, "object_boundaries": ["on_boundary && x[0]>0.2097 && x[0]< 0.41948 && x[1]>0.15647 && x[1]< 0.36624"], "height": 0.41, "width": 1.6, "inflow_peak": 0.764}