{"nodes": 1892, "object_boundaries": ["on_boundary && x[0]>0.36067 && x[0]< 0.60504 && x[1]>0.0514 && x[1]< 0.29578"], "height": 0.41, "width": 1.6, "inflow_peak": 1.136}