{"nodes": 2006, "cells": 3806, "object_boundaries": ["on_boundary && x[0]>0.19767 && x[0]< 0.37543 && x[1]>0.17062 && x[1]< 0.34839"], "height": 0.41, "width": 1.6, "inflow_peak": 1.87}