{"nodes": 2435, "object_boundaries": ["on_boundary && x[0]>0.31871 && x[0]< 0.44616 && x[1]>0.19038 && x[1]< 0.31782"], "height": 0.41, "width": 1.6, "inflow_peak": 1.23}