{"nodes": 2345, "cells": 4474, "object_boundaries": ["on_boundary && x[0]>0.1816 && x[0]< 0.24243 && x[1]>0.16157 && x[1]< 0.22241", "on_boundary && x[0]>0.77228 && x[0]< 0.84581 && x[1]>0.07041 && x[1]< 0.14394"], "height": 0.41, "width": 1.6, "inflow_peak": 0.53}