{"nodes": 2042, "cells": 3874, "object_boundaries": ["on_boundary && x[0]>0.17737 && x[0]< 0.37906 && x[1]>0.19882 && x[1]< 0.37122"], "height": 0.41, "width": 1.6, "inflow_peak": 1.7}