{"nodes": 1996, "cells": 3775, "object_boundaries": ["on_boundary && x[0]>0.05854 && x[0]< 0.26814 && x[1]>0.05333 && x[1]< 0.26293"], "height": 0.41, "width": 1.6, "inflow_peak": 1.828}