{"nodes": 1970, "object_boundaries": ["on_boundary && x[0]>0.12798 && x[0]< 0.3318 && x[1]>0.19209 && x[1]< 0.39592"], "height": 0.41, "width": 1.6, "inflow_peak": 2.187}