{"nodes": 2052, "object_boundaries": ["on_boundary && x[0]>0.1261 && x[0]< 0.3179 && x[1]>0.01861 && x[1]< 0.21042"], "height": 0.41, "width": 1.6, "inflow_peak": 2.046}