{"nodes": 1706, "object_boundaries": ["on_boundary && x[0]>0.08298 && x[0]< 0.31607 && x[1]>0.16488 && x[1]< 0.39841"], "height": 0.41, "width": 1.6, "inflow_peak": 0.35}