{"nodes": 2082, "object_boundaries": ["on_boundary && x[0]>0.35692 && x[0]< 0.5531 && x[1]>0.05886 && x[1]< 0.25503"], "height": 0.41, "width": 1.6, "inflow_peak": 1.11}