{"nodes": 2033, "cells": 3863, "object_boundaries": ["on_boundary && x[0]>0.42655 && x[0]< 0.50511 && x[1]>0.1763 && x[1]< 0.25487"], "height": 0.41, "width": 1.6, "inflow_peak": 0.383}