{"nodes": 1702, "object_boundaries": ["on_boundary && x[0]>0.19052 && x[0]< 0.46256 && x[1]>0.06835 && x[1]< 0.34838"], "height": 0.41, "width": 1.6, "inflow_peak": 2.07}