{"nodes": 2130, "cells": 4027, "object_boundaries": ["on_boundary && x[0]>0.22803 && x[0]< 0.39475 && x[1]>0.07451 && x[1]< 0.23462"], "height": 0.41, "width": 1.6, "inflow_peak": 1.176}