{"nodes": 2138, "cells": 4066, "object_boundaries": ["on_boundary && x[0]>0.34489 && x[0]< 0.52638 && x[1]>0.06232 && x[1]< 0.24382"], "height": 0.41, "width": 1.6, "inflow_peak": 1.57}