{"nodes": 1743, "object_boundaries": ["on_boundary && x[0]>0.17833 && x[0]< 0.38043 && x[1]>0.04604 && x[1]< 0.24814"], "height": 0.41, "width": 1.6, "inflow_peak": 0.72}