{"nodes": 1833, "object_boundaries": ["on_boundary && x[0]>0.24319 && x[0]< 0.49826 && x[1]>0.17247 && x[1]< 0.42753"], "height": 0.41, "width": 1.6, "inflow_peak": 0.65}