{"nodes": 1766, "object_boundaries": ["on_boundary && x[0]>0.21517 && x[0]< 0.42538 && x[1]>0.0243 && x[1]< 0.26086", "on_boundary && x[0]>0.74928 && x[0]< 0.98595 && x[1]>0.12474 && x[1]< 0.3308"], "height": 0.41, "width": 1.6, "inflow_peak": 1.49}