{"nodes": 2497, "cells": 4753, "object_boundaries": ["on_boundary && x[0]>0.17997 && x[0]< 0.26506 && x[1]>0.08877 && x[1]< 0.16819", "on_boundary && x[0]>0.71813 && x[0]< 0.82462 && x[1]>0.19062 && x[1]< 0.31554"], "height": 0.41, "width": 1.6, "inflow_peak": 1.423}