{"nodes": 2476, "object_boundaries": ["on_boundary && x[0]>0.0927 && x[0]< 0.3134 && x[1]>0.0931 && x[1]< 0.3138", "on_boundary && x[0]>0.58073 && x[0]< 0.75902 && x[1]>0.16952 && x[1]< 0.34781"], "height": 0.41, "width": 1.6, "inflow_peak": 1.52}