{"nodes": 2067, "object_boundaries": ["on_boundary && x[0]>0.33621 && x[0]< 0.58686 && x[1]>0.12471 && x[1]< 0.37536", "on_boundary && x[0]>0.87617 && x[0]< 1.12028 && x[1]>-0.01243 && x[1]< 0.23168"], "height": 0.41, "width": 1.6, "inflow_peak": 1.08}