{"nodes": 2982, "object_boundaries": ["on_boundary && x[0]>0.15543 && x[0]< 0.34994 && x[1]>0.02494 && x[1]< 0.21945", "on_boundary && x[0]>0.72541 && x[0]< 1.00144 && x[1]>0.08781 && x[1]< 0.36384"], "height": 0.41, "width": 1.6, "inflow_peak": 0.69}