{"nodes": 2077, "object_boundaries": ["on_boundary && x[0]>0.16459 && x[0]< 0.35257 && x[1]>0.20537 && x[1]< 0.39336"], "height": 0.41, "width": 1.6, "inflow_peak": 1.72}