{"nodes": 2217, "object_boundaries": ["on_boundary && x[0]>0.16524 && x[0]< 0.37731 && x[1]>0.11786 && x[1]< 0.32994", "on_boundary && x[0]>0.63129 && x[0]< 0.88151 && x[1]>0.03297 && x[1]< 0.28319"], "height": 0.41, "width": 1.6, "inflow_peak": 1.17}