{"nodes": 2101, "object_boundaries": ["on_boundary && x[0]>0.23546 && x[0]< 0.35546 && x[1]>0.08835 && x[1]< 0.20835"], "height": 0.41, "width": 1.6, "inflow_peak": 1.31}