{"nodes": 1711, "object_boundaries": ["on_boundary && x[0]>0.3713 && x[0]< 0.62711 && x[1]>0.01293 && x[1]< 0.23151"], "height": 0.41, "width": 1.6, "inflow_peak": 2.25}