{"nodes": 2044, "object_boundaries": ["on_boundary && x[0]>0.15226 && x[0]< 0.29908 && x[1]>0.0599 && x[1]< 0.31137"], "height": 0.41, "width": 1.6, "inflow_peak": 2.35}