{"nodes": 1733, "object_boundaries": ["on_boundary && x[0]>0.29015 && x[0]< 0.46257 && x[1]>0.15263 && x[1]< 0.30383"], "height": 0.41, "width": 1.6, "inflow_peak": 0.43}