{"nodes": 2006, "object_boundaries": ["on_boundary && x[0]>0.27199 && x[0]< 0.50194 && x[1]>0.1192 && x[1]< 0.35709", "on_boundary && x[0]>0.82777 && x[0]< 1.00639 && x[1]>0.16003 && x[1]< 0.34088"], "height": 0.41, "width": 1.6, "inflow_peak": 1.55}