{"nodes": 1952, "object_boundaries": ["on_boundary && x[0]>0.03136 && x[0]< 0.23214 && x[1]>0.11536 && x[1]< 0.31614"], "height": 0.41, "width": 1.6, "inflow_peak": 1.12}