{"nodes": 2008, "object_boundaries": ["on_boundary && x[0]>0.19127 && x[0]< 0.39794 && x[1]>0.16099 && x[1]< 0.36766"], "height": 0.41, "width": 1.6, "inflow_peak": 1.96}