{"nodes": 2573, "object_boundaries": ["on_boundary && x[0]>0.25711 && x[0]< 0.46823 && x[1]>0.14348 && x[1]< 0.3546", "on_boundary && x[0]>0.89793 && x[0]< 1.06705 && x[1]>0.14539 && x[1]< 0.31451"], "height": 0.41, "width": 1.6, "inflow_peak": 1.72}