{"nodes": 2004, "cells": 3810, "object_boundaries": ["on_boundary && x[0]>0.39006 && x[0]< 0.45102 && x[1]>0.25132 && x[1]< 0.31228"], "height": 0.41, "width": 1.6, "inflow_peak": 2.069}