{"nodes": 2308, "object_boundaries": ["on_boundary && x[0]>0.19764 && x[0]< 0.39733 && x[1]>0.11199 && x[1]< 0.31168", "on_boundary && x[0]>0.75899 && x[0]< 1.00454 && x[1]>0.07617 && x[1]< 0.32172"], "height": 0.41, "width": 1.6, "inflow_peak": 1.61}