{"nodes": 2000, "cells": 3784, "object_boundaries": ["on_boundary && x[0]>0.10602 && x[0]< 0.28996 && x[1]>0.16042 && x[1]< 0.39149"], "height": 0.41, "width": 1.6, "inflow_peak": 1.94}