{"nodes": 2032, "object_boundaries": ["on_boundary && x[0]>0.08791 && x[0]< 0.26925 && x[1]>0.13038 && x[1]< 0.32255"], "height": 0.41, "width": 1.6, "inflow_peak": 1.14}