{"nodes": 1912, "object_boundaries": ["on_boundary && x[0]>0.13612 && x[0]< 0.36081 && x[1]>0.02783 && x[1]< 0.25315"], "height": 0.41, "width": 1.6, "inflow_peak": 0.29}