{"nodes": 2092, "object_boundaries": ["on_boundary && x[0]>0.32543 && x[0]< 0.55398 && x[1]>0.0501 && x[1]< 0.23516"], "height": 0.41, "width": 1.6, "inflow_peak": 1.4}