{"nodes": 2014, "cells": 3808, "object_boundaries": ["on_boundary && x[0]>0.20525 && x[0]< 0.30975 && x[1]>0.20066 && x[1]< 0.35569"], "height": 0.41, "width": 1.6, "inflow_peak": 1.264}