{"nodes": 2091, "object_boundaries": ["on_boundary && x[0]>0.31163 && x[0]< 0.54212 && x[1]>0.16882 && x[1]< 0.39931"], "height": 0.41, "width": 1.6, "inflow_peak": 1.79}