{"nodes": 2119, "object_boundaries": ["on_boundary && x[0]>0.22854 && x[0]< 0.47301 && x[1]>0.05931 && x[1]< 0.30378", "on_boundary && x[0]>0.84644 && x[0]< 1.07841 && x[1]>0.18239 && x[1]< 0.41436"], "height": 0.41, "width": 1.6, "inflow_peak": 0.35}