{"nodes": 2990, "object_boundaries": ["on_boundary && x[0]>0.27902 && x[0]< 0.41596 && x[1]>0.12206 && x[1]< 0.259", "on_boundary && x[0]>0.80372 && x[0]< 0.98541 && x[1]>0.13516 && x[1]< 0.31685"], "height": 0.41, "width": 1.6, "inflow_peak": 1.75}