{"nodes": 2356, "object_boundaries": ["on_boundary && x[0]>0.18378 && x[0]< 0.41205 && x[1]>0.11442 && x[1]< 0.34269"], "height": 0.41, "width": 1.6, "inflow_peak": 1.31}