{"nodes": 2421, "cells": 4575, "object_boundaries": ["on_boundary && x[0]>0.07877 && x[0]< 0.22909 && x[1]>0.06276 && x[1]< 0.21307", "on_boundary && x[0]>0.76668 && x[0]< 0.91171 && x[1]>0.07343 && x[1]< 0.21845"], "height": 0.41, "width": 1.6, "inflow_peak": 0.93}