{"nodes": 1936, "cells": 3678, "object_boundaries": ["on_boundary && x[0]>0.21263 && x[0]< 0.26298 && x[1]>0.24533 && x[1]< 0.29568"], "height": 0.41, "width": 1.6, "inflow_peak": 0.762}