{"nodes": 2092, "object_boundaries": ["on_boundary && x[0]>0.28894 && x[0]< 0.49926 && x[1]>0.14727 && x[1]< 0.35759"], "height": 0.41, "width": 1.6, "inflow_peak": 0.962}