{"nodes": 2120, "object_boundaries": ["on_boundary && x[0]>0.204 && x[0]< 0.38681 && x[1]>0.03993 && x[1]< 0.22274"], "height": 0.41, "width": 1.6, "inflow_peak": 1.238}