{"nodes": 2185, "object_boundaries": ["on_boundary && x[0]>0.15215 && x[0]< 0.32184 && x[1]>0.07786 && x[1]< 0.24755"], "height": 0.41, "width": 1.6, "inflow_peak": 1.704}