{"nodes": 2046, "cells": 3875, "object_boundaries": ["on_boundary && x[0]>0.14032 && x[0]< 0.35156 && x[1]>0.10931 && x[1]< 0.32054"], "height": 0.41, "width": 1.6, "inflow_peak": 0.88}