{"nodes": 2047, "cells": 3878, "object_boundaries": ["on_boundary && x[0]>0.34925 && x[0]< 0.46618 && x[1]>0.04755 && x[1]< 0.16447"], "height": 0.41, "width": 1.6, "inflow_peak": 1.822}