{"nodes": 2063, "cells": 3907, "object_boundaries": ["on_boundary && x[0]>0.21261 && x[0]< 0.44946 && x[1]>0.16376 && x[1]< 0.36248"], "height": 0.41, "width": 1.6, "inflow_peak": 0.7}