{"nodes": 2123, "object_boundaries": ["on_boundary && x[0]>0.11502 && x[0]< 0.3347 && x[1]>0.09989 && x[1]< 0.27214"], "height": 0.41, "width": 1.6, "inflow_peak": 1.17}