{"nodes": 2171, "object_boundaries": ["on_boundary && x[0]>0.36576 && x[0]< 0.64576 && x[1]>0.08307 && x[1]< 0.30342"], "height": 0.41, "width": 1.6, "inflow_peak": 2.04}