{"nodes": 2070, "cells": 3918, "object_boundaries": ["on_boundary && x[0]>0.24542 && x[0]< 0.38314 && x[1]>0.17091 && x[1]< 0.30863"], "height": 0.41, "width": 1.6, "inflow_peak": 0.863}