{"nodes": 2005, "cells": 3811, "object_boundaries": ["on_boundary && x[0]>0.37925 && x[0]< 0.53376 && x[1]>0.19843 && x[1]< 0.35294"], "height": 0.41, "width": 1.6, "inflow_peak": 2.04}