{"nodes": 2177, "cells": 4118, "object_boundaries": ["on_boundary && x[0]>0.25975 && x[0]< 0.44116 && x[1]>0.11837 && x[1]< 0.28146"], "height": 0.41, "width": 1.6, "inflow_peak": 1.34}