{"nodes": 1700, "object_boundaries": ["on_boundary && x[0]>0.07524 && x[0]< 0.26693 && x[1]>0.19466 && x[1]< 0.39554"], "height": 0.41, "width": 1.6, "inflow_peak": 2.02}