{"nodes": 1746, "object_boundaries": ["on_boundary && x[0]>0.2395 && x[0]< 0.46584 && x[1]>0.16476 && x[1]< 0.3911"], "height": 0.41, "width": 1.6, "inflow_peak": 1.9}