{"nodes": 1985, "object_boundaries": ["on_boundary && x[0]>0.15967 && x[0]< 0.36987 && x[1]>0.00573 && x[1]< 0.21592"], "height": 0.41, "width": 1.6, "inflow_peak": 1.13}