{"nodes": 2030, "object_boundaries": ["on_boundary && x[0]>0.42863 && x[0]< 0.63137 && x[1]>0.14947 && x[1]< 0.35221"], "height": 0.41, "width": 1.6, "inflow_peak": 1.76}