{"nodes": 2209, "object_boundaries": ["on_boundary && x[0]>0.33321 && x[0]< 0.51616 && x[1]>0.14021 && x[1]< 0.32316"], "height": 0.41, "width": 1.6, "inflow_peak": 1.77}