{"nodes": 2157, "object_boundaries": ["on_boundary && x[0]>0.34825 && x[0]< 0.51714 && x[1]>0.10753 && x[1]< 0.27642"], "height": 0.41, "width": 1.6, "inflow_peak": 1.79}