{"nodes": 2620, "object_boundaries": ["on_boundary && x[0]>0.0454 && x[0]< 0.25327 && x[1]>0.04123 && x[1]< 0.2491", "on_boundary && x[0]>0.65088 && x[0]< 0.79368 && x[1]>0.17604 && x[1]< 0.31884"], "height": 0.41, "width": 1.6, "inflow_peak": 1.57}