{"nodes": 2224, "object_boundaries": ["on_boundary && x[0]>0.38446 && x[0]< 0.55287 && x[1]>0.18286 && x[1]< 0.35127"], "height": 0.41, "width": 1.6, "inflow_peak": 1.79}