{"nodes": 1950, "cells": 3693, "object_boundaries": ["on_boundary && x[0]>0.08974 && x[0]< 0.23802 && x[1]>0.05543 && x[1]< 0.26054"], "height": 0.41, "width": 1.6, "inflow_peak": 0.54}