{"nodes": 2122, "object_boundaries": ["on_boundary && x[0]>0.3169 && x[0]< 0.5136 && x[1]>0.09725 && x[1]< 0.31479"], "height": 0.41, "width": 1.6, "inflow_peak": 1.4}