{"nodes": 1726, "object_boundaries": ["on_boundary && x[0]>0.25834 && x[0]< 0.4812 && x[1]>0.05458 && x[1]< 0.29372"], "height": 0.41, "width": 1.6, "inflow_peak": 2.22}