{"nodes": 1678, "object_boundaries": ["on_boundary && x[0]>0.02669 && x[0]< 0.23938 && x[1]>0.16686 && x[1]< 0.44857"], "height": 0.41, "width": 1.6, "inflow_peak": 1.74}