{"nodes": 2169, "object_boundaries": ["on_boundary && x[0]>0.30015 && x[0]< 0.59103 && x[1]>0.02259 && x[1]< 0.25295", "on_boundary && x[0]>0.7905 && x[0]< 1.001 && x[1]>0.09496 && x[1]< 0.2715"], "height": 0.41, "width": 1.6, "inflow_peak": 0.33}