{"nodes": 2021, "cells": 3830, "object_boundaries": ["on_boundary && x[0]>0.33989 && x[0]< 0.53507 && x[1]>0.01342 && x[1]< 0.2086"], "height": 0.41, "width": 1.6, "inflow_peak": 1.564}