{"nodes": 1824, "object_boundaries": ["on_boundary && x[0]>0.18083 && x[0]< 0.436 && x[1]>0.01954 && x[1]< 0.27471"], "height": 0.41, "width": 1.6, "inflow_peak": 0.705}