{"nodes": 1927, "object_boundaries": ["on_boundary && x[0]>0.12568 && x[0]< 0.33943 && x[1]>-0.00687 && x[1]< 0.20687"], "height": 0.41, "width": 1.6, "inflow_peak": 0.37}