{"nodes": 2186, "object_boundaries": ["on_boundary && x[0]>0.29217 && x[0]< 0.44722 && x[1]>0.09601 && x[1]< 0.34347"], "height": 0.41, "width": 1.6, "inflow_peak": 0.36}