{"nodes": 2104, "object_boundaries": ["on_boundary && x[0]>0.07316 && x[0]< 0.27135 && x[1]>0.11431 && x[1]< 0.28023"], "height": 0.41, "width": 1.6, "inflow_peak": 1.36}