{"nodes": 1977, "object_boundaries": ["on_boundary && x[0]>0.11716 && x[0]< 0.28732 && x[1]>-0.00655 && x[1]< 0.22142"], "height": 0.41, "width": 1.6, "inflow_peak": 1.85}