{"nodes": 2910, "object_boundaries": ["on_boundary && x[0]>0.29722 && x[0]< 0.45642 && x[1]>0.08028 && x[1]< 0.23948", "on_boundary && x[0]>0.72528 && x[0]< 0.91723 && x[1]>0.14221 && x[1]< 0.33415"], "height": 0.41, "width": 1.6, "inflow_peak": 1.04}