{"nodes": 2517, "object_boundaries": ["on_boundary && x[0]>0.03761 && x[0]< 0.22239 && x[1]>0.12286 && x[1]< 0.30764", "on_boundary && x[0]>0.64876 && x[0]< 0.83883 && x[1]>0.05777 && x[1]< 0.24785"], "height": 0.41, "width": 1.6, "inflow_peak": 0.44}