{"nodes": 1903, "object_boundaries": ["on_boundary && x[0]>0.33104 && x[0]< 0.4784 && x[1]>0.09505 && x[1]< 0.2424"], "height": 0.41, "width": 1.6, "inflow_peak": 0.77}