{"nodes": 1989, "object_boundaries": ["on_boundary && x[0]>0.35081 && x[0]< 0.58503 && x[1]>0.16002 && x[1]< 0.37352"], "height": 0.41, "width": 1.6, "inflow_peak": 1.14}