{"nodes": 1953, "object_boundaries": ["on_boundary && x[0]>0.34278 && x[0]< 0.55894 && x[1]>0.14084 && x[1]< 0.36506"], "height": 0.41, "width": 1.6, "inflow_peak": 0.59}