{"nodes": 1984, "object_boundaries": ["on_boundary && x[0]>0.1529 && x[0]< 0.38812 && x[1]>0.00937 && x[1]< 0.20462"], "height": 0.41, "width": 1.6, "inflow_peak": 1.36}