{"nodes": 2189, "object_boundaries": ["on_boundary && x[0]>0.26342 && x[0]< 0.46939 && x[1]>0.02576 && x[1]< 0.28783"], "height": 0.41, "width": 1.6, "inflow_peak": 1.34}