{"nodes": 2219, "object_boundaries": ["on_boundary && x[0]>0.1788 && x[0]< 0.39483 && x[1]>0.09652 && x[1]< 0.24872"], "height": 0.41, "width": 1.6, "inflow_peak": 1.65}