{"nodes": 2437, "cells": 4617, "object_boundaries": ["on_boundary && x[0]>0.24718 && x[0]< 0.31607 && x[1]>0.22372 && x[1]< 0.37574", "on_boundary && x[0]>0.73979 && x[0]< 0.90843 && x[1]>0.18746 && x[1]< 0.3164"], "height": 0.41, "width": 1.6, "inflow_peak": 0.25}