{"nodes": 2315, "cells": 4418, "object_boundaries": ["on_boundary && x[0]>0.40198 && x[0]< 0.46171 && x[1]>0.21858 && x[1]< 0.27831", "on_boundary && x[0]>0.93236 && x[0]< 0.99859 && x[1]>0.14507 && x[1]< 0.2113"], "height": 0.41, "width": 1.6, "inflow_peak": 2.053}