{"nodes": 2856, "object_boundaries": ["on_boundary && x[0]>0.2082 && x[0]< 0.38562 && x[1]>0.04416 && x[1]< 0.22157", "on_boundary && x[0]>0.83111 && x[0]< 0.97508 && x[1]>0.10742 && x[1]< 0.25138"], "height": 0.41, "width": 1.6, "inflow_peak": 0.93}