{"nodes": 2078, "object_boundaries": ["on_boundary && x[0]>0.34516 && x[0]< 0.55059 && x[1]>0.15418 && x[1]< 0.35961"], "height": 0.41, "width": 1.6, "inflow_peak": 1.39}