{"nodes": 2292, "object_boundaries": ["on_boundary && x[0]>0.24545 && x[0]< 0.48916 && x[1]>0.01564 && x[1]< 0.25935"], "height": 0.41, "width": 1.6, "inflow_peak": 1.48}