{"nodes": 2125, "cells": 4024, "object_boundaries": ["on_boundary && x[0]>0.33992 && x[0]< 0.59727 && x[1]>0.10086 && x[1]< 0.32135"], "height": 0.41, "width": 1.6, "inflow_peak": 0.71}