{"nodes": 2103, "object_boundaries": ["on_boundary && x[0]>0.09395 && x[0]< 0.32439 && x[1]>0.09582 && x[1]< 0.26337"], "height": 0.41, "width": 1.6, "inflow_peak": 1.57}