{"nodes": 2888, "object_boundaries": ["on_boundary && x[0]>0.40977 && x[0]< 0.58228 && x[1]>0.08952 && x[1]< 0.26203", "on_boundary && x[0]>0.8595 && x[0]< 1.02202 && x[1]>0.04929 && x[1]< 0.2118"], "height": 0.41, "width": 1.6, "inflow_peak": 0.96}