{"nodes": 2009, "cells": 3794, "object_boundaries": ["on_boundary && x[0]>0.16777 && x[0]< 0.31063 && x[1]>0.05366 && x[1]< 0.19652"], "height": 0.41, "width": 1.6, "inflow_peak": 1.786}