{"nodes": 2765, "object_boundaries": ["on_boundary && x[0]>0.25952 && x[0]< 0.43192 && x[1]>0.03673 && x[1]< 0.20913", "on_boundary && x[0]>0.80355 && x[0]< 0.96532 && x[1]>0.15246 && x[1]< 0.31423"], "height": 0.41, "width": 1.6, "inflow_peak": 1.1}