{"nodes": 2267, "object_boundaries": ["on_boundary && x[0]>0.40837 && x[0]< 0.65163 && x[1]>0.10498 && x[1]< 0.34825"], "height": 0.41, "width": 1.6, "inflow_peak": 1.36}