{"nodes": 2109, "object_boundaries": ["on_boundary && x[0]>0.22963 && x[0]< 0.47586 && x[1]>0.01443 && x[1]< 0.26844"], "height": 0.41, "width": 1.6, "inflow_peak": 0.66}