{"nodes": 1691, "object_boundaries": ["on_boundary && x[0]>0.21361 && x[0]< 0.39099 && x[1]>0.14538 && x[1]< 0.4142"], "height": 0.41, "width": 1.6, "inflow_peak": 0.15}