{"nodes": 1779, "object_boundaries": ["on_boundary && x[0]>0.16702 && x[0]< 0.38192 && x[1]>0.16324 && x[1]< 0.38573", "on_boundary && x[0]>0.87163 && x[0]< 1.0528 && x[1]>0.03834 && x[1]< 0.2414"], "height": 0.41, "width": 1.6, "inflow_peak": 0.56}