{"nodes": 2133, "object_boundaries": ["on_boundary && x[0]>0.15459 && x[0]< 0.3224 && x[1]>0.06785 && x[1]< 0.34012"], "height": 0.41, "width": 1.6, "inflow_peak": 0.89}