{"nodes": 2037, "cells": 3861, "object_boundaries": ["on_boundary && x[0]>0.24306 && x[0]< 0.39871 && x[1]>0.05489 && x[1]< 0.28869"], "height": 0.41, "width": 1.6, "inflow_peak": 1.41}