{"nodes": 1690, "object_boundaries": ["on_boundary && x[0]>0.33906 && x[0]< 0.55152 && x[1]>0.07235 && x[1]< 0.28448", "on_boundary && x[0]>0.70502 && x[0]< 0.95458 && x[1]>0.08599 && x[1]< 0.33485"], "height": 0.41, "width": 1.6, "inflow_peak": 1.91}