{"nodes": 2132, "cells": 4048, "object_boundaries": ["on_boundary && x[0]>0.40831 && x[0]< 0.4901 && x[1]>0.20165 && x[1]< 0.30639"], "height": 0.41, "width": 1.6, "inflow_peak": 0.535}