{"nodes": 1730, "object_boundaries": ["on_boundary && x[0]>0.37918 && x[0]< 0.56016 && x[1]>0.0697 && x[1]< 0.24963"], "height": 0.41, "width": 1.6, "inflow_peak": 2.03}