{"nodes": 2190, "cells": 4152, "object_boundaries": ["on_boundary && x[0]>0.29517 && x[0]< 0.54856 && x[1]>0.08457 && x[1]< 0.30808"], "height": 0.41, "width": 1.6, "inflow_peak": 1.22}