{"nodes": 2082, "cells": 3962, "object_boundaries": ["on_boundary && x[0]>0.41162 && x[0]< 0.57353 && x[1]>0.07189 && x[1]< 0.2338"], "height": 0.41, "width": 1.6, "inflow_peak": 1.87}