{"nodes": 2081, "cells": 3935, "object_boundaries": ["on_boundary && x[0]>0.13859 && x[0]< 0.29044 && x[1]>0.14494 && x[1]< 0.29584"], "height": 0.41, "width": 1.6, "inflow_peak": 0.687}