{"nodes": 1918, "object_boundaries": ["on_boundary && x[0]>0.20068 && x[0]< 0.43042 && x[1]>0.13317 && x[1]< 0.36292"], "height": 0.41, "width": 1.6, "inflow_peak": 1.27}