{"nodes": 2152, "object_boundaries": ["on_boundary && x[0]>0.27171 && x[0]< 0.45034 && x[1]>0.20799 && x[1]< 0.38661"], "height": 0.41, "width": 1.6, "inflow_peak": 0.636}