{"nodes": 2002, "object_boundaries": ["on_boundary && x[0]>0.25911 && x[0]< 0.4756 && x[1]>0.11963 && x[1]< 0.33612"], "height": 0.41, "width": 1.6, "inflow_peak": 0.97}