{"nodes": 2115, "object_boundaries": ["on_boundary && x[0]>0.19981 && x[0]< 0.39128 && x[1]>0.06915 && x[1]< 0.26062"], "height": 0.41, "width": 1.6, "inflow_peak": 1.789}