{"nodes": 1977, "object_boundaries": ["on_boundary && x[0]>0.16134 && x[0]< 0.37094 && x[1]>0.06388 && x[1]< 0.27349"], "height": 0.41, "width": 1.6, "inflow_peak": 0.931}