{"nodes": 2015, "cells": 3828, "object_boundaries": ["on_boundary && x[0]>0.2693 && x[0]< 0.34298 && x[1]>0.12343 && x[1]< 0.19712"], "height": 0.41, "width": 1.6, "inflow_peak": 0.565}