{"nodes": 2008, "object_boundaries": ["on_boundary && x[0]>0.31333 && x[0]< 0.52915 && x[1]>0.15861 && x[1]< 0.37443"], "height": 0.41, "width": 1.6, "inflow_peak": 0.713}