{"nodes": 2012, "object_boundaries": ["on_boundary && x[0]>0.11806 && x[0]< 0.32216 && x[1]>0.08535 && x[1]< 0.28946"], "height": 0.41, "width": 1.6, "inflow_peak": 1.576}