{"nodes": 1962, "cells": 3728, "object_boundaries": ["on_boundary && x[0]>0.29791 && x[0]< 0.44323 && x[1]>0.02749 && x[1]< 0.17281"], "height": 0.41, "width": 1.6, "inflow_peak": 0.741}