{"nodes": 2064, "object_boundaries": ["on_boundary && x[0]>0.28867 && x[0]< 0.48404 && x[1]>0.02304 && x[1]< 0.21841"], "height": 0.41, "width": 1.6, "inflow_peak": 0.631}