{"nodes": 2267, "object_boundaries": ["on_boundary && x[0]>0.27713 && x[0]< 0.44469 && x[1]>0.11161 && x[1]< 0.27917"], "height": 0.41, "width": 1.6, "inflow_peak": 1.897}