{"nodes": 2252, "object_boundaries": ["on_boundary && x[0]>0.30371 && x[0]< 0.47032 && x[1]>0.10921 && x[1]< 0.27581"], "height": 0.41, "width": 1.6, "inflow_peak": 0.9}