{"nodes": 2311, "cells": 4387, "object_boundaries": ["on_boundary && x[0]>0.39572 && x[0]< 0.5977 && x[1]>0.07541 && x[1]< 0.27738", "on_boundary && x[0]>0.61839 && x[0]< 0.7921 && x[1]>0.06625 && x[1]< 0.23997"], "height": 0.41, "width": 1.6, "inflow_peak": 1.18}