{"nodes": 2228, "object_boundaries": ["on_boundary && x[0]>0.17124 && x[0]< 0.32976 && x[1]>0.06222 && x[1]< 0.22074"], "height": 0.41, "width": 1.6, "inflow_peak": 1.01}