{"nodes": 1863, "object_boundaries": ["on_boundary && x[0]>0.24102 && x[0]< 0.39303 && x[1]>0.22399 && x[1]< 0.37601"], "height": 0.41, "width": 1.6, "inflow_peak": 2.31}