{"nodes": 2501, "object_boundaries": ["on_boundary && x[0]>0.1517 && x[0]< 0.35066 && x[1]>0.19511 && x[1]< 0.39408", "on_boundary && x[0]>0.78569 && x[0]< 0.96857 && x[1]>0.10692 && x[1]< 0.28979"], "height": 0.41, "width": 1.6, "inflow_peak": 1.22}