{"nodes": 2506, "object_boundaries": ["on_boundary && x[0]>0.06261 && x[0]< 0.28714 && x[1]>0.05252 && x[1]< 0.27705", "on_boundary && x[0]>0.69715 && x[0]< 0.85549 && x[1]>0.09212 && x[1]< 0.25046"], "height": 0.41, "width": 1.6, "inflow_peak": 1.51}