{"nodes": 2150, "object_boundaries": ["on_boundary && x[0]>0.1604 && x[0]< 0.32798 && x[1]>0.05123 && x[1]< 0.21882"], "height": 0.41, "width": 1.6, "inflow_peak": 1.97}