{"nodes": 2115, "cells": 4010, "object_boundaries": ["on_boundary && x[0]>0.42518 && x[0]< 0.55504 && x[1]>0.09159 && x[1]< 0.22145"], "height": 0.41, "width": 1.6, "inflow_peak": 1.268}