{"nodes": 2401, "object_boundaries": ["on_boundary && x[0]>0.27926 && x[0]< 0.42739 && x[1]>0.13758 && x[1]< 0.28572"], "height": 0.41, "width": 1.6, "inflow_peak": 0.982}