{"nodes": 1880, "object_boundaries": ["on_boundary && x[0]>0.1292 && x[0]< 0.36274 && x[1]>0.05273 && x[1]< 0.28627"], "height": 0.41, "width": 1.6, "inflow_peak": 0.804}