{"nodes": 2024, "object_boundaries": ["on_boundary && x[0]>0.27378 && x[0]< 0.49725 && x[1]>0.09485 && x[1]< 0.30115"], "height": 0.41, "width": 1.6, "inflow_peak": 0.15}