{"nodes": 1985, "object_boundaries": ["on_boundary && x[0]>0.11533 && x[0]< 0.36122 && x[1]>0.01611 && x[1]< 0.19971"], "height": 0.41, "width": 1.6, "inflow_peak": 0.59}