{"nodes": 2014, "cells": 3812, "object_boundaries": ["on_boundary && x[0]>0.23826 && x[0]< 0.31106 && x[1]>0.21633 && x[1]< 0.3729"], "height": 0.41, "width": 1.6, "inflow_peak": 1.696}