{"nodes": 1997, "cells": 3797, "object_boundaries": ["on_boundary && x[0]>0.33362 && x[0]< 0.47552 && x[1]>0.21896 && x[1]< 0.37168"], "height": 0.41, "width": 1.6, "inflow_peak": 0.94}