{"nodes": 2061, "object_boundaries": ["on_boundary && x[0]>0.22547 && x[0]< 0.44796 && x[1]>0.17272 && x[1]< 0.34954"], "height": 0.41, "width": 1.6, "inflow_peak": 1.42}