{"nodes": 2019, "cells": 3830, "object_boundaries": ["on_boundary && x[0]>0.25381 && x[0]< 0.33481 && x[1]>0.108 && x[1]< 0.20938"], "height": 0.41, "width": 1.6, "inflow_peak": 0.395}