{"nodes": 2030, "cells": 3850, "object_boundaries": ["on_boundary && x[0]>0.40412 && x[0]< 0.55084 && x[1]>0.12219 && x[1]< 0.34448"], "height": 0.41, "width": 1.6, "inflow_peak": 1.14}