{"nodes": 2155, "object_boundaries": ["on_boundary && x[0]>0.34477 && x[0]< 0.57996 && x[1]>0.09028 && x[1]< 0.25009"], "height": 0.41, "width": 1.6, "inflow_peak": 2.11}