{"nodes": 2095, "cells": 3970, "object_boundaries": ["on_boundary && x[0]>0.28798 && x[0]< 0.44929 && x[1]>0.23686 && x[1]< 0.33204"], "height": 0.41, "width": 1.6, "inflow_peak": 1.469}