{"nodes": 1726, "object_boundaries": ["on_boundary && x[0]>0.33556 && x[0]< 0.56605 && x[1]>0.02385 && x[1]< 0.25855"], "height": 0.41, "width": 1.6, "inflow_peak": 0.7}