{"nodes": 2504, "object_boundaries": ["on_boundary && x[0]>0.17084 && x[0]< 0.35777 && x[1]>0.09143 && x[1]< 0.29371", "on_boundary && x[0]>0.62088 && x[0]< 0.79761 && x[1]>0.03234 && x[1]< 0.24477"], "height": 0.41, "width": 1.6, "inflow_peak": 1.69}