{"nodes": 2090, "object_boundaries": ["on_boundary && x[0]>0.16602 && x[0]< 0.35362 && x[1]>0.15362 && x[1]< 0.34122"], "height": 0.41, "width": 1.6, "inflow_peak": 0.9}