{"nodes": 1734, "object_boundaries": ["on_boundary && x[0]>0.20543 && x[0]< 0.47229 && x[1]>0.07738 && x[1]< 0.36999", "on_boundary && x[0]>0.72412 && x[0]< 0.91587 && x[1]>0.15383 && x[1]< 0.35311"], "height": 0.41, "width": 1.6, "inflow_peak": 1.07}