{"nodes": 1870, "object_boundaries": ["on_boundary && x[0]>0.30584 && x[0]< 0.47883 && x[1]>0.06431 && x[1]< 0.24178", "on_boundary && x[0]>0.61693 && x[0]< 0.79658 && x[1]>0.15046 && x[1]< 0.36192"], "height": 0.41, "width": 1.6, "inflow_peak": 0.67}