{"nodes": 2260, "object_boundaries": ["on_boundary && x[0]>0.26882 && x[0]< 0.50609 && x[1]>0.11921 && x[1]< 0.33668", "on_boundary && x[0]>0.64427 && x[0]< 0.84147 && x[1]>0.15755 && x[1]< 0.31024"], "height": 0.41, "width": 1.6, "inflow_peak": 0.82}