{"nodes": 1992, "cells": 3777, "object_boundaries": ["on_boundary && x[0]>0.10642 && x[0]< 0.27441 && x[1]>0.04517 && x[1]< 0.23379"], "height": 0.41, "width": 1.6, "inflow_peak": 0.94}