{"nodes": 1761, "object_boundaries": ["on_boundary && x[0]>0.15767 && x[0]< 0.33676 && x[1]>0.17342 && x[1]< 0.35854"], "height": 0.41, "width": 1.6, "inflow_peak": 0.89}