{"nodes": 2039, "cells": 3858, "object_boundaries": ["on_boundary && x[0]>0.13364 && x[0]< 0.35397 && x[1]>0.1514 && x[1]< 0.37173"], "height": 0.41, "width": 1.6, "inflow_peak": 0.271}