{"nodes": 2137, "cells": 4040, "object_boundaries": ["on_boundary && x[0]>0.32957 && x[0]< 0.58732 && x[1]>0.00981 && x[1]< 0.25871"], "height": 0.41, "width": 1.6, "inflow_peak": 1.81}