{"nodes": 1800, "object_boundaries": ["on_boundary && x[0]>0.28482 && x[0]< 0.47869 && x[1]>0.0385 && x[1]< 0.24546"], "height": 0.41, "width": 1.6, "inflow_peak": 0.28}