{"nodes": 2011, "object_boundaries": ["on_boundary && x[0]>0.29804 && x[0]< 0.49853 && x[1]>-0.00648 && x[1]< 0.21647", "on_boundary && x[0]>0.72692 && x[0]< 0.93513 && x[1]>0.07392 && x[1]< 0.26669"], "height": 0.41, "width": 1.6, "inflow_peak": 1.27}