{"nodes": 2577, "cells": 4902, "object_boundaries": ["on_boundary && x[0]>0.20073 && x[0]< 0.3574 && x[1]>0.20944 && x[1]< 0.30714", "on_boundary && x[0]>0.76161 && x[0]< 0.8858 && x[1]>0.19853 && x[1]< 0.30604"], "height": 0.41, "width": 1.6, "inflow_peak": 0.488}