{"nodes": 2230, "object_boundaries": ["on_boundary && x[0]>0.2631 && x[0]< 0.43127 && x[1]>0.13429 && x[1]< 0.30246"], "height": 0.41, "width": 1.6, "inflow_peak": 1.3}