{"nodes": 1763, "object_boundaries": ["on_boundary && x[0]>0.21827 && x[0]< 0.41444 && x[1]>0.1895 && x[1]< 0.34628"], "height": 0.41, "width": 1.6, "inflow_peak": 1.93}