{"nodes": 2227, "object_boundaries": ["on_boundary && x[0]>0.09221 && x[0]< 0.33347 && x[1]>0.07556 && x[1]< 0.24382"], "height": 0.41, "width": 1.6, "inflow_peak": 0.48}