{"nodes": 2090, "object_boundaries": ["on_boundary && x[0]>0.10307 && x[0]< 0.35916 && x[1]>0.08003 && x[1]< 0.33613"], "height": 0.41, "width": 1.6, "inflow_peak": 1.42}