{"nodes": 2818, "object_boundaries": ["on_boundary && x[0]>0.35911 && x[0]< 0.50022 && x[1]>0.04957 && x[1]< 0.19068", "on_boundary && x[0]>0.74651 && x[0]< 0.97724 && x[1]>0.1009 && x[1]< 0.33162"], "height": 0.41, "width": 1.6, "inflow_peak": 2.11}