{"nodes": 3137, "object_boundaries": ["on_boundary && x[0]>0.32547 && x[0]< 0.50668 && x[1]>0.09356 && x[1]< 0.27478", "on_boundary && x[0]>0.6806 && x[0]< 0.89675 && x[1]>0.1137 && x[1]< 0.32985"], "height": 0.41, "width": 1.6, "inflow_peak": 1.68}