{"nodes": 2370, "cells": 4482, "object_boundaries": ["on_boundary && x[0]>0.05803 && x[0]< 0.24885 && x[1]>0.06412 && x[1]< 0.25494", "on_boundary && x[0]>0.678 && x[0]< 0.9315 && x[1]>0.14254 && x[1]< 0.39605"], "height": 0.41, "width": 1.6, "inflow_peak": 2.18}