{"nodes": 1893, "object_boundaries": ["on_boundary && x[0]>0.44247 && x[0]< 0.58747 && x[1]>0.13603 && x[1]< 0.28103"], "height": 0.41, "width": 1.6, "inflow_peak": 1.7}