{"nodes": 2031, "object_boundaries": ["on_boundary && x[0]>0.33387 && x[0]< 0.50638 && x[1]>0.11712 && x[1]< 0.35135"], "height": 0.41, "width": 1.6, "inflow_peak": 1.26}