{"nodes": 2174, "object_boundaries": ["on_boundary && x[0]>0.29791 && x[0]< 0.46399 && x[1]>0.16253 && x[1]< 0.28253"], "height": 0.41, "width": 1.6, "inflow_peak": 1.94}