{"nodes": 1962, "object_boundaries": ["on_boundary && x[0]>0.09997 && x[0]< 0.34213 && x[1]>0.15321 && x[1]< 0.35026"], "height": 0.41, "width": 1.6, "inflow_peak": 1.39}