{"nodes": 2050, "object_boundaries": ["on_boundary && x[0]>0.22285 && x[0]< 0.42387 && x[1]>0.15103 && x[1]< 0.35205"], "height": 0.41, "width": 1.6, "inflow_peak": 0.57}