{"nodes": 2097, "cells": 3964, "object_boundaries": ["on_boundary && x[0]>0.36132 && x[0]< 0.61266 && x[1]>0.11608 && x[1]< 0.36741"], "height": 0.41, "width": 1.6, "inflow_peak": 1.31}