{"nodes": 2104, "object_boundaries": ["on_boundary && x[0]>0.21281 && x[0]< 0.39891 && x[1]>0.05622 && x[1]< 0.24233"], "height": 0.41, "width": 1.6, "inflow_peak": 0.57}