{"nodes": 2138, "object_boundaries": ["on_boundary && x[0]>0.32078 && x[0]< 0.50875 && x[1]>0.06791 && x[1]< 0.25588"], "height": 0.41, "width": 1.6, "inflow_peak": 0.73}