{"nodes": 1675, "object_boundaries": ["on_boundary && x[0]>0.29453 && x[0]< 0.53864 && x[1]>0.04487 && x[1]< 0.29207"], "height": 0.41, "width": 1.6, "inflow_peak": 2.26}