{"nodes": 2002, "object_boundaries": ["on_boundary && x[0]>0.19919 && x[0]< 0.41415 && x[1]>0.10367 && x[1]< 0.31864"], "height": 0.41, "width": 1.6, "inflow_peak": 1.21}