{"nodes": 2077, "cells": 3939, "object_boundaries": ["on_boundary && x[0]>0.2613 && x[0]< 0.3677 && x[1]>0.06058 && x[1]< 0.16635"], "height": 0.41, "width": 1.6, "inflow_peak": 0.599}