{"nodes": 2048, "cells": 3887, "object_boundaries": ["on_boundary && x[0]>0.38601 && x[0]< 0.57119 && x[1]>0.15095 && x[1]< 0.33613"], "height": 0.41, "width": 1.6, "inflow_peak": 1.621}