{"nodes": 2068, "object_boundaries": ["on_boundary && x[0]>0.26691 && x[0]< 0.47233 && x[1]>0.08692 && x[1]< 0.29234"], "height": 0.41, "width": 1.6, "inflow_peak": 0.802}