{"nodes": 1926, "cells": 3658, "object_boundaries": ["on_boundary && x[0]>0.19094 && x[0]< 0.24157 && x[1]>0.10447 && x[1]< 0.15509"], "height": 0.41, "width": 1.6, "inflow_peak": 1.999}