{"nodes": 2227, "object_boundaries": ["on_boundary && x[0]>0.26411 && x[0]< 0.43573 && x[1]>0.15314 && x[1]< 0.32476"], "height": 0.41, "width": 1.6, "inflow_peak": 1.473}