{"nodes": 2076, "cells": 3933, "object_boundaries": ["on_boundary && x[0]>0.36785 && x[0]< 0.58084 && x[1]>0.11839 && x[1]< 0.33762"], "height": 0.41, "width": 1.6, "inflow_peak": 1.68}