{"nodes": 2165, "object_boundaries": ["on_boundary && x[0]>0.40125 && x[0]< 0.54336 && x[1]>0.15934 && x[1]< 0.36769"], "height": 0.41, "width": 1.6, "inflow_peak": 1.48}