{"nodes": 1920, "object_boundaries": ["on_boundary && x[0]>0.07371 && x[0]< 0.31204 && x[1]>0.05363 && x[1]< 0.26063"], "height": 0.41, "width": 1.6, "inflow_peak": 1.41}