{"nodes": 2107, "object_boundaries": ["on_boundary && x[0]>0.2895 && x[0]< 0.48229 && x[1]>0.16725 && x[1]< 0.37443"], "height": 0.41, "width": 1.6, "inflow_peak": 0.82}