{"nodes": 2090, "object_boundaries": ["on_boundary && x[0]>0.04423 && x[0]< 0.27953 && x[1]>0.2025 && x[1]< 0.34934"], "height": 0.41, "width": 1.6, "inflow_peak": 0.35}