{"nodes": 2084, "object_boundaries": ["on_boundary && x[0]>0.11165 && x[0]< 0.34312 && x[1]>0.05566 && x[1]< 0.2244"], "height": 0.41, "width": 1.6, "inflow_peak": 1.12}