{"nodes": 2058, "object_boundaries": ["on_boundary && x[0]>0.16077 && x[0]< 0.34597 && x[1]>0.06357 && x[1]< 0.26795"], "height": 0.41, "width": 1.6, "inflow_peak": 1.1}