{"nodes": 2159, "object_boundaries": ["on_boundary && x[0]>0.43433 && x[0]< 0.62567 && x[1]>0.07083 && x[1]< 0.3096"], "height": 0.41, "width": 1.6, "inflow_peak": 1.85}