{"nodes": 1916, "object_boundaries": ["on_boundary && x[0]>0.26562 && x[0]< 0.48875 && x[1]>0.11805 && x[1]< 0.37001"], "height": 0.41, "width": 1.6, "inflow_peak": 2.01}