{"nodes": 2085, "object_boundaries": ["on_boundary && x[0]>0.41194 && x[0]< 0.57022 && x[1]>0.1567 && x[1]< 0.3737"], "height": 0.41, "width": 1.6, "inflow_peak": 1.17}