{"nodes": 2130, "object_boundaries": ["on_boundary && x[0]>0.35092 && x[0]< 0.58423 && x[1]>0.09251 && x[1]< 0.33181"], "height": 0.41, "width": 1.6, "inflow_peak": 0.79}