{"nodes": 2232, "object_boundaries": ["on_boundary && x[0]>0.10243 && x[0]< 0.31665 && x[1]>0.13287 && x[1]< 0.34709", "on_boundary && x[0]>0.82169 && x[0]< 1.04855 && x[1]>0.0431 && x[1]< 0.26995"], "height": 0.41, "width": 1.6, "inflow_peak": 1.19}