{"nodes": 1949, "cells": 3670, "object_boundaries": ["on_boundary && x[0]>0.02827 && x[0]< 0.27487 && x[1]>0.16872 && x[1]< 0.41531"], "height": 0.41, "width": 1.6, "inflow_peak": 1.58}