{"nodes": 2144, "object_boundaries": ["on_boundary && x[0]>0.16376 && x[0]< 0.3403 && x[1]>0.11024 && x[1]< 0.28678"], "height": 0.41, "width": 1.6, "inflow_peak": 1.36}