{"nodes": 2468, "object_boundaries": ["on_boundary && x[0]>0.13861 && x[0]< 0.28284 && x[1]>0.13693 && x[1]< 0.28116", "on_boundary && x[0]>0.72614 && x[0]< 0.97839 && x[1]>0.03243 && x[1]< 0.28468"], "height": 0.41, "width": 1.6, "inflow_peak": 1.75}