{"nodes": 2608, "cells": 4974, "object_boundaries": ["on_boundary && x[0]>0.2103 && x[0]< 0.3834 && x[1]>0.16904 && x[1]< 0.34888", "on_boundary && x[0]>0.60874 && x[0]< 0.81157 && x[1]>0.15242 && x[1]< 0.35709"], "height": 0.41, "width": 1.6, "inflow_peak": 0.55}