{"nodes": 2477, "cells": 4697, "object_boundaries": ["on_boundary && x[0]>0.31143 && x[0]< 0.38842 && x[1]>0.17645 && x[1]< 0.32803", "on_boundary && x[0]>0.58097 && x[0]< 0.72007 && x[1]>0.08497 && x[1]< 0.2356"], "height": 0.41, "width": 1.6, "inflow_peak": 2.003}