{"nodes": 2028, "cells": 3841, "object_boundaries": ["on_boundary && x[0]>0.20979 && x[0]< 0.41333 && x[1]>0.03574 && x[1]< 0.23928"], "height": 0.41, "width": 1.6, "inflow_peak": 1.01}