{"nodes": 1998, "object_boundaries": ["on_boundary && x[0]>0.28463 && x[0]< 0.5033 && x[1]>0.13972 && x[1]< 0.35839"], "height": 0.41, "width": 1.6, "inflow_peak": 1.54}