{"nodes": 2015, "object_boundaries": ["on_boundary && x[0]>0.4295 && x[0]< 0.6305 && x[1]>0.09287 && x[1]< 0.31139"], "height": 0.41, "width": 1.6, "inflow_peak": 1.12}