{"nodes": 1695, "object_boundaries": ["on_boundary && x[0]>0.06245 && x[0]< 0.24983 && x[1]>0.10311 && x[1]< 0.28918"], "height": 0.41, "width": 1.6, "inflow_peak": 0.58}