{"nodes": 2076, "cells": 3936, "object_boundaries": ["on_boundary && x[0]>0.1487 && x[0]< 0.23251 && x[1]>0.20856 && x[1]< 0.32659"], "height": 0.41, "width": 1.6, "inflow_peak": 0.969}