{"nodes": 2156, "object_boundaries": ["on_boundary && x[0]>0.25018 && x[0]< 0.42826 && x[1]>0.17343 && x[1]< 0.35151"], "height": 0.41, "width": 1.6, "inflow_peak": 1.96}