{"nodes": 2191, "object_boundaries": ["on_boundary && x[0]>0.22881 && x[0]< 0.3943 && x[1]>0.02842 && x[1]< 0.19202"], "height": 0.41, "width": 1.6, "inflow_peak": 1.54}