{"nodes": 1984, "object_boundaries": ["on_boundary && x[0]>0.35903 && x[0]< 0.6117 && x[1]>0.04817 && x[1]< 0.25618"], "height": 0.41, "width": 1.6, "inflow_peak": 1.55}