{"nodes": 2046, "cells": 3883, "object_boundaries": ["on_boundary && x[0]>0.17329 && x[0]< 0.38114 && x[1]>0.17365 && x[1]< 0.3364"], "height": 0.41, "width": 1.6, "inflow_peak": 0.78}