{"nodes": 1995, "object_boundaries": ["on_boundary && x[0]>0.10366 && x[0]< 0.30634 && x[1]>0.15872 && x[1]< 0.36139"], "height": 0.41, "width": 1.6, "inflow_peak": 1.18}