{"nodes": 2192, "object_boundaries": ["on_boundary && x[0]>0.33079 && x[0]< 0.50101 && x[1]>0.03582 && x[1]< 0.20605"], "height": 0.41, "width": 1.6, "inflow_peak": 1.16}