{"nodes": 2109, "cells": 3998, "object_boundaries": ["on_boundary && x[0]>0.30087 && x[0]< 0.5223 && x[1]>0.07148 && x[1]< 0.29291"], "height": 0.41, "width": 1.6, "inflow_peak": 0.72}