{"nodes": 2205, "object_boundaries": ["on_boundary && x[0]>0.34651 && x[0]< 0.48714 && x[1]>0.06225 && x[1]< 0.27046"], "height": 0.41, "width": 1.6, "inflow_peak": 2.06}