{"nodes": 1964, "object_boundaries": ["on_boundary && x[0]>0.19242 && x[0]< 0.38122 && x[1]>0.02506 && x[1]< 0.27006"], "height": 0.41, "width": 1.6, "inflow_peak": 0.67}