{"nodes": 2124, "object_boundaries": ["on_boundary && x[0]>0.36265 && x[0]< 0.58166 && x[1]>0.04391 && x[1]< 0.22027"], "height": 0.41, "width": 1.6, "inflow_peak": 1.55}