{"nodes": 2438, "cells": 4614, "object_boundaries": ["on_boundary && x[0]>0.10758 && x[0]< 0.27391 && x[1]>0.0875 && x[1]< 0.25384", "on_boundary && x[0]>0.83753 && x[0]< 0.94854 && x[1]>0.07611 && x[1]< 0.18712"], "height": 0.41, "width": 1.6, "inflow_peak": 0.368}