{"nodes": 2665, "object_boundaries": ["on_boundary && x[0]>0.04069 && x[0]< 0.25939 && x[1]>0.08081 && x[1]< 0.2995", "on_boundary && x[0]>0.92553 && x[0]< 1.13447 && x[1]>0.12587 && x[1]< 0.33481"], "height": 0.41, "width": 1.6, "inflow_peak": 0.86}