{"nodes": 2481, "object_boundaries": ["on_boundary && x[0]>0.05792 && x[0]< 0.29052 && x[1]>0.14555 && x[1]< 0.37815", "on_boundary && x[0]>0.64472 && x[0]< 0.81311 && x[1]>0.19167 && x[1]< 0.36007"], "height": 0.41, "width": 1.6, "inflow_peak": 0.72}