{"nodes": 2092, "object_boundaries": ["on_boundary && x[0]>0.27642 && x[0]< 0.47247 && x[1]>0.14387 && x[1]< 0.33991"], "height": 0.41, "width": 1.6, "inflow_peak": 0.82}