{"nodes": 1683, "object_boundaries": ["on_boundary && x[0]>0.35816 && x[0]< 0.62184 && x[1]>0.10158 && x[1]< 0.34362"], "height": 0.41, "width": 1.6, "inflow_peak": 1.85}