{"nodes": 1768, "object_boundaries": ["on_boundary && x[0]>0.07848 && x[0]< 0.33078 && x[1]>0.08723 && x[1]< 0.36117"], "height": 0.41, "width": 1.6, "inflow_peak": 1.75}