{"nodes": 1750, "object_boundaries": ["on_boundary && x[0]>0.3919 && x[0]< 0.60086 && x[1]>0.19582 && x[1]< 0.39769"], "height": 0.41, "width": 1.6, "inflow_peak": 0.55}