{"nodes": 1988, "cells": 3779, "object_boundaries": ["on_boundary && x[0]>0.1966 && x[0]< 0.24815 && x[1]>0.23914 && x[1]< 0.3019"], "height": 0.41, "width": 1.6, "inflow_peak": 1.969}