{"nodes": 1967, "object_boundaries": ["on_boundary && x[0]>0.2949 && x[0]< 0.55138 && x[1]>0.07294 && x[1]< 0.28402"], "height": 0.41, "width": 1.6, "inflow_peak": 1.22}