{"nodes": 1937, "cells": 3674, "object_boundaries": ["on_boundary && x[0]>0.11323 && x[0]< 0.27154 && x[1]>0.16704 && x[1]< 0.32536"], "height": 0.41, "width": 1.6, "inflow_peak": 1.824}