{"nodes": 1962, "cells": 3699, "object_boundaries": ["on_boundary && x[0]>0.08339 && x[0]< 0.23008 && x[1]>0.06998 && x[1]< 0.21667"], "height": 0.41, "width": 1.6, "inflow_peak": 0.625}