{"nodes": 1973, "object_boundaries": ["on_boundary && x[0]>-0.01147 && x[0]< 0.26465 && x[1]>0.03953 && x[1]< 0.29797"], "height": 0.41, "width": 1.6, "inflow_peak": 0.82}