{"nodes": 1756, "object_boundaries": ["on_boundary && x[0]>0.29985 && x[0]< 0.50374 && x[1]>0.13117 && x[1]< 0.33505"], "height": 0.41, "width": 1.6, "inflow_peak": 0.58}