{"nodes": 1710, "object_boundaries": ["on_boundary && x[0]>0.35336 && x[0]< 0.51119 && x[1]>0.1542 && x[1]< 0.31203"], "height": 0.41, "width": 1.6, "inflow_peak": 2.14}