{"nodes": 1813, "object_boundaries": ["on_boundary && x[0]>0.36289 && x[0]< 0.62073 && x[1]>0.03894 && x[1]< 0.29677"], "height": 0.41, "width": 1.6, "inflow_peak": 0.96}