{"nodes": 2048, "cells": 3878, "object_boundaries": ["on_boundary && x[0]>0.19234 && x[0]< 0.32401 && x[1]>0.05681 && x[1]< 0.18848"], "height": 0.41, "width": 1.6, "inflow_peak": 1.237}