{"nodes": 1691, "object_boundaries": ["on_boundary && x[0]>0.15914 && x[0]< 0.38056 && x[1]>0.15361 && x[1]< 0.38011"], "height": 0.41, "width": 1.6, "inflow_peak": 1.2}