{"nodes": 2008, "object_boundaries": ["on_boundary && x[0]>0.09064 && x[0]< 0.28685 && x[1]>0.01351 && x[1]< 0.20972"], "height": 0.41, "width": 1.6, "inflow_peak": 1.92}