{"nodes": 2109, "cells": 3985, "object_boundaries": ["on_boundary && x[0]>0.14854 && x[0]< 0.32139 && x[1]>0.12971 && x[1]< 0.29804"], "height": 0.41, "width": 1.6, "inflow_peak": 1.964}