{"nodes": 2018, "object_boundaries": ["on_boundary && x[0]>0.10227 && x[0]< 0.29252 && x[1]>0.00539 && x[1]< 0.19563"], "height": 0.41, "width": 1.6, "inflow_peak": 1.63}