{"nodes": 2252, "object_boundaries": ["on_boundary && x[0]>0.33383 && x[0]< 0.57962 && x[1]>0.05035 && x[1]< 0.29614"], "height": 0.41, "width": 1.6, "inflow_peak": 0.76}