{"nodes": 2249, "object_boundaries": ["on_boundary && x[0]>0.14024 && x[0]< 0.41697 && x[1]>0.16534 && x[1]< 0.28534"], "height": 0.41, "width": 1.6, "inflow_peak": 0.93}