{"nodes": 2033, "cells": 3848, "object_boundaries": ["on_boundary && x[0]>0.37395 && x[0]< 0.57158 && x[1]>0.16772 && x[1]< 0.39885"], "height": 0.41, "width": 1.6, "inflow_peak": 1.85}