{"nodes": 2122, "object_boundaries": ["on_boundary && x[0]>0.30359 && x[0]< 0.45741 && x[1]>0.1061 && x[1]< 0.31712"], "height": 0.41, "width": 1.6, "inflow_peak": 1.31}