{"nodes": 1997, "object_boundaries": ["on_boundary && x[0]>0.21883 && x[0]< 0.41902 && x[1]>0.05287 && x[1]< 0.27968"], "height": 0.41, "width": 1.6, "inflow_peak": 0.91}