{"nodes": 2062, "cells": 3915, "object_boundaries": ["on_boundary && x[0]>0.17754 && x[0]< 0.35372 && x[1]>0.09276 && x[1]< 0.27723"], "height": 0.41, "width": 1.6, "inflow_peak": 1.35}