{"nodes": 2077, "cells": 3933, "object_boundaries": ["on_boundary && x[0]>0.16331 && x[0]< 0.29416 && x[1]>0.14923 && x[1]< 0.27998"], "height": 0.41, "width": 1.6, "inflow_peak": 1.95}