{"nodes": 1972, "cells": 3746, "object_boundaries": ["on_boundary && x[0]>0.26954 && x[0]< 0.42254 && x[1]>0.05724 && x[1]< 0.21024"], "height": 0.41, "width": 1.6, "inflow_peak": 1.67}