{"nodes": 1950, "cells": 3703, "object_boundaries": ["on_boundary && x[0]>0.22869 && x[0]< 0.28764 && x[1]>0.26223 && x[1]< 0.32118"], "height": 0.41, "width": 1.6, "inflow_peak": 1.858}