{"nodes": 1695, "object_boundaries": ["on_boundary && x[0]>0.28968 && x[0]< 0.53921 && x[1]>0.09937 && x[1]< 0.33372"], "height": 0.41, "width": 1.6, "inflow_peak": 0.78}