{"nodes": 2092, "cells": 3964, "object_boundaries": ["on_boundary && x[0]>0.31821 && x[0]< 0.44877 && x[1]>0.18755 && x[1]< 0.31811"], "height": 0.41, "width": 1.6, "inflow_peak": 2.019}