{"nodes": 1907, "object_boundaries": ["on_boundary && x[0]>0.07813 && x[0]< 0.30313 && x[1]>0.0586 && x[1]< 0.2836"], "height": 0.41, "width": 1.6, "inflow_peak": 1.48}