{"nodes": 1958, "object_boundaries": ["on_boundary && x[0]>0.314 && x[0]< 0.54256 && x[1]>0.06102 && x[1]< 0.28958"], "height": 0.41, "width": 1.6, "inflow_peak": 0.25}