{"nodes": 1670, "object_boundaries": ["on_boundary && x[0]>0.15125 && x[0]< 0.37429 && x[1]>0.08636 && x[1]< 0.3094"], "height": 0.41, "width": 1.6, "inflow_peak": 1.2}