{"nodes": 2078, "object_boundaries": ["on_boundary && x[0]>0.39011 && x[0]< 0.60887 && x[1]>0.10952 && x[1]< 0.32828"], "height": 0.41, "width": 1.6, "inflow_peak": 2.0}