{"nodes": 2501, "object_boundaries": ["on_boundary && x[0]>0.33217 && x[0]< 0.45624 && x[1]>0.08355 && x[1]< 0.20762"], "height": 0.41, "width": 1.6, "inflow_peak": 1.063}