{"nodes": 1958, "cells": 3714, "object_boundaries": ["on_boundary && x[0]>0.12553 && x[0]< 0.19817 && x[1]>0.13386 && x[1]< 0.2065"], "height": 0.41, "width": 1.6, "inflow_peak": 1.652}