{"nodes": 2018, "object_boundaries": ["on_boundary && x[0]>0.21989 && x[0]< 0.42012 && x[1]>0.01827 && x[1]< 0.2185"], "height": 0.41, "width": 1.6, "inflow_peak": 1.229}