{"nodes": 1983, "object_boundaries": ["on_boundary && x[0]>0.08713 && x[0]< 0.28465 && x[1]>0.0669 && x[1]< 0.26442"], "height": 0.41, "width": 1.6, "inflow_peak": 1.757}