{"nodes": 1977, "cells": 3743, "object_boundaries": ["on_boundary && x[0]>0.09526 && x[0]< 0.28698 && x[1]>0.12841 && x[1]< 0.32013"], "height": 0.41, "width": 1.6, "inflow_peak": 1.019}