{"nodes": 2039, "cells": 3864, "object_boundaries": ["on_boundary && x[0]>0.3113 && x[0]< 0.40925 && x[1]>0.22666 && x[1]< 0.34884"], "height": 0.41, "width": 1.6, "inflow_peak": 0.264}