{"nodes": 2293, "object_boundaries": ["on_boundary && x[0]>0.28749 && x[0]< 0.43249 && x[1]>0.18026 && x[1]< 0.34167"], "height": 0.41, "width": 1.6, "inflow_peak": 1.43}