{"nodes": 1952, "object_boundaries": ["on_boundary && x[0]>0.2745 && x[0]< 0.46399 && x[1]>0.15414 && x[1]< 0.40518"], "height": 0.41, "width": 1.6, "inflow_peak": 2.12}