{"nodes": 2285, "object_boundaries": ["on_boundary && x[0]>0.28374 && x[0]< 0.49807 && x[1]>0.10846 && x[1]< 0.26761"], "height": 0.41, "width": 1.6, "inflow_peak": 0.39}