{"nodes": 1978, "object_boundaries": ["on_boundary && x[0]>0.23677 && x[0]< 0.35802 && x[1]>-0.01017 && x[1]< 0.21017"], "height": 0.41, "width": 1.6, "inflow_peak": 1.66}