{"nodes": 1893, "object_boundaries": ["on_boundary && x[0]>0.27912 && x[0]< 0.51252 && x[1]>0.0347 && x[1]< 0.28165"], "height": 0.41, "width": 1.6, "inflow_peak": 1.62}