{"nodes": 2056, "object_boundaries": ["on_boundary && x[0]>0.32655 && x[0]< 0.50912 && x[1]>0.12768 && x[1]< 0.31025"], "height": 0.41, "width": 1.6, "inflow_peak": 0.53}