{"nodes": 2070, "cells": 3920, "object_boundaries": ["on_boundary && x[0]>0.26089 && x[0]< 0.39186 && x[1]>0.12773 && x[1]< 0.25869"], "height": 0.41, "width": 1.6, "inflow_peak": 2.131}