{"nodes": 2199, "object_boundaries": ["on_boundary && x[0]>0.18602 && x[0]< 0.44226 && x[1]>0.04912 && x[1]< 0.30536", "on_boundary && x[0]>0.63268 && x[0]< 0.84057 && x[1]>0.1169 && x[1]< 0.32479"], "height": 0.41, "width": 1.6, "inflow_peak": 0.52}