{"nodes": 2552, "cells": 4835, "object_boundaries": ["on_boundary && x[0]>0.33305 && x[0]< 0.57732 && x[1]>0.01181 && x[1]< 0.25608", "on_boundary && x[0]>0.69642 && x[0]< 0.93362 && x[1]>0.15458 && x[1]< 0.39178"], "height": 0.41, "width": 1.6, "inflow_peak": 1.79}