{"nodes": 3169, "object_boundaries": ["on_boundary && x[0]>0.44511 && x[0]< 0.58127 && x[1]>0.13785 && x[1]< 0.274", "on_boundary && x[0]>0.72303 && x[0]< 0.89577 && x[1]>0.16509 && x[1]< 0.33784"], "height": 0.41, "width": 1.6, "inflow_peak": 2.35}