{"nodes": 1767, "object_boundaries": ["on_boundary && x[0]>0.24904 && x[0]< 0.5249 && x[1]>0.10371 && x[1]< 0.37956"], "height": 0.41, "width": 1.6, "inflow_peak": 1.07}