{"nodes": 1988, "object_boundaries": ["on_boundary && x[0]>0.20569 && x[0]< 0.42096 && x[1]>0.09735 && x[1]< 0.31262"], "height": 0.41, "width": 1.6, "inflow_peak": 1.57}