{"nodes": 1705, "object_boundaries": ["on_boundary && x[0]>0.17407 && x[0]< 0.37286 && x[1]>0.07238 && x[1]< 0.27278"], "height": 0.41, "width": 1.6, "inflow_peak": 1.42}