{"nodes": 1685, "object_boundaries": ["on_boundary && x[0]>0.32947 && x[0]< 0.57751 && x[1]>0.19977 && x[1]< 0.43547"], "height": 0.41, "width": 1.6, "inflow_peak": 1.21}