{"nodes": 2050, "cells": 3895, "object_boundaries": ["on_boundary && x[0]>0.38262 && x[0]< 0.46603 && x[1]>0.21347 && x[1]< 0.29689"], "height": 0.41, "width": 1.6, "inflow_peak": 1.247}