{"nodes": 1904, "object_boundaries": ["on_boundary && x[0]>0.3796 && x[0]< 0.62057 && x[1]>0.10331 && x[1]< 0.34429"], "height": 0.41, "width": 1.6, "inflow_peak": 0.958}