{"nodes": 1854, "object_boundaries": ["on_boundary && x[0]>0.15483 && x[0]< 0.40533 && x[1]>0.04766 && x[1]< 0.29816"], "height": 0.41, "width": 1.6, "inflow_peak": 1.493}