{"nodes": 1790, "object_boundaries": ["on_boundary && x[0]>0.34232 && x[0]< 0.51472 && x[1]>0.09048 && x[1]< 0.27083", "on_boundary && x[0]>0.5888 && x[0]< 0.78816 && x[1]>0.05941 && x[1]< 0.26135"], "height": 0.41, "width": 1.6, "inflow_peak": 0.45}