{"nodes": 2098, "cells": 3986, "object_boundaries": ["on_boundary && x[0]>0.18795 && x[0]< 0.3828 && x[1]>0.1278 && x[1]< 0.31124"], "height": 0.41, "width": 1.6, "inflow_peak": 1.9}