{"nodes": 1731, "object_boundaries": ["on_boundary && x[0]>0.11554 && x[0]< 0.30013 && x[1]>0.1952 && x[1]< 0.3909"], "height": 0.41, "width": 1.6, "inflow_peak": 2.05}