{"nodes": 2624, "cells": 5000, "object_boundaries": ["on_boundary && x[0]>0.26102 && x[0]< 0.40204 && x[1]>0.20926 && x[1]< 0.34996", "on_boundary && x[0]>0.7629 && x[0]< 0.85643 && x[1]>0.15806 && x[1]< 0.25529"], "height": 0.41, "width": 1.6, "inflow_peak": 1.78}