{"nodes": 1695, "object_boundaries": ["on_boundary && x[0]>0.38759 && x[0]< 0.61315 && x[1]>0.18405 && x[1]< 0.40469"], "height": 0.41, "width": 1.6, "inflow_peak": 0.34}