{"nodes": 2112, "object_boundaries": ["on_boundary && x[0]>0.11391 && x[0]< 0.28132 && x[1]>0.11025 && x[1]< 0.27766"], "height": 0.41, "width": 1.6, "inflow_peak": 0.85}