{"nodes": 1722, "object_boundaries": ["on_boundary && x[0]>0.32515 && x[0]< 0.50678 && x[1]>0.01819 && x[1]< 0.19983"], "height": 0.41, "width": 1.6, "inflow_peak": 1.58}