{"nodes": 2024, "cells": 3828, "object_boundaries": ["on_boundary && x[0]>0.16143 && x[0]< 0.38172 && x[1]>0.17377 && x[1]< 0.39406"], "height": 0.41, "width": 1.6, "inflow_peak": 1.45}