{"nodes": 1726, "object_boundaries": ["on_boundary && x[0]>0.07154 && x[0]< 0.25519 && x[1]>0.02006 && x[1]< 0.20371"], "height": 0.41, "width": 1.6, "inflow_peak": 1.19}