{"nodes": 1683, "object_boundaries": ["on_boundary && x[0]>0.14854 && x[0]< 0.37072 && x[1]>0.1296 && x[1]< 0.35178"], "height": 0.41, "width": 1.6, "inflow_peak": 0.15}