{"nodes": 1745, "object_boundaries": ["on_boundary && x[0]>0.31493 && x[0]< 0.48494 && x[1]>0.12759 && x[1]< 0.2976"], "height": 0.41, "width": 1.6, "inflow_peak": 1.84}