{"nodes": 1727, "object_boundaries": ["on_boundary && x[0]>0.28599 && x[0]< 0.48815 && x[1]>0.09011 && x[1]< 0.29228"], "height": 0.41, "width": 1.6, "inflow_peak": 1.79}