{"nodes": 2171, "cells": 4106, "object_boundaries": ["on_boundary && x[0]>0.31205 && x[0]< 0.58578 && x[1]>-0.03824 && x[1]< 0.22756"], "height": 0.41, "width": 1.6, "inflow_peak": 0.35}