{"nodes": 2300, "object_boundaries": ["on_boundary && x[0]>0.2925 && x[0]< 0.44192 && x[1]>0.03264 && x[1]< 0.18206"], "height": 0.41, "width": 1.6, "inflow_peak": 1.47}