{"nodes": 1842, "object_boundaries": ["on_boundary && x[0]>0.11837 && x[0]< 0.37223 && x[1]>-0.0092 && x[1]< 0.23111"], "height": 0.41, "width": 1.6, "inflow_peak": 2.23}