{"nodes": 1980, "object_boundaries": ["on_boundary && x[0]>0.39025 && x[0]< 0.55493 && x[1]>0.10112 && x[1]< 0.36166"], "height": 0.41, "width": 1.6, "inflow_peak": 1.01}