{"nodes": 2115, "object_boundaries": ["on_boundary && x[0]>0.14263 && x[0]< 0.3837 && x[1]>0.22316 && x[1]< 0.3737"], "height": 0.41, "width": 1.6, "inflow_peak": 1.52}