{"nodes": 2117, "cells": 4018, "object_boundaries": ["on_boundary && x[0]>0.3617 && x[0]< 0.5096 && x[1]>0.13869 && x[1]< 0.21953"], "height": 0.41, "width": 1.6, "inflow_peak": 0.343}