{"nodes": 2034, "cells": 3842, "object_boundaries": ["on_boundary && x[0]>0.10132 && x[0]< 0.34524 && x[1]>0.01104 && x[1]< 0.24223"], "height": 0.41, "width": 1.6, "inflow_peak": 1.83}