{"nodes": 1878, "object_boundaries": ["on_boundary && x[0]>0.22502 && x[0]< 0.46844 && x[1]>0.16804 && x[1]< 0.41146"], "height": 0.41, "width": 1.6, "inflow_peak": 1.529}