{"nodes": 2159, "object_boundaries": ["on_boundary && x[0]>0.19572 && x[0]< 0.372 && x[1]>0.03085 && x[1]< 0.20712"], "height": 0.41, "width": 1.6, "inflow_peak": 1.477}