{"nodes": 2024, "cells": 3841, "object_boundaries": ["on_boundary && x[0]>0.29449 && x[0]< 0.47504 && x[1]>0.05845 && x[1]< 0.23899"], "height": 0.41, "width": 1.6, "inflow_peak": 1.489}