{"nodes": 2491, "object_boundaries": ["on_boundary && x[0]>0.34647 && x[0]< 0.53614 && x[1]>0.12097 && x[1]< 0.24097"], "height": 0.41, "width": 1.6, "inflow_peak": 1.5}