{"nodes": 2125, "object_boundaries": ["on_boundary && x[0]>0.17418 && x[0]< 0.42004 && x[1]>0.14832 && x[1]< 0.30992"], "height": 0.41, "width": 1.6, "inflow_peak": 2.1}