{"nodes": 1907, "object_boundaries": ["on_boundary && x[0]>0.12432 && x[0]< 0.32757 && x[1]>0.05745 && x[1]< 0.30614"], "height": 0.41, "width": 1.6, "inflow_peak": 1.45}