{"nodes": 1692, "object_boundaries": ["on_boundary && x[0]>0.18413 && x[0]< 0.40566 && x[1]>0.08168 && x[1]< 0.30408"], "height": 0.41, "width": 1.6, "inflow_peak": 1.54}