{"nodes": 2025, "cells": 3829, "object_boundaries": ["on_boundary && x[0]>0.16551 && x[0]< 0.29939 && x[1]>0.0557 && x[1]< 0.18958"], "height": 0.41, "width": 1.6, "inflow_peak": 0.277}