{"nodes": 1960, "object_boundaries": ["on_boundary && x[0]>0.23579 && x[0]< 0.45462 && x[1]>0.18474 && x[1]< 0.40357"], "height": 0.41, "width": 1.6, "inflow_peak": 0.64}