{"nodes": 1690, "object_boundaries": ["on_boundary && x[0]>0.04452 && x[0]< 0.26087 && x[1]>0.05747 && x[1]< 0.27382"], "height": 0.41, "width": 1.6, "inflow_peak": 1.8}