{"nodes": 2079, "cells": 3947, "object_boundaries": ["on_boundary && x[0]>0.432 && x[0]< 0.49406 && x[1]>0.04949 && x[1]< 0.18366"], "height": 0.41, "width": 1.6, "inflow_peak": 2.027}