{"nodes": 1974, "object_boundaries": ["on_boundary && x[0]>0.02247 && x[0]< 0.30247 && x[1]>0.02161 && x[1]< 0.30161"], "height": 0.41, "width": 1.6, "inflow_peak": 1.82}