{"nodes": 2016, "cells": 3828, "object_boundaries": ["on_boundary && x[0]>0.34348 && x[0]< 0.51411 && x[1]>0.19783 && x[1]< 0.36846"], "height": 0.41, "width": 1.6, "inflow_peak": 1.14}