{"nodes": 2298, "object_boundaries": ["on_boundary && x[0]>0.26344 && x[0]< 0.47921 && x[1]>0.02846 && x[1]< 0.24423", "on_boundary && x[0]>0.82823 && x[0]< 1.04017 && x[1]>0.0783 && x[1]< 0.29024"], "height": 0.41, "width": 1.6, "inflow_peak": 0.26}