{"nodes": 1688, "object_boundaries": ["on_boundary && x[0]>0.31542 && x[0]< 0.54162 && x[1]>0.09961 && x[1]< 0.31822"], "height": 0.41, "width": 1.6, "inflow_peak": 1.37}