{"nodes": 2152, "cells": 4068, "object_boundaries": ["on_boundary && x[0]>0.25633 && x[0]< 0.51682 && x[1]>0.01078 && x[1]< 0.27995"], "height": 0.41, "width": 1.6, "inflow_peak": 2.12}