{"nodes": 1701, "object_boundaries": ["on_boundary && x[0]>0.15827 && x[0]< 0.35559 && x[1]>0.12955 && x[1]< 0.32854"], "height": 0.41, "width": 1.6, "inflow_peak": 2.04}