{"nodes": 1847, "object_boundaries": ["on_boundary && x[0]>0.31985 && x[0]< 0.5669 && x[1]>-0.02353 && x[1]< 0.22353"], "height": 0.41, "width": 1.6, "inflow_peak": 0.751}