{"nodes": 2067, "object_boundaries": ["on_boundary && x[0]>0.09491 && x[0]< 0.28319 && x[1]>0.10578 && x[1]< 0.29406"], "height": 0.41, "width": 1.6, "inflow_peak": 1.27}