{"nodes": 2083, "object_boundaries": ["on_boundary && x[0]>0.35196 && x[0]< 0.55437 && x[1]>0.05739 && x[1]< 0.2598"], "height": 0.41, "width": 1.6, "inflow_peak": 1.062}