{"nodes": 1912, "object_boundaries": ["on_boundary && x[0]>0.35698 && x[0]< 0.58534 && x[1]>0.0491 && x[1]< 0.27745"], "height": 0.41, "width": 1.6, "inflow_peak": 1.542}