{"nodes": 1978, "object_boundaries": ["on_boundary && x[0]>0.03152 && x[0]< 0.22848 && x[1]>0.17531 && x[1]< 0.37228"], "height": 0.41, "width": 1.6, "inflow_peak": 0.244}