{"nodes": 1818, "object_boundaries": ["on_boundary && x[0]>0.3344 && x[0]< 0.59717 && x[1]>0.0633 && x[1]< 0.32607"], "height": 0.41, "width": 1.6, "inflow_peak": 0.181}