{"nodes": 2043, "object_boundaries": ["on_boundary && x[0]>0.42911 && x[0]< 0.63089 && x[1]>0.03386 && x[1]< 0.23564"], "height": 0.41, "width": 1.6, "inflow_peak": 1.461}