{"nodes": 1735, "object_boundaries": ["on_boundary && x[0]>0.09053 && x[0]< 0.36828 && x[1]>0.04172 && x[1]< 0.31947"], "height": 0.41, "width": 1.6, "inflow_peak": 1.54}