{"nodes": 1930, "object_boundaries": ["on_boundary && x[0]>0.19737 && x[0]< 0.42389 && x[1]>0.06905 && x[1]< 0.29557"], "height": 0.41, "width": 1.6, "inflow_peak": 0.916}