{"nodes": 1889, "object_boundaries": ["on_boundary && x[0]>0.36881 && x[0]< 0.61189 && x[1]>0.13522 && x[1]< 0.37829"], "height": 0.41, "width": 1.6, "inflow_peak": 1.876}