{"nodes": 2051, "cells": 3891, "object_boundaries": ["on_boundary && x[0]>0.21329 && x[0]< 0.31589 && x[1]>0.13966 && x[1]< 0.24226"], "height": 0.41, "width": 1.6, "inflow_peak": 0.267}