{"nodes": 2013, "cells": 3830, "object_boundaries": ["on_boundary && x[0]>0.36577 && x[0]< 0.42076 && x[1]>0.1656 && x[1]< 0.22059"], "height": 0.41, "width": 1.6, "inflow_peak": 1.06}