{"nodes": 1906, "object_boundaries": ["on_boundary && x[0]>0.0651 && x[0]< 0.26031 && x[1]>0.03195 && x[1]< 0.27114"], "height": 0.41, "width": 1.6, "inflow_peak": 0.89}