{"nodes": 2319, "object_boundaries": ["on_boundary && x[0]>0.29343 && x[0]< 0.47438 && x[1]>0.09534 && x[1]< 0.25091"], "height": 0.41, "width": 1.6, "inflow_peak": 1.81}