{"nodes": 1919, "object_boundaries": ["on_boundary && x[0]>0.20874 && x[0]< 0.4701 && x[1]>0.05237 && x[1]< 0.27443"], "height": 0.41, "width": 1.6, "inflow_peak": 1.93}