{"nodes": 2355, "object_boundaries": ["on_boundary && x[0]>0.17605 && x[0]< 0.34003 && x[1]>0.1238 && x[1]< 0.26261"], "height": 0.41, "width": 1.6, "inflow_peak": 1.65}