{"nodes": 1939, "object_boundaries": ["on_boundary && x[0]>0.10991 && x[0]< 0.31533 && x[1]>-0.00773 && x[1]< 0.20773"], "height": 0.41, "width": 1.6, "inflow_peak": 1.38}