{"nodes": 2064, "object_boundaries": ["on_boundary && x[0]>0.38614 && x[0]< 0.56388 && x[1]>0.06193 && x[1]< 0.27685"], "height": 0.41, "width": 1.6, "inflow_peak": 1.49}