{"nodes": 1898, "object_boundaries": ["on_boundary && x[0]>0.2121 && x[0]< 0.43882 && x[1]>0.07881 && x[1]< 0.32123"], "height": 0.41, "width": 1.6, "inflow_peak": 1.75}