{"nodes": 1981, "object_boundaries": ["on_boundary && x[0]>0.33661 && x[0]< 0.54665 && x[1]>0.13882 && x[1]< 0.35412"], "height": 0.41, "width": 1.6, "inflow_peak": 0.73}