{"nodes": 2168, "object_boundaries": ["on_boundary && x[0]>0.17009 && x[0]< 0.41114 && x[1]>0.05906 && x[1]< 0.26542"], "height": 0.41, "width": 1.6, "inflow_peak": 1.01}