{"nodes": 2188, "object_boundaries": ["on_boundary && x[0]>0.18266 && x[0]< 0.35584 && x[1]>0.17325 && x[1]< 0.33958"], "height": 0.41, "width": 1.6, "inflow_peak": 0.36}