{"nodes": 2101, "cells": 3976, "object_boundaries": ["on_boundary && x[0]>0.26725 && x[0]< 0.41686 && x[1]>0.17865 && x[1]< 0.32826"], "height": 0.41, "width": 1.6, "inflow_peak": 1.932}