{"nodes": 2742, "object_boundaries": ["on_boundary && x[0]>0.39482 && x[0]< 0.66518 && x[1]>0.07502 && x[1]< 0.34537", "on_boundary && x[0]>0.61335 && x[0]< 0.82982 && x[1]>0.17056 && x[1]< 0.38703"], "height": 0.41, "width": 1.6, "inflow_peak": 0.91}