{"nodes": 2244, "object_boundaries": ["on_boundary && x[0]>0.17045 && x[0]< 0.32378 && x[1]>0.04711 && x[1]< 0.20044"], "height": 0.41, "width": 1.6, "inflow_peak": 1.5}