{"nodes": 1966, "object_boundaries": ["on_boundary && x[0]>0.28358 && x[0]< 0.52475 && x[1]>0.05723 && x[1]< 0.27393"], "height": 0.41, "width": 1.6, "inflow_peak": 1.86}