{"nodes": 2087, "object_boundaries": ["on_boundary && x[0]>0.35993 && x[0]< 0.55764 && x[1]>0.02138 && x[1]< 0.20645"], "height": 0.41, "width": 1.6, "inflow_peak": 2.04}