{"nodes": 2086, "cells": 3961, "object_boundaries": ["on_boundary && x[0]>0.27352 && x[0]< 0.4139 && x[1]>0.07911 && x[1]< 0.13099"], "height": 0.41, "width": 1.6, "inflow_peak": 2.105}