{"nodes": 2044, "object_boundaries": ["on_boundary && x[0]>0.27518 && x[0]< 0.46087 && x[1]>0.01989 && x[1]< 0.25003"], "height": 0.41, "width": 1.6, "inflow_peak": 0.97}