{"nodes": 2299, "object_boundaries": ["on_boundary && x[0]>0.19631 && x[0]< 0.33256 && x[1]>0.05245 && x[1]< 0.21518"], "height": 0.41, "width": 1.6, "inflow_peak": 1.56}