{"nodes": 2157, "object_boundaries": ["on_boundary && x[0]>0.16319 && x[0]< 0.32598 && x[1]>0.05685 && x[1]< 0.25266"], "height": 0.41, "width": 1.6, "inflow_peak": 1.62}