{"nodes": 2015, "cells": 3814, "object_boundaries": ["on_boundary && x[0]>0.10699 && x[0]< 0.34088 && x[1]>0.03451 && x[1]< 0.20923"], "height": 0.41, "width": 1.6, "inflow_peak": 0.63}