{"nodes": 1991, "object_boundaries": ["on_boundary && x[0]>0.35901 && x[0]< 0.55176 && x[1]>0.01655 && x[1]< 0.23703"], "height": 0.41, "width": 1.6, "inflow_peak": 2.17}