{"nodes": 2049, "cells": 3893, "object_boundaries": ["on_boundary && x[0]>0.32339 && x[0]< 0.47766 && x[1]>0.08163 && x[1]< 0.26958"], "height": 0.41, "width": 1.6, "inflow_peak": 0.89}