{"nodes": 2215, "object_boundaries": ["on_boundary && x[0]>0.26969 && x[0]< 0.4121 && x[1]>0.05898 && x[1]< 0.25032"], "height": 0.41, "width": 1.6, "inflow_peak": 1.86}