{"nodes": 2127, "object_boundaries": ["on_boundary && x[0]>0.19207 && x[0]< 0.36154 && x[1]>0.15298 && x[1]< 0.35688"], "height": 0.41, "width": 1.6, "inflow_peak": 1.15}