{"nodes": 1973, "object_boundaries": ["on_boundary && x[0]>0.32078 && x[0]< 0.60078 && x[1]>0.10015 && x[1]< 0.30969"], "height": 0.41, "width": 1.6, "inflow_peak": 1.55}