{"nodes": 1883, "object_boundaries": ["on_boundary && x[0]>0.41537 && x[0]< 0.58438 && x[1]>0.05728 && x[1]< 0.2274"], "height": 0.41, "width": 1.6, "inflow_peak": 0.27}