{"nodes": 2526, "object_boundaries": ["on_boundary && x[0]>0.3454 && x[0]< 0.46699 && x[1]>0.21071 && x[1]< 0.3323"], "height": 0.41, "width": 1.6, "inflow_peak": 0.55}