{"nodes": 2687, "object_boundaries": ["on_boundary && x[0]>0.29405 && x[0]< 0.44958 && x[1]>0.18733 && x[1]< 0.34286", "on_boundary && x[0]>0.72769 && x[0]< 0.94903 && x[1]>0.18576 && x[1]< 0.4071"], "height": 0.41, "width": 1.6, "inflow_peak": 0.55}