{"nodes": 2362, "object_boundaries": ["on_boundary && x[0]>0.13415 && x[0]< 0.36556 && x[1]>0.04351 && x[1]< 0.27492", "on_boundary && x[0]>0.76463 && x[0]< 0.9483 && x[1]>0.04261 && x[1]< 0.22628"], "height": 0.41, "width": 1.6, "inflow_peak": 0.99}