{"nodes": 2072, "object_boundaries": ["on_boundary && x[0]>0.30867 && x[0]< 0.5207 && x[1]>0.06945 && x[1]< 0.28148"], "height": 0.41, "width": 1.6, "inflow_peak": 1.49}