{"nodes": 2033, "cells": 3847, "object_boundaries": ["on_boundary && x[0]>0.15032 && x[0]< 0.2761 && x[1]>0.20676 && x[1]< 0.33253"], "height": 0.41, "width": 1.6, "inflow_peak": 1.213}