{"nodes": 1658, "object_boundaries": ["on_boundary && x[0]>0.08365 && x[0]< 0.3396 && x[1]>0.08158 && x[1]< 0.32361"], "height": 0.41, "width": 1.6, "inflow_peak": 1.42}