{"nodes": 1989, "object_boundaries": ["on_boundary && x[0]>0.17799 && x[0]< 0.38756 && x[1]>0.18674 && x[1]< 0.4068"], "height": 0.41, "width": 1.6, "inflow_peak": 1.52}