{"nodes": 1709, "object_boundaries": ["on_boundary && x[0]>0.12403 && x[0]< 0.32868 && x[1]>0.18019 && x[1]< 0.3811"], "height": 0.41, "width": 1.6, "inflow_peak": 0.42}