{"nodes": 1854, "object_boundaries": ["on_boundary && x[0]>0.33609 && x[0]< 0.50587 && x[1]>0.16083 && x[1]< 0.30834"], "height": 0.41, "width": 1.6, "inflow_peak": 1.57}