{"nodes": 1695, "object_boundaries": ["on_boundary && x[0]>0.31861 && x[0]< 0.5547 && x[1]>0.11622 && x[1]< 0.37544"], "height": 0.41, "width": 1.6, "inflow_peak": 0.58}