{"nodes": 1892, "object_boundaries": ["on_boundary && x[0]>0.20454 && x[0]< 0.46474 && x[1]>0.07936 && x[1]< 0.31103"], "height": 0.41, "width": 1.6, "inflow_peak": 1.18}