{"nodes": 2071, "object_boundaries": ["on_boundary && x[0]>0.36115 && x[0]< 0.52627 && x[1]>0.02595 && x[1]< 0.2463"], "height": 0.41, "width": 1.6, "inflow_peak": 0.37}