{"nodes": 1684, "object_boundaries": ["on_boundary && x[0]>0.19217 && x[0]< 0.46216 && x[1]>0.04682 && x[1]< 0.29914"], "height": 0.41, "width": 1.6, "inflow_peak": 1.43}