{"nodes": 2410, "object_boundaries": ["on_boundary && x[0]>0.27129 && x[0]< 0.4174 && x[1]>0.173 && x[1]< 0.31911"], "height": 0.41, "width": 1.6, "inflow_peak": 1.38}