{"nodes": 2682, "object_boundaries": ["on_boundary && x[0]>0.10717 && x[0]< 0.26487 && x[1]>0.15478 && x[1]< 0.31248", "on_boundary && x[0]>0.87932 && x[0]< 1.05281 && x[1]>0.07069 && x[1]< 0.24418"], "height": 0.41, "width": 1.6, "inflow_peak": 1.53}