{"nodes": 2195, "object_boundaries": ["on_boundary && x[0]>0.24153 && x[0]< 0.41223 && x[1]>0.18981 && x[1]< 0.36051"], "height": 0.41, "width": 1.6, "inflow_peak": 1.47}