{"nodes": 2014, "object_boundaries": ["on_boundary && x[0]>0.23954 && x[0]< 0.45272 && x[1]>0.06416 && x[1]< 0.28798"], "height": 0.41, "width": 1.6, "inflow_peak": 1.98}