{"nodes": 2113, "object_boundaries": ["on_boundary && x[0]>0.19281 && x[0]< 0.36982 && x[1]>0.18721 && x[1]< 0.37176"], "height": 0.41, "width": 1.6, "inflow_peak": 2.25}