{"nodes": 2138, "object_boundaries": ["on_boundary && x[0]>0.18407 && x[0]< 0.43163 && x[1]>0.05056 && x[1]< 0.21892"], "height": 0.41, "width": 1.6, "inflow_peak": 1.94}