{"nodes": 2191, "object_boundaries": ["on_boundary && x[0]>0.10424 && x[0]< 0.2555 && x[1]>0.03228 && x[1]< 0.18354"], "height": 0.41, "width": 1.6, "inflow_peak": 1.965}