{"nodes": 2214, "object_boundaries": ["on_boundary && x[0]>0.31468 && x[0]< 0.4933 && x[1]>0.11476 && x[1]< 0.29338"], "height": 0.41, "width": 1.6, "inflow_peak": 1.0}