{"nodes": 1966, "cells": 3723, "object_boundaries": ["on_boundary && x[0]>0.17483 && x[0]< 0.27128 && x[1]>0.14044 && x[1]< 0.23689"], "height": 0.41, "width": 1.6, "inflow_peak": 2.045}