{"nodes": 2219, "object_boundaries": ["on_boundary && x[0]>0.23099 && x[0]< 0.49537 && x[1]>0.1179 && x[1]< 0.38228"], "height": 0.41, "width": 1.6, "inflow_peak": 1.5}