{"nodes": 1971, "cells": 3741, "object_boundaries": ["on_boundary && x[0]>0.07422 && x[0]< 0.23447 && x[1]>0.08656 && x[1]< 0.2468"], "height": 0.41, "width": 1.6, "inflow_peak": 1.77}