{"nodes": 1677, "object_boundaries": ["on_boundary && x[0]>0.08165 && x[0]< 0.26902 && x[1]>0.01026 && x[1]< 0.18825"], "height": 0.41, "width": 1.6, "inflow_peak": 0.89}