{"nodes": 2051, "cells": 3883, "object_boundaries": ["on_boundary && x[0]>0.26659 && x[0]< 0.38122 && x[1]>0.0921 && x[1]< 0.23044"], "height": 0.41, "width": 1.6, "inflow_peak": 1.087}