{"nodes": 1917, "object_boundaries": ["on_boundary && x[0]>0.15015 && x[0]< 0.35451 && x[1]>0.0886 && x[1]< 0.33672"], "height": 0.41, "width": 1.6, "inflow_peak": 2.04}