{"nodes": 2104, "object_boundaries": ["on_boundary && x[0]>0.19011 && x[0]< 0.31011 && x[1]>0.09364 && x[1]< 0.29349"], "height": 0.41, "width": 1.6, "inflow_peak": 1.82}