{"nodes": 1856, "object_boundaries": ["on_boundary && x[0]>0.15052 && x[0]< 0.39787 && x[1]>0.04948 && x[1]< 0.29684"], "height": 0.41, "width": 1.6, "inflow_peak": 1.52}