{"nodes": 1746, "object_boundaries": ["on_boundary && x[0]>0.19399 && x[0]< 0.37285 && x[1]>0.1213 && x[1]< 0.30016"], "height": 0.41, "width": 1.6, "inflow_peak": 1.46}