{"nodes": 2148, "cells": 4063, "object_boundaries": ["on_boundary && x[0]>0.26841 && x[0]< 0.44032 && x[1]>0.08552 && x[1]< 0.24335"], "height": 0.41, "width": 1.6, "inflow_peak": 1.673}