{"nodes": 1687, "object_boundaries": ["on_boundary && x[0]>0.35758 && x[0]< 0.5809 && x[1]>0.03174 && x[1]< 0.24014"], "height": 0.41, "width": 1.6, "inflow_peak": 1.8}