{"nodes": 1862, "object_boundaries": ["on_boundary && x[0]>0.2828 && x[0]< 0.53157 && x[1]>0.03889 && x[1]< 0.28765"], "height": 0.41, "width": 1.6, "inflow_peak": 1.551}