{"nodes": 2202, "object_boundaries": ["on_boundary && x[0]>0.14623 && x[0]< 0.31374 && x[1]>0.12107 && x[1]< 0.28858"], "height": 0.41, "width": 1.6, "inflow_peak": 0.627}