{"nodes": 1947, "cells": 3700, "object_boundaries": ["on_boundary && x[0]>0.30809 && x[0]< 0.44824 && x[1]>0.15556 && x[1]< 0.29572"], "height": 0.41, "width": 1.6, "inflow_peak": 1.621}