{"nodes": 2190, "object_boundaries": ["on_boundary && x[0]>0.4036 && x[0]< 0.56875 && x[1]>0.02189 && x[1]< 0.18705"], "height": 0.41, "width": 1.6, "inflow_peak": 0.854}