{"nodes": 2093, "object_boundaries": ["on_boundary && x[0]>0.31894 && x[0]< 0.52666 && x[1]>0.14354 && x[1]< 0.35125"], "height": 0.41, "width": 1.6, "inflow_peak": 1.62}