{"nodes": 2352, "object_boundaries": ["on_boundary && x[0]>0.26758 && x[0]< 0.50789 && x[1]>0.11515 && x[1]< 0.35546"], "height": 0.41, "width": 1.6, "inflow_peak": 0.93}