{"nodes": 1738, "object_boundaries": ["on_boundary && x[0]>0.36552 && x[0]< 0.5846 && x[1]>0.02203 && x[1]< 0.24309"], "height": 0.41, "width": 1.6, "inflow_peak": 0.77}