{"nodes": 1729, "object_boundaries": ["on_boundary && x[0]>0.30974 && x[0]< 0.50891 && x[1]>0.16235 && x[1]< 0.35885"], "height": 0.41, "width": 1.6, "inflow_peak": 0.74}