{"nodes": 2898, "object_boundaries": ["on_boundary && x[0]>0.19948 && x[0]< 0.35607 && x[1]>0.04317 && x[1]< 0.23378", "on_boundary && x[0]>0.80161 && x[0]< 1.04599 && x[1]>0.12748 && x[1]< 0.31986"], "height": 0.41, "width": 1.6, "inflow_peak": 1.82}