{"nodes": 2035, "cells": 3864, "object_boundaries": ["on_boundary && x[0]>0.17657 && x[0]< 0.26506 && x[1]>0.10984 && x[1]< 0.19802"], "height": 0.41, "width": 1.6, "inflow_peak": 1.086}