{"nodes": 2010, "cells": 3815, "object_boundaries": ["on_boundary && x[0]>0.1223 && x[0]< 0.26562 && x[1]>0.12425 && x[1]< 0.32028"], "height": 0.41, "width": 1.6, "inflow_peak": 0.38}