{"nodes": 1733, "object_boundaries": ["on_boundary && x[0]>0.18227 && x[0]< 0.38075 && x[1]>0.07601 && x[1]< 0.27163"], "height": 0.41, "width": 1.6, "inflow_peak": 1.11}