{"nodes": 2046, "object_boundaries": ["on_boundary && x[0]>0.34738 && x[0]< 0.52424 && x[1]>0.07347 && x[1]< 0.29782"], "height": 0.41, "width": 1.6, "inflow_peak": 0.71}