{"nodes": 2054, "object_boundaries": ["on_boundary && x[0]>0.16486 && x[0]< 0.3634 && x[1]>0.11918 && x[1]< 0.31772"], "height": 0.41, "width": 1.6, "inflow_peak": 0.99}