{"nodes": 2026, "object_boundaries": ["on_boundary && x[0]>0.0873 && x[0]< 0.32185 && x[1]>0.06153 && x[1]< 0.30941"], "height": 0.41, "width": 1.6, "inflow_peak": 1.12}