{"nodes": 1719, "object_boundaries": ["on_boundary && x[0]>0.38454 && x[0]< 0.60156 && x[1]>0.02164 && x[1]< 0.23154"], "height": 0.41, "width": 1.6, "inflow_peak": 0.54}