{"nodes": 1917, "object_boundaries": ["on_boundary && x[0]>0.21972 && x[0]< 0.37198 && x[1]>0.03951 && x[1]< 0.23918"], "height": 0.41, "width": 1.6, "inflow_peak": 1.31}