{"nodes": 2074, "cells": 3928, "object_boundaries": ["on_boundary && x[0]>0.07437 && x[0]< 0.29306 && x[1]>0.09387 && x[1]< 0.3138"], "height": 0.41, "width": 1.6, "inflow_peak": 0.94}