{"nodes": 2091, "cells": 3955, "object_boundaries": ["on_boundary && x[0]>0.37886 && x[0]< 0.52582 && x[1]>0.08199 && x[1]< 0.23705"], "height": 0.41, "width": 1.6, "inflow_peak": 1.802}