{"nodes": 1991, "object_boundaries": ["on_boundary && x[0]>0.41498 && x[0]< 0.62933 && x[1]>0.0061 && x[1]< 0.22045"], "height": 0.41, "width": 1.6, "inflow_peak": 1.422}