{"nodes": 1800, "object_boundaries": ["on_boundary && x[0]>0.03071 && x[0]< 0.28086 && x[1]>0.05275 && x[1]< 0.30289"], "height": 0.41, "width": 1.6, "inflow_peak": 2.049}