{"nodes": 2025, "object_boundaries": ["on_boundary && x[0]>0.4107 && x[0]< 0.63517 && x[1]>0.10599 && x[1]< 0.33046"], "height": 0.41, "width": 1.6, "inflow_peak": 1.958}