{"nodes": 1989, "object_boundaries": ["on_boundary && x[0]>0.21393 && x[0]< 0.42928 && x[1]>0.03351 && x[1]< 0.24887"], "height": 0.41, "width": 1.6, "inflow_peak": 1.073}