{"nodes": 2115, "cells": 4009, "object_boundaries": ["on_boundary && x[0]>0.38611 && x[0]< 0.52772 && x[1]>0.13621 && x[1]< 0.26076"], "height": 0.41, "width": 1.6, "inflow_peak": 1.286}