{"nodes": 2092, "cells": 3968, "object_boundaries": ["on_boundary && x[0]>0.28386 && x[0]< 0.51513 && x[1]>0.1529 && x[1]< 0.33269"], "height": 0.41, "width": 1.6, "inflow_peak": 1.65}