{"nodes": 2071, "object_boundaries": ["on_boundary && x[0]>0.04223 && x[0]< 0.32223 && x[1]>0.09248 && x[1]< 0.22832"], "height": 0.41, "width": 1.6, "inflow_peak": 0.6}