{"nodes": 1738, "object_boundaries": ["on_boundary && x[0]>0.18411 && x[0]< 0.38677 && x[1]>0.16369 && x[1]< 0.38246"], "height": 0.41, "width": 1.6, "inflow_peak": 0.34}