{"nodes": 2118, "cells": 4022, "object_boundaries": ["on_boundary && x[0]>0.28567 && x[0]< 0.45632 && x[1]>0.13614 && x[1]< 0.31897"], "height": 0.41, "width": 1.6, "inflow_peak": 1.54}