{"nodes": 2024, "object_boundaries": ["on_boundary && x[0]>0.17666 && x[0]< 0.39772 && x[1]>0.03767 && x[1]< 0.26321"], "height": 0.41, "width": 1.6, "inflow_peak": 1.98}