{"nodes": 2161, "cells": 4095, "object_boundaries": ["on_boundary && x[0]>0.35586 && x[0]< 0.5902 && x[1]>0.05675 && x[1]< 0.28909"], "height": 0.41, "width": 1.6, "inflow_peak": 0.49}