{"nodes": 1742, "object_boundaries": ["on_boundary && x[0]>0.32467 && x[0]< 0.52246 && x[1]>0.04866 && x[1]< 0.23782"], "height": 0.41, "width": 1.6, "inflow_peak": 1.18}