{"nodes": 2163, "cells": 4099, "object_boundaries": ["on_boundary && x[0]>0.3634 && x[0]< 0.46246 && x[1]>0.13556 && x[1]< 0.32424"], "height": 0.41, "width": 1.6, "inflow_peak": 1.157}