{"nodes": 2159, "object_boundaries": ["on_boundary && x[0]>0.24154 && x[0]< 0.41804 && x[1]>0.14304 && x[1]< 0.31953"], "height": 0.41, "width": 1.6, "inflow_peak": 1.37}