{"nodes": 1949, "object_boundaries": ["on_boundary && x[0]>0.18628 && x[0]< 0.32226 && x[1]>0.09549 && x[1]< 0.23146"], "height": 0.41, "width": 1.6, "inflow_peak": 1.37}