{"nodes": 1941, "object_boundaries": ["on_boundary && x[0]>0.13372 && x[0]< 0.34239 && x[1]>0.01683 && x[1]< 0.22588"], "height": 0.41, "width": 1.6, "inflow_peak": 1.96}