{"nodes": 1901, "object_boundaries": ["on_boundary && x[0]>0.37193 && x[0]< 0.60374 && x[1]>-0.01167 && x[1]< 0.22014"], "height": 0.41, "width": 1.6, "inflow_peak": 0.76}