{"nodes": 1937, "object_boundaries": ["on_boundary && x[0]>0.05364 && x[0]< 0.26656 && x[1]>0.09676 && x[1]< 0.30967"], "height": 0.41, "width": 1.6, "inflow_peak": 0.54}