{"nodes": 2375, "cells": 4505, "object_boundaries": ["on_boundary && x[0]>0.11603 && x[0]< 0.32486 && x[1]>0.0188 && x[1]< 0.22763", "on_boundary && x[0]>0.89175 && x[0]< 1.09031 && x[1]>0.07976 && x[1]< 0.27832"], "height": 0.41, "width": 1.6, "inflow_peak": 2.01}