{"nodes": 3104, "object_boundaries": ["on_boundary && x[0]>0.09487 && x[0]< 0.24095 && x[1]>0.14828 && x[1]< 0.29436", "on_boundary && x[0]>0.82649 && x[0]< 0.96655 && x[1]>0.04971 && x[1]< 0.18976"], "height": 0.41, "width": 1.6, "inflow_peak": 1.49}