{"nodes": 2303, "object_boundaries": ["on_boundary && x[0]>0.34584 && x[0]< 0.58393 && x[1]>0.08088 && x[1]< 0.31897"], "height": 0.41, "width": 1.6, "inflow_peak": 0.889}