{"nodes": 2064, "cells": 3914, "object_boundaries": ["on_boundary && x[0]>0.4291 && x[0]< 0.53918 && x[1]>0.17598 && x[1]< 0.28606"], "height": 0.41, "width": 1.6, "inflow_peak": 0.446}