{"nodes": 2138, "object_boundaries": ["on_boundary && x[0]>0.38348 && x[0]< 0.57267 && x[1]>0.08317 && x[1]< 0.27236"], "height": 0.41, "width": 1.6, "inflow_peak": 0.831}