{"nodes": 2068, "cells": 3904, "object_boundaries": ["on_boundary && x[0]>0.14809 && x[0]< 0.40656 && x[1]>0.10845 && x[1]< 0.36692"], "height": 0.41, "width": 1.6, "inflow_peak": 0.866}