{"nodes": 2202, "object_boundaries": ["on_boundary && x[0]>0.33513 && x[0]< 0.51087 && x[1]>0.0982 && x[1]< 0.27394"], "height": 0.41, "width": 1.6, "inflow_peak": 2.12}