{"nodes": 2061, "cells": 3898, "object_boundaries": ["on_boundary && x[0]>0.38083 && x[0]< 0.61288 && x[1]>-0.01028 && x[1]< 0.22177"], "height": 0.41, "width": 1.6, "inflow_peak": 0.291}