{"nodes": 2025, "object_boundaries": ["on_boundary && x[0]>0.31882 && x[0]< 0.52717 && x[1]>0.0928 && x[1]< 0.30115"], "height": 0.41, "width": 1.6, "inflow_peak": 1.05}