{"nodes": 2072, "cells": 3940, "object_boundaries": ["on_boundary && x[0]>0.25304 && x[0]< 0.42328 && x[1]>0.02688 && x[1]< 0.19951"], "height": 0.41, "width": 1.6, "inflow_peak": 1.74}