{"nodes": 2117, "cells": 4012, "object_boundaries": ["on_boundary && x[0]>0.38688 && x[0]< 0.51134 && x[1]>0.17995 && x[1]< 0.31971"], "height": 0.41, "width": 1.6, "inflow_peak": 1.606}