{"nodes": 2152, "cells": 4082, "object_boundaries": ["on_boundary && x[0]>0.20622 && x[0]< 0.42668 && x[1]>0.147 && x[1]< 0.36746"], "height": 0.41, "width": 1.6, "inflow_peak": 1.69}