{"nodes": 2068, "cells": 3927, "object_boundaries": ["on_boundary && x[0]>0.2803 && x[0]< 0.36567 && x[1]>0.08925 && x[1]< 0.18256"], "height": 0.41, "width": 1.6, "inflow_peak": 2.169}