{"nodes": 2065, "cells": 3902, "object_boundaries": ["on_boundary && x[0]>0.2243 && x[0]< 0.3784 && x[1]>0.18654 && x[1]< 0.34064"], "height": 0.41, "width": 1.6, "inflow_peak": 2.131}