{"nodes": 1718, "object_boundaries": ["on_boundary && x[0]>0.38767 && x[0]< 0.62394 && x[1]>0.07293 && x[1]< 0.30935"], "height": 0.41, "width": 1.6, "inflow_peak": 1.29}