{"nodes": 1972, "cells": 3745, "object_boundaries": ["on_boundary && x[0]>0.11561 && x[0]< 0.27124 && x[1]>0.12169 && x[1]< 0.27731"], "height": 0.41, "width": 1.6, "inflow_peak": 0.25}