{"nodes": 2099, "cells": 3989, "object_boundaries": ["on_boundary && x[0]>0.25812 && x[0]< 0.34628 && x[1]>0.18306 && x[1]< 0.26606"], "height": 0.41, "width": 1.6, "inflow_peak": 1.964}