{"nodes": 1703, "object_boundaries": ["on_boundary && x[0]>0.284 && x[0]< 0.50095 && x[1]>0.03473 && x[1]< 0.25167"], "height": 0.41, "width": 1.6, "inflow_peak": 0.98}