{"nodes": 2357, "object_boundaries": ["on_boundary && x[0]>0.24858 && x[0]< 0.3981 && x[1]>0.11392 && x[1]< 0.26344"], "height": 0.41, "width": 1.6, "inflow_peak": 0.98}