{"nodes": 2122, "cells": 4022, "object_boundaries": ["on_boundary && x[0]>0.31308 && x[0]< 0.51981 && x[1]>0.15653 && x[1]< 0.36325"], "height": 0.41, "width": 1.6, "inflow_peak": 1.27}