{"nodes": 2113, "object_boundaries": ["on_boundary && x[0]>0.37327 && x[0]< 0.5468 && x[1]>0.15106 && x[1]< 0.35814"], "height": 0.41, "width": 1.6, "inflow_peak": 1.42}