{"nodes": 2176, "cells": 4129, "object_boundaries": ["on_boundary && x[0]>0.3246 && x[0]< 0.57156 && x[1]>0.20108 && x[1]< 0.40231"], "height": 0.41, "width": 1.6, "inflow_peak": 0.25}