{"nodes": 2089, "cells": 3952, "object_boundaries": ["on_boundary && x[0]>0.16399 && x[0]< 0.32243 && x[1]>0.05795 && x[1]< 0.17809"], "height": 0.41, "width": 1.6, "inflow_peak": 1.401}