{"nodes": 1996, "object_boundaries": ["on_boundary && x[0]>0.20917 && x[0]< 0.40061 && x[1]>0.17293 && x[1]< 0.36436"], "height": 0.41, "width": 1.6, "inflow_peak": 1.05}