{"nodes": 2290, "cells": 4359, "object_boundaries": ["on_boundary && x[0]>0.1733 && x[0]< 0.34319 && x[1]>0.0942 && x[1]< 0.26409", "on_boundary && x[0]>0.80258 && x[0]< 0.96444 && x[1]>0.20973 && x[1]< 0.3716"], "height": 0.41, "width": 1.6, "inflow_peak": 0.27}