{"nodes": 2290, "object_boundaries": ["on_boundary && x[0]>0.44187 && x[0]< 0.60044 && x[1]>0.11391 && x[1]< 0.27248"], "height": 0.41, "width": 1.6, "inflow_peak": 1.626}