{"nodes": 1916, "object_boundaries": ["on_boundary && x[0]>0.31019 && x[0]< 0.4531 && x[1]>0.0307 && x[1]< 0.17361"], "height": 0.41, "width": 1.6, "inflow_peak": 1.294}