{"nodes": 1896, "object_boundaries": ["on_boundary && x[0]>0.29052 && x[0]< 0.4379 && x[1]>0.15143 && x[1]< 0.29881"], "height": 0.41, "width": 1.6, "inflow_peak": 0.91}