{"nodes": 2093, "cells": 3952, "object_boundaries": ["on_boundary && x[0]>0.09147 && x[0]< 0.32527 && x[1]>0.06962 && x[1]< 0.34262"], "height": 0.41, "width": 1.6, "inflow_peak": 1.76}