{"nodes": 1733, "object_boundaries": ["on_boundary && x[0]>0.36759 && x[0]< 0.55014 && x[1]>0.10561 && x[1]< 0.29086"], "height": 0.41, "width": 1.6, "inflow_peak": 1.03}