{"nodes": 1726, "object_boundaries": ["on_boundary && x[0]>0.20224 && x[0]< 0.4134 && x[1]>0.18193 && x[1]< 0.39739"], "height": 0.41, "width": 1.6, "inflow_peak": 0.64}