{"nodes": 2031, "object_boundaries": ["on_boundary && x[0]>0.27483 && x[0]< 0.49694 && x[1]>0.15276 && x[1]< 0.36306"], "height": 0.41, "width": 1.6, "inflow_peak": 1.72}