{"nodes": 2036, "cells": 3861, "object_boundaries": ["on_boundary && x[0]>0.2916 && x[0]< 0.46438 && x[1]>0.1294 && x[1]< 0.34176"], "height": 0.41, "width": 1.6, "inflow_peak": 1.92}