{"nodes": 2789, "object_boundaries": ["on_boundary && x[0]>0.18402 && x[0]< 0.32133 && x[1]>0.17264 && x[1]< 0.30995", "on_boundary && x[0]>0.63482 && x[0]< 0.81997 && x[1]>0.1246 && x[1]< 0.30975"], "height": 0.41, "width": 1.6, "inflow_peak": 1.61}