{"nodes": 2075, "object_boundaries": ["on_boundary && x[0]>0.1624 && x[0]< 0.35709 && x[1]>0.16529 && x[1]< 0.35998"], "height": 0.41, "width": 1.6, "inflow_peak": 1.08}