{"nodes": 2075, "object_boundaries": ["on_boundary && x[0]>0.41936 && x[0]< 0.61922 && x[1]>0.0918 && x[1]< 0.29166"], "height": 0.41, "width": 1.6, "inflow_peak": 1.17}