{"nodes": 2259, "object_boundaries": ["on_boundary && x[0]>0.21674 && x[0]< 0.41513 && x[1]>0.10669 && x[1]< 0.30508", "on_boundary && x[0]>0.76715 && x[0]< 1.02039 && x[1]>0.09268 && x[1]< 0.34592"], "height": 0.41, "width": 1.6, "inflow_peak": 1.47}