{"nodes": 2458, "cells": 4677, "object_boundaries": ["on_boundary && x[0]>0.41222 && x[0]< 0.53923 && x[1]>0.05927 && x[1]< 0.18628", "on_boundary && x[0]>0.95481 && x[0]< 1.03514 && x[1]>0.25939 && x[1]< 0.33972"], "height": 0.41, "width": 1.6, "inflow_peak": 2.2}