{"nodes": 1935, "cells": 3673, "object_boundaries": ["on_boundary && x[0]>0.1699 && x[0]< 0.22832 && x[1]>0.09207 && x[1]< 0.15048"], "height": 0.41, "width": 1.6, "inflow_peak": 1.373}