{"nodes": 1865, "object_boundaries": ["on_boundary && x[0]>0.11033 && x[0]< 0.35104 && x[1]>0.06433 && x[1]< 0.30504"], "height": 0.41, "width": 1.6, "inflow_peak": 1.183}