{"nodes": 2223, "object_boundaries": ["on_boundary && x[0]>0.33384 && x[0]< 0.51482 && x[1]>0.13939 && x[1]< 0.32038"], "height": 0.41, "width": 1.6, "inflow_peak": 2.19}