{"nodes": 1915, "object_boundaries": ["on_boundary && x[0]>0.33982 && x[0]< 0.57917 && x[1]>0.11587 && x[1]< 0.35522"], "height": 0.41, "width": 1.6, "inflow_peak": 0.674}