{"nodes": 2012, "cells": 3824, "object_boundaries": ["on_boundary && x[0]>0.34263 && x[0]< 0.49936 && x[1]>0.09784 && x[1]< 0.25457"], "height": 0.41, "width": 1.6, "inflow_peak": 0.436}