{"nodes": 2335, "object_boundaries": ["on_boundary && x[0]>0.15094 && x[0]< 0.28029 && x[1]>0.03532 && x[1]< 0.16468"], "height": 0.41, "width": 1.6, "inflow_peak": 0.8}