{"nodes": 2565, "object_boundaries": ["on_boundary && x[0]>0.17385 && x[0]< 0.32499 && x[1]>0.02971 && x[1]< 0.18084", "on_boundary && x[0]>0.77093 && x[0]< 0.96725 && x[1]>0.19831 && x[1]< 0.39463"], "height": 0.41, "width": 1.6, "inflow_peak": 1.61}