{"nodes": 1725, "object_boundaries": ["on_boundary && x[0]>0.20442 && x[0]< 0.40063 && x[1]>0.11925 && x[1]< 0.31546"], "height": 0.41, "width": 1.6, "inflow_peak": 1.0}