{"nodes": 2076, "cells": 3936, "object_boundaries": ["on_boundary && x[0]>0.34149 && x[0]< 0.45785 && x[1]>0.13664 && x[1]< 0.253"], "height": 0.41, "width": 1.6, "inflow_peak": 1.299}