{"nodes": 1667, "object_boundaries": ["on_boundary && x[0]>0.10775 && x[0]< 0.29844 && x[1]>0.08593 && x[1]< 0.27663"], "height": 0.41, "width": 1.6, "inflow_peak": 0.59}