{"nodes": 2147, "cells": 4070, "object_boundaries": ["on_boundary && x[0]>0.31756 && x[0]< 0.53356 && x[1]>0.14041 && x[1]< 0.36804"], "height": 0.41, "width": 1.6, "inflow_peak": 1.86}