{"nodes": 2199, "object_boundaries": ["on_boundary && x[0]>0.24269 && x[0]< 0.50693 && x[1]>0.00194 && x[1]< 0.26618"], "height": 0.41, "width": 1.6, "inflow_peak": 1.36}