{"nodes": 2132, "object_boundaries": ["on_boundary && x[0]>0.18914 && x[0]< 0.36718 && x[1]>0.12869 && x[1]< 0.30674"], "height": 0.41, "width": 1.6, "inflow_peak": 1.75}