{"nodes": 2381, "object_boundaries": ["on_boundary && x[0]>0.11037 && x[0]< 0.29041 && x[1]>0.00998 && x[1]< 0.19002", "on_boundary && x[0]>0.66529 && x[0]< 0.87219 && x[1]>-0.00345 && x[1]< 0.20345"], "height": 0.41, "width": 1.6, "inflow_peak": 1.22}