{"nodes": 2003, "cells": 3794, "object_boundaries": ["on_boundary && x[0]>0.38654 && x[0]< 0.58184 && x[1]>0.11502 && x[1]< 0.31031"], "height": 0.41, "width": 1.6, "inflow_peak": 0.86}