{"nodes": 2599, "object_boundaries": ["on_boundary && x[0]>0.17818 && x[0]< 0.36187 && x[1]>0.08574 && x[1]< 0.26943", "on_boundary && x[0]>0.69015 && x[0]< 0.87841 && x[1]>0.13491 && x[1]< 0.32316"], "height": 0.41, "width": 1.6, "inflow_peak": 1.82}