{"nodes": 2732, "object_boundaries": ["on_boundary && x[0]>0.2569 && x[0]< 0.39852 && x[1]>0.17696 && x[1]< 0.31858", "on_boundary && x[0]>0.67702 && x[0]< 0.92547 && x[1]>0.12119 && x[1]< 0.36964"], "height": 0.41, "width": 1.6, "inflow_peak": 0.61}