{"nodes": 2989, "object_boundaries": ["on_boundary && x[0]>0.16957 && x[0]< 0.34747 && x[1]>0.15054 && x[1]< 0.32844", "on_boundary && x[0]>0.64503 && x[0]< 0.80026 && x[1]>0.09698 && x[1]< 0.25221"], "height": 0.41, "width": 1.6, "inflow_peak": 1.23}