{"nodes": 2308, "object_boundaries": ["on_boundary && x[0]>0.42979 && x[0]< 0.57217 && x[1]>0.05524 && x[1]< 0.19762"], "height": 0.41, "width": 1.6, "inflow_peak": 0.995}