{"nodes": 2094, "object_boundaries": ["on_boundary && x[0]>0.32529 && x[0]< 0.5133 && x[1]>0.02543 && x[1]< 0.21344"], "height": 0.41, "width": 1.6, "inflow_peak": 2.019}