{"nodes": 1983, "cells": 3758, "object_boundaries": ["on_boundary && x[0]>0.37073 && x[0]< 0.55443 && x[1]>0.10264 && x[1]< 0.28634"], "height": 0.41, "width": 1.6, "inflow_peak": 1.371}