{"nodes": 2256, "object_boundaries": ["on_boundary && x[0]>0.21637 && x[0]< 0.48226 && x[1]>0.09209 && x[1]< 0.35798"], "height": 0.41, "width": 1.6, "inflow_peak": 1.096}