{"nodes": 2608, "cells": 4941, "object_boundaries": ["on_boundary && x[0]>0.13518 && x[0]< 0.31267 && x[1]>0.0604 && x[1]< 0.23933", "on_boundary && x[0]>0.70605 && x[0]< 0.83437 && x[1]>0.04972 && x[1]< 0.18062"], "height": 0.41, "width": 1.6, "inflow_peak": 0.42}