{"nodes": 1703, "object_boundaries": ["on_boundary && x[0]>0.29002 && x[0]< 0.47662 && x[1]>0.06866 && x[1]< 0.25491"], "height": 0.41, "width": 1.6, "inflow_peak": 1.73}