{"nodes": 2035, "object_boundaries": ["on_boundary && x[0]>0.21367 && x[0]< 0.405 && x[1]>0.12623 && x[1]< 0.36999"], "height": 0.41, "width": 1.6, "inflow_peak": 1.26}