{"nodes": 2081, "cells": 3947, "object_boundaries": ["on_boundary && x[0]>0.21942 && x[0]< 0.36519 && x[1]>0.09527 && x[1]< 0.17261"], "height": 0.41, "width": 1.6, "inflow_peak": 2.168}