{"nodes": 2203, "object_boundaries": ["on_boundary && x[0]>0.33171 && x[0]< 0.49457 && x[1]>0.08541 && x[1]< 0.2793"], "height": 0.41, "width": 1.6, "inflow_peak": 0.56}