{"nodes": 2156, "object_boundaries": ["on_boundary && x[0]>0.2151 && x[0]< 0.45149 && x[1]>0.12237 && x[1]< 0.29152"], "height": 0.41, "width": 1.6, "inflow_peak": 0.34}