{"nodes": 2079, "object_boundaries": ["on_boundary && x[0]>0.02173 && x[0]< 0.28754 && x[1]>0.12469 && x[1]< 0.26935"], "height": 0.41, "width": 1.6, "inflow_peak": 1.0}