{"nodes": 2014, "cells": 3807, "object_boundaries": ["on_boundary && x[0]>0.05641 && x[0]< 0.3002 && x[1]>0.16392 && x[1]< 0.36441"], "height": 0.41, "width": 1.6, "inflow_peak": 2.16}