{"nodes": 2078, "object_boundaries": ["on_boundary && x[0]>0.33045 && x[0]< 0.52291 && x[1]>0.11497 && x[1]< 0.312"], "height": 0.41, "width": 1.6, "inflow_peak": 1.72}