{"nodes": 2098, "object_boundaries": ["on_boundary && x[0]>0.3579 && x[0]< 0.4921 && x[1]>0.14604 && x[1]< 0.37627"], "height": 0.41, "width": 1.6, "inflow_peak": 0.78}