{"nodes": 1912, "object_boundaries": ["on_boundary && x[0]>0.27587 && x[0]< 0.50796 && x[1]>0.01688 && x[1]< 0.24897"], "height": 0.41, "width": 1.6, "inflow_peak": 0.84}