{"nodes": 2102, "object_boundaries": ["on_boundary && x[0]>0.16404 && x[0]< 0.34598 && x[1]>0.091 && x[1]< 0.27293"], "height": 0.41, "width": 1.6, "inflow_peak": 1.51}