{"nodes": 2357, "object_boundaries": ["on_boundary && x[0]>0.30645 && x[0]< 0.45509 && x[1]>0.05649 && x[1]< 0.20513"], "height": 0.41, "width": 1.6, "inflow_peak": 1.51}