{"nodes": 2471, "cells": 4700, "object_boundaries": ["on_boundary && x[0]>0.24812 && x[0]< 0.40725 && x[1]>0.16199 && x[1]< 0.32113", "on_boundary && x[0]>0.77493 && x[0]< 0.8346 && x[1]>0.14858 && x[1]< 0.20824"], "height": 0.41, "width": 1.6, "inflow_peak": 2.048}