{"nodes": 2517, "object_boundaries": ["on_boundary && x[0]>0.33996 && x[0]< 0.48865 && x[1]>0.22314 && x[1]< 0.37183", "on_boundary && x[0]>0.55098 && x[0]< 0.78043 && x[1]>0.06627 && x[1]< 0.29572"], "height": 0.41, "width": 1.6, "inflow_peak": 2.04}