{"nodes": 1746, "object_boundaries": ["on_boundary && x[0]>0.21128 && x[0]< 0.39661 && x[1]>0.09881 && x[1]< 0.30588"], "height": 0.41, "width": 1.6, "inflow_peak": 0.88}