{"nodes": 2061, "object_boundaries": ["on_boundary && x[0]>0.21181 && x[0]< 0.42549 && x[1]>0.05127 && x[1]< 0.26322"], "height": 0.41, "width": 1.6, "inflow_peak": 2.19}