{"nodes": 1911, "object_boundaries": ["on_boundary && x[0]>0.30366 && x[0]< 0.52685 && x[1]>0.03886 && x[1]< 0.2782"], "height": 0.41, "width": 1.6, "inflow_peak": 2.08}