{"nodes": 2282, "object_boundaries": ["on_boundary && x[0]>0.3408 && x[0]< 0.50641 && x[1]>0.1061 && x[1]< 0.27171"], "height": 0.41, "width": 1.6, "inflow_peak": 1.434}