{"nodes": 2109, "object_boundaries": ["on_boundary && x[0]>0.07669 && x[0]< 0.24566 && x[1]>0.21106 && x[1]< 0.38003"], "height": 0.41, "width": 1.6, "inflow_peak": 1.955}