{"nodes": 2109, "object_boundaries": ["on_boundary && x[0]>0.1729 && x[0]< 0.35077 && x[1]>0.02768 && x[1]< 0.20555"], "height": 0.41, "width": 1.6, "inflow_peak": 1.317}