{"nodes": 1973, "cells": 3746, "object_boundaries": ["on_boundary && x[0]>0.26522 && x[0]< 0.33427 && x[1]>0.09294 && x[1]< 0.162"], "height": 0.41, "width": 1.6, "inflow_peak": 1.014}