{"nodes": 2151, "object_boundaries": ["on_boundary && x[0]>0.25 && x[0]< 0.43363 && x[1]>0.1315 && x[1]< 0.31514"], "height": 0.41, "width": 1.6, "inflow_peak": 0.544}