{"nodes": 2033, "cells": 3837, "object_boundaries": ["on_boundary && x[0]>0.16347 && x[0]< 0.32227 && x[1]>0.09196 && x[1]< 0.25076"], "height": 0.41, "width": 1.6, "inflow_peak": 0.269}