{"nodes": 2065, "object_boundaries": ["on_boundary && x[0]>0.20504 && x[0]< 0.4067 && x[1]>0.13585 && x[1]< 0.33752"], "height": 0.41, "width": 1.6, "inflow_peak": 1.105}