{"nodes": 2127, "object_boundaries": ["on_boundary && x[0]>0.12542 && x[0]< 0.31536 && x[1]>0.09627 && x[1]< 0.27603"], "height": 0.41, "width": 1.6, "inflow_peak": 2.02}