{"nodes": 1875, "object_boundaries": ["on_boundary && x[0]>0.16212 && x[0]< 0.39123 && x[1]>0.03604 && x[1]< 0.2792"], "height": 0.41, "width": 1.6, "inflow_peak": 1.48}