{"nodes": 2063, "cells": 3905, "object_boundaries": ["on_boundary && x[0]>0.39414 && x[0]< 0.51335 && x[1]>0.10739 && x[1]< 0.25138"], "height": 0.41, "width": 1.6, "inflow_peak": 0.573}