{"nodes": 2027, "cells": 3833, "object_boundaries": ["on_boundary && x[0]>0.36865 && x[0]< 0.56315 && x[1]>0.00295 && x[1]< 0.25428"], "height": 0.41, "width": 1.6, "inflow_peak": 1.86}