{"nodes": 2019, "object_boundaries": ["on_boundary && x[0]>0.28904 && x[0]< 0.5194 && x[1]>0.0064 && x[1]< 0.19295"], "height": 0.41, "width": 1.6, "inflow_peak": 0.89}