{"nodes": 2152, "object_boundaries": ["on_boundary && x[0]>0.2415 && x[0]< 0.43434 && x[1]>0.07294 && x[1]< 0.2606", "on_boundary && x[0]>0.68223 && x[0]< 0.87832 && x[1]>0.0737 && x[1]< 0.29841"], "height": 0.41, "width": 1.6, "inflow_peak": 0.87}