{"nodes": 2206, "object_boundaries": ["on_boundary && x[0]>0.22934 && x[0]< 0.46124 && x[1]>0.18699 && x[1]< 0.33987"], "height": 0.41, "width": 1.6, "inflow_peak": 0.92}