{"nodes": 2165, "object_boundaries": ["on_boundary && x[0]>0.1379 && x[0]< 0.28701 && x[1]>0.14421 && x[1]< 0.32825"], "height": 0.41, "width": 1.6, "inflow_peak": 0.74}