{"nodes": 2147, "cells": 4076, "object_boundaries": ["on_boundary && x[0]>0.24042 && x[0]< 0.43536 && x[1]>0.17048 && x[1]< 0.36542"], "height": 0.41, "width": 1.6, "inflow_peak": 1.84}