{"nodes": 1668, "object_boundaries": ["on_boundary && x[0]>0.16792 && x[0]< 0.3532 && x[1]>0.11259 && x[1]< 0.29787"], "height": 0.41, "width": 1.6, "inflow_peak": 0.83}