{"nodes": 2258, "object_boundaries": ["on_boundary && x[0]>0.15271 && x[0]< 0.39663 && x[1]>0.03687 && x[1]< 0.2808"], "height": 0.41, "width": 1.6, "inflow_peak": 0.93}