{"nodes": 2018, "cells": 3832, "object_boundaries": ["on_boundary && x[0]>0.31197 && x[0]< 0.4826 && x[1]>0.21201 && x[1]< 0.38265"], "height": 0.41, "width": 1.6, "inflow_peak": 2.244}