{"nodes": 1969, "cells": 3728, "object_boundaries": ["on_boundary && x[0]>0.17966 && x[0]< 0.27964 && x[1]>0.07589 && x[1]< 0.17587"], "height": 0.41, "width": 1.6, "inflow_peak": 0.997}