{"nodes": 1674, "object_boundaries": ["on_boundary && x[0]>0.1581 && x[0]< 0.38745 && x[1]>0.08963 && x[1]< 0.31033"], "height": 0.41, "width": 1.6, "inflow_peak": 0.75}