{"nodes": 2094, "cells": 3966, "object_boundaries": ["on_boundary && x[0]>0.17097 && x[0]< 0.40442 && x[1]>0.15984 && x[1]< 0.36162"], "height": 0.41, "width": 1.6, "inflow_peak": 1.75}