{"nodes": 1706, "object_boundaries": ["on_boundary && x[0]>0.00171 && x[0]< 0.2485 && x[1]>0.11143 && x[1]< 0.33381"], "height": 0.41, "width": 1.6, "inflow_peak": 0.72}