{"nodes": 2040, "object_boundaries": ["on_boundary && x[0]>0.00039 && x[0]< 0.25961 && x[1]>0.12344 && x[1]< 0.26333"], "height": 0.41, "width": 1.6, "inflow_peak": 0.81}