{"nodes": 1755, "object_boundaries": ["on_boundary && x[0]>0.02285 && x[0]< 0.2815 && x[1]>0.166 && x[1]< 0.42399"], "height": 0.41, "width": 1.6, "inflow_peak": 0.49}