{"nodes": 1674, "object_boundaries": ["on_boundary && x[0]>0.07761 && x[0]< 0.30819 && x[1]>0.16894 && x[1]< 0.3767"], "height": 0.41, "width": 1.6, "inflow_peak": 1.5}