{"nodes": 2084, "object_boundaries": ["on_boundary && x[0]>0.34754 && x[0]< 0.55281 && x[1]>0.10924 && x[1]< 0.31033"], "height": 0.41, "width": 1.6, "inflow_peak": 2.01}