{"nodes": 1920, "object_boundaries": ["on_boundary && x[0]>0.32987 && x[0]< 0.54292 && x[1]>0.01103 && x[1]< 0.25838"], "height": 0.41, "width": 1.6, "inflow_peak": 0.68}