{"nodes": 2102, "cells": 3989, "object_boundaries": ["on_boundary && x[0]>0.42248 && x[0]< 0.56841 && x[1]>0.21623 && x[1]< 0.29356"], "height": 0.41, "width": 1.6, "inflow_peak": 1.217}