{"nodes": 2076, "cells": 3926, "object_boundaries": ["on_boundary && x[0]>0.38274 && x[0]< 0.60941 && x[1]>0.024 && x[1]< 0.27783"], "height": 0.41, "width": 1.6, "inflow_peak": 1.93}