{"nodes": 2087, "object_boundaries": ["on_boundary && x[0]>0.14034 && x[0]< 0.3403 && x[1]>0.14049 && x[1]< 0.29402"], "height": 0.41, "width": 1.6, "inflow_peak": 2.17}