{"nodes": 1993, "object_boundaries": ["on_boundary && x[0]>0.38162 && x[0]< 0.58226 && x[1]>0.10381 && x[1]< 0.32641"], "height": 0.41, "width": 1.6, "inflow_peak": 0.87}