{"nodes": 2055, "cells": 3889, "object_boundaries": ["on_boundary && x[0]>0.28968 && x[0]< 0.42908 && x[1]>0.22501 && x[1]< 0.35383"], "height": 0.41, "width": 1.6, "inflow_peak": 0.905}