{"nodes": 2067, "object_boundaries": ["on_boundary && x[0]>0.34786 && x[0]< 0.59664 && x[1]>0.1868 && x[1]< 0.36956"], "height": 0.41, "width": 1.6, "inflow_peak": 0.91}