{"nodes": 2136, "object_boundaries": ["on_boundary && x[0]>0.27919 && x[0]< 0.49748 && x[1]>0.1183 && x[1]< 0.30052"], "height": 0.41, "width": 1.6, "inflow_peak": 2.1}