{"nodes": 2031, "cells": 3844, "object_boundaries": ["on_boundary && x[0]>0.20156 && x[0]< 0.40075 && x[1]>0.16963 && x[1]< 0.39712"], "height": 0.41, "width": 1.6, "inflow_peak": 1.34}