{"nodes": 1960, "object_boundaries": ["on_boundary && x[0]>0.31181 && x[0]< 0.52233 && x[1]>0.11233 && x[1]< 0.35045"], "height": 0.41, "width": 1.6, "inflow_peak": 1.77}