{"nodes": 1939, "object_boundaries": ["on_boundary && x[0]>0.23053 && x[0]< 0.45225 && x[1]>0.07004 && x[1]< 0.30181"], "height": 0.41, "width": 1.6, "inflow_peak": 0.73}