{"nodes": 1975, "cells": 3732, "object_boundaries": ["on_boundary && x[0]>0.13156 && x[0]< 0.32013 && x[1]>-0.01316 && x[1]< 0.22475"], "height": 0.41, "width": 1.6, "inflow_peak": 1.75}