{"nodes": 1966, "object_boundaries": ["on_boundary && x[0]>0.22254 && x[0]< 0.4506 && x[1]>0.12015 && x[1]< 0.3422"], "height": 0.41, "width": 1.6, "inflow_peak": 1.1}