{"nodes": 2118, "object_boundaries": ["on_boundary && x[0]>0.16921 && x[0]< 0.33813 && x[1]>0.07282 && x[1]< 0.2655"], "height": 0.41, "width": 1.6, "inflow_peak": 1.58}