{"nodes": 1998, "object_boundaries": ["on_boundary && x[0]>0.24701 && x[0]< 0.45925 && x[1]>0.04099 && x[1]< 0.24811"], "height": 0.41, "width": 1.6, "inflow_peak": 2.35}