{"nodes": 1925, "object_boundaries": ["on_boundary && x[0]>0.03185 && x[0]< 0.24723 && x[1]>0.09916 && x[1]< 0.31703", "on_boundary && x[0]>0.67854 && x[0]< 0.93058 && x[1]>-0.01258 && x[1]< 0.22004"], "height": 0.41, "width": 1.6, "inflow_peak": 1.86}