{"nodes": 2651, "cells": 5066, "object_boundaries": ["on_boundary && x[0]>0.37389 && x[0]< 0.53446 && x[1]>0.14013 && x[1]< 0.3249", "on_boundary && x[0]>0.80663 && x[0]< 0.97051 && x[1]>0.13981 && x[1]< 0.31495"], "height": 0.41, "width": 1.6, "inflow_peak": 0.79}