{"nodes": 2841, "object_boundaries": ["on_boundary && x[0]>0.31024 && x[0]< 0.52626 && x[1]>-0.00801 && x[1]< 0.20801", "on_boundary && x[0]>0.89435 && x[0]< 1.07109 && x[1]>0.13853 && x[1]< 0.31527"], "height": 0.41, "width": 1.6, "inflow_peak": 0.97}