{"nodes": 2024, "cells": 3820, "object_boundaries": ["on_boundary && x[0]>0.12848 && x[0]< 0.28362 && x[1]>0.08657 && x[1]< 0.24171"], "height": 0.41, "width": 1.6, "inflow_peak": 0.944}