{"nodes": 2279, "object_boundaries": ["on_boundary && x[0]>0.33678 && x[0]< 0.57208 && x[1]>0.0174 && x[1]< 0.2527", "on_boundary && x[0]>0.82641 && x[0]< 1.04157 && x[1]>0.09588 && x[1]< 0.31104"], "height": 0.41, "width": 1.6, "inflow_peak": 0.26}