{"nodes": 2341, "object_boundaries": ["on_boundary && x[0]>0.13927 && x[0]< 0.27978 && x[1]>0.16943 && x[1]< 0.30994"], "height": 0.41, "width": 1.6, "inflow_peak": 0.82}