{"nodes": 2085, "cells": 3955, "object_boundaries": ["on_boundary && x[0]>0.16844 && x[0]< 0.37025 && x[1]>0.21209 && x[1]< 0.4008"], "height": 0.41, "width": 1.6, "inflow_peak": 1.9}