{"nodes": 1702, "object_boundaries": ["on_boundary && x[0]>0.17834 && x[0]< 0.32546 && x[1]>0.12552 && x[1]< 0.27264"], "height": 0.41, "width": 1.6, "inflow_peak": 0.6}