{"nodes": 1666, "object_boundaries": ["on_boundary && x[0]>0.29739 && x[0]< 0.48297 && x[1]>0.16567 && x[1]< 0.35397"], "height": 0.41, "width": 1.6, "inflow_peak": 1.66}