{"nodes": 1959, "cells": 3720, "object_boundaries": ["on_boundary && x[0]>0.1611 && x[0]< 0.22176 && x[1]>0.15355 && x[1]< 0.2142"], "height": 0.41, "width": 1.6, "inflow_peak": 0.573}