{"nodes": 2468, "cells": 4683, "object_boundaries": ["on_boundary && x[0]>0.09727 && x[0]< 0.32629 && x[1]>0.14127 && x[1]< 0.37029", "on_boundary && x[0]>0.68228 && x[0]< 0.88306 && x[1]>0.11116 && x[1]< 0.31194"], "height": 0.41, "width": 1.6, "inflow_peak": 2.1}