{"nodes": 1796, "object_boundaries": ["on_boundary && x[0]>0.03717 && x[0]< 0.28851 && x[1]>0.02424 && x[1]< 0.27558"], "height": 0.41, "width": 1.6, "inflow_peak": 1.19}