{"nodes": 2059, "cells": 3889, "object_boundaries": ["on_boundary && x[0]>0.21909 && x[0]< 0.37762 && x[1]>0.18611 && x[1]< 0.34463"], "height": 0.41, "width": 1.6, "inflow_peak": 1.91}