{"nodes": 2598, "object_boundaries": ["on_boundary && x[0]>0.23066 && x[0]< 0.46013 && x[1]>0.14743 && x[1]< 0.37689", "on_boundary && x[0]>0.64655 && x[0]< 0.80897 && x[1]>0.17591 && x[1]< 0.33832"], "height": 0.41, "width": 1.6, "inflow_peak": 1.65}