{"nodes": 1928, "object_boundaries": ["on_boundary && x[0]>0.30465 && x[0]< 0.4578 && x[1]>0.13125 && x[1]< 0.2844"], "height": 0.41, "width": 1.6, "inflow_peak": 1.287}