{"nodes": 2011, "cells": 3817, "object_boundaries": ["on_boundary && x[0]>0.22216 && x[0]< 0.30559 && x[1]>0.19544 && x[1]< 0.27887"], "height": 0.41, "width": 1.6, "inflow_peak": 1.238}