{"nodes": 2244, "object_boundaries": ["on_boundary && x[0]>0.30532 && x[0]< 0.46797 && x[1]>0.21437 && x[1]< 0.37702"], "height": 0.41, "width": 1.6, "inflow_peak": 1.838}