{"nodes": 2030, "object_boundaries": ["on_boundary && x[0]>0.11367 && x[0]< 0.3154 && x[1]>0.10801 && x[1]< 0.30975"], "height": 0.41, "width": 1.6, "inflow_peak": 1.369}