{"nodes": 1705, "object_boundaries": ["on_boundary && x[0]>0.09906 && x[0]< 0.33267 && x[1]>0.04758 && x[1]< 0.28119"], "height": 0.41, "width": 1.6, "inflow_peak": 1.54}