{"nodes": 2252, "object_boundaries": ["on_boundary && x[0]>0.0891 && x[0]< 0.22562 && x[1]>0.15326 && x[1]< 0.28978"], "height": 0.41, "width": 1.6, "inflow_peak": 1.63}