{"nodes": 1750, "object_boundaries": ["on_boundary && x[0]>0.16263 && x[0]< 0.35344 && x[1]>0.10207 && x[1]< 0.29288"], "height": 0.41, "width": 1.6, "inflow_peak": 0.82}