{"nodes": 2098, "cells": 3978, "object_boundaries": ["on_boundary && x[0]>0.33111 && x[0]< 0.4559 && x[1]>0.04623 && x[1]< 0.17102"], "height": 0.41, "width": 1.6, "inflow_peak": 1.638}