{"nodes": 1824, "object_boundaries": ["on_boundary && x[0]>0.40957 && x[0]< 0.5602 && x[1]>0.11761 && x[1]< 0.26824"], "height": 0.41, "width": 1.6, "inflow_peak": 0.36}