{"nodes": 2116, "cells": 4001, "object_boundaries": ["on_boundary && x[0]>0.23914 && x[0]< 0.49481 && x[1]>0.06431 && x[1]< 0.31999"], "height": 0.41, "width": 1.6, "inflow_peak": 0.496}