{"nodes": 1863, "object_boundaries": ["on_boundary && x[0]>0.15342 && x[0]< 0.31669 && x[1]>0.11222 && x[1]< 0.27549"], "height": 0.41, "width": 1.6, "inflow_peak": 0.746}