{"nodes": 1980, "cells": 3762, "object_boundaries": ["on_boundary && x[0]>0.24338 && x[0]< 0.30483 && x[1]>0.1011 && x[1]< 0.16255"], "height": 0.41, "width": 1.6, "inflow_peak": 0.33}