{"nodes": 1897, "object_boundaries": ["on_boundary && x[0]>0.20631 && x[0]< 0.44479 && x[1]>0.11929 && x[1]< 0.35778"], "height": 0.41, "width": 1.6, "inflow_peak": 1.844}