{"nodes": 1695, "object_boundaries": ["on_boundary && x[0]>0.36837 && x[0]< 0.58888 && x[1]>0.13553 && x[1]< 0.35743"], "height": 0.41, "width": 1.6, "inflow_peak": 2.06}