{"nodes": 2200, "cells": 4160, "object_boundaries": ["on_boundary && x[0]>0.31943 && x[0]< 0.5799 && x[1]>0.19122 && x[1]< 0.45939"], "height": 0.41, "width": 1.6, "inflow_peak": 1.62}