{"nodes": 2008, "object_boundaries": ["on_boundary && x[0]>0.12429 && x[0]< 0.34034 && x[1]>0.1275 && x[1]< 0.3431", "on_boundary && x[0]>0.82244 && x[0]< 1.06726 && x[1]>0.14342 && x[1]< 0.35262"], "height": 0.41, "width": 1.6, "inflow_peak": 0.99}