{"nodes": 2040, "cells": 3872, "object_boundaries": ["on_boundary && x[0]>0.11975 && x[0]< 0.21382 && x[1]>0.20592 && x[1]< 0.27695"], "height": 0.41, "width": 1.6, "inflow_peak": 2.108}