{"nodes": 2063, "object_boundaries": ["on_boundary && x[0]>0.21912 && x[0]< 0.3905 && x[1]>0.12976 && x[1]< 0.34474"], "height": 0.41, "width": 1.6, "inflow_peak": 1.09}