{"nodes": 1766, "object_boundaries": ["on_boundary && x[0]>0.32467 && x[0]< 0.50343 && x[1]>0.05614 && x[1]< 0.23175"], "height": 0.41, "width": 1.6, "inflow_peak": 1.71}