{"nodes": 2040, "object_boundaries": ["on_boundary && x[0]>0.09374 && x[0]< 0.28896 && x[1]>0.13798 && x[1]< 0.3332"], "height": 0.41, "width": 1.6, "inflow_peak": 1.88}