{"nodes": 1836, "object_boundaries": ["on_boundary && x[0]>0.36718 && x[0]< 0.62219 && x[1]>-0.00622 && x[1]< 0.24879"], "height": 0.41, "width": 1.6, "inflow_peak": 1.97}