{"nodes": 1865, "object_boundaries": ["on_boundary && x[0]>0.30131 && x[0]< 0.55299 && x[1]>0.04412 && x[1]< 0.2958"], "height": 0.41, "width": 1.6, "inflow_peak": 0.76}