{"nodes": 2367, "object_boundaries": ["on_boundary && x[0]>0.25862 && x[0]< 0.44695 && x[1]>0.16684 && x[1]< 0.35517", "on_boundary && x[0]>0.78556 && x[0]< 1.01769 && x[1]>0.13053 && x[1]< 0.36267"], "height": 0.41, "width": 1.6, "inflow_peak": 0.59}