{"nodes": 2480, "cells": 4705, "object_boundaries": ["on_boundary && x[0]>0.34604 && x[0]< 0.51048 && x[1]>0.09064 && x[1]< 0.25508", "on_boundary && x[0]>0.87295 && x[0]< 0.96423 && x[1]>0.07788 && x[1]< 0.16916"], "height": 0.41, "width": 1.6, "inflow_peak": 1.076}