{"nodes": 1979, "object_boundaries": ["on_boundary && x[0]>0.18895 && x[0]< 0.4022 && x[1]>0.0013 && x[1]< 0.21456"], "height": 0.41, "width": 1.6, "inflow_peak": 0.37}