{"nodes": 2136, "object_boundaries": ["on_boundary && x[0]>0.35354 && x[0]< 0.54751 && x[1]>0.19259 && x[1]< 0.37128"], "height": 0.41, "width": 1.6, "inflow_peak": 1.85}