{"nodes": 2061, "cells": 3895, "object_boundaries": ["on_boundary && x[0]>0.27888 && x[0]< 0.41557 && x[1]>0.03707 && x[1]< 0.20136"], "height": 0.41, "width": 1.6, "inflow_peak": 0.35}