{"nodes": 2019, "cells": 3824, "object_boundaries": ["on_boundary && x[0]>0.16339 && x[0]< 0.37541 && x[1]>0.02696 && x[1]< 0.21443"], "height": 0.41, "width": 1.6, "inflow_peak": 1.51}