{"nodes": 2002, "object_boundaries": ["on_boundary && x[0]>0.25698 && x[0]< 0.46169 && x[1]>0.02403 && x[1]< 0.24414"], "height": 0.41, "width": 1.6, "inflow_peak": 0.48}