{"nodes": 2089, "object_boundaries": ["on_boundary && x[0]>0.43201 && x[0]< 0.62799 && x[1]>0.14992 && x[1]< 0.34702"], "height": 0.41, "width": 1.6, "inflow_peak": 1.7}