{"nodes": 1985, "object_boundaries": ["on_boundary && x[0]>0.1051 && x[0]< 0.32466 && x[1]>0.13705 && x[1]< 0.36603"], "height": 0.41, "width": 1.6, "inflow_peak": 1.49}