{"nodes": 1894, "object_boundaries": ["on_boundary && x[0]>0.18361 && x[0]< 0.37949 && x[1]>-0.00536 && x[1]< 0.18591"], "height": 0.41, "width": 1.6, "inflow_peak": 0.37}