{"nodes": 2006, "object_boundaries": ["on_boundary && x[0]>0.33385 && x[0]< 0.51655 && x[1]>0.07468 && x[1]< 0.26193"], "height": 0.41, "width": 1.6, "inflow_peak": 1.32}