{"nodes": 1820, "object_boundaries": ["on_boundary && x[0]>0.31562 && x[0]< 0.48789 && x[1]>0.1535 && x[1]< 0.32882", "on_boundary && x[0]>0.91125 && x[0]< 1.08677 && x[1]>0.05977 && x[1]< 0.21358"], "height": 0.41, "width": 1.6, "inflow_peak": 1.22}