{"nodes": 2131, "cells": 4056, "object_boundaries": ["on_boundary && x[0]>0.36088 && x[0]< 0.44602 && x[1]>0.13993 && x[1]< 0.22483"], "height": 0.41, "width": 1.6, "inflow_peak": 1.78}