{"nodes": 2220, "object_boundaries": ["on_boundary && x[0]>0.16757 && x[0]< 0.34742 && x[1]>0.03134 && x[1]< 0.20066", "on_boundary && x[0]>0.80895 && x[0]< 1.02005 && x[1]>0.11859 && x[1]< 0.31783"], "height": 0.41, "width": 1.6, "inflow_peak": 0.63}