{"nodes": 2506, "cells": 4742, "object_boundaries": ["on_boundary && x[0]>0.25672 && x[0]< 0.39727 && x[1]>0.13637 && x[1]< 0.27692", "on_boundary && x[0]>0.86003 && x[0]< 1.02481 && x[1]>0.10884 && x[1]< 0.27361"], "height": 0.41, "width": 1.6, "inflow_peak": 2.117}