{"nodes": 1685, "object_boundaries": ["on_boundary && x[0]>0.28411 && x[0]< 0.49067 && x[1]>0.16721 && x[1]< 0.37049"], "height": 0.41, "width": 1.6, "inflow_peak": 0.61}