{"nodes": 1671, "object_boundaries": ["on_boundary && x[0]>0.27883 && x[0]< 0.54237 && x[1]>-0.00337 && x[1]< 0.26411"], "height": 0.41, "width": 1.6, "inflow_peak": 1.58}