{"nodes": 1988, "cells": 3766, "object_boundaries": ["on_boundary && x[0]>0.11005 && x[0]< 0.21639 && x[1]>0.15253 && x[1]< 0.25887"], "height": 0.41, "width": 1.6, "inflow_peak": 0.432}