{"nodes": 2099, "cells": 3980, "object_boundaries": ["on_boundary && x[0]>0.32372 && x[0]< 0.53696 && x[1]>0.03475 && x[1]< 0.248"], "height": 0.41, "width": 1.6, "inflow_peak": 2.11}