{"nodes": 2996, "object_boundaries": ["on_boundary && x[0]>0.18778 && x[0]< 0.41331 && x[1]>0.12106 && x[1]< 0.34658", "on_boundary && x[0]>0.53152 && x[0]< 0.72848 && x[1]>0.10368 && x[1]< 0.30064"], "height": 0.41, "width": 1.6, "inflow_peak": 1.56}