{"nodes": 2204, "object_boundaries": ["on_boundary && x[0]>0.41512 && x[0]< 0.62748 && x[1]>0.13905 && x[1]< 0.3514", "on_boundary && x[0]>0.87613 && x[0]< 1.12321 && x[1]>0.14157 && x[1]< 0.38865"], "height": 0.41, "width": 1.6, "inflow_peak": 1.22}