{"nodes": 2312, "cells": 4394, "object_boundaries": ["on_boundary && x[0]>0.25287 && x[0]< 0.43227 && x[1]>0.01638 && x[1]< 0.19578", "on_boundary && x[0]>0.7191 && x[0]< 0.90007 && x[1]>0.09014 && x[1]< 0.2711"], "height": 0.41, "width": 1.6, "inflow_peak": 0.31}