{"nodes": 2496, "object_boundaries": ["on_boundary && x[0]>0.40784 && x[0]< 0.58418 && x[1]>0.13762 && x[1]< 0.31396", "on_boundary && x[0]>0.8369 && x[0]< 1.07838 && x[1]>0.03901 && x[1]< 0.28049"], "height": 0.41, "width": 1.6, "inflow_peak": 1.99}