{"nodes": 2633, "object_boundaries": ["on_boundary && x[0]>0.27684 && x[0]< 0.49624 && x[1]>0.12204 && x[1]< 0.34145", "on_boundary && x[0]>0.57414 && x[0]< 0.72823 && x[1]>0.12534 && x[1]< 0.27943"], "height": 0.41, "width": 1.6, "inflow_peak": 1.53}