{"nodes": 2115, "cells": 3998, "object_boundaries": ["on_boundary && x[0]>0.26337 && x[0]< 0.43144 && x[1]>0.14844 && x[1]< 0.31651"], "height": 0.41, "width": 1.6, "inflow_peak": 1.914}