{"nodes": 3097, "object_boundaries": ["on_boundary && x[0]>0.27912 && x[0]< 0.47971 && x[1]>0.12009 && x[1]< 0.32068", "on_boundary && x[0]>0.75853 && x[0]< 0.92551 && x[1]>0.10468 && x[1]< 0.27166"], "height": 0.41, "width": 1.6, "inflow_peak": 1.52}