{"nodes": 2964, "object_boundaries": ["on_boundary && x[0]>0.34785 && x[0]< 0.50838 && x[1]>0.11891 && x[1]< 0.27945", "on_boundary && x[0]>0.75847 && x[0]< 0.94728 && x[1]>0.08051 && x[1]< 0.26932"], "height": 0.41, "width": 1.6, "inflow_peak": 0.15}