{"nodes": 2061, "cells": 3910, "object_boundaries": ["on_boundary && x[0]>0.30134 && x[0]< 0.44474 && x[1]>0.10768 && x[1]< 0.34371"], "height": 0.41, "width": 1.6, "inflow_peak": 1.45}