{"nodes": 2094, "object_boundaries": ["on_boundary && x[0]>0.2724 && x[0]< 0.4966 && x[1]>0.20873 && x[1]< 0.38368"], "height": 0.41, "width": 1.6, "inflow_peak": 2.08}