{"nodes": 2139, "object_boundaries": ["on_boundary && x[0]>0.30128 && x[0]< 0.54626 && x[1]>0.06502 && x[1]< 0.24054"], "height": 0.41, "width": 1.6, "inflow_peak": 1.22}