{"nodes": 2658, "object_boundaries": ["on_boundary && x[0]>0.3835 && x[0]< 0.53757 && x[1]>0.21819 && x[1]< 0.37226", "on_boundary && x[0]>0.605 && x[0]< 0.80932 && x[1]>0.15149 && x[1]< 0.35581"], "height": 0.41, "width": 1.6, "inflow_peak": 0.96}