{"nodes": 2095, "cells": 3959, "object_boundaries": ["on_boundary && x[0]>0.30232 && x[0]< 0.46833 && x[1]>0.13159 && x[1]< 0.2976"], "height": 0.41, "width": 1.6, "inflow_peak": 1.269}