{"nodes": 2301, "cells": 4371, "object_boundaries": ["on_boundary && x[0]>0.10559 && x[0]< 0.25132 && x[1]>0.14598 && x[1]< 0.29171", "on_boundary && x[0]>0.66073 && x[0]< 0.87839 && x[1]>0.07974 && x[1]< 0.29741"], "height": 0.41, "width": 1.6, "inflow_peak": 0.62}