{"nodes": 1925, "object_boundaries": ["on_boundary && x[0]>0.06764 && x[0]< 0.26466 && x[1]>0.029 && x[1]< 0.22603"], "height": 0.41, "width": 1.6, "inflow_peak": 1.55}