{"nodes": 2183, "object_boundaries": ["on_boundary && x[0]>0.24688 && x[0]< 0.4191 && x[1]>0.07743 && x[1]< 0.31336"], "height": 0.41, "width": 1.6, "inflow_peak": 1.44}