{"nodes": 1914, "object_boundaries": ["on_boundary && x[0]>0.04673 && x[0]< 0.29151 && x[1]>0.03749 && x[1]< 0.23993"], "height": 0.41, "width": 1.6, "inflow_peak": 0.95}