{"nodes": 2266, "object_boundaries": ["on_boundary && x[0]>0.33918 && x[0]< 0.57899 && x[1]>0.1958 && x[1]< 0.34134"], "height": 0.41, "width": 1.6, "inflow_peak": 1.07}