{"nodes": 1949, "object_boundaries": ["on_boundary && x[0]>0.28551 && x[0]< 0.47716 && x[1]>0.08419 && x[1]< 0.25962"], "height": 0.41, "width": 1.6, "inflow_peak": 0.67}