{"nodes": 2486, "object_boundaries": ["on_boundary && x[0]>0.15398 && x[0]< 0.31369 && x[1]>0.16938 && x[1]< 0.28938"], "height": 0.41, "width": 1.6, "inflow_peak": 0.85}