{"nodes": 2055, "cells": 3891, "object_boundaries": ["on_boundary && x[0]>0.39555 && x[0]< 0.59463 && x[1]>0.13072 && x[1]< 0.3618"], "height": 0.41, "width": 1.6, "inflow_peak": 0.79}