{"nodes": 1902, "object_boundaries": ["on_boundary && x[0]>0.27249 && x[0]< 0.47767 && x[1]>0.05175 && x[1]< 0.31146"], "height": 0.41, "width": 1.6, "inflow_peak": 0.43}