{"nodes": 1731, "object_boundaries": ["on_boundary && x[0]>0.27366 && x[0]< 0.45896 && x[1]>0.13905 && x[1]< 0.32408"], "height": 0.41, "width": 1.6, "inflow_peak": 0.57}