{"nodes": 2284, "object_boundaries": ["on_boundary && x[0]>0.17911 && x[0]< 0.41399 && x[1]>0.05177 && x[1]< 0.28666"], "height": 0.41, "width": 1.6, "inflow_peak": 1.54}