{"nodes": 1923, "object_boundaries": ["on_boundary && x[0]>0.10521 && x[0]< 0.32945 && x[1]>0.11067 && x[1]< 0.33491"], "height": 0.41, "width": 1.6, "inflow_peak": 1.332}