{"nodes": 2303, "object_boundaries": ["on_boundary && x[0]>0.14403 && x[0]< 0.29408 && x[1]>0.14952 && x[1]< 0.29957"], "height": 0.41, "width": 1.6, "inflow_peak": 0.941}