{"nodes": 1967, "cells": 3731, "object_boundaries": ["on_boundary && x[0]>0.07448 && x[0]< 0.24153 && x[1]>0.14772 && x[1]< 0.31477"], "height": 0.41, "width": 1.6, "inflow_peak": 1.417}