{"nodes": 1954, "cells": 3699, "object_boundaries": ["on_boundary && x[0]>0.12712 && x[0]< 0.22175 && x[1]>0.22401 && x[1]< 0.31865"], "height": 0.41, "width": 1.6, "inflow_peak": 1.346}