{"nodes": 2144, "cells": 4066, "object_boundaries": ["on_boundary && x[0]>0.20025 && x[0]< 0.41647 && x[1]>0.11408 && x[1]< 0.3303"], "height": 0.41, "width": 1.6, "inflow_peak": 0.94}