{"nodes": 1760, "object_boundaries": ["on_boundary && x[0]>0.17896 && x[0]< 0.352 && x[1]>0.19343 && x[1]< 0.36647"], "height": 0.41, "width": 1.6, "inflow_peak": 2.04}