{"nodes": 1971, "object_boundaries": ["on_boundary && x[0]>0.34938 && x[0]< 0.56435 && x[1]>0.18546 && x[1]< 0.40042"], "height": 0.41, "width": 1.6, "inflow_peak": 0.69}