{"nodes": 1907, "object_boundaries": ["on_boundary && x[0]>0.14078 && x[0]< 0.37371 && x[1]>0.12285 && x[1]< 0.35578"], "height": 0.41, "width": 1.6, "inflow_peak": 2.134}