{"nodes": 1752, "object_boundaries": ["on_boundary && x[0]>0.20596 && x[0]< 0.43388 && x[1]>0.17291 && x[1]< 0.40083"], "height": 0.41, "width": 1.6, "inflow_peak": 0.61}