{"nodes": 2150, "object_boundaries": ["on_boundary && x[0]>0.19014 && x[0]< 0.36765 && x[1]>0.11072 && x[1]< 0.28823"], "height": 0.41, "width": 1.6, "inflow_peak": 0.98}