{"nodes": 2129, "cells": 4040, "object_boundaries": ["on_boundary && x[0]>0.22987 && x[0]< 0.35571 && x[1]>0.11905 && x[1]< 0.24669"], "height": 0.41, "width": 1.6, "inflow_peak": 1.005}