{"nodes": 1691, "object_boundaries": ["on_boundary && x[0]>0.303 && x[0]< 0.54498 && x[1]>0.09192 && x[1]< 0.3252"], "height": 0.41, "width": 1.6, "inflow_peak": 0.64}