{"nodes": 2026, "cells": 3832, "object_boundaries": ["on_boundary && x[0]>0.06639 && x[0]< 0.28176 && x[1]>0.16654 && x[1]< 0.38963"], "height": 0.41, "width": 1.6, "inflow_peak": 0.36}