{"nodes": 2347, "object_boundaries": ["on_boundary && x[0]>0.24296 && x[0]< 0.38872 && x[1]>0.0938 && x[1]< 0.24198"], "height": 0.41, "width": 1.6, "inflow_peak": 2.02}