{"nodes": 2259, "object_boundaries": ["on_boundary && x[0]>0.37108 && x[0]< 0.51678 && x[1]>0.07154 && x[1]< 0.2308"], "height": 0.41, "width": 1.6, "inflow_peak": 2.06}