{"nodes": 2082, "object_boundaries": ["on_boundary && x[0]>0.2864 && x[0]< 0.51505 && x[1]>0.01073 && x[1]< 0.18927"], "height": 0.41, "width": 1.6, "inflow_peak": 0.99}