{"nodes": 2071, "cells": 3919, "object_boundaries": ["on_boundary && x[0]>0.43418 && x[0]< 0.55144 && x[1]>0.12867 && x[1]< 0.29055"], "height": 0.41, "width": 1.6, "inflow_peak": 2.162}