{"nodes": 2032, "object_boundaries": ["on_boundary && x[0]>0.27271 && x[0]< 0.49792 && x[1]>0.14255 && x[1]< 0.36775"], "height": 0.41, "width": 1.6, "inflow_peak": 1.217}