{"nodes": 2061, "object_boundaries": ["on_boundary && x[0]>0.20513 && x[0]< 0.4095 && x[1]>0.15001 && x[1]< 0.35437"], "height": 0.41, "width": 1.6, "inflow_peak": 1.001}