{"nodes": 2070, "object_boundaries": ["on_boundary && x[0]>0.04392 && x[0]< 0.21608 && x[1]>0.0942 && x[1]< 0.26635"], "height": 0.41, "width": 1.6, "inflow_peak": 1.091}