{"nodes": 2014, "cells": 3823, "object_boundaries": ["on_boundary && x[0]>0.21557 && x[0]< 0.27099 && x[1]>0.18618 && x[1]< 0.29162"], "height": 0.41, "width": 1.6, "inflow_peak": 2.009}