{"nodes": 2325, "object_boundaries": ["on_boundary && x[0]>0.26554 && x[0]< 0.40779 && x[1]>0.16629 && x[1]< 0.33572"], "height": 0.41, "width": 1.6, "inflow_peak": 1.24}