{"nodes": 2201, "object_boundaries": ["on_boundary && x[0]>0.13416 && x[0]< 0.31099 && x[1]>0.19785 && x[1]< 0.34953"], "height": 0.41, "width": 1.6, "inflow_peak": 0.47}