{"nodes": 2036, "object_boundaries": ["on_boundary && x[0]>0.19452 && x[0]< 0.39508 && x[1]>0.17528 && x[1]< 0.37585"], "height": 0.41, "width": 1.6, "inflow_peak": 1.39}