{"nodes": 2079, "object_boundaries": ["on_boundary && x[0]>0.29694 && x[0]< 0.52814 && x[1]>0.0054 && x[1]< 0.23659", "on_boundary && x[0]>0.67799 && x[0]< 0.93329 && x[1]>0.03793 && x[1]< 0.29323"], "height": 0.41, "width": 1.6, "inflow_peak": 1.05}