{"nodes": 2198, "object_boundaries": ["on_boundary && x[0]>0.12515 && x[0]< 0.34911 && x[1]>0.01139 && x[1]< 0.23536", "on_boundary && x[0]>0.54961 && x[0]< 0.77058 && x[1]>0.00763 && x[1]< 0.22859"], "height": 0.41, "width": 1.6, "inflow_peak": 2.03}