{"nodes": 1988, "object_boundaries": ["on_boundary && x[0]>0.23787 && x[0]< 0.43408 && x[1]>-0.00977 && x[1]< 0.20977"], "height": 0.41, "width": 1.6, "inflow_peak": 0.85}