{"nodes": 1737, "object_boundaries": ["on_boundary && x[0]>0.32148 && x[0]< 0.56091 && x[1]>0.07924 && x[1]< 0.2511"], "height": 0.41, "width": 1.6, "inflow_peak": 1.24}