{"nodes": 2114, "cells": 4010, "object_boundaries": ["on_boundary && x[0]>0.19266 && x[0]< 0.39045 && x[1]>0.04264 && x[1]< 0.23141"], "height": 0.41, "width": 1.6, "inflow_peak": 0.54}