{"nodes": 2450, "object_boundaries": ["on_boundary && x[0]>0.36978 && x[0]< 0.53384 && x[1]>0.17672 && x[1]< 0.29845"], "height": 0.41, "width": 1.6, "inflow_peak": 1.87}