{"nodes": 2599, "cells": 4936, "object_boundaries": ["on_boundary && x[0]>0.30522 && x[0]< 0.45245 && x[1]>0.11442 && x[1]< 0.25719", "on_boundary && x[0]>0.88422 && x[0]< 0.98029 && x[1]>0.13299 && x[1]< 0.2938"], "height": 0.41, "width": 1.6, "inflow_peak": 1.361}