{"nodes": 2084, "object_boundaries": ["on_boundary && x[0]>0.26826 && x[0]< 0.46483 && x[1]>0.04757 && x[1]< 0.24415"], "height": 0.41, "width": 1.6, "inflow_peak": 0.974}