{"nodes": 2261, "object_boundaries": ["on_boundary && x[0]>0.13136 && x[0]< 0.28579 && x[1]>0.15129 && x[1]< 0.30572"], "height": 0.41, "width": 1.6, "inflow_peak": 1.958}