{"nodes": 2111, "cells": 4008, "object_boundaries": ["on_boundary && x[0]>0.26651 && x[0]< 0.44723 && x[1]>0.03202 && x[1]< 0.21274"], "height": 0.41, "width": 1.6, "inflow_peak": 0.84}