{"nodes": 2047, "cells": 3892, "object_boundaries": ["on_boundary && x[0]>0.41765 && x[0]< 0.49391 && x[1]>0.1052 && x[1]< 0.18146"], "height": 0.41, "width": 1.6, "inflow_peak": 0.765}