{"nodes": 1742, "object_boundaries": ["on_boundary && x[0]>0.27686 && x[0]< 0.46296 && x[1]>0.08589 && x[1]< 0.28112"], "height": 0.41, "width": 1.6, "inflow_peak": 1.2}