{"nodes": 2318, "object_boundaries": ["on_boundary && x[0]>0.27983 && x[0]< 0.42384 && x[1]>0.05338 && x[1]< 0.19739"], "height": 0.41, "width": 1.6, "inflow_peak": 1.35}