{"nodes": 2012, "object_boundaries": ["on_boundary && x[0]>0.25982 && x[0]< 0.47026 && x[1]>0.19197 && x[1]< 0.38839"], "height": 0.41, "width": 1.6, "inflow_peak": 1.5}