{"nodes": 2233, "object_boundaries": ["on_boundary && x[0]>0.22833 && x[0]< 0.4605 && x[1]>0.00869 && x[1]< 0.24085"], "height": 0.41, "width": 1.6, "inflow_peak": 0.59}