{"nodes": 2189, "object_boundaries": ["on_boundary && x[0]>0.33465 && x[0]< 0.50347 && x[1]>0.02598 && x[1]< 0.19481"], "height": 0.41, "width": 1.6, "inflow_peak": 0.75}