{"nodes": 2033, "cells": 3856, "object_boundaries": ["on_boundary && x[0]>0.32894 && x[0]< 0.42805 && x[1]>0.07581 && x[1]< 0.17492"], "height": 0.41, "width": 1.6, "inflow_peak": 1.456}