{"nodes": 2072, "cells": 3942, "object_boundaries": ["on_boundary && x[0]>0.15187 && x[0]< 0.30247 && x[1]>0.13691 && x[1]< 0.28751"], "height": 0.41, "width": 1.6, "inflow_peak": 1.67}