{"nodes": 1922, "object_boundaries": ["on_boundary && x[0]>0.39167 && x[0]< 0.54849 && x[1]>0.11374 && x[1]< 0.27057"], "height": 0.41, "width": 1.6, "inflow_peak": 0.79}