{"nodes": 1702, "object_boundaries": ["on_boundary && x[0]>0.32668 && x[0]< 0.52455 && x[1]>0.06238 && x[1]< 0.26295"], "height": 0.41, "width": 1.6, "inflow_peak": 1.3}