{"nodes": 1965, "cells": 3731, "object_boundaries": ["on_boundary && x[0]>0.17261 && x[0]< 0.32837 && x[1]>0.11222 && x[1]< 0.26797"], "height": 0.41, "width": 1.6, "inflow_peak": 1.95}