{"nodes": 1695, "object_boundaries": ["on_boundary && x[0]>0.24252 && x[0]< 0.43393 && x[1]>0.17632 && x[1]< 0.36773"], "height": 0.41, "width": 1.6, "inflow_peak": 1.43}