{"nodes": 1722, "object_boundaries": ["on_boundary && x[0]>0.09212 && x[0]< 0.25806 && x[1]>0.12997 && x[1]< 0.29591"], "height": 0.41, "width": 1.6, "inflow_peak": 2.22}