{"nodes": 1965, "cells": 3723, "object_boundaries": ["on_boundary && x[0]>0.11956 && x[0]< 0.30082 && x[1]>0.17986 && x[1]< 0.35521"], "height": 0.41, "width": 1.6, "inflow_peak": 1.04}