{"nodes": 2029, "object_boundaries": ["on_boundary && x[0]>0.17246 && x[0]< 0.3448 && x[1]>0.05021 && x[1]< 0.27813"], "height": 0.41, "width": 1.6, "inflow_peak": 1.06}