{"nodes": 1881, "object_boundaries": ["on_boundary && x[0]>0.29933 && x[0]< 0.50702 && x[1]>0.06119 && x[1]< 0.3324"], "height": 0.41, "width": 1.6, "inflow_peak": 2.15}