{"nodes": 2040, "cells": 3866, "object_boundaries": ["on_boundary && x[0]>0.30142 && x[0]< 0.40643 && x[1]>0.07984 && x[1]< 0.19742"], "height": 0.41, "width": 1.6, "inflow_peak": 2.184}