{"nodes": 2072, "object_boundaries": ["on_boundary && x[0]>0.30842 && x[0]< 0.525 && x[1]>0.08252 && x[1]< 0.29677"], "height": 0.41, "width": 1.6, "inflow_peak": 0.61}