{"nodes": 1985, "object_boundaries": ["on_boundary && x[0]>0.17403 && x[0]< 0.38252 && x[1]>0.04272 && x[1]< 0.25491"], "height": 0.41, "width": 1.6, "inflow_peak": 2.21}