{"nodes": 2496, "cells": 4749, "object_boundaries": ["on_boundary && x[0]>0.24813 && x[0]< 0.49952 && x[1]>-0.00415 && x[1]< 0.24723", "on_boundary && x[0]>0.76814 && x[0]< 0.9168 && x[1]>0.13194 && x[1]< 0.2806"], "height": 0.41, "width": 1.6, "inflow_peak": 1.24}