{"nodes": 2374, "object_boundaries": ["on_boundary && x[0]>0.06234 && x[0]< 0.26081 && x[1]>0.12955 && x[1]< 0.32802", "on_boundary && x[0]>0.79732 && x[0]< 1.00302 && x[1]>0.12219 && x[1]< 0.32789"], "height": 0.41, "width": 1.6, "inflow_peak": 1.42}