{"nodes": 1944, "object_boundaries": ["on_boundary && x[0]>0.33613 && x[0]< 0.56874 && x[1]>0.06899 && x[1]< 0.3016"], "height": 0.41, "width": 1.6, "inflow_peak": 0.38}