{"nodes": 2201, "object_boundaries": ["on_boundary && x[0]>0.09306 && x[0]< 0.30669 && x[1]>0.03532 && x[1]< 0.24894", "on_boundary && x[0]>0.56303 && x[0]< 0.80444 && x[1]>0.17683 && x[1]< 0.41824"], "height": 0.41, "width": 1.6, "inflow_peak": 1.47}