{"nodes": 1944, "object_boundaries": ["on_boundary && x[0]>0.37685 && x[0]< 0.60276 && x[1]>0.1579 && x[1]< 0.38382"], "height": 0.41, "width": 1.6, "inflow_peak": 0.69}