{"nodes": 2119, "object_boundaries": ["on_boundary && x[0]>0.25162 && x[0]< 0.44766 && x[1]>0.06746 && x[1]< 0.2635"], "height": 0.41, "width": 1.6, "inflow_peak": 1.5}