{"nodes": 2161, "object_boundaries": ["on_boundary && x[0]>0.07307 && x[0]< 0.23551 && x[1]>0.16633 && x[1]< 0.32877"], "height": 0.41, "width": 1.6, "inflow_peak": 0.4}