{"nodes": 1998, "object_boundaries": ["on_boundary && x[0]>0.1667 && x[0]< 0.37698 && x[1]>0.05665 && x[1]< 0.26692"], "height": 0.41, "width": 1.6, "inflow_peak": 1.42}