{"nodes": 2432, "cells": 4627, "object_boundaries": ["on_boundary && x[0]>0.26873 && x[0]< 0.48588 && x[1]>0.13108 && x[1]< 0.34823", "on_boundary && x[0]>0.58023 && x[0]< 0.74333 && x[1]>0.08489 && x[1]< 0.248"], "height": 0.41, "width": 1.6, "inflow_peak": 1.51}