{"nodes": 2151, "object_boundaries": ["on_boundary && x[0]>0.21443 && x[0]< 0.39587 && x[1]>0.17527 && x[1]< 0.35671"], "height": 0.41, "width": 1.6, "inflow_peak": 1.48}