{"nodes": 1999, "object_boundaries": ["on_boundary && x[0]>0.39513 && x[0]< 0.52965 && x[1]>0.05518 && x[1]< 0.33518"], "height": 0.41, "width": 1.6, "inflow_peak": 0.27}