{"nodes": 1981, "object_boundaries": ["on_boundary && x[0]>0.19246 && x[0]< 0.3716 && x[1]>0.02014 && x[1]< 0.26447"], "height": 0.41, "width": 1.6, "inflow_peak": 0.77}