{"nodes": 1963, "cells": 3719, "object_boundaries": ["on_boundary && x[0]>0.17555 && x[0]< 0.26997 && x[1]>0.2211 && x[1]< 0.30789"], "height": 0.41, "width": 1.6, "inflow_peak": 1.192}