{"nodes": 2136, "object_boundaries": ["on_boundary && x[0]>0.35368 && x[0]< 0.58306 && x[1]>0.12265 && x[1]< 0.32198"], "height": 0.41, "width": 1.6, "inflow_peak": 2.12}