{"nodes": 2136, "object_boundaries": ["on_boundary && x[0]>0.21261 && x[0]< 0.36209 && x[1]>0.01484 && x[1]< 0.22812"], "height": 0.41, "width": 1.6, "inflow_peak": 1.69}