{"nodes": 2142, "object_boundaries": ["on_boundary && x[0]>0.22423 && x[0]< 0.39642 && x[1]>0.01794 && x[1]< 0.19819"], "height": 0.41, "width": 1.6, "inflow_peak": 1.16}