{"nodes": 2018, "cells": 3831, "object_boundaries": ["on_boundary && x[0]>0.1791 && x[0]< 0.35464 && x[1]>0.08939 && x[1]< 0.26321"], "height": 0.41, "width": 1.6, "inflow_peak": 0.74}