{"nodes": 2079, "cells": 3936, "object_boundaries": ["on_boundary && x[0]>0.27448 && x[0]< 0.39335 && x[1]>0.06101 && x[1]< 0.21165"], "height": 0.41, "width": 1.6, "inflow_peak": 1.048}