{"nodes": 1725, "object_boundaries": ["on_boundary && x[0]>0.12744 && x[0]< 0.33506 && x[1]>0.09851 && x[1]< 0.31588"], "height": 0.41, "width": 1.6, "inflow_peak": 1.64}