{"nodes": 1681, "object_boundaries": ["on_boundary && x[0]>0.13618 && x[0]< 0.32488 && x[1]>0.14009 && x[1]< 0.32879"], "height": 0.41, "width": 1.6, "inflow_peak": 0.67}