{"nodes": 1767, "object_boundaries": ["on_boundary && x[0]>0.20806 && x[0]< 0.34554 && x[1]>0.19611 && x[1]< 0.33359"], "height": 0.41, "width": 1.6, "inflow_peak": 1.17}