{"nodes": 1686, "object_boundaries": ["on_boundary && x[0]>0.29736 && x[0]< 0.50426 && x[1]>0.1013 && x[1]< 0.29824"], "height": 0.41, "width": 1.6, "inflow_peak": 0.69}