{"nodes": 2009, "cells": 3816, "object_boundaries": ["on_boundary && x[0]>0.15821 && x[0]< 0.31223 && x[1]>0.21459 && x[1]< 0.36862"], "height": 0.41, "width": 1.6, "inflow_peak": 1.62}