{"nodes": 1913, "object_boundaries": ["on_boundary && x[0]>0.16762 && x[0]< 0.37619 && x[1]>0.15616 && x[1]< 0.33694"], "height": 0.41, "width": 1.6, "inflow_peak": 0.96}