{"nodes": 1693, "object_boundaries": ["on_boundary && x[0]>0.04845 && x[0]< 0.32635 && x[1]>0.07669 && x[1]< 0.31723"], "height": 0.41, "width": 1.6, "inflow_peak": 0.85}