{"nodes": 2006, "cells": 3809, "object_boundaries": ["on_boundary && x[0]>0.23981 && x[0]< 0.32413 && x[1]>0.24798 && x[1]< 0.31892"], "height": 0.41, "width": 1.6, "inflow_peak": 1.241}