{"nodes": 2033, "cells": 3855, "object_boundaries": ["on_boundary && x[0]>0.33663 && x[0]< 0.52632 && x[1]>0.0551 && x[1]< 0.25092"], "height": 0.41, "width": 1.6, "inflow_peak": 1.84}