{"nodes": 1971, "object_boundaries": ["on_boundary && x[0]>0.33712 && x[0]< 0.53976 && x[1]>0.06295 && x[1]< 0.26418"], "height": 0.41, "width": 1.6, "inflow_peak": 1.12}