{"nodes": 2303, "object_boundaries": ["on_boundary && x[0]>0.20875 && x[0]< 0.40582 && x[1]>0.15988 && x[1]< 0.31059", "on_boundary && x[0]>0.76609 && x[0]< 1.00506 && x[1]>0.08122 && x[1]< 0.3322"], "height": 0.41, "width": 1.6, "inflow_peak": 1.98}