{"nodes": 1732, "object_boundaries": ["on_boundary && x[0]>0.34122 && x[0]< 0.53279 && x[1]>0.02105 && x[1]< 0.22175", "on_boundary && x[0]>0.7669 && x[0]< 1.06586 && x[1]>0.08746 && x[1]< 0.33975"], "height": 0.41, "width": 1.6, "inflow_peak": 1.81}