{"nodes": 2771, "object_boundaries": ["on_boundary && x[0]>0.18438 && x[0]< 0.34307 && x[1]>0.05412 && x[1]< 0.28689", "on_boundary && x[0]>0.68033 && x[0]< 0.91208 && x[1]>0.06119 && x[1]< 0.23668"], "height": 0.41, "width": 1.6, "inflow_peak": 0.46}