{"nodes": 2020, "cells": 3835, "object_boundaries": ["on_boundary && x[0]>0.45235 && x[0]< 0.51728 && x[1]>0.22889 && x[1]< 0.33034"], "height": 0.41, "width": 1.6, "inflow_peak": 0.861}