{"nodes": 2069, "object_boundaries": ["on_boundary && x[0]>0.17457 && x[0]< 0.29457 && x[1]>0.06668 && x[1]< 0.29536"], "height": 0.41, "width": 1.6, "inflow_peak": 1.34}