{"nodes": 1906, "object_boundaries": ["on_boundary && x[0]>0.08961 && x[0]< 0.33194 && x[1]>0.10019 && x[1]< 0.31514"], "height": 0.41, "width": 1.6, "inflow_peak": 0.96}