{"nodes": 2014, "object_boundaries": ["on_boundary && x[0]>0.14399 && x[0]< 0.37551 && x[1]>0.0134 && x[1]< 0.19711"], "height": 0.41, "width": 1.6, "inflow_peak": 0.79}