{"nodes": 1979, "object_boundaries": ["on_boundary && x[0]>0.25813 && x[0]< 0.43108 && x[1]>0.12468 && x[1]< 0.37558"], "height": 0.41, "width": 1.6, "inflow_peak": 1.92}