{"nodes": 2162, "object_boundaries": ["on_boundary && x[0]>0.22775 && x[0]< 0.41733 && x[1]>0.12062 && x[1]< 0.3102"], "height": 0.41, "width": 1.6, "inflow_peak": 1.54}