{"nodes": 2176, "object_boundaries": ["on_boundary && x[0]>0.42457 && x[0]< 0.62919 && x[1]>0.1633 && x[1]< 0.33024"], "height": 0.41, "width": 1.6, "inflow_peak": 1.74}