{"nodes": 1913, "object_boundaries": ["on_boundary && x[0]>0.13253 && x[0]< 0.33537 && x[1]>0.16873 && x[1]< 0.40343"], "height": 0.41, "width": 1.6, "inflow_peak": 1.35}