{"nodes": 2034, "cells": 3861, "object_boundaries": ["on_boundary && x[0]>0.28281 && x[0]< 0.44445 && x[1]>0.02271 && x[1]< 0.21614"], "height": 0.41, "width": 1.6, "inflow_peak": 1.37}