{"nodes": 2165, "cells": 4091, "object_boundaries": ["on_boundary && x[0]>0.18763 && x[0]< 0.45382 && x[1]>-0.00173 && x[1]< 0.27602"], "height": 0.41, "width": 1.6, "inflow_peak": 1.5}