{"nodes": 1867, "object_boundaries": ["on_boundary && x[0]>0.18955 && x[0]< 0.38323 && x[1]>0.15621 && x[1]< 0.43621"], "height": 0.41, "width": 1.6, "inflow_peak": 0.16}