{"nodes": 1938, "object_boundaries": ["on_boundary && x[0]>0.19996 && x[0]< 0.35037 && x[1]>0.11861 && x[1]< 0.26484"], "height": 0.41, "width": 1.6, "inflow_peak": 0.47}