{"nodes": 2150, "cells": 4086, "object_boundaries": ["on_boundary && x[0]>0.3085 && x[0]< 0.55011 && x[1]>0.0527 && x[1]< 0.19945"], "height": 0.41, "width": 1.6, "inflow_peak": 1.27}