{"nodes": 2031, "object_boundaries": ["on_boundary && x[0]>0.34222 && x[0]< 0.5133 && x[1]>0.12363 && x[1]< 0.35736"], "height": 0.41, "width": 1.6, "inflow_peak": 1.37}