{"nodes": 2042, "object_boundaries": ["on_boundary && x[0]>0.29401 && x[0]< 0.46243 && x[1]>0.01139 && x[1]< 0.24177"], "height": 0.41, "width": 1.6, "inflow_peak": 1.31}