{"nodes": 2127, "cells": 4032, "object_boundaries": ["on_boundary && x[0]>0.32908 && x[0]< 0.55184 && x[1]>0.17042 && x[1]< 0.39318"], "height": 0.41, "width": 1.6, "inflow_peak": 0.75}