{"nodes": 1697, "object_boundaries": ["on_boundary && x[0]>0.36997 && x[0]< 0.52091 && x[1]>0.10472 && x[1]< 0.25565"], "height": 0.41, "width": 1.6, "inflow_peak": 1.64}