{"nodes": 2176, "object_boundaries": ["on_boundary && x[0]>0.26872 && x[0]< 0.45408 && x[1]>0.10933 && x[1]< 0.29469"], "height": 0.41, "width": 1.6, "inflow_peak": 1.31}