{"nodes": 2069, "cells": 3916, "object_boundaries": ["on_boundary && x[0]>0.17995 && x[0]< 0.32232 && x[1]>0.22465 && x[1]< 0.36702"], "height": 0.41, "width": 1.6, "inflow_peak": 1.739}