{"nodes": 1753, "object_boundaries": ["on_boundary && x[0]>0.12819 && x[0]< 0.40421 && x[1]>0.02381 && x[1]< 0.29983"], "height": 0.41, "width": 1.6, "inflow_peak": 1.53}