{"nodes": 2075, "object_boundaries": ["on_boundary && x[0]>0.07215 && x[0]< 0.24824 && x[1]>0.15588 && x[1]< 0.33198"], "height": 0.41, "width": 1.6, "inflow_peak": 0.69}