{"nodes": 1732, "object_boundaries": ["on_boundary && x[0]>0.3651 && x[0]< 0.55926 && x[1]>0.15315 && x[1]< 0.34777"], "height": 0.41, "width": 1.6, "inflow_peak": 1.19}