{"nodes": 2136, "cells": 4054, "object_boundaries": ["on_boundary && x[0]>0.38618 && x[0]< 0.49796 && x[1]>0.07524 && x[1]< 0.18701"], "height": 0.41, "width": 1.6, "inflow_peak": 1.381}