{"nodes": 2116, "cells": 4014, "object_boundaries": ["on_boundary && x[0]>0.38318 && x[0]< 0.58614 && x[1]>0.10797 && x[1]< 0.31093"], "height": 0.41, "width": 1.6, "inflow_peak": 1.56}