{"nodes": 1947, "object_boundaries": ["on_boundary && x[0]>0.19573 && x[0]< 0.42056 && x[1]>0.02093 && x[1]< 0.24576"], "height": 0.41, "width": 1.6, "inflow_peak": 1.526}