{"nodes": 1919, "object_boundaries": ["on_boundary && x[0]>0.26497 && x[0]< 0.40529 && x[1]>0.08126 && x[1]< 0.22158"], "height": 0.41, "width": 1.6, "inflow_peak": 0.704}