{"nodes": 1963, "object_boundaries": ["on_boundary && x[0]>0.19713 && x[0]< 0.41699 && x[1]>0.16318 && x[1]< 0.38304"], "height": 0.41, "width": 1.6, "inflow_peak": 1.723}