{"nodes": 2125, "object_boundaries": ["on_boundary && x[0]>0.15126 && x[0]< 0.32218 && x[1]>0.01454 && x[1]< 0.18546"], "height": 0.41, "width": 1.6, "inflow_peak": 0.752}