{"nodes": 2026, "cells": 3837, "object_boundaries": ["on_boundary && x[0]>0.18816 && x[0]< 0.39422 && x[1]>0.07721 && x[1]< 0.28327"], "height": 0.41, "width": 1.6, "inflow_peak": 1.604}