{"nodes": 2147, "cells": 4061, "object_boundaries": ["on_boundary && x[0]>0.21689 && x[0]< 0.4776 && x[1]>-0.01382 && x[1]< 0.23989"], "height": 0.41, "width": 1.6, "inflow_peak": 1.9}