{"nodes": 1765, "object_boundaries": ["on_boundary && x[0]>0.37585 && x[0]< 0.54976 && x[1]>0.01379 && x[1]< 0.18771"], "height": 0.41, "width": 1.6, "inflow_peak": 0.53}