{"nodes": 1969, "cells": 3735, "object_boundaries": ["on_boundary && x[0]>0.1336 && x[0]< 0.21103 && x[1]>0.22523 && x[1]< 0.30265"], "height": 0.41, "width": 1.6, "inflow_peak": 0.747}