{"nodes": 1990, "cells": 3781, "object_boundaries": ["on_boundary && x[0]>0.34849 && x[0]< 0.50256 && x[1]>0.21795 && x[1]< 0.37203"], "height": 0.41, "width": 1.6, "inflow_peak": 0.87}