{"nodes": 1756, "object_boundaries": ["on_boundary && x[0]>0.29524 && x[0]< 0.4883 && x[1]>0.09263 && x[1]< 0.28569"], "height": 0.41, "width": 1.6, "inflow_peak": 0.78}