{"nodes": 1907, "object_boundaries": ["on_boundary && x[0]>0.09666 && x[0]< 0.31903 && x[1]>-0.011 && x[1]< 0.21137"], "height": 0.41, "width": 1.6, "inflow_peak": 1.07}