{"nodes": 2023, "cells": 3828, "object_boundaries": ["on_boundary && x[0]>0.16172 && x[0]< 0.27792 && x[1]>0.0583 && x[1]< 0.1745"], "height": 0.41, "width": 1.6, "inflow_peak": 2.163}