{"nodes": 1768, "object_boundaries": ["on_boundary && x[0]>0.1476 && x[0]< 0.36774 && x[1]>0.15014 && x[1]< 0.37029"], "height": 0.41, "width": 1.6, "inflow_peak": 0.9}