{"nodes": 1928, "cells": 3650, "object_boundaries": ["on_boundary && x[0]>0.0681 && x[0]< 0.24484 && x[1]>0.06653 && x[1]< 0.24328"], "height": 0.41, "width": 1.6, "inflow_peak": 0.37}