{"nodes": 1645, "object_boundaries": ["on_boundary && x[0]>0.17884 && x[0]< 0.45411 && x[1]>0.1054 && x[1]< 0.37677"], "height": 0.41, "width": 1.6, "inflow_peak": 0.57}