{"nodes": 1716, "object_boundaries": ["on_boundary && x[0]>0.14529 && x[0]< 0.32942 && x[1]>0.03245 && x[1]< 0.21658"], "height": 0.41, "width": 1.6, "inflow_peak": 1.41}