{"nodes": 2209, "object_boundaries": ["on_boundary && x[0]>0.28153 && x[0]< 0.55926 && x[1]>0.0921 && x[1]< 0.36982"], "height": 0.41, "width": 1.6, "inflow_peak": 1.82}