{"nodes": 2165, "object_boundaries": ["on_boundary && x[0]>0.12868 && x[0]< 0.28328 && x[1]>0.0308 && x[1]< 0.23218", "on_boundary && x[0]>0.85036 && x[0]< 1.09708 && x[1]>0.08554 && x[1]< 0.36199"], "height": 0.41, "width": 1.6, "inflow_peak": 1.69}