{"nodes": 1755, "object_boundaries": ["on_boundary && x[0]>0.10962 && x[0]< 0.32178 && x[1]>0.16711 && x[1]< 0.33644"], "height": 0.41, "width": 1.6, "inflow_peak": 1.45}