{"nodes": 2036, "cells": 3848, "object_boundaries": ["on_boundary && x[0]>0.17673 && x[0]< 0.29577 && x[1]>0.09893 && x[1]< 0.26574"], "height": 0.41, "width": 1.6, "inflow_peak": 2.001}