{"nodes": 2808, "object_boundaries": ["on_boundary && x[0]>0.2105 && x[0]< 0.42265 && x[1]>-0.00244 && x[1]< 0.23577", "on_boundary && x[0]>0.73335 && x[0]< 0.97071 && x[1]>0.06249 && x[1]< 0.23725"], "height": 0.41, "width": 1.6, "inflow_peak": 0.7}