{"nodes": 1846, "object_boundaries": ["on_boundary && x[0]>0.18847 && x[0]< 0.43682 && x[1]>0.03335 && x[1]< 0.2817"], "height": 0.41, "width": 1.6, "inflow_peak": 1.483}