{"nodes": 1878, "object_boundaries": ["on_boundary && x[0]>0.13173 && x[0]< 0.36563 && x[1]>0.00252 && x[1]< 0.23642"], "height": 0.41, "width": 1.6, "inflow_peak": 1.594}