{"nodes": 2037, "cells": 3845, "object_boundaries": ["on_boundary && x[0]>0.16652 && x[0]< 0.4147 && x[1]>0.15752 && x[1]< 0.4057"], "height": 0.41, "width": 1.6, "inflow_peak": 2.171}