{"nodes": 2031, "cells": 3837, "object_boundaries": ["on_boundary && x[0]>0.12047 && x[0]< 0.35511 && x[1]>0.12048 && x[1]< 0.35512"], "height": 0.41, "width": 1.6, "inflow_peak": 2.03}