{"nodes": 2106, "object_boundaries": ["on_boundary && x[0]>0.09287 && x[0]< 0.27436 && x[1]>0.11523 && x[1]< 0.29671"], "height": 0.41, "width": 1.6, "inflow_peak": 1.14}