{"nodes": 3249, "object_boundaries": ["on_boundary && x[0]>0.20656 && x[0]< 0.41177 && x[1]>0.12291 && x[1]< 0.32812", "on_boundary && x[0]>0.59128 && x[0]< 0.85203 && x[1]>0.0495 && x[1]< 0.31026"], "height": 0.41, "width": 1.6, "inflow_peak": 0.64}