{"nodes": 2012, "cells": 3818, "object_boundaries": ["on_boundary && x[0]>0.2586 && x[0]< 0.34379 && x[1]>0.22634 && x[1]< 0.31153"], "height": 0.41, "width": 1.6, "inflow_peak": 1.637}