{"nodes": 2055, "cells": 3897, "object_boundaries": ["on_boundary && x[0]>0.26668 && x[0]< 0.46365 && x[1]>0.17709 && x[1]< 0.37407"], "height": 0.41, "width": 1.6, "inflow_peak": 0.322}