{"nodes": 1959, "cells": 3711, "object_boundaries": ["on_boundary && x[0]>0.12823 && x[0]< 0.21706 && x[1]>0.09144 && x[1]< 0.18027"], "height": 0.41, "width": 1.6, "inflow_peak": 0.391}