{"nodes": 2153, "object_boundaries": ["on_boundary && x[0]>0.21613 && x[0]< 0.3931 && x[1]>0.15466 && x[1]< 0.33163"], "height": 0.41, "width": 1.6, "inflow_peak": 1.85}