{"nodes": 2122, "object_boundaries": ["on_boundary && x[0]>0.26263 && x[0]< 0.456 && x[1]>0.09687 && x[1]< 0.29024"], "height": 0.41, "width": 1.6, "inflow_peak": 0.78}