{"nodes": 1985, "cells": 3767, "object_boundaries": ["on_boundary && x[0]>0.29814 && x[0]< 0.37673 && x[1]>0.2469 && x[1]< 0.3255"], "height": 0.41, "width": 1.6, "inflow_peak": 0.521}