{"nodes": 2523, "object_boundaries": ["on_boundary && x[0]>0.09368 && x[0]< 0.29485 && x[1]>0.14134 && x[1]< 0.34252", "on_boundary && x[0]>0.71643 && x[0]< 0.87931 && x[1]>0.21016 && x[1]< 0.37304"], "height": 0.41, "width": 1.6, "inflow_peak": 0.76}