{"nodes": 2426, "object_boundaries": ["on_boundary && x[0]>0.22148 && x[0]< 0.36711 && x[1]>0.12522 && x[1]< 0.27085"], "height": 0.41, "width": 1.6, "inflow_peak": 1.63}