{"nodes": 1761, "object_boundaries": ["on_boundary && x[0]>0.11151 && x[0]< 0.27437 && x[1]>0.20358 && x[1]< 0.36645"], "height": 0.41, "width": 1.6, "inflow_peak": 0.69}