{"nodes": 2473, "cells": 4704, "object_boundaries": ["on_boundary && x[0]>0.26658 && x[0]< 0.42782 && x[1]>0.06133 && x[1]< 0.22257", "on_boundary && x[0]>0.78763 && x[0]< 1.02365 && x[1]>0.08096 && x[1]< 0.31697"], "height": 0.41, "width": 1.6, "inflow_peak": 0.95}