{"nodes": 2105, "cells": 3980, "object_boundaries": ["on_boundary && x[0]>0.25419 && x[0]< 0.50511 && x[1]>0.04262 && x[1]< 0.29354"], "height": 0.41, "width": 1.6, "inflow_peak": 1.624}