{"nodes": 2037, "cells": 3857, "object_boundaries": ["on_boundary && x[0]>0.20495 && x[0]< 0.29337 && x[1]>0.1023 && x[1]< 0.25231"], "height": 0.41, "width": 1.6, "inflow_peak": 1.354}