{"nodes": 2006, "cells": 3795, "object_boundaries": ["on_boundary && x[0]>0.09991 && x[0]< 0.32409 && x[1]>0.08265 && x[1]< 0.28246"], "height": 0.41, "width": 1.6, "inflow_peak": 0.43}