{"nodes": 1743, "object_boundaries": ["on_boundary && x[0]>0.09046 && x[0]< 0.29002 && x[1]>0.17682 && x[1]< 0.34381"], "height": 0.41, "width": 1.6, "inflow_peak": 1.65}