{"nodes": 2357, "object_boundaries": ["on_boundary && x[0]>0.36766 && x[0]< 0.59392 && x[1]>0.11209 && x[1]< 0.30506", "on_boundary && x[0]>0.58905 && x[0]< 0.84853 && x[1]>0.13124 && x[1]< 0.30622"], "height": 0.41, "width": 1.6, "inflow_peak": 1.16}