{"nodes": 2210, "object_boundaries": ["on_boundary && x[0]>0.19515 && x[0]< 0.34469 && x[1]>0.1219 && x[1]< 0.31623"], "height": 0.41, "width": 1.6, "inflow_peak": 0.69}