{"nodes": 2249, "object_boundaries": ["on_boundary && x[0]>0.3027 && x[0]< 0.55781 && x[1]>0.08075 && x[1]< 0.3308"], "height": 0.41, "width": 1.6, "inflow_peak": 1.18}