{"nodes": 2079, "cells": 3948, "object_boundaries": ["on_boundary && x[0]>0.32081 && x[0]< 0.53752 && x[1]>0.09708 && x[1]< 0.25324"], "height": 0.41, "width": 1.6, "inflow_peak": 1.4}