{"nodes": 2047, "object_boundaries": ["on_boundary && x[0]>0.11077 && x[0]< 0.25547 && x[1]>0.17746 && x[1]< 0.40598"], "height": 0.41, "width": 1.6, "inflow_peak": 0.64}