{"nodes": 2281, "object_boundaries": ["on_boundary && x[0]>0.35838 && x[0]< 0.52695 && x[1]>0.17289 && x[1]< 0.3304"], "height": 0.41, "width": 1.6, "inflow_peak": 1.1}