{"nodes": 2101, "cells": 3989, "object_boundaries": ["on_boundary && x[0]>0.376 && x[0]< 0.61753 && x[1]>0.04255 && x[1]< 0.1882"], "height": 0.41, "width": 1.6, "inflow_peak": 0.76}