{"nodes": 2208, "object_boundaries": ["on_boundary && x[0]>0.1307 && x[0]< 0.38744 && x[1]>0.07777 && x[1]< 0.32703"], "height": 0.41, "width": 1.6, "inflow_peak": 2.34}