{"nodes": 2116, "object_boundaries": ["on_boundary && x[0]>0.27048 && x[0]< 0.44618 && x[1]>0.09369 && x[1]< 0.28988"], "height": 0.41, "width": 1.6, "inflow_peak": 1.67}