{"nodes": 2052, "cells": 3886, "object_boundaries": ["on_boundary && x[0]>0.07603 && x[0]< 0.28741 && x[1]>0.14251 && x[1]< 0.35389"], "height": 0.41, "width": 1.6, "inflow_peak": 0.73}