{"nodes": 1697, "object_boundaries": ["on_boundary && x[0]>0.15947 && x[0]< 0.37201 && x[1]>0.15173 && x[1]< 0.36428"], "height": 0.41, "width": 1.6, "inflow_peak": 0.97}