{"nodes": 1730, "object_boundaries": ["on_boundary && x[0]>0.20942 && x[0]< 0.40245 && x[1]>0.07592 && x[1]< 0.2731"], "height": 0.41, "width": 1.6, "inflow_peak": 1.09}