{"nodes": 2123, "cells": 4031, "object_boundaries": ["on_boundary && x[0]>0.31392 && x[0]< 0.4246 && x[1]>0.10073 && x[1]< 0.20091"], "height": 0.41, "width": 1.6, "inflow_peak": 0.712}