{"nodes": 2018, "cells": 3837, "object_boundaries": ["on_boundary && x[0]>0.26334 && x[0]< 0.41723 && x[1]>0.15577 && x[1]< 0.30965"], "height": 0.41, "width": 1.6, "inflow_peak": 1.13}