{"nodes": 1964, "object_boundaries": ["on_boundary && x[0]>0.19529 && x[0]< 0.41537 && x[1]>0.01566 && x[1]< 0.23575"], "height": 0.41, "width": 1.6, "inflow_peak": 1.024}