{"nodes": 2114, "cells": 3999, "object_boundaries": ["on_boundary && x[0]>0.3681 && x[0]< 0.6151 && x[1]>0.14553 && x[1]< 0.39253"], "height": 0.41, "width": 1.6, "inflow_peak": 1.741}