{"nodes": 1980, "object_boundaries": ["on_boundary && x[0]>0.31109 && x[0]< 0.45531 && x[1]>0.10808 && x[1]< 0.2523"], "height": 0.41, "width": 1.6, "inflow_peak": 1.52}