{"nodes": 2095, "cells": 3967, "object_boundaries": ["on_boundary && x[0]>0.33564 && x[0]< 0.59221 && x[1]>0.01181 && x[1]< 0.21424"], "height": 0.41, "width": 1.6, "inflow_peak": 1.31}