{"nodes": 1984, "cells": 3756, "object_boundaries": ["on_boundary && x[0]>0.16164 && x[0]< 0.35839 && x[1]>0.11356 && x[1]< 0.31031"], "height": 0.41, "width": 1.6, "inflow_peak": 0.909}