{"nodes": 2193, "object_boundaries": ["on_boundary && x[0]>0.29349 && x[0]< 0.50423 && x[1]>0.09205 && x[1]< 0.25588"], "height": 0.41, "width": 1.6, "inflow_peak": 1.24}