{"nodes": 2011, "object_boundaries": ["on_boundary && x[0]>0.29348 && x[0]< 0.4534 && x[1]>0.13363 && x[1]< 0.29354"], "height": 0.41, "width": 1.6, "inflow_peak": 1.49}