{"nodes": 2231, "object_boundaries": ["on_boundary && x[0]>0.17886 && x[0]< 0.35659 && x[1]>0.13564 && x[1]< 0.29978"], "height": 0.41, "width": 1.6, "inflow_peak": 1.04}