{"nodes": 2056, "cells": 3889, "object_boundaries": ["on_boundary && x[0]>0.24878 && x[0]< 0.44651 && x[1]>0.02049 && x[1]< 0.27942"], "height": 0.41, "width": 1.6, "inflow_peak": 1.43}