{"nodes": 1926, "object_boundaries": ["on_boundary && x[0]>0.376 && x[0]< 0.56365 && x[1]>0.05261 && x[1]< 0.30864"], "height": 0.41, "width": 1.6, "inflow_peak": 2.35}