{"nodes": 1942, "cells": 3690, "object_boundaries": ["on_boundary && x[0]>0.38736 && x[0]< 0.43759 && x[1]>0.09225 && x[1]< 0.14248"], "height": 0.41, "width": 1.6, "inflow_peak": 0.713}