{"nodes": 2453, "cells": 4673, "object_boundaries": ["on_boundary && x[0]>0.37249 && x[0]< 0.5702 && x[1]>0.07198 && x[1]< 0.26969", "on_boundary && x[0]>0.8738 && x[0]< 1.04473 && x[1]>0.02085 && x[1]< 0.19178"], "height": 0.41, "width": 1.6, "inflow_peak": 0.33}