{"nodes": 2041, "cells": 3864, "object_boundaries": ["on_boundary && x[0]>0.25525 && x[0]< 0.39265 && x[1]>0.20531 && x[1]< 0.31672"], "height": 0.41, "width": 1.6, "inflow_peak": 1.988}