{"nodes": 2032, "object_boundaries": ["on_boundary && x[0]>0.07552 && x[0]< 0.25068 && x[1]>0.09155 && x[1]< 0.28492"], "height": 0.41, "width": 1.6, "inflow_peak": 0.88}