{"nodes": 2006, "cells": 3812, "object_boundaries": ["on_boundary && x[0]>0.21151 && x[0]< 0.36981 && x[1]>0.14765 && x[1]< 0.30595"], "height": 0.41, "width": 1.6, "inflow_peak": 0.723}