{"nodes": 2117, "object_boundaries": ["on_boundary && x[0]>0.36875 && x[0]< 0.54522 && x[1]>0.01965 && x[1]< 0.19611"], "height": 0.41, "width": 1.6, "inflow_peak": 1.912}