{"nodes": 1901, "object_boundaries": ["on_boundary && x[0]>0.13026 && x[0]< 0.36171 && x[1]>0.12112 && x[1]< 0.35257"], "height": 0.41, "width": 1.6, "inflow_peak": 0.564}