{"nodes": 2079, "object_boundaries": ["on_boundary && x[0]>0.09747 && x[0]< 0.27619 && x[1]>0.20514 && x[1]< 0.38386"], "height": 0.41, "width": 1.6, "inflow_peak": 0.91}