{"nodes": 2958, "object_boundaries": ["on_boundary && x[0]>0.14721 && x[0]< 0.31828 && x[1]>0.07254 && x[1]< 0.24361", "on_boundary && x[0]>0.80359 && x[0]< 0.92359 && x[1]>0.17306 && x[1]< 0.29306"], "height": 0.41, "width": 1.6, "inflow_peak": 1.99}