{"nodes": 1891, "object_boundaries": ["on_boundary && x[0]>0.11857 && x[0]< 0.35295 && x[1]>0.05882 && x[1]< 0.2932"], "height": 0.41, "width": 1.6, "inflow_peak": 0.95}