{"nodes": 2404, "cells": 4583, "object_boundaries": ["on_boundary && x[0]>0.43288 && x[0]< 0.49513 && x[1]>0.1565 && x[1]< 0.21874", "on_boundary && x[0]>0.91521 && x[0]< 1.01884 && x[1]>0.21722 && x[1]< 0.32086"], "height": 0.41, "width": 1.6, "inflow_peak": 1.849}