{"nodes": 2366, "cells": 4472, "object_boundaries": ["on_boundary && x[0]>0.36964 && x[0]< 0.60171 && x[1]>0.05596 && x[1]< 0.28803", "on_boundary && x[0]>0.58939 && x[0]< 0.80836 && x[1]>0.00658 && x[1]< 0.22556"], "height": 0.41, "width": 1.6, "inflow_peak": 1.97}