{"nodes": 2039, "cells": 3873, "object_boundaries": ["on_boundary && x[0]>0.43364 && x[0]< 0.51793 && x[1]>0.16865 && x[1]< 0.25294"], "height": 0.41, "width": 1.6, "inflow_peak": 1.493}