{"nodes": 2012, "cells": 3816, "object_boundaries": ["on_boundary && x[0]>0.34428 && x[0]< 0.52601 && x[1]>0.19138 && x[1]< 0.37311"], "height": 0.41, "width": 1.6, "inflow_peak": 1.48}