{"nodes": 1948, "object_boundaries": ["on_boundary && x[0]>0.29102 && x[0]< 0.51809 && x[1]>0.03783 && x[1]< 0.2649"], "height": 0.41, "width": 1.6, "inflow_peak": 0.99}