{"nodes": 2592, "cells": 4915, "object_boundaries": ["on_boundary && x[0]>0.33636 && x[0]< 0.49605 && x[1]>0.18436 && x[1]< 0.34405", "on_boundary && x[0]>0.88056 && x[0]< 1.02325 && x[1]>0.16869 && x[1]< 0.31139"], "height": 0.41, "width": 1.6, "inflow_peak": 0.714}