{"nodes": 2219, "object_boundaries": ["on_boundary && x[0]>0.4148 && x[0]< 0.58353 && x[1]>0.09257 && x[1]< 0.2613"], "height": 0.41, "width": 1.6, "inflow_peak": 0.64}