{"nodes": 2114, "object_boundaries": ["on_boundary && x[0]>0.20878 && x[0]< 0.40105 && x[1]>0.12952 && x[1]< 0.32179"], "height": 0.41, "width": 1.6, "inflow_peak": 1.54}