{"nodes": 2030, "object_boundaries": ["on_boundary && x[0]>0.2638 && x[0]< 0.45212 && x[1]>0.08509 && x[1]< 0.27342"], "height": 0.41, "width": 1.6, "inflow_peak": 0.98}