{"nodes": 2031, "object_boundaries": ["on_boundary && x[0]>0.21275 && x[0]< 0.44518 && x[1]>0.01107 && x[1]< 0.23879"], "height": 0.41, "width": 1.6, "inflow_peak": 0.81}