{"nodes": 2004, "cells": 3791, "object_boundaries": ["on_boundary && x[0]>0.085 && x[0]< 0.32027 && x[1]>0.06183 && x[1]< 0.24856"], "height": 0.41, "width": 1.6, "inflow_peak": 0.75}