{"nodes": 2121, "object_boundaries": ["on_boundary && x[0]>0.27683 && x[0]< 0.5321 && x[1]>0.14929 && x[1]< 0.42272"], "height": 0.41, "width": 1.6, "inflow_peak": 0.71}