{"nodes": 2121, "object_boundaries": ["on_boundary && x[0]>0.34677 && x[0]< 0.54153 && x[1]>0.08946 && x[1]< 0.28422"], "height": 0.41, "width": 1.6, "inflow_peak": 2.1}