{"nodes": 2042, "cells": 3883, "object_boundaries": ["on_boundary && x[0]>0.3179 && x[0]< 0.47882 && x[1]>0.12747 && x[1]< 0.28839"], "height": 0.41, "width": 1.6, "inflow_peak": 2.17}