{"nodes": 3065, "object_boundaries": ["on_boundary && x[0]>0.40527 && x[0]< 0.54697 && x[1]>0.20154 && x[1]< 0.34323", "on_boundary && x[0]>0.74645 && x[0]< 0.93832 && x[1]>0.12392 && x[1]< 0.31579"], "height": 0.41, "width": 1.6, "inflow_peak": 1.41}