{"nodes": 1999, "object_boundaries": ["on_boundary && x[0]>0.15141 && x[0]< 0.38433 && x[1]>0.00293 && x[1]< 0.23569"], "height": 0.41, "width": 1.6, "inflow_peak": 0.54}