{"nodes": 2094, "cells": 3977, "object_boundaries": ["on_boundary && x[0]>0.37649 && x[0]< 0.59617 && x[1]>0.17226 && x[1]< 0.33518"], "height": 0.41, "width": 1.6, "inflow_peak": 0.5}