{"nodes": 2087, "object_boundaries": ["on_boundary && x[0]>0.26065 && x[0]< 0.49081 && x[1]>0.16101 && x[1]< 0.34664"], "height": 0.41, "width": 1.6, "inflow_peak": 0.73}