{"nodes": 2016, "object_boundaries": ["on_boundary && x[0]>0.22332 && x[0]< 0.44234 && x[1]>0.06285 && x[1]< 0.27103"], "height": 0.41, "width": 1.6, "inflow_peak": 1.36}