{"nodes": 2717, "object_boundaries": ["on_boundary && x[0]>0.32454 && x[0]< 0.47966 && x[1]>0.14666 && x[1]< 0.30179", "on_boundary && x[0]>0.69103 && x[0]< 0.9186 && x[1]>0.06847 && x[1]< 0.29604"], "height": 0.41, "width": 1.6, "inflow_peak": 1.42}