{"nodes": 2073, "cells": 3919, "object_boundaries": ["on_boundary && x[0]>0.23731 && x[0]< 0.46541 && x[1]>0.13509 && x[1]< 0.39159"], "height": 0.41, "width": 1.6, "inflow_peak": 1.42}