{"nodes": 1678, "object_boundaries": ["on_boundary && x[0]>0.37718 && x[0]< 0.58577 && x[1]>0.14311 && x[1]< 0.31412"], "height": 0.41, "width": 1.6, "inflow_peak": 2.01}