{"nodes": 2743, "object_boundaries": ["on_boundary && x[0]>0.22817 && x[0]< 0.45032 && x[1]>0.12608 && x[1]< 0.31315", "on_boundary && x[0]>0.55577 && x[0]< 0.70423 && x[1]>0.09803 && x[1]< 0.27372"], "height": 0.41, "width": 1.6, "inflow_peak": 1.24}