{"nodes": 1664, "object_boundaries": ["on_boundary && x[0]>0.39866 && x[0]< 0.58708 && x[1]>0.19902 && x[1]< 0.39722"], "height": 0.41, "width": 1.6, "inflow_peak": 0.44}