{"nodes": 2058, "cells": 3897, "object_boundaries": ["on_boundary && x[0]>0.30366 && x[0]< 0.45002 && x[1]>0.06514 && x[1]< 0.17022"], "height": 0.41, "width": 1.6, "inflow_peak": 0.443}