{"nodes": 2853, "object_boundaries": ["on_boundary && x[0]>0.29029 && x[0]< 0.44727 && x[1]>0.08754 && x[1]< 0.29421", "on_boundary && x[0]>0.6726 && x[0]< 0.88918 && x[1]>0.07612 && x[1]< 0.29518"], "height": 0.41, "width": 1.6, "inflow_peak": 2.11}