{"nodes": 2158, "object_boundaries": ["on_boundary && x[0]>0.39381 && x[0]< 0.57138 && x[1]>0.18234 && x[1]< 0.35991"], "height": 0.41, "width": 1.6, "inflow_peak": 0.86}