{"nodes": 2016, "cells": 3829, "object_boundaries": ["on_boundary && x[0]>0.43754 && x[0]< 0.51355 && x[1]>0.14882 && x[1]< 0.22483"], "height": 0.41, "width": 1.6, "inflow_peak": 1.509}