{"nodes": 1900, "object_boundaries": ["on_boundary && x[0]>0.20409 && x[0]< 0.43821 && x[1]>0.12564 && x[1]< 0.35976"], "height": 0.41, "width": 1.6, "inflow_peak": 1.287}