{"nodes": 2182, "object_boundaries": ["on_boundary && x[0]>0.18934 && x[0]< 0.42849 && x[1]>-0.01861 && x[1]< 0.22054"], "height": 0.41, "width": 1.6, "inflow_peak": 0.815}