{"nodes": 2055, "cells": 3881, "object_boundaries": ["on_boundary && x[0]>0.12037 && x[0]< 0.36962 && x[1]>0.13371 && x[1]< 0.38296"], "height": 0.41, "width": 1.6, "inflow_peak": 2.114}