{"nodes": 2182, "object_boundaries": ["on_boundary && x[0]>0.29752 && x[0]< 0.47569 && x[1]>0.05336 && x[1]< 0.23153"], "height": 0.41, "width": 1.6, "inflow_peak": 1.49}