{"nodes": 2224, "object_boundaries": ["on_boundary && x[0]>0.22331 && x[0]< 0.39615 && x[1]>0.11064 && x[1]< 0.28349"], "height": 0.41, "width": 1.6, "inflow_peak": 1.09}