{"nodes": 2042, "cells": 3860, "object_boundaries": ["on_boundary && x[0]>0.25963 && x[0]< 0.40359 && x[1]>0.20802 && x[1]< 0.35198"], "height": 0.41, "width": 1.6, "inflow_peak": 0.516}