{"nodes": 2078, "object_boundaries": ["on_boundary && x[0]>0.12075 && x[0]< 0.37401 && x[1]>0.06094 && x[1]< 0.3094"], "height": 0.41, "width": 1.6, "inflow_peak": 1.0}