{"nodes": 2102, "object_boundaries": ["on_boundary && x[0]>0.09344 && x[0]< 0.26795 && x[1]>0.09178 && x[1]< 0.26628"], "height": 0.41, "width": 1.6, "inflow_peak": 1.519}