{"nodes": 2060, "cells": 3890, "object_boundaries": ["on_boundary && x[0]>0.15915 && x[0]< 0.32175 && x[1]>0.1383 && x[1]< 0.3009"], "height": 0.41, "width": 1.6, "inflow_peak": 0.932}