{"nodes": 2062, "object_boundaries": ["on_boundary && x[0]>0.15203 && x[0]< 0.34279 && x[1]>0.11521 && x[1]< 0.30597"], "height": 0.41, "width": 1.6, "inflow_peak": 1.91}