{"nodes": 2655, "object_boundaries": ["on_boundary && x[0]>0.08855 && x[0]< 0.26692 && x[1]>0.13648 && x[1]< 0.31484", "on_boundary && x[0]>0.80371 && x[0]< 0.96199 && x[1]>0.10626 && x[1]< 0.26454"], "height": 0.41, "width": 1.6, "inflow_peak": 1.62}