{"nodes": 2423, "cells": 4603, "object_boundaries": ["on_boundary && x[0]>0.23872 && x[0]< 0.40479 && x[1]>0.03644 && x[1]< 0.20251", "on_boundary && x[0]>0.55123 && x[0]< 0.78536 && x[1]>0.06575 && x[1]< 0.29988"], "height": 0.41, "width": 1.6, "inflow_peak": 1.38}