{"nodes": 2303, "object_boundaries": ["on_boundary && x[0]>0.36211 && x[0]< 0.52813 && x[1]>0.14163 && x[1]< 0.30765"], "height": 0.41, "width": 1.6, "inflow_peak": 0.43}