{"nodes": 2124, "object_boundaries": ["on_boundary && x[0]>0.22902 && x[0]< 0.41843 && x[1]>0.07524 && x[1]< 0.26464"], "height": 0.41, "width": 1.6, "inflow_peak": 2.18}