{"nodes": 2105, "object_boundaries": ["on_boundary && x[0]>0.23933 && x[0]< 0.43154 && x[1]>0.08498 && x[1]< 0.27719"], "height": 0.41, "width": 1.6, "inflow_peak": 1.74}