{"nodes": 2068, "cells": 3908, "object_boundaries": ["on_boundary && x[0]>0.16581 && x[0]< 0.41263 && x[1]>0.06494 && x[1]< 0.31177"], "height": 0.41, "width": 1.6, "inflow_peak": 1.03}