{"nodes": 2051, "object_boundaries": ["on_boundary && x[0]>0.13683 && x[0]< 0.3733 && x[1]>0.02967 && x[1]< 0.26615", "on_boundary && x[0]>0.74569 && x[0]< 0.99928 && x[1]>0.03113 && x[1]< 0.28472"], "height": 0.41, "width": 1.6, "inflow_peak": 1.73}