{"nodes": 2061, "object_boundaries": ["on_boundary && x[0]>0.15704 && x[0]< 0.35934 && x[1]>0.06335 && x[1]< 0.26565"], "height": 0.41, "width": 1.6, "inflow_peak": 1.78}