{"nodes": 2184, "object_boundaries": ["on_boundary && x[0]>0.21087 && x[0]< 0.38781 && x[1]>0.0718 && x[1]< 0.24874"], "height": 0.41, "width": 1.6, "inflow_peak": 1.302}