{"nodes": 2016, "cells": 3834, "object_boundaries": ["on_boundary && x[0]>0.39625 && x[0]< 0.45888 && x[1]>0.24261 && x[1]< 0.30524"], "height": 0.41, "width": 1.6, "inflow_peak": 1.607}