{"nodes": 1945, "object_boundaries": ["on_boundary && x[0]>0.15263 && x[0]< 0.37085 && x[1]>0.02744 && x[1]< 0.24566"], "height": 0.41, "width": 1.6, "inflow_peak": 0.909}