{"nodes": 2057, "object_boundaries": ["on_boundary && x[0]>0.16603 && x[0]< 0.36005 && x[1]>0.06137 && x[1]< 0.25539"], "height": 0.41, "width": 1.6, "inflow_peak": 0.589}