{"nodes": 1926, "object_boundaries": ["on_boundary && x[0]>0.28406 && x[0]< 0.44037 && x[1]>0.12231 && x[1]< 0.27863"], "height": 0.41, "width": 1.6, "inflow_peak": 1.01}