{"nodes": 2379, "object_boundaries": ["on_boundary && x[0]>0.25105 && x[0]< 0.39887 && x[1]>0.10406 && x[1]< 0.25188"], "height": 0.41, "width": 1.6, "inflow_peak": 2.205}