{"nodes": 2277, "object_boundaries": ["on_boundary && x[0]>0.19134 && x[0]< 0.44056 && x[1]>0.08923 && x[1]< 0.33844"], "height": 0.41, "width": 1.6, "inflow_peak": 1.65}