{"nodes": 3136, "object_boundaries": ["on_boundary && x[0]>0.23855 && x[0]< 0.42514 && x[1]>0.07102 && x[1]< 0.25761", "on_boundary && x[0]>0.90866 && x[0]< 1.15134 && x[1]>0.11502 && x[1]< 0.3577"], "height": 0.41, "width": 1.6, "inflow_peak": 1.21}