{"nodes": 1944, "object_boundaries": ["on_boundary && x[0]>0.14193 && x[0]< 0.35472 && x[1]>-0.0064 && x[1]< 0.2064"], "height": 0.41, "width": 1.6, "inflow_peak": 0.43}