{"nodes": 1779, "object_boundaries": ["on_boundary && x[0]>0.32156 && x[0]< 0.54936 && x[1]>0.10121 && x[1]< 0.34592", "on_boundary && x[0]>0.72579 && x[0]< 0.91973 && x[1]>0.10671 && x[1]< 0.29941"], "height": 0.41, "width": 1.6, "inflow_peak": 2.35}