{"nodes": 1936, "object_boundaries": ["on_boundary && x[0]>0.23482 && x[0]< 0.42123 && x[1]>0.19278 && x[1]< 0.39167"], "height": 0.41, "width": 1.6, "inflow_peak": 0.77}