{"nodes": 1693, "object_boundaries": ["on_boundary && x[0]>0.21391 && x[0]< 0.45607 && x[1]>0.12056 && x[1]< 0.3473"], "height": 0.41, "width": 1.6, "inflow_peak": 2.06}