{"nodes": 2037, "object_boundaries": ["on_boundary && x[0]>0.05038 && x[0]< 0.25368 && x[1]>0.19758 && x[1]< 0.36583"], "height": 0.41, "width": 1.6, "inflow_peak": 0.82}