{"nodes": 1739, "object_boundaries": ["on_boundary && x[0]>0.19465 && x[0]< 0.36723 && x[1]>0.01918 && x[1]< 0.19635"], "height": 0.41, "width": 1.6, "inflow_peak": 1.06}