{"nodes": 2151, "object_boundaries": ["on_boundary && x[0]>0.20829 && x[0]< 0.38457 && x[1]>0.17872 && x[1]< 0.355"], "height": 0.41, "width": 1.6, "inflow_peak": 0.74}