{"nodes": 1686, "object_boundaries": ["on_boundary && x[0]>0.09027 && x[0]< 0.35031 && x[1]>0.15004 && x[1]< 0.40806"], "height": 0.41, "width": 1.6, "inflow_peak": 1.38}