{"nodes": 1983, "cells": 3770, "object_boundaries": ["on_boundary && x[0]>0.25666 && x[0]< 0.31257 && x[1]>0.17717 && x[1]< 0.23308"], "height": 0.41, "width": 1.6, "inflow_peak": 1.009}