{"nodes": 2075, "cells": 3940, "object_boundaries": ["on_boundary && x[0]>0.11998 && x[0]< 0.30217 && x[1]>0.05357 && x[1]< 0.23576"], "height": 0.41, "width": 1.6, "inflow_peak": 1.83}