{"nodes": 2229, "object_boundaries": ["on_boundary && x[0]>0.14597 && x[0]< 0.3028 && x[1]>0.21906 && x[1]< 0.3759"], "height": 0.41, "width": 1.6, "inflow_peak": 0.83}