{"nodes": 2053, "cells": 3900, "object_boundaries": ["on_boundary && x[0]>0.25539 && x[0]< 0.42745 && x[1]>0.21382 && x[1]< 0.38587"], "height": 0.41, "width": 1.6, "inflow_peak": 1.8}