{"nodes": 1725, "object_boundaries": ["on_boundary && x[0]>0.3616 && x[0]< 0.61912 && x[1]>0.06279 && x[1]< 0.30658"], "height": 0.41, "width": 1.6, "inflow_peak": 1.69}