{"nodes": 1694, "object_boundaries": ["on_boundary && x[0]>0.26214 && x[0]< 0.48008 && x[1]>0.08102 && x[1]< 0.30574"], "height": 0.41, "width": 1.6, "inflow_peak": 1.17}