{"nodes": 2059, "cells": 3891, "object_boundaries": ["on_boundary && x[0]>0.21078 && x[0]< 0.3616 && x[1]>0.03935 && x[1]< 0.19016"], "height": 0.41, "width": 1.6, "inflow_peak": 2.105}