{"nodes": 2017, "object_boundaries": ["on_boundary && x[0]>0.37788 && x[0]< 0.58631 && x[1]>0.02468 && x[1]< 0.23311"], "height": 0.41, "width": 1.6, "inflow_peak": 2.03}