{"nodes": 1959, "cells": 3721, "object_boundaries": ["on_boundary && x[0]>0.35025 && x[0]< 0.40967 && x[1]>0.07726 && x[1]< 0.13668"], "height": 0.41, "width": 1.6, "inflow_peak": 1.563}