{"nodes": 1966, "cells": 3736, "object_boundaries": ["on_boundary && x[0]>0.1664 && x[0]< 0.3111 && x[1]>0.09619 && x[1]< 0.24089"], "height": 0.41, "width": 1.6, "inflow_peak": 2.02}