{"nodes": 2613, "object_boundaries": ["on_boundary && x[0]>0.13633 && x[0]< 0.3036 && x[1]>0.11758 && x[1]< 0.28485", "on_boundary && x[0]>0.82563 && x[0]< 1.00811 && x[1]>0.00876 && x[1]< 0.19124"], "height": 0.41, "width": 1.6, "inflow_peak": 1.23}