{"nodes": 2285, "object_boundaries": ["on_boundary && x[0]>0.17006 && x[0]< 0.40315 && x[1]>0.09632 && x[1]< 0.32941"], "height": 0.41, "width": 1.6, "inflow_peak": 2.07}