{"nodes": 2303, "cells": 4383, "object_boundaries": ["on_boundary && x[0]>0.08597 && x[0]< 0.2817 && x[1]>0.06852 && x[1]< 0.26425", "on_boundary && x[0]>0.58495 && x[0]< 0.72609 && x[1]>0.05976 && x[1]< 0.20089"], "height": 0.41, "width": 1.6, "inflow_peak": 2.05}