{"nodes": 2207, "object_boundaries": ["on_boundary && x[0]>0.11122 && x[0]< 0.26376 && x[1]>0.07259 && x[1]< 0.22512"], "height": 0.41, "width": 1.6, "inflow_peak": 0.61}