{"nodes": 2285, "object_boundaries": ["on_boundary && x[0]>0.17585 && x[0]< 0.32687 && x[1]>0.07896 && x[1]< 0.22998"], "height": 0.41, "width": 1.6, "inflow_peak": 0.55}