{"nodes": 2251, "object_boundaries": ["on_boundary && x[0]>0.12972 && x[0]< 0.37491 && x[1]>0.08558 && x[1]< 0.33077"], "height": 0.41, "width": 1.6, "inflow_peak": 1.9}