{"nodes": 2195, "object_boundaries": ["on_boundary && x[0]>0.27537 && x[0]< 0.45662 && x[1]>0.09771 && x[1]< 0.27896"], "height": 0.41, "width": 1.6, "inflow_peak": 1.67}