{"nodes": 1999, "cells": 3802, "object_boundaries": ["on_boundary && x[0]>0.47031 && x[0]< 0.52553 && x[1]>0.22932 && x[1]< 0.28454"], "height": 0.41, "width": 1.6, "inflow_peak": 1.459}