{"nodes": 2078, "object_boundaries": ["on_boundary && x[0]>0.32583 && x[0]< 0.52941 && x[1]>0.03965 && x[1]< 0.24323"], "height": 0.41, "width": 1.6, "inflow_peak": 0.74}