{"nodes": 2085, "object_boundaries": ["on_boundary && x[0]>0.16795 && x[0]< 0.34548 && x[1]>0.01123 && x[1]< 0.18877"], "height": 0.41, "width": 1.6, "inflow_peak": 1.22}