{"nodes": 1819, "object_boundaries": ["on_boundary && x[0]>0.22309 && x[0]< 0.38732 && x[1]>0.03815 && x[1]< 0.20238"], "height": 0.41, "width": 1.6, "inflow_peak": 0.19}