{"nodes": 1889, "object_boundaries": ["on_boundary && x[0]>0.12639 && x[0]< 0.32444 && x[1]>0.11033 && x[1]< 0.36604"], "height": 0.41, "width": 1.6, "inflow_peak": 0.31}