{"nodes": 1977, "object_boundaries": ["on_boundary && x[0]>0.3425 && x[0]< 0.55221 && x[1]>0.00577 && x[1]< 0.21827"], "height": 0.41, "width": 1.6, "inflow_peak": 1.9}