{"nodes": 1974, "cells": 3745, "object_boundaries": ["on_boundary && x[0]>0.07525 && x[0]< 0.25689 && x[1]>0.19037 && x[1]< 0.34149"], "height": 0.41, "width": 1.6, "inflow_peak": 1.64}