{"nodes": 2116, "object_boundaries": ["on_boundary && x[0]>0.27909 && x[0]< 0.55591 && x[1]>0.12513 && x[1]< 0.2896"], "height": 0.41, "width": 1.6, "inflow_peak": 1.51}