{"nodes": 2014, "object_boundaries": ["on_boundary && x[0]>0.33981 && x[0]< 0.47699 && x[1]>0.16688 && x[1]< 0.33575"], "height": 0.41, "width": 1.6, "inflow_peak": 0.7}