{"nodes": 1878, "object_boundaries": ["on_boundary && x[0]>0.26539 && x[0]< 0.46201 && x[1]>0.00864 && x[1]< 0.28864"], "height": 0.41, "width": 1.6, "inflow_peak": 2.03}