{"nodes": 2168, "object_boundaries": ["on_boundary && x[0]>0.15491 && x[0]< 0.41188 && x[1]>0.06974 && x[1]< 0.21523"], "height": 0.41, "width": 1.6, "inflow_peak": 2.13}