{"nodes": 1781, "object_boundaries": ["on_boundary && x[0]>0.03886 && x[0]< 0.29453 && x[1]>0.10376 && x[1]< 0.35942"], "height": 0.41, "width": 1.6, "inflow_peak": 0.94}