{"nodes": 1723, "object_boundaries": ["on_boundary && x[0]>0.14558 && x[0]< 0.36074 && x[1]>0.14778 && x[1]< 0.36293"], "height": 0.41, "width": 1.6, "inflow_peak": 1.48}