{"nodes": 2171, "cells": 4109, "object_boundaries": ["on_boundary && x[0]>0.38088 && x[0]< 0.55014 && x[1]>0.1812 && x[1]< 0.33612"], "height": 0.41, "width": 1.6, "inflow_peak": 0.833}