{"nodes": 1888, "object_boundaries": ["on_boundary && x[0]>0.16553 && x[0]< 0.39793 && x[1]>0.16642 && x[1]< 0.39881"], "height": 0.41, "width": 1.6, "inflow_peak": 1.93}