{"nodes": 2042, "cells": 3886, "object_boundaries": ["on_boundary && x[0]>0.29048 && x[0]< 0.44069 && x[1]>0.10837 && x[1]< 0.25858"], "height": 0.41, "width": 1.6, "inflow_peak": 2.176}