{"nodes": 2173, "object_boundaries": ["on_boundary && x[0]>0.36015 && x[0]< 0.54719 && x[1]>0.09319 && x[1]< 0.28023"], "height": 0.41, "width": 1.6, "inflow_peak": 1.913}