{"nodes": 1872, "object_boundaries": ["on_boundary && x[0]>0.21977 && x[0]< 0.46301 && x[1]>0.05097 && x[1]< 0.29422"], "height": 0.41, "width": 1.6, "inflow_peak": 1.618}