{"nodes": 2017, "cells": 3806, "object_boundaries": ["on_boundary && x[0]>0.08767 && x[0]< 0.2432 && x[1]>0.14731 && x[1]< 0.30284"], "height": 0.41, "width": 1.6, "inflow_peak": 0.478}