{"nodes": 2092, "object_boundaries": ["on_boundary && x[0]>0.42475 && x[0]< 0.61458 && x[1]>0.01579 && x[1]< 0.20562"], "height": 0.41, "width": 1.6, "inflow_peak": 2.242}