{"nodes": 2058, "cells": 3897, "object_boundaries": ["on_boundary && x[0]>0.27284 && x[0]< 0.3621 && x[1]>0.18143 && x[1]< 0.33924"], "height": 0.41, "width": 1.6, "inflow_peak": 1.896}