{"nodes": 2018, "object_boundaries": ["on_boundary && x[0]>0.10483 && x[0]< 0.34673 && x[1]>0.10888 && x[1]< 0.29319"], "height": 0.41, "width": 1.6, "inflow_peak": 1.94}