{"nodes": 2042, "cells": 3854, "object_boundaries": ["on_boundary && x[0]>0.07316 && x[0]< 0.32409 && x[1]>0.09235 && x[1]< 0.34328"], "height": 0.41, "width": 1.6, "inflow_peak": 2.0}