{"nodes": 2412, "object_boundaries": ["on_boundary && x[0]>0.20973 && x[0]< 0.40751 && x[1]>0.12928 && x[1]< 0.32705", "on_boundary && x[0]>0.80411 && x[0]< 1.02037 && x[1]>0.12885 && x[1]< 0.34511"], "height": 0.41, "width": 1.6, "inflow_peak": 0.73}