{"nodes": 1911, "object_boundaries": ["on_boundary && x[0]>0.34984 && x[0]< 0.57812 && x[1]>0.00213 && x[1]< 0.23041"], "height": 0.41, "width": 1.6, "inflow_peak": 2.21}