{"nodes": 2075, "object_boundaries": ["on_boundary && x[0]>0.28941 && x[0]< 0.56911 && x[1]>0.12642 && x[1]< 0.40612", "on_boundary && x[0]>0.60524 && x[0]< 0.80595 && x[1]>0.12246 && x[1]< 0.32316"], "height": 0.41, "width": 1.6, "inflow_peak": 0.55}