{"nodes": 2749, "object_boundaries": ["on_boundary && x[0]>0.23423 && x[0]< 0.40002 && x[1]>0.14657 && x[1]< 0.31237", "on_boundary && x[0]>0.53249 && x[0]< 0.72751 && x[1]>0.16666 && x[1]< 0.36168"], "height": 0.41, "width": 1.6, "inflow_peak": 1.19}