{"nodes": 2403, "cells": 4559, "object_boundaries": ["on_boundary && x[0]>0.39989 && x[0]< 0.4864 && x[1]>0.09817 && x[1]< 0.18468", "on_boundary && x[0]>0.92477 && x[0]< 1.07031 && x[1]>0.2151 && x[1]< 0.36064"], "height": 0.41, "width": 1.6, "inflow_peak": 1.271}