{"nodes": 2183, "object_boundaries": ["on_boundary && x[0]>0.2514 && x[0]< 0.43406 && x[1]>0.07365 && x[1]< 0.25632"], "height": 0.41, "width": 1.6, "inflow_peak": 0.63}