{"nodes": 2391, "cells": 4509, "object_boundaries": ["on_boundary && x[0]>0.30656 && x[0]< 0.55761 && x[1]>0.07081 && x[1]< 0.32187", "on_boundary && x[0]>0.55616 && x[0]< 0.79982 && x[1]>0.1429 && x[1]< 0.38656"], "height": 0.41, "width": 1.6, "inflow_peak": 0.73}