{"nodes": 2412, "object_boundaries": ["on_boundary && x[0]>0.31581 && x[0]< 0.47119 && x[1]>0.0538 && x[1]< 0.20919", "on_boundary && x[0]>0.67811 && x[0]< 0.93534 && x[1]>-0.02838 && x[1]< 0.22885"], "height": 0.41, "width": 1.6, "inflow_peak": 1.8}