{"nodes": 2156, "object_boundaries": ["on_boundary && x[0]>0.13179 && x[0]< 0.29483 && x[1]>0.05277 && x[1]< 0.21581"], "height": 0.41, "width": 1.6, "inflow_peak": 1.41}