{"nodes": 2029, "cells": 3842, "object_boundaries": ["on_boundary && x[0]>0.22796 && x[0]< 0.34669 && x[1]>0.07608 && x[1]< 0.19482"], "height": 0.41, "width": 1.6, "inflow_peak": 1.415}