{"nodes": 2383, "object_boundaries": ["on_boundary && x[0]>0.16882 && x[0]< 0.40141 && x[1]>0.13264 && x[1]< 0.36523", "on_boundary && x[0]>0.8855 && x[0]< 1.07567 && x[1]>0.06883 && x[1]< 0.25901"], "height": 0.41, "width": 1.6, "inflow_peak": 2.07}