{"nodes": 1940, "object_boundaries": ["on_boundary && x[0]>0.08124 && x[0]< 0.30856 && x[1]>0.08892 && x[1]< 0.29778"], "height": 0.41, "width": 1.6, "inflow_peak": 0.44}