{"nodes": 2191, "object_boundaries": ["on_boundary && x[0]>0.32701 && x[0]< 0.5654 && x[1]>0.02511 && x[1]< 0.18229"], "height": 0.41, "width": 1.6, "inflow_peak": 1.31}