{"nodes": 2031, "cells": 3854, "object_boundaries": ["on_boundary && x[0]>0.27443 && x[0]< 0.45382 && x[1]>0.0477 && x[1]< 0.23653"], "height": 0.41, "width": 1.6, "inflow_peak": 1.83}