{"nodes": 1988, "cells": 3750, "object_boundaries": ["on_boundary && x[0]>0.12474 && x[0]< 0.25403 && x[1]>0.15185 && x[1]< 0.32001"], "height": 0.41, "width": 1.6, "inflow_peak": 1.421}