{"nodes": 1685, "object_boundaries": ["on_boundary && x[0]>0.27804 && x[0]< 0.52443 && x[1]>0.16728 && x[1]< 0.40758"], "height": 0.41, "width": 1.6, "inflow_peak": 1.09}