{"nodes": 1774, "object_boundaries": ["on_boundary && x[0]>0.16522 && x[0]< 0.3307 && x[1]>0.11447 && x[1]< 0.27994"], "height": 0.41, "width": 1.6, "inflow_peak": 1.06}