{"nodes": 1902, "object_boundaries": ["on_boundary && x[0]>0.06071 && x[0]< 0.28341 && x[1]>0.08339 && x[1]< 0.30609"], "height": 0.41, "width": 1.6, "inflow_peak": 1.13}