{"nodes": 1957, "object_boundaries": ["on_boundary && x[0]>0.23826 && x[0]< 0.46319 && x[1]>0.04849 && x[1]< 0.27341"], "height": 0.41, "width": 1.6, "inflow_peak": 1.15}