{"nodes": 2013, "object_boundaries": ["on_boundary && x[0]>0.34369 && x[0]< 0.54265 && x[1]>0.06127 && x[1]< 0.28071"], "height": 0.41, "width": 1.6, "inflow_peak": 2.15}