{"nodes": 1960, "object_boundaries": ["on_boundary && x[0]>0.07652 && x[0]< 0.35652 && x[1]>0.15723 && x[1]< 0.33382"], "height": 0.41, "width": 1.6, "inflow_peak": 1.41}