{"nodes": 2090, "cells": 3956, "object_boundaries": ["on_boundary && x[0]>0.25367 && x[0]< 0.50882 && x[1]>0.15871 && x[1]< 0.36914"], "height": 0.41, "width": 1.6, "inflow_peak": 0.73}