{"nodes": 1937, "object_boundaries": ["on_boundary && x[0]>0.07855 && x[0]< 0.30323 && x[1]>0.00658 && x[1]< 0.19841"], "height": 0.41, "width": 1.6, "inflow_peak": 2.15}