{"nodes": 2004, "object_boundaries": ["on_boundary && x[0]>0.29978 && x[0]< 0.52131 && x[1]>0.06907 && x[1]< 0.2906"], "height": 0.41, "width": 1.6, "inflow_peak": 1.355}