{"nodes": 1752, "object_boundaries": ["on_boundary && x[0]>0.22428 && x[0]< 0.50334 && x[1]>0.02541 && x[1]< 0.30447"], "height": 0.41, "width": 1.6, "inflow_peak": 1.373}