{"nodes": 1976, "cells": 3755, "object_boundaries": ["on_boundary && x[0]>0.20906 && x[0]< 0.26783 && x[1]>0.20079 && x[1]< 0.25956"], "height": 0.41, "width": 1.6, "inflow_peak": 0.441}