{"nodes": 2215, "object_boundaries": ["on_boundary && x[0]>0.3147 && x[0]< 0.48549 && x[1]>0.12222 && x[1]< 0.29301"], "height": 0.41, "width": 1.6, "inflow_peak": 0.833}