{"nodes": 2334, "object_boundaries": ["on_boundary && x[0]>0.22274 && x[0]< 0.37319 && x[1]>0.14103 && x[1]< 0.29148"], "height": 0.41, "width": 1.6, "inflow_peak": 1.579}