{"nodes": 2413, "object_boundaries": ["on_boundary && x[0]>0.24651 && x[0]< 0.38493 && x[1]>0.18058 && x[1]< 0.31901"], "height": 0.41, "width": 1.6, "inflow_peak": 0.428}