{"nodes": 1916, "object_boundaries": ["on_boundary && x[0]>0.37032 && x[0]< 0.60671 && x[1]>0.02444 && x[1]< 0.26083"], "height": 0.41, "width": 1.6, "inflow_peak": 0.807}