{"nodes": 1919, "object_boundaries": ["on_boundary && x[0]>0.20466 && x[0]< 0.43046 && x[1]>0.18092 && x[1]< 0.40671"], "height": 0.41, "width": 1.6, "inflow_peak": 1.049}