{"nodes": 1964, "object_boundaries": ["on_boundary && x[0]>0.26611 && x[0]< 0.4157 && x[1]>0.17377 && x[1]< 0.32336"], "height": 0.41, "width": 1.6, "inflow_peak": 0.271}