{"nodes": 1997, "cells": 3787, "object_boundaries": ["on_boundary && x[0]>0.39094 && x[0]< 0.48213 && x[1]>0.13187 && x[1]< 0.22306"], "height": 0.41, "width": 1.6, "inflow_peak": 1.641}