{"nodes": 1703, "object_boundaries": ["on_boundary && x[0]>0.26384 && x[0]< 0.45212 && x[1]>0.20142 && x[1]< 0.3897"], "height": 0.41, "width": 1.6, "inflow_peak": 0.99}