{"nodes": 2224, "object_boundaries": ["on_boundary && x[0]>0.04022 && x[0]< 0.28447 && x[1]>0.15786 && x[1]< 0.40211", "on_boundary && x[0]>0.68151 && x[0]< 0.87728 && x[1]>0.04812 && x[1]< 0.24389"], "height": 0.41, "width": 1.6, "inflow_peak": 1.0}