{"nodes": 2607, "object_boundaries": ["on_boundary && x[0]>0.32383 && x[0]< 0.4909 && x[1]>0.09485 && x[1]< 0.26192", "on_boundary && x[0]>0.77985 && x[0]< 1.01738 && x[1]>0.09027 && x[1]< 0.3278"], "height": 0.41, "width": 1.6, "inflow_peak": 0.56}