{"nodes": 2000, "cells": 3778, "object_boundaries": ["on_boundary && x[0]>0.12217 && x[0]< 0.25832 && x[1]>0.20194 && x[1]< 0.33809"], "height": 0.41, "width": 1.6, "inflow_peak": 1.993}