{"nodes": 1924, "object_boundaries": ["on_boundary && x[0]>0.07408 && x[0]< 0.33637 && x[1]>0.10247 && x[1]< 0.36477", "on_boundary && x[0]>0.80422 && x[0]< 1.06077 && x[1]>0.09158 && x[1]< 0.34813"], "height": 0.41, "width": 1.6, "inflow_peak": 1.75}