{"nodes": 1967, "object_boundaries": ["on_boundary && x[0]>0.10536 && x[0]< 0.32452 && x[1]>0.16819 && x[1]< 0.38599"], "height": 0.41, "width": 1.6, "inflow_peak": 1.54}