{"nodes": 2147, "object_boundaries": ["on_boundary && x[0]>0.33295 && x[0]< 0.4944 && x[1]>0.15628 && x[1]< 0.31914", "on_boundary && x[0]>0.73228 && x[0]< 0.98547 && x[1]>0.07066 && x[1]< 0.26687"], "height": 0.41, "width": 1.6, "inflow_peak": 0.15}