{"nodes": 2121, "cells": 4028, "object_boundaries": ["on_boundary && x[0]>0.43305 && x[0]< 0.53844 && x[1]>0.09161 && x[1]< 0.20502"], "height": 0.41, "width": 1.6, "inflow_peak": 1.967}