{"nodes": 2242, "object_boundaries": ["on_boundary && x[0]>0.15211 && x[0]< 0.27211 && x[1]>0.14273 && x[1]< 0.36915", "on_boundary && x[0]>0.80033 && x[0]< 1.01276 && x[1]>0.08937 && x[1]< 0.29447"], "height": 0.41, "width": 1.6, "inflow_peak": 1.34}