{"nodes": 1733, "object_boundaries": ["on_boundary && x[0]>0.16604 && x[0]< 0.35857 && x[1]>0.1113 && x[1]< 0.31288"], "height": 0.41, "width": 1.6, "inflow_peak": 2.01}