{"nodes": 2535, "cells": 4838, "object_boundaries": ["on_boundary && x[0]>0.32273 && x[0]< 0.51429 && x[1]>0.09705 && x[1]< 0.29922", "on_boundary && x[0]>0.79987 && x[0]< 0.96551 && x[1]>0.21548 && x[1]< 0.3785"], "height": 0.41, "width": 1.6, "inflow_peak": 0.78}