{"nodes": 2114, "object_boundaries": ["on_boundary && x[0]>0.29233 && x[0]< 0.48247 && x[1]>0.05663 && x[1]< 0.26061"], "height": 0.41, "width": 1.6, "inflow_peak": 0.94}