{"nodes": 2024, "cells": 3827, "object_boundaries": ["on_boundary && x[0]>0.16093 && x[0]< 0.35949 && x[1]>0.11335 && x[1]< 0.36195"], "height": 0.41, "width": 1.6, "inflow_peak": 0.32}