{"nodes": 1906, "object_boundaries": ["on_boundary && x[0]>0.20351 && x[0]< 0.43035 && x[1]>-0.00095 && x[1]< 0.22924"], "height": 0.41, "width": 1.6, "inflow_peak": 2.22}