{"nodes": 2199, "object_boundaries": ["on_boundary && x[0]>0.37885 && x[0]< 0.53606 && x[1]>0.03884 && x[1]< 0.23277"], "height": 0.41, "width": 1.6, "inflow_peak": 2.21}