{"nodes": 1960, "object_boundaries": ["on_boundary && x[0]>0.15535 && x[0]< 0.39223 && x[1]>0.18349 && x[1]< 0.39159"], "height": 0.41, "width": 1.6, "inflow_peak": 1.18}