{"nodes": 1989, "object_boundaries": ["on_boundary && x[0]>0.18858 && x[0]< 0.44292 && x[1]>0.0748 && x[1]< 0.27493"], "height": 0.41, "width": 1.6, "inflow_peak": 1.01}