{"nodes": 2011, "object_boundaries": ["on_boundary && x[0]>0.16958 && x[0]< 0.37162 && x[1]>0.0518 && x[1]< 0.25384"], "height": 0.41, "width": 1.6, "inflow_peak": 1.18}