{"nodes": 2254, "object_boundaries": ["on_boundary && x[0]>0.34788 && x[0]< 0.52127 && x[1]>0.07355 && x[1]< 0.24693"], "height": 0.41, "width": 1.6, "inflow_peak": 1.83}