{"nodes": 1922, "object_boundaries": ["on_boundary && x[0]>0.09324 && x[0]< 0.31545 && x[1]>0.04547 && x[1]< 0.26768"], "height": 0.41, "width": 1.6, "inflow_peak": 1.89}