{"nodes": 2210, "object_boundaries": ["on_boundary && x[0]>0.37669 && x[0]< 0.5502 && x[1]>0.08265 && x[1]< 0.25616"], "height": 0.41, "width": 1.6, "inflow_peak": 1.36}