{"nodes": 1885, "object_boundaries": ["on_boundary && x[0]>0.29613 && x[0]< 0.53764 && x[1]>0.17693 && x[1]< 0.41844"], "height": 0.41, "width": 1.6, "inflow_peak": 0.52}