{"nodes": 2569, "object_boundaries": ["on_boundary && x[0]>0.12717 && x[0]< 0.31366 && x[1]>0.02234 && x[1]< 0.20884", "on_boundary && x[0]>0.72006 && x[0]< 0.89252 && x[1]>0.11944 && x[1]< 0.29191"], "height": 0.41, "width": 1.6, "inflow_peak": 0.3}