{"nodes": 2028, "cells": 3843, "object_boundaries": ["on_boundary && x[0]>0.28645 && x[0]< 0.39371 && x[1]>0.15153 && x[1]< 0.25879"], "height": 0.41, "width": 1.6, "inflow_peak": 1.518}