{"nodes": 2026, "object_boundaries": ["on_boundary && x[0]>0.01269 && x[0]< 0.24731 && x[1]>0.02046 && x[1]< 0.25508"], "height": 0.41, "width": 1.6, "inflow_peak": 1.29}