{"nodes": 1972, "cells": 3744, "object_boundaries": ["on_boundary && x[0]>0.22408 && x[0]< 0.38121 && x[1]>0.21917 && x[1]< 0.3763"], "height": 0.41, "width": 1.6, "inflow_peak": 0.97}