{"nodes": 2689, "object_boundaries": ["on_boundary && x[0]>0.17884 && x[0]< 0.40451 && x[1]>0.13178 && x[1]< 0.35746", "on_boundary && x[0]>0.73667 && x[0]< 0.94663 && x[1]>0.13542 && x[1]< 0.34538"], "height": 0.41, "width": 1.6, "inflow_peak": 1.6}