{"nodes": 2019, "object_boundaries": ["on_boundary && x[0]>0.28891 && x[0]< 0.50162 && x[1]>0.10057 && x[1]< 0.31328"], "height": 0.41, "width": 1.6, "inflow_peak": 0.93}