{"nodes": 2138, "object_boundaries": ["on_boundary && x[0]>0.32113 && x[0]< 0.49947 && x[1]>0.04175 && x[1]< 0.29328"], "height": 0.41, "width": 1.6, "inflow_peak": 1.69}