{"nodes": 1706, "object_boundaries": ["on_boundary && x[0]>0.30401 && x[0]< 0.54015 && x[1]>0.05893 && x[1]< 0.29898"], "height": 0.41, "width": 1.6, "inflow_peak": 0.82}