{"nodes": 1731, "object_boundaries": ["on_boundary && x[0]>0.23784 && x[0]< 0.39707 && x[1]>0.1461 && x[1]< 0.30534"], "height": 0.41, "width": 1.6, "inflow_peak": 1.12}