{"nodes": 2135, "cells": 4049, "object_boundaries": ["on_boundary && x[0]>0.33318 && x[0]< 0.55517 && x[1]>0.09366 && x[1]< 0.31565"], "height": 0.41, "width": 1.6, "inflow_peak": 0.46}