{"nodes": 2306, "object_boundaries": ["on_boundary && x[0]>0.20409 && x[0]< 0.35149 && x[1]>0.22203 && x[1]< 0.36944"], "height": 0.41, "width": 1.6, "inflow_peak": 1.78}