{"nodes": 2288, "object_boundaries": ["on_boundary && x[0]>0.20758 && x[0]< 0.3676 && x[1]>0.14244 && x[1]< 0.29557"], "height": 0.41, "width": 1.6, "inflow_peak": 1.56}