{"nodes": 2138, "object_boundaries": ["on_boundary && x[0]>0.19129 && x[0]< 0.38889 && x[1]>0.1944 && x[1]< 0.35859"], "height": 0.41, "width": 1.6, "inflow_peak": 0.91}