{"nodes": 2158, "cells": 4099, "object_boundaries": ["on_boundary && x[0]>0.30637 && x[0]< 0.56026 && x[1]>0.12311 && x[1]< 0.27572"], "height": 0.41, "width": 1.6, "inflow_peak": 1.02}