{"nodes": 2084, "object_boundaries": ["on_boundary && x[0]>0.2098 && x[0]< 0.37157 && x[1]>0.11099 && x[1]< 0.23099"], "height": 0.41, "width": 1.6, "inflow_peak": 1.38}