{"nodes": 1897, "object_boundaries": ["on_boundary && x[0]>0.25641 && x[0]< 0.42 && x[1]>0.12766 && x[1]< 0.29124"], "height": 0.41, "width": 1.6, "inflow_peak": 1.58}