{"nodes": 1685, "object_boundaries": ["on_boundary && x[0]>0.25377 && x[0]< 0.45562 && x[1]>0.08632 && x[1]< 0.29129"], "height": 0.41, "width": 1.6, "inflow_peak": 1.29}