{"nodes": 1676, "object_boundaries": ["on_boundary && x[0]>0.29896 && x[0]< 0.58812 && x[1]>0.06969 && x[1]< 0.36309"], "height": 0.41, "width": 1.6, "inflow_peak": 1.7}