{"nodes": 1672, "object_boundaries": ["on_boundary && x[0]>0.09105 && x[0]< 0.33199 && x[1]>0.0866 && x[1]< 0.36032"], "height": 0.41, "width": 1.6, "inflow_peak": 0.27}