{"nodes": 1719, "object_boundaries": ["on_boundary && x[0]>0.35809 && x[0]< 0.50857 && x[1]>0.15366 && x[1]< 0.34302", "on_boundary && x[0]>0.84149 && x[0]< 1.08448 && x[1]>0.07888 && x[1]< 0.34718"], "height": 0.41, "width": 1.6, "inflow_peak": 0.65}