{"nodes": 1718, "object_boundaries": ["on_boundary && x[0]>0.1834 && x[0]< 0.4775 && x[1]>0.10515 && x[1]< 0.3669", "on_boundary && x[0]>0.70266 && x[0]< 0.9232 && x[1]>0.00391 && x[1]< 0.21919"], "height": 0.41, "width": 1.6, "inflow_peak": 1.67}