{"nodes": 1977, "cells": 3743, "object_boundaries": ["on_boundary && x[0]>0.08243 && x[0]< 0.2799 && x[1]>0.09905 && x[1]< 0.28433"], "height": 0.41, "width": 1.6, "inflow_peak": 0.91}