{"nodes": 2066, "cells": 3916, "object_boundaries": ["on_boundary && x[0]>0.23912 && x[0]< 0.35107 && x[1]>0.19978 && x[1]< 0.31676"], "height": 0.41, "width": 1.6, "inflow_peak": 0.715}