{"nodes": 2159, "object_boundaries": ["on_boundary && x[0]>0.25682 && x[0]< 0.51217 && x[1]>0.1914 && x[1]< 0.4086"], "height": 0.41, "width": 1.6, "inflow_peak": 1.75}