{"nodes": 2048, "cells": 3886, "object_boundaries": ["on_boundary && x[0]>0.33582 && x[0]< 0.48024 && x[1]>0.15188 && x[1]< 0.37626"], "height": 0.41, "width": 1.6, "inflow_peak": 0.91}