{"nodes": 2136, "object_boundaries": ["on_boundary && x[0]>0.18267 && x[0]< 0.36333 && x[1]>0.20104 && x[1]< 0.38663"], "height": 0.41, "width": 1.6, "inflow_peak": 1.68}