{"nodes": 1976, "object_boundaries": ["on_boundary && x[0]>0.11355 && x[0]< 0.30086 && x[1]>0.15634 && x[1]< 0.37525"], "height": 0.41, "width": 1.6, "inflow_peak": 0.88}