{"nodes": 1670, "object_boundaries": ["on_boundary && x[0]>0.30761 && x[0]< 0.55697 && x[1]>0.11 && x[1]< 0.35146"], "height": 0.41, "width": 1.6, "inflow_peak": 1.06}