{"nodes": 2063, "cells": 3903, "object_boundaries": ["on_boundary && x[0]>0.37902 && x[0]< 0.51813 && x[1]>0.20179 && x[1]< 0.3409"], "height": 0.41, "width": 1.6, "inflow_peak": 2.07}