{"nodes": 1753, "object_boundaries": ["on_boundary && x[0]>0.05087 && x[0]< 0.21701 && x[1]>0.04672 && x[1]< 0.21287"], "height": 0.41, "width": 1.6, "inflow_peak": 2.01}