{"nodes": 1804, "object_boundaries": ["on_boundary && x[0]>0.11941 && x[0]< 0.37742 && x[1]>0.09306 && x[1]< 0.35108"], "height": 0.41, "width": 1.6, "inflow_peak": 1.7}