{"nodes": 2229, "object_boundaries": ["on_boundary && x[0]>0.4126 && x[0]< 0.57761 && x[1]>0.19438 && x[1]< 0.35939"], "height": 0.41, "width": 1.6, "inflow_peak": 1.24}