{"nodes": 2046, "cells": 3871, "object_boundaries": ["on_boundary && x[0]>0.16323 && x[0]< 0.2958 && x[1]>0.14841 && x[1]< 0.28099"], "height": 0.41, "width": 1.6, "inflow_peak": 1.994}