{"nodes": 1971, "cells": 3743, "object_boundaries": ["on_boundary && x[0]>0.17593 && x[0]< 0.33182 && x[1]>0.13841 && x[1]< 0.2943"], "height": 0.41, "width": 1.6, "inflow_peak": 1.93}