{"nodes": 1880, "object_boundaries": ["on_boundary && x[0]>0.12708 && x[0]< 0.36422 && x[1]>0.09515 && x[1]< 0.33229"], "height": 0.41, "width": 1.6, "inflow_peak": 1.282}