{"nodes": 2203, "object_boundaries": ["on_boundary && x[0]>0.37799 && x[0]< 0.54072 && x[1]>0.21385 && x[1]< 0.37658"], "height": 0.41, "width": 1.6, "inflow_peak": 1.43}