{"nodes": 2282, "object_boundaries": ["on_boundary && x[0]>0.26344 && x[0]< 0.52095 && x[1]>0.08106 && x[1]< 0.33856"], "height": 0.41, "width": 1.6, "inflow_peak": 1.195}