{"nodes": 1772, "object_boundaries": ["on_boundary && x[0]>0.37357 && x[0]< 0.57231 && x[1]>0.03731 && x[1]< 0.23605"], "height": 0.41, "width": 1.6, "inflow_peak": 1.02}