{"nodes": 2042, "object_boundaries": ["on_boundary && x[0]>0.2316 && x[0]< 0.43047 && x[1]>0.00405 && x[1]< 0.20291"], "height": 0.41, "width": 1.6, "inflow_peak": 0.67}