{"nodes": 1672, "object_boundaries": ["on_boundary && x[0]>0.09734 && x[0]< 0.33804 && x[1]>0.00015 && x[1]< 0.25306"], "height": 0.41, "width": 1.6, "inflow_peak": 0.96}