{"nodes": 1671, "object_boundaries": ["on_boundary && x[0]>0.33758 && x[0]< 0.5165 && x[1]>0.09034 && x[1]< 0.27979"], "height": 0.41, "width": 1.6, "inflow_peak": 1.26}