{"nodes": 1840, "object_boundaries": ["on_boundary && x[0]>0.09773 && x[0]< 0.34059 && x[1]>0.07613 && x[1]< 0.31899"], "height": 0.41, "width": 1.6, "inflow_peak": 1.344}