{"nodes": 1856, "object_boundaries": ["on_boundary && x[0]>0.10475 && x[0]< 0.34309 && x[1]>-0.01609 && x[1]< 0.22225"], "height": 0.41, "width": 1.6, "inflow_peak": 1.989}