{"nodes": 2336, "object_boundaries": ["on_boundary && x[0]>0.30844 && x[0]< 0.54288 && x[1]>0.06308 && x[1]< 0.29751"], "height": 0.41, "width": 1.6, "inflow_peak": 0.751}