{"nodes": 2395, "object_boundaries": ["on_boundary && x[0]>0.30728 && x[0]< 0.44929 && x[1]>0.12376 && x[1]< 0.26576"], "height": 0.41, "width": 1.6, "inflow_peak": 0.582}