{"nodes": 2043, "object_boundaries": ["on_boundary && x[0]>0.26122 && x[0]< 0.46215 && x[1]>0.06375 && x[1]< 0.26468"], "height": 0.41, "width": 1.6, "inflow_peak": 1.47}