{"nodes": 1995, "cells": 3783, "object_boundaries": ["on_boundary && x[0]>0.24319 && x[0]< 0.42332 && x[1]>0.03211 && x[1]< 0.21224"], "height": 0.41, "width": 1.6, "inflow_peak": 0.536}