{"nodes": 2495, "object_boundaries": ["on_boundary && x[0]>0.27187 && x[0]< 0.40091 && x[1]>0.10667 && x[1]< 0.2357"], "height": 0.41, "width": 1.6, "inflow_peak": 0.936}