{"nodes": 2169, "object_boundaries": ["on_boundary && x[0]>0.33002 && x[0]< 0.51154 && x[1]>0.18723 && x[1]< 0.36874"], "height": 0.41, "width": 1.6, "inflow_peak": 0.27}