{"nodes": 2135, "object_boundaries": ["on_boundary && x[0]>0.16018 && x[0]< 0.33088 && x[1]>0.12788 && x[1]< 0.29859"], "height": 0.41, "width": 1.6, "inflow_peak": 1.029}