{"nodes": 2045, "cells": 3873, "object_boundaries": ["on_boundary && x[0]>0.21524 && x[0]< 0.33706 && x[1]>0.13485 && x[1]< 0.25668"], "height": 0.41, "width": 1.6, "inflow_peak": 2.136}