{"nodes": 1962, "object_boundaries": ["on_boundary && x[0]>0.1778 && x[0]< 0.39616 && x[1]>0.03872 && x[1]< 0.25708"], "height": 0.41, "width": 1.6, "inflow_peak": 2.045}