{"nodes": 2168, "object_boundaries": ["on_boundary && x[0]>0.26103 && x[0]< 0.44246 && x[1]>0.06979 && x[1]< 0.25123"], "height": 0.41, "width": 1.6, "inflow_peak": 1.223}