{"nodes": 2154, "object_boundaries": ["on_boundary && x[0]>0.24212 && x[0]< 0.42648 && x[1]>0.09039 && x[1]< 0.27475"], "height": 0.41, "width": 1.6, "inflow_peak": 1.338}