{"nodes": 1983, "cells": 3760, "object_boundaries": ["on_boundary && x[0]>0.07697 && x[0]< 0.22938 && x[1]>0.20874 && x[1]< 0.37403"], "height": 0.41, "width": 1.6, "inflow_peak": 1.44}