{"nodes": 2955, "object_boundaries": ["on_boundary && x[0]>0.13418 && x[0]< 0.37106 && x[1]>0.10189 && x[1]< 0.2975", "on_boundary && x[0]>0.80852 && x[0]< 1.02775 && x[1]>0.12567 && x[1]< 0.39086"], "height": 0.41, "width": 1.6, "inflow_peak": 2.15}