{"nodes": 1913, "object_boundaries": ["on_boundary && x[0]>0.18836 && x[0]< 0.41995 && x[1]>0.14865 && x[1]< 0.38024"], "height": 0.41, "width": 1.6, "inflow_peak": 1.876}