{"nodes": 2262, "object_boundaries": ["on_boundary && x[0]>0.34592 && x[0]< 0.49966 && x[1]>0.22313 && x[1]< 0.37687"], "height": 0.41, "width": 1.6, "inflow_peak": 1.162}