{"nodes": 2066, "cells": 3905, "object_boundaries": ["on_boundary && x[0]>0.16766 && x[0]< 0.40941 && x[1]>0.10984 && x[1]< 0.35159"], "height": 0.41, "width": 1.6, "inflow_peak": 0.253}