{"nodes": 2094, "object_boundaries": ["on_boundary && x[0]>0.30537 && x[0]< 0.4541 && x[1]>0.13144 && x[1]< 0.36366"], "height": 0.41, "width": 1.6, "inflow_peak": 1.86}