{"nodes": 2043, "cells": 3876, "object_boundaries": ["on_boundary && x[0]>0.11646 && x[0]< 0.32628 && x[1]>0.16473 && x[1]< 0.32728"], "height": 0.41, "width": 1.6, "inflow_peak": 0.29}