{"nodes": 2196, "object_boundaries": ["on_boundary && x[0]>0.27635 && x[0]< 0.48857 && x[1]>0.04986 && x[1]< 0.31634"], "height": 0.41, "width": 1.6, "inflow_peak": 0.56}