{"nodes": 2146, "object_boundaries": ["on_boundary && x[0]>0.29141 && x[0]< 0.45068 && x[1]>0.17642 && x[1]< 0.36416"], "height": 0.41, "width": 1.6, "inflow_peak": 1.2}