{"nodes": 2047, "cells": 3892, "object_boundaries": ["on_boundary && x[0]>0.44258 && x[0]< 0.51655 && x[1]>0.13824 && x[1]< 0.21221"], "height": 0.41, "width": 1.6, "inflow_peak": 1.526}