{"nodes": 2322, "object_boundaries": ["on_boundary && x[0]>0.12405 && x[0]< 0.34151 && x[1]>0.1167 && x[1]< 0.33416", "on_boundary && x[0]>0.52215 && x[0]< 0.73785 && x[1]>0.03062 && x[1]< 0.24632"], "height": 0.41, "width": 1.6, "inflow_peak": 1.51}