{"nodes": 2509, "object_boundaries": ["on_boundary && x[0]>0.10831 && x[0]< 0.25724 && x[1]>0.07047 && x[1]< 0.21939", "on_boundary && x[0]>0.70629 && x[0]< 0.94748 && x[1]>0.09685 && x[1]< 0.33804"], "height": 0.41, "width": 1.6, "inflow_peak": 2.2}