{"nodes": 2539, "object_boundaries": ["on_boundary && x[0]>0.09383 && x[0]< 0.28406 && x[1]>0.09489 && x[1]< 0.28512", "on_boundary && x[0]>0.77688 && x[0]< 0.95776 && x[1]>0.08281 && x[1]< 0.26368"], "height": 0.41, "width": 1.6, "inflow_peak": 1.8}