{"nodes": 1974, "object_boundaries": ["on_boundary && x[0]>0.32919 && x[0]< 0.55107 && x[1]>0.12164 && x[1]< 0.34352"], "height": 0.41, "width": 1.6, "inflow_peak": 1.755}