{"nodes": 2116, "object_boundaries": ["on_boundary && x[0]>0.2332 && x[0]< 0.41719 && x[1]>0.03118 && x[1]< 0.21517"], "height": 0.41, "width": 1.6, "inflow_peak": 2.181}