{"nodes": 2042, "cells": 3852, "object_boundaries": ["on_boundary && x[0]>0.12813 && x[0]< 0.29592 && x[1]>0.07202 && x[1]< 0.23981"], "height": 0.41, "width": 1.6, "inflow_peak": 1.534}