{"nodes": 1343, "object_boundaries": ["on_boundary && x[0]>0.01913 && x[0]< 0.23844 && x[1]>0.11383 && x[1]< 0.31927"], "height": 0.41, "width": 1.6, "inflow_peak": 1.72}