{"nodes": 2065, "object_boundaries": ["on_boundary && x[0]>0.19245 && x[0]< 0.4227 && x[1]>0.0673 && x[1]< 0.31368"], "height": 0.41, "width": 1.6, "inflow_peak": 0.93}