{"nodes": 2373, "object_boundaries": ["on_boundary && x[0]>0.37096 && x[0]< 0.62698 && x[1]>0.11164 && x[1]< 0.2511"], "height": 0.41, "width": 1.6, "inflow_peak": 1.76}