{"nodes": 2065, "cells": 3913, "object_boundaries": ["on_boundary && x[0]>0.38292 && x[0]< 0.58934 && x[1]>0.11993 && x[1]< 0.33818"], "height": 0.41, "width": 1.6, "inflow_peak": 1.61}