{"nodes": 2212, "object_boundaries": ["on_boundary && x[0]>0.09558 && x[0]< 0.34504 && x[1]>0.12369 && x[1]< 0.26375"], "height": 0.41, "width": 1.6, "inflow_peak": 0.63}