{"nodes": 1985, "cells": 3769, "object_boundaries": ["on_boundary && x[0]>0.15336 && x[0]< 0.22537 && x[1]>0.08472 && x[1]< 0.15672"], "height": 0.41, "width": 1.6, "inflow_peak": 2.046}