{"nodes": 2136, "object_boundaries": ["on_boundary && x[0]>0.19258 && x[0]< 0.45942 && x[1]>0.16658 && x[1]< 0.43342"], "height": 0.41, "width": 1.6, "inflow_peak": 1.852}