{"nodes": 2150, "object_boundaries": ["on_boundary && x[0]>0.34111 && x[0]< 0.53054 && x[1]>0.0781 && x[1]< 0.26753"], "height": 0.41, "width": 1.6, "inflow_peak": 1.126}