{"nodes": 1684, "object_boundaries": ["on_boundary && x[0]>0.26988 && x[0]< 0.46847 && x[1]>0.1562 && x[1]< 0.35479"], "height": 0.41, "width": 1.6, "inflow_peak": 1.07}