{"nodes": 1662, "object_boundaries": ["on_boundary && x[0]>0.01834 && x[0]< 0.24166 && x[1]>0.17009 && x[1]< 0.39342"], "height": 0.41, "width": 1.6, "inflow_peak": 1.34}