{"nodes": 1709, "object_boundaries": ["on_boundary && x[0]>0.2909 && x[0]< 0.44418 && x[1]>0.09052 && x[1]< 0.2438"], "height": 0.41, "width": 1.6, "inflow_peak": 1.67}