{"nodes": 2282, "object_boundaries": ["on_boundary && x[0]>0.20898 && x[0]< 0.4362 && x[1]>0.02488 && x[1]< 0.27239", "on_boundary && x[0]>0.61071 && x[0]< 0.797 && x[1]>0.14563 && x[1]< 0.30167"], "height": 0.41, "width": 1.6, "inflow_peak": 1.44}