{"nodes": 2200, "object_boundaries": ["on_boundary && x[0]>0.32292 && x[0]< 0.53897 && x[1]>0.18824 && x[1]< 0.40603", "on_boundary && x[0]>0.63886 && x[0]< 0.79855 && x[1]>0.10051 && x[1]< 0.31012"], "height": 0.41, "width": 1.6, "inflow_peak": 0.49}