{"nodes": 2904, "object_boundaries": ["on_boundary && x[0]>0.14565 && x[0]< 0.36895 && x[1]>0.05019 && x[1]< 0.25552", "on_boundary && x[0]>0.69639 && x[0]< 0.93788 && x[1]>0.12016 && x[1]< 0.33161"], "height": 0.41, "width": 1.6, "inflow_peak": 0.68}