{"nodes": 2215, "object_boundaries": ["on_boundary && x[0]>0.27456 && x[0]< 0.44755 && x[1]>0.06072 && x[1]< 0.25305", "on_boundary && x[0]>0.67549 && x[0]< 0.81702 && x[1]>-0.01043 && x[1]< 0.21662"], "height": 0.41, "width": 1.6, "inflow_peak": 1.95}