{"nodes": 2094, "object_boundaries": ["on_boundary && x[0]>0.27282 && x[0]< 0.50551 && x[1]>0.03402 && x[1]< 0.26105"], "height": 0.41, "width": 1.6, "inflow_peak": 0.67}