{"nodes": 2000, "cells": 3794, "object_boundaries": ["on_boundary && x[0]>0.09598 && x[0]< 0.27435 && x[1]>0.05551 && x[1]< 0.22416"], "height": 0.41, "width": 1.6, "inflow_peak": 0.78}