{"nodes": 1746, "object_boundaries": ["on_boundary && x[0]>0.15939 && x[0]< 0.33734 && x[1]>0.12392 && x[1]< 0.30187"], "height": 0.41, "width": 1.6, "inflow_peak": 0.67}