{"nodes": 1948, "object_boundaries": ["on_boundary && x[0]>0.15299 && x[0]< 0.37051 && x[1]>-0.00263 && x[1]< 0.21489"], "height": 0.41, "width": 1.6, "inflow_peak": 1.1}