{"nodes": 2148, "object_boundaries": ["on_boundary && x[0]>0.19743 && x[0]< 0.3775 && x[1]>0.01728 && x[1]< 0.19734"], "height": 0.41, "width": 1.6, "inflow_peak": 1.11}