{"nodes": 2061, "object_boundaries": ["on_boundary && x[0]>0.26959 && x[0]< 0.46949 && x[1]>0.04081 && x[1]< 0.24071"], "height": 0.41, "width": 1.6, "inflow_peak": 1.54}