{"nodes": 2469, "object_boundaries": ["on_boundary && x[0]>0.32881 && x[0]< 0.55268 && x[1]>0.08279 && x[1]< 0.30666", "on_boundary && x[0]>0.65863 && x[0]< 0.83684 && x[1]>0.12993 && x[1]< 0.30814"], "height": 0.41, "width": 1.6, "inflow_peak": 1.4}