{"nodes": 1957, "cells": 3716, "object_boundaries": ["on_boundary && x[0]>0.16885 && x[0]< 0.31989 && x[1]>0.21844 && x[1]< 0.36948"], "height": 0.41, "width": 1.6, "inflow_peak": 1.11}