{"nodes": 2516, "cells": 4783, "object_boundaries": ["on_boundary && x[0]>0.31428 && x[0]< 0.40935 && x[1]>0.15613 && x[1]< 0.2512", "on_boundary && x[0]>0.68723 && x[0]< 0.82851 && x[1]>0.16094 && x[1]< 0.30222"], "height": 0.41, "width": 1.6, "inflow_peak": 1.886}