{"nodes": 1901, "object_boundaries": ["on_boundary && x[0]>0.0565 && x[0]< 0.27438 && x[1]>0.06049 && x[1]< 0.27838"], "height": 0.41, "width": 1.6, "inflow_peak": 2.08}