{"nodes": 2117, "cells": 4014, "object_boundaries": ["on_boundary && x[0]>0.35703 && x[0]< 0.48656 && x[1]>0.16867 && x[1]< 0.2982"], "height": 0.41, "width": 1.6, "inflow_peak": 1.127}