{"nodes": 1817, "object_boundaries": ["on_boundary && x[0]>0.29019 && x[0]< 0.55006 && x[1]>0.0902 && x[1]< 0.35007"], "height": 0.41, "width": 1.6, "inflow_peak": 0.802}