{"nodes": 2004, "cells": 3800, "object_boundaries": ["on_boundary && x[0]>0.37007 && x[0]< 0.52686 && x[1]>0.05811 && x[1]< 0.26582"], "height": 0.41, "width": 1.6, "inflow_peak": 0.41}