{"nodes": 2137, "object_boundaries": ["on_boundary && x[0]>0.12974 && x[0]< 0.35725 && x[1]>0.19106 && x[1]< 0.31106"], "height": 0.41, "width": 1.6, "inflow_peak": 1.27}