{"nodes": 2254, "object_boundaries": ["on_boundary && x[0]>0.13456 && x[0]< 0.30384 && x[1]>0.16576 && x[1]< 0.31782"], "height": 0.41, "width": 1.6, "inflow_peak": 2.02}