{"nodes": 2081, "object_boundaries": ["on_boundary && x[0]>0.14282 && x[0]< 0.39506 && x[1]>0.10039 && x[1]< 0.27889"], "height": 0.41, "width": 1.6, "inflow_peak": 1.12}