{"nodes": 1880, "object_boundaries": ["on_boundary && x[0]>0.19185 && x[0]< 0.40211 && x[1]>0.1107 && x[1]< 0.36482"], "height": 0.41, "width": 1.6, "inflow_peak": 0.95}