{"nodes": 2065, "cells": 3906, "object_boundaries": ["on_boundary && x[0]>0.30559 && x[0]< 0.42293 && x[1]>0.05353 && x[1]< 0.2173"], "height": 0.41, "width": 1.6, "inflow_peak": 1.589}