{"nodes": 2042, "cells": 3859, "object_boundaries": ["on_boundary && x[0]>0.09226 && x[0]< 0.3481 && x[1]>0.06689 && x[1]< 0.2807"], "height": 0.41, "width": 1.6, "inflow_peak": 1.82}