{"nodes": 2065, "object_boundaries": ["on_boundary && x[0]>0.10581 && x[0]< 0.38088 && x[1]>0.05096 && x[1]< 0.30669"], "height": 0.41, "width": 1.6, "inflow_peak": 1.26}