{"nodes": 1747, "object_boundaries": ["on_boundary && x[0]>0.34616 && x[0]< 0.53242 && x[1]>0.07332 && x[1]< 0.26681"], "height": 0.41, "width": 1.6, "inflow_peak": 1.92}