{"nodes": 2104, "object_boundaries": ["on_boundary && x[0]>0.39847 && x[0]< 0.55051 && x[1]>0.17543 && x[1]< 0.41181"], "height": 0.41, "width": 1.6, "inflow_peak": 0.82}