{"nodes": 1728, "object_boundaries": ["on_boundary && x[0]>0.11208 && x[0]< 0.31085 && x[1]>0.18013 && x[1]< 0.37381"], "height": 0.41, "width": 1.6, "inflow_peak": 2.08}