{"nodes": 1689, "object_boundaries": ["on_boundary && x[0]>0.20793 && x[0]< 0.42335 && x[1]>0.13624 && x[1]< 0.36558"], "height": 0.41, "width": 1.6, "inflow_peak": 1.72}