{"nodes": 1724, "object_boundaries": ["on_boundary && x[0]>0.21304 && x[0]< 0.44822 && x[1]>0.08471 && x[1]< 0.31891"], "height": 0.41, "width": 1.6, "inflow_peak": 1.14}