{"nodes": 1838, "object_boundaries": ["on_boundary && x[0]>0.14939 && x[0]< 0.39824 && x[1]>0.09141 && x[1]< 0.34027"], "height": 0.41, "width": 1.6, "inflow_peak": 2.09}