{"nodes": 2160, "object_boundaries": ["on_boundary && x[0]>0.34737 && x[0]< 0.53618 && x[1]>0.0904 && x[1]< 0.27921"], "height": 0.41, "width": 1.6, "inflow_peak": 0.37}