{"nodes": 2000, "object_boundaries": ["on_boundary && x[0]>0.27583 && x[0]< 0.47347 && x[1]>0.10904 && x[1]< 0.33746"], "height": 0.41, "width": 1.6, "inflow_peak": 2.26}