{"nodes": 2055, "cells": 3908, "object_boundaries": ["on_boundary && x[0]>0.39784 && x[0]< 0.45741 && x[1]>0.22057 && x[1]< 0.30673"], "height": 0.41, "width": 1.6, "inflow_peak": 0.782}