{"nodes": 2078, "object_boundaries": ["on_boundary && x[0]>0.10885 && x[0]< 0.31078 && x[1]>0.05104 && x[1]< 0.22509"], "height": 0.41, "width": 1.6, "inflow_peak": 1.78}