{"nodes": 1997, "object_boundaries": ["on_boundary && x[0]>0.34424 && x[0]< 0.56265 && x[1]>0.01933 && x[1]< 0.23242"], "height": 0.41, "width": 1.6, "inflow_peak": 1.4}