{"nodes": 1696, "object_boundaries": ["on_boundary && x[0]>0.118 && x[0]< 0.34281 && x[1]>0.12311 && x[1]< 0.33376"], "height": 0.41, "width": 1.6, "inflow_peak": 1.24}