{"nodes": 1681, "object_boundaries": ["on_boundary && x[0]>0.25364 && x[0]< 0.49585 && x[1]>0.05734 && x[1]< 0.3081"], "height": 0.41, "width": 1.6, "inflow_peak": 1.82}