{"nodes": 1660, "object_boundaries": ["on_boundary && x[0]>0.27227 && x[0]< 0.5034 && x[1]>0.04258 && x[1]< 0.26977"], "height": 0.41, "width": 1.6, "inflow_peak": 0.92}