{"nodes": 2173, "cells": 4110, "object_boundaries": ["on_boundary && x[0]>0.25954 && x[0]< 0.42988 && x[1]>0.16147 && x[1]< 0.34695"], "height": 0.41, "width": 1.6, "inflow_peak": 1.416}