{"nodes": 1704, "object_boundaries": ["on_boundary && x[0]>0.291 && x[0]< 0.50693 && x[1]>0.16308 && x[1]< 0.38262"], "height": 0.41, "width": 1.6, "inflow_peak": 0.38}