{"nodes": 2202, "object_boundaries": ["on_boundary && x[0]>0.28881 && x[0]< 0.5366 && x[1]>0.08967 && x[1]< 0.3543"], "height": 0.41, "width": 1.6, "inflow_peak": 2.35}