{"nodes": 2306, "object_boundaries": ["on_boundary && x[0]>0.19556 && x[0]< 0.34936 && x[1]>0.1498 && x[1]< 0.3036"], "height": 0.41, "width": 1.6, "inflow_peak": 2.35}