{"nodes": 2056, "cells": 3884, "object_boundaries": ["on_boundary && x[0]>0.15039 && x[0]< 0.39432 && x[1]>0.16307 && x[1]< 0.407"], "height": 0.41, "width": 1.6, "inflow_peak": 1.74}