{"nodes": 2365, "object_boundaries": ["on_boundary && x[0]>0.08552 && x[0]< 0.32012 && x[1]>0.02912 && x[1]< 0.26371", "on_boundary && x[0]>0.90686 && x[0]< 1.08348 && x[1]>0.13716 && x[1]< 0.31378"], "height": 0.41, "width": 1.6, "inflow_peak": 1.91}