{"nodes": 2188, "object_boundaries": ["on_boundary && x[0]>0.27821 && x[0]< 0.48566 && x[1]>0.18243 && x[1]< 0.38988", "on_boundary && x[0]>0.57849 && x[0]< 0.82377 && x[1]>0.09776 && x[1]< 0.34304"], "height": 0.41, "width": 1.6, "inflow_peak": 1.77}