{"nodes": 1994, "object_boundaries": ["on_boundary && x[0]>0.33004 && x[0]< 0.55603 && x[1]>0.08036 && x[1]< 0.30635"], "height": 0.41, "width": 1.6, "inflow_peak": 1.3}