{"nodes": 2034, "cells": 3863, "object_boundaries": ["on_boundary && x[0]>0.43632 && x[0]< 0.52067 && x[1]>0.13032 && x[1]< 0.21467"], "height": 0.41, "width": 1.6, "inflow_peak": 1.486}