{"nodes": 2022, "object_boundaries": ["on_boundary && x[0]>0.13054 && x[0]< 0.32705 && x[1]>0.05728 && x[1]< 0.25379"], "height": 0.41, "width": 1.6, "inflow_peak": 0.988}