{"nodes": 2176, "object_boundaries": ["on_boundary && x[0]>0.22533 && x[0]< 0.39321 && x[1]>0.01606 && x[1]< 0.18394"], "height": 0.41, "width": 1.6, "inflow_peak": 1.218}