{"nodes": 2272, "object_boundaries": ["on_boundary && x[0]>0.3521 && x[0]< 0.51052 && x[1]>0.19634 && x[1]< 0.35476"], "height": 0.41, "width": 1.6, "inflow_peak": 1.016}