{"nodes": 2011, "object_boundaries": ["on_boundary && x[0]>0.36005 && x[0]< 0.56278 && x[1]>0.1599 && x[1]< 0.38919", "on_boundary && x[0]>0.75125 && x[0]< 0.96918 && x[1]>0.06113 && x[1]< 0.33899"], "height": 0.41, "width": 1.6, "inflow_peak": 1.16}