{"nodes": 2050, "cells": 3894, "object_boundaries": ["on_boundary && x[0]>0.42015 && x[0]< 0.50707 && x[1]>0.2258 && x[1]< 0.31407"], "height": 0.41, "width": 1.6, "inflow_peak": 1.277}