{"nodes": 2180, "object_boundaries": ["on_boundary && x[0]>0.22083 && x[0]< 0.38309 && x[1]>0.04961 && x[1]< 0.24028"], "height": 0.41, "width": 1.6, "inflow_peak": 1.31}