{"nodes": 2050, "object_boundaries": ["on_boundary && x[0]>0.26826 && x[0]< 0.5186 && x[1]>0.05105 && x[1]< 0.30139", "on_boundary && x[0]>0.7696 && x[0]< 1.02407 && x[1]>0.11946 && x[1]< 0.37393"], "height": 0.41, "width": 1.6, "inflow_peak": 1.18}