{"nodes": 1884, "object_boundaries": ["on_boundary && x[0]>0.21989 && x[0]< 0.46161 && x[1]>0.04282 && x[1]< 0.28453"], "height": 0.41, "width": 1.6, "inflow_peak": 0.74}