{"nodes": 2027, "cells": 3848, "object_boundaries": ["on_boundary && x[0]>0.38964 && x[0]< 0.56551 && x[1]>0.18124 && x[1]< 0.35711"], "height": 0.41, "width": 1.6, "inflow_peak": 1.09}