{"nodes": 2407, "cells": 4563, "object_boundaries": ["on_boundary && x[0]>0.14058 && x[0]< 0.30285 && x[1]>0.13331 && x[1]< 0.29558", "on_boundary && x[0]>0.75584 && x[0]< 0.83903 && x[1]>0.07637 && x[1]< 0.15956"], "height": 0.41, "width": 1.6, "inflow_peak": 1.015}