{"nodes": 2194, "cells": 4152, "object_boundaries": ["on_boundary && x[0]>0.3137 && x[0]< 0.48042 && x[1]>0.19715 && x[1]< 0.36587"], "height": 0.41, "width": 1.6, "inflow_peak": 0.422}