{"nodes": 2038, "cells": 3862, "object_boundaries": ["on_boundary && x[0]>0.38912 && x[0]< 0.59776 && x[1]>0.00721 && x[1]< 0.2018"], "height": 0.41, "width": 1.6, "inflow_peak": 1.66}