{"nodes": 1713, "object_boundaries": ["on_boundary && x[0]>0.10798 && x[0]< 0.32644 && x[1]>0.15862 && x[1]< 0.3954"], "height": 0.41, "width": 1.6, "inflow_peak": 0.47}