{"nodes": 1694, "object_boundaries": ["on_boundary && x[0]>0.2661 && x[0]< 0.46994 && x[1]>0.10832 && x[1]< 0.30862"], "height": 0.41, "width": 1.6, "inflow_peak": 0.92}