{"nodes": 2021, "object_boundaries": ["on_boundary && x[0]>0.37521 && x[0]< 0.52337 && x[1]>0.16579 && x[1]< 0.28729"], "height": 0.41, "width": 1.6, "inflow_peak": 2.12}