{"nodes": 2054, "cells": 3900, "object_boundaries": ["on_boundary && x[0]>0.28702 && x[0]< 0.39697 && x[1]>0.19664 && x[1]< 0.27352"], "height": 0.41, "width": 1.6, "inflow_peak": 1.037}