{"nodes": 2098, "cells": 3981, "object_boundaries": ["on_boundary && x[0]>0.31673 && x[0]< 0.56398 && x[1]>0.06044 && x[1]< 0.20973"], "height": 0.41, "width": 1.6, "inflow_peak": 1.21}