{"nodes": 2095, "cells": 3975, "object_boundaries": ["on_boundary && x[0]>0.37039 && x[0]< 0.48489 && x[1]>0.14817 && x[1]< 0.2644"], "height": 0.41, "width": 1.6, "inflow_peak": 0.341}