{"nodes": 2021, "cells": 3839, "object_boundaries": ["on_boundary && x[0]>0.29172 && x[0]< 0.45823 && x[1]>0.11133 && x[1]< 0.28107"], "height": 0.41, "width": 1.6, "inflow_peak": 1.0}