{"nodes": 2123, "object_boundaries": ["on_boundary && x[0]>0.31056 && x[0]< 0.48236 && x[1]>0.05371 && x[1]< 0.25789"], "height": 0.41, "width": 1.6, "inflow_peak": 2.06}