{"nodes": 2157, "object_boundaries": ["on_boundary && x[0]>0.42692 && x[0]< 0.63308 && x[1]>0.14674 && x[1]< 0.33176"], "height": 0.41, "width": 1.6, "inflow_peak": 1.45}