{"nodes": 2053, "object_boundaries": ["on_boundary && x[0]>0.41737 && x[0]< 0.64263 && x[1]>0.11403 && x[1]< 0.31356"], "height": 0.41, "width": 1.6, "inflow_peak": 0.61}