{"nodes": 2015, "object_boundaries": ["on_boundary && x[0]>0.01143 && x[0]< 0.29143 && x[1]>0.16604 && x[1]< 0.36399"], "height": 0.41, "width": 1.6, "inflow_peak": 1.77}