{"nodes": 2135, "object_boundaries": ["on_boundary && x[0]>0.07093 && x[0]< 0.24272 && x[1]>0.19546 && x[1]< 0.34455"], "height": 0.41, "width": 1.6, "inflow_peak": 0.65}