{"nodes": 2114, "cells": 4012, "object_boundaries": ["on_boundary && x[0]>0.19584 && x[0]< 0.359 && x[1]>0.19477 && x[1]< 0.25268"], "height": 0.41, "width": 1.6, "inflow_peak": 0.968}