{"nodes": 2079, "object_boundaries": ["on_boundary && x[0]>0.25967 && x[0]< 0.47875 && x[1]>0.09212 && x[1]< 0.3055"], "height": 0.41, "width": 1.6, "inflow_peak": 1.03}