{"nodes": 1814, "object_boundaries": ["on_boundary && x[0]>0.07661 && x[0]< 0.32135 && x[1]>0.0632 && x[1]< 0.30793"], "height": 0.41, "width": 1.6, "inflow_peak": 1.12}