{"nodes": 2807, "object_boundaries": ["on_boundary && x[0]>0.21733 && x[0]< 0.38742 && x[1]>0.10913 && x[1]< 0.27923", "on_boundary && x[0]>0.69798 && x[0]< 0.88669 && x[1]>0.07015 && x[1]< 0.25886"], "height": 0.41, "width": 1.6, "inflow_peak": 0.72}