{"nodes": 2015, "cells": 3815, "object_boundaries": ["on_boundary && x[0]>0.14348 && x[0]< 0.33247 && x[1]>0.0668 && x[1]< 0.28459"], "height": 0.41, "width": 1.6, "inflow_peak": 0.97}