{"nodes": 1996, "cells": 3781, "object_boundaries": ["on_boundary && x[0]>0.14315 && x[0]< 0.26859 && x[1]>0.23392 && x[1]< 0.31035"], "height": 0.41, "width": 1.6, "inflow_peak": 0.82}