{"nodes": 2101, "cells": 3998, "object_boundaries": ["on_boundary && x[0]>0.34173 && x[0]< 0.50812 && x[1]>0.17443 && x[1]< 0.345"], "height": 0.41, "width": 1.6, "inflow_peak": 2.08}