{"nodes": 2069, "cells": 3932, "object_boundaries": ["on_boundary && x[0]>0.17576 && x[0]< 0.26033 && x[1]>0.20611 && x[1]< 0.28203"], "height": 0.41, "width": 1.6, "inflow_peak": 1.956}