{"nodes": 2669, "object_boundaries": ["on_boundary && x[0]>0.23816 && x[0]< 0.40243 && x[1]>0.12434 && x[1]< 0.30973", "on_boundary && x[0]>0.72238 && x[0]< 0.87024 && x[1]>0.04551 && x[1]< 0.22237"], "height": 0.41, "width": 1.6, "inflow_peak": 1.38}