{"nodes": 1756, "object_boundaries": ["on_boundary && x[0]>0.16796 && x[0]< 0.39394 && x[1]>0.11125 && x[1]< 0.31303", "on_boundary && x[0]>0.4957 && x[0]< 0.79599 && x[1]>0.00774 && x[1]< 0.17503"], "height": 0.41, "width": 1.6, "inflow_peak": 0.86}