{"nodes": 2093, "cells": 3980, "object_boundaries": ["on_boundary && x[0]>0.1836 && x[0]< 0.33818 && x[1]>0.16232 && x[1]< 0.31689"], "height": 0.41, "width": 1.6, "inflow_peak": 2.18}