{"nodes": 1989, "object_boundaries": ["on_boundary && x[0]>0.31788 && x[0]< 0.50878 && x[1]>0.15382 && x[1]< 0.34326"], "height": 0.41, "width": 1.6, "inflow_peak": 0.9}