{"nodes": 1933, "object_boundaries": ["on_boundary && x[0]>0.25931 && x[0]< 0.42452 && x[1]>0.18821 && x[1]< 0.35342"], "height": 0.41, "width": 1.6, "inflow_peak": 1.17}