{"nodes": 2028, "object_boundaries": ["on_boundary && x[0]>0.19264 && x[0]< 0.40438 && x[1]>0.07684 && x[1]< 0.2963"], "height": 0.41, "width": 1.6, "inflow_peak": 1.37}