{"nodes": 2109, "cells": 3997, "object_boundaries": ["on_boundary && x[0]>0.16375 && x[0]< 0.36045 && x[1]>0.052 && x[1]< 0.29015"], "height": 0.41, "width": 1.6, "inflow_peak": 1.19}