{"nodes": 2103, "object_boundaries": ["on_boundary && x[0]>0.21678 && x[0]< 0.38519 && x[1]>0.11377 && x[1]< 0.31831"], "height": 0.41, "width": 1.6, "inflow_peak": 1.03}