{"nodes": 2110, "cells": 4006, "object_boundaries": ["on_boundary && x[0]>0.24994 && x[0]< 0.35151 && x[1]>0.16984 && x[1]< 0.27187"], "height": 0.41, "width": 1.6, "inflow_peak": 0.744}