{"nodes": 2150, "cells": 4080, "object_boundaries": ["on_boundary && x[0]>0.34572 && x[0]< 0.57447 && x[1]>0.12193 && x[1]< 0.31823"], "height": 0.41, "width": 1.6, "inflow_peak": 2.16}