{"nodes": 2465, "object_boundaries": ["on_boundary && x[0]>0.14275 && x[0]< 0.35575 && x[1]>0.0313 && x[1]< 0.24429", "on_boundary && x[0]>0.80472 && x[0]< 0.98986 && x[1]>0.14626 && x[1]< 0.3314"], "height": 0.41, "width": 1.6, "inflow_peak": 1.38}