{"nodes": 1745, "object_boundaries": ["on_boundary && x[0]>0.33759 && x[0]< 0.51717 && x[1]>0.05754 && x[1]< 0.23712"], "height": 0.41, "width": 1.6, "inflow_peak": 0.26}