{"nodes": 1694, "object_boundaries": ["on_boundary && x[0]>0.33758 && x[0]< 0.54345 && x[1]>0.10077 && x[1]< 0.29633"], "height": 0.41, "width": 1.6, "inflow_peak": 1.91}