{"nodes": 2272, "object_boundaries": ["on_boundary && x[0]>0.20049 && x[0]< 0.45161 && x[1]>0.11339 && x[1]< 0.3645"], "height": 0.41, "width": 1.6, "inflow_peak": 1.74}