{"nodes": 2089, "object_boundaries": ["on_boundary && x[0]>0.25188 && x[0]< 0.49304 && x[1]>0.12517 && x[1]< 0.35117"], "height": 0.41, "width": 1.6, "inflow_peak": 2.35}