{"nodes": 2088, "object_boundaries": ["on_boundary && x[0]>0.30095 && x[0]< 0.49734 && x[1]>0.07098 && x[1]< 0.26737"], "height": 0.41, "width": 1.6, "inflow_peak": 1.62}