{"nodes": 1709, "object_boundaries": ["on_boundary && x[0]>0.05522 && x[0]< 0.28375 && x[1]>-0.00791 && x[1]< 0.22062"], "height": 0.41, "width": 1.6, "inflow_peak": 1.06}