{"nodes": 2040, "object_boundaries": ["on_boundary && x[0]>0.36128 && x[0]< 0.56103 && x[1]>0.18695 && x[1]< 0.38669"], "height": 0.41, "width": 1.6, "inflow_peak": 2.09}