{"nodes": 2185, "cells": 4131, "object_boundaries": ["on_boundary && x[0]>0.19417 && x[0]< 0.46769 && x[1]>-0.00947 && x[1]< 0.26697"], "height": 0.41, "width": 1.6, "inflow_peak": 1.24}