{"nodes": 2143, "object_boundaries": ["on_boundary && x[0]>0.17446 && x[0]< 0.35157 && x[1]>0.1249 && x[1]< 0.30201"], "height": 0.41, "width": 1.6, "inflow_peak": 1.81}