{"nodes": 2095, "cells": 3961, "object_boundaries": ["on_boundary && x[0]>0.26763 && x[0]< 0.42457 && x[1]>0.06781 && x[1]< 0.22475"], "height": 0.41, "width": 1.6, "inflow_peak": 0.866}