{"nodes": 2018, "cells": 3815, "object_boundaries": ["on_boundary && x[0]>0.07875 && x[0]< 0.30181 && x[1]>0.15241 && x[1]< 0.37547"], "height": 0.41, "width": 1.6, "inflow_peak": 2.193}