{"nodes": 2121, "object_boundaries": ["on_boundary && x[0]>0.1792 && x[0]< 0.35291 && x[1]>0.08528 && x[1]< 0.2913", "on_boundary && x[0]>0.62919 && x[0]< 0.88737 && x[1]>0.02341 && x[1]< 0.19706"], "height": 0.41, "width": 1.6, "inflow_peak": 1.84}