{"nodes": 2486, "cells": 4720, "object_boundaries": ["on_boundary && x[0]>0.08047 && x[0]< 0.29579 && x[1]>0.04262 && x[1]< 0.22473", "on_boundary && x[0]>0.56335 && x[0]< 0.78016 && x[1]>0.16446 && x[1]< 0.38384"], "height": 0.41, "width": 1.6, "inflow_peak": 0.91}