{"nodes": 2153, "cells": 4092, "object_boundaries": ["on_boundary && x[0]>0.27636 && x[0]< 0.42967 && x[1]>0.13254 && x[1]< 0.18983"], "height": 0.41, "width": 1.6, "inflow_peak": 1.12}