{"nodes": 1854, "object_boundaries": ["on_boundary && x[0]>0.34292 && x[0]< 0.59313 && x[1]>0.14572 && x[1]< 0.39592"], "height": 0.41, "width": 1.6, "inflow_peak": 1.956}