{"nodes": 1757, "object_boundaries": ["on_boundary && x[0]>0.30617 && x[0]< 0.58617 && x[1]>0.10077 && x[1]< 0.38077"], "height": 0.41, "width": 1.6, "inflow_peak": 1.289}