{"nodes": 1822, "object_boundaries": ["on_boundary && x[0]>0.03914 && x[0]< 0.29085 && x[1]>0.12575 && x[1]< 0.37745"], "height": 0.41, "width": 1.6, "inflow_peak": 0.38}