{"nodes": 2020, "object_boundaries": ["on_boundary && x[0]>0.29767 && x[0]< 0.52524 && x[1]>0.06189 && x[1]< 0.28945"], "height": 0.41, "width": 1.6, "inflow_peak": 1.464}