{"nodes": 2033, "cells": 3854, "object_boundaries": ["on_boundary && x[0]>0.43501 && x[0]< 0.53943 && x[1]>0.18087 && x[1]< 0.28528"], "height": 0.41, "width": 1.6, "inflow_peak": 0.972}