{"nodes": 2023, "object_boundaries": ["on_boundary && x[0]>0.31521 && x[0]< 0.50564 && x[1]>0.149 && x[1]< 0.34617"], "height": 0.41, "width": 1.6, "inflow_peak": 1.81}