{"nodes": 2670, "object_boundaries": ["on_boundary && x[0]>0.31062 && x[0]< 0.55416 && x[1]>0.09991 && x[1]< 0.34345", "on_boundary && x[0]>0.76304 && x[0]< 0.91367 && x[1]>0.1686 && x[1]< 0.31923"], "height": 0.41, "width": 1.6, "inflow_peak": 1.86}