{"nodes": 2115, "object_boundaries": ["on_boundary && x[0]>0.26769 && x[0]< 0.45639 && x[1]>0.13697 && x[1]< 0.32568"], "height": 0.41, "width": 1.6, "inflow_peak": 1.978}