{"nodes": 2323, "object_boundaries": ["on_boundary && x[0]>0.22558 && x[0]< 0.37567 && x[1]>0.19958 && x[1]< 0.34968"], "height": 0.41, "width": 1.6, "inflow_peak": 2.026}