{"nodes": 1849, "object_boundaries": ["on_boundary && x[0]>0.0684 && x[0]< 0.30418 && x[1]>0.04403 && x[1]< 0.2798"], "height": 0.41, "width": 1.6, "inflow_peak": 1.175}