{"nodes": 2058, "object_boundaries": ["on_boundary && x[0]>0.25512 && x[0]< 0.48626 && x[1]>0.20255 && x[1]< 0.39745"], "height": 0.41, "width": 1.6, "inflow_peak": 1.62}