{"nodes": 1720, "object_boundaries": ["on_boundary && x[0]>0.25104 && x[0]< 0.47956 && x[1]>0.02973 && x[1]< 0.26583"], "height": 0.41, "width": 1.6, "inflow_peak": 0.82}