{"nodes": 1965, "object_boundaries": ["on_boundary && x[0]>0.31569 && x[0]< 0.54318 && x[1]>0.11188 && x[1]< 0.33936"], "height": 0.41, "width": 1.6, "inflow_peak": 1.7}