{"nodes": 2090, "object_boundaries": ["on_boundary && x[0]>0.11374 && x[0]< 0.29332 && x[1]>0.04175 && x[1]< 0.22132"], "height": 0.41, "width": 1.6, "inflow_peak": 1.51}