{"nodes": 2888, "object_boundaries": ["on_boundary && x[0]>0.25257 && x[0]< 0.44578 && x[1]>0.12257 && x[1]< 0.31578", "on_boundary && x[0]>0.7349 && x[0]< 0.89071 && x[1]>0.07673 && x[1]< 0.23255"], "height": 0.41, "width": 1.6, "inflow_peak": 1.63}