{"nodes": 2054, "cells": 3896, "object_boundaries": ["on_boundary && x[0]>0.17288 && x[0]< 0.23084 && x[1]>0.07138 && x[1]< 0.17613"], "height": 0.41, "width": 1.6, "inflow_peak": 1.366}