{"nodes": 2200, "cells": 4160, "object_boundaries": ["on_boundary && x[0]>0.34453 && x[0]< 0.63337 && x[1]>0.1656 && x[1]< 0.4394"], "height": 0.41, "width": 1.6, "inflow_peak": 0.77}