{"nodes": 2417, "object_boundaries": ["on_boundary && x[0]>0.31237 && x[0]< 0.45276 && x[1]>0.16653 && x[1]< 0.30693"], "height": 0.41, "width": 1.6, "inflow_peak": 1.85}