{"nodes": 1718, "object_boundaries": ["on_boundary && x[0]>0.1381 && x[0]< 0.29719 && x[1]>0.0968 && x[1]< 0.25475"], "height": 0.41, "width": 1.6, "inflow_peak": 1.15}