{"nodes": 1875, "object_boundaries": ["on_boundary && x[0]>0.31291 && x[0]< 0.55972 && x[1]>-0.00886 && x[1]< 0.23795"], "height": 0.41, "width": 1.6, "inflow_peak": 1.93}