{"nodes": 2114, "cells": 3997, "object_boundaries": ["on_boundary && x[0]>0.35552 && x[0]< 0.51944 && x[1]>0.07399 && x[1]< 0.2379"], "height": 0.41, "width": 1.6, "inflow_peak": 1.488}