{"nodes": 2331, "object_boundaries": ["on_boundary && x[0]>0.20185 && x[0]< 0.43302 && x[1]>0.11858 && x[1]< 0.34975"], "height": 0.41, "width": 1.6, "inflow_peak": 0.15}