{"nodes": 2064, "object_boundaries": ["on_boundary && x[0]>0.1751 && x[0]< 0.42547 && x[1]>-0.00424 && x[1]< 0.24447"], "height": 0.41, "width": 1.6, "inflow_peak": 1.15}