{"nodes": 2582, "object_boundaries": ["on_boundary && x[0]>0.09674 && x[0]< 0.31401 && x[1]>0.00891 && x[1]< 0.22618", "on_boundary && x[0]>0.71459 && x[0]< 0.87086 && x[1]>0.13909 && x[1]< 0.29535"], "height": 0.41, "width": 1.6, "inflow_peak": 1.53}