{"nodes": 2150, "object_boundaries": ["on_boundary && x[0]>0.27208 && x[0]< 0.45747 && x[1]>0.13381 && x[1]< 0.3192"], "height": 0.41, "width": 1.6, "inflow_peak": 1.51}