{"nodes": 2059, "cells": 3889, "object_boundaries": ["on_boundary && x[0]>0.24951 && x[0]< 0.40924 && x[1]>0.02252 && x[1]< 0.18225"], "height": 0.41, "width": 1.6, "inflow_peak": 1.069}