{"nodes": 2224, "object_boundaries": ["on_boundary && x[0]>0.07478 && x[0]< 0.29409 && x[1]>0.1132 && x[1]< 0.33251", "on_boundary && x[0]>0.61986 && x[0]< 0.83032 && x[1]>0.05883 && x[1]< 0.26929"], "height": 0.41, "width": 1.6, "inflow_peak": 0.66}