{"nodes": 1887, "object_boundaries": ["on_boundary && x[0]>0.28429 && x[0]< 0.42825 && x[1]>0.06392 && x[1]< 0.20787"], "height": 0.41, "width": 1.6, "inflow_peak": 0.66}