{"nodes": 1883, "object_boundaries": ["on_boundary && x[0]>0.17908 && x[0]< 0.44423 && x[1]>0.06361 && x[1]< 0.29288"], "height": 0.41, "width": 1.6, "inflow_peak": 1.39}