{"nodes": 2242, "object_boundaries": ["on_boundary && x[0]>0.37171 && x[0]< 0.5865 && x[1]>0.05284 && x[1]< 0.20662"], "height": 0.41, "width": 1.6, "inflow_peak": 1.41}