{"nodes": 2144, "object_boundaries": ["on_boundary && x[0]>0.40596 && x[0]< 0.57833 && x[1]>0.21105 && x[1]< 0.38818"], "height": 0.41, "width": 1.6, "inflow_peak": 0.62}