{"nodes": 1943, "cells": 3687, "object_boundaries": ["on_boundary && x[0]>0.14137 && x[0]< 0.20148 && x[1]>0.08178 && x[1]< 0.14864"], "height": 0.41, "width": 1.6, "inflow_peak": 1.275}