{"nodes": 1926, "object_boundaries": ["on_boundary && x[0]>0.18203 && x[0]< 0.31723 && x[1]>0.22617 && x[1]< 0.36136"], "height": 0.41, "width": 1.6, "inflow_peak": 1.93}