{"nodes": 2008, "object_boundaries": ["on_boundary && x[0]>0.23325 && x[0]< 0.4676 && x[1]>0.07403 && x[1]< 0.28303"], "height": 0.41, "width": 1.6, "inflow_peak": 0.86}