{"nodes": 2039, "cells": 3879, "object_boundaries": ["on_boundary && x[0]>0.37444 && x[0]< 0.44381 && x[1]>0.18021 && x[1]< 0.24139"], "height": 0.41, "width": 1.6, "inflow_peak": 1.894}