{"nodes": 2046, "object_boundaries": ["on_boundary && x[0]>0.12364 && x[0]< 0.35247 && x[1]>0.2111 && x[1]< 0.3889"], "height": 0.41, "width": 1.6, "inflow_peak": 0.15}