{"nodes": 1998, "object_boundaries": ["on_boundary && x[0]>0.16009 && x[0]< 0.36876 && x[1]>0.11285 && x[1]< 0.32152"], "height": 0.41, "width": 1.6, "inflow_peak": 2.21}