{"nodes": 2224, "object_boundaries": ["on_boundary && x[0]>0.41521 && x[0]< 0.64479 && x[1]>-0.01479 && x[1]< 0.21479"], "height": 0.41, "width": 1.6, "inflow_peak": 1.08}