{"nodes": 1893, "object_boundaries": ["on_boundary && x[0]>0.2719 && x[0]< 0.51368 && x[1]>0.01266 && x[1]< 0.25444"], "height": 0.41, "width": 1.6, "inflow_peak": 2.09}