{"nodes": 2177, "object_boundaries": ["on_boundary && x[0]>0.07391 && x[0]< 0.22784 && x[1]>0.1143 && x[1]< 0.26824"], "height": 0.41, "width": 1.6, "inflow_peak": 1.5}