{"nodes": 2316, "object_boundaries": ["on_boundary && x[0]>0.18828 && x[0]< 0.33553 && x[1]>0.22215 && x[1]< 0.3694"], "height": 0.41, "width": 1.6, "inflow_peak": 1.497}