{"nodes": 1909, "object_boundaries": ["on_boundary && x[0]>0.14353 && x[0]< 0.37726 && x[1]>0.08353 && x[1]< 0.31725"], "height": 0.41, "width": 1.6, "inflow_peak": 0.267}