{"nodes": 1928, "object_boundaries": ["on_boundary && x[0]>0.15508 && x[0]< 0.37871 && x[1]>0.06877 && x[1]< 0.2924"], "height": 0.41, "width": 1.6, "inflow_peak": 1.595}