{"nodes": 2215, "object_boundaries": ["on_boundary && x[0]>0.17834 && x[0]< 0.34168 && x[1]>0.10668 && x[1]< 0.27003"], "height": 0.41, "width": 1.6, "inflow_peak": 1.056}