{"nodes": 1690, "object_boundaries": ["on_boundary && x[0]>0.13066 && x[0]< 0.31951 && x[1]>0.13246 && x[1]< 0.33039", "on_boundary && x[0]>0.68585 && x[0]< 0.95313 && x[1]>0.05127 && x[1]< 0.29674"], "height": 0.41, "width": 1.6, "inflow_peak": 0.64}