{"nodes": 2041, "cells": 3874, "object_boundaries": ["on_boundary && x[0]>0.10726 && x[0]< 0.29048 && x[1]>0.09042 && x[1]< 0.26699"], "height": 0.41, "width": 1.6, "inflow_peak": 1.5}