{"nodes": 1677, "object_boundaries": ["on_boundary && x[0]>0.053 && x[0]< 0.28764 && x[1]>0.13619 && x[1]< 0.3817"], "height": 0.41, "width": 1.6, "inflow_peak": 1.17}