{"nodes": 1960, "object_boundaries": ["on_boundary && x[0]>0.36944 && x[0]< 0.55451 && x[1]>0.01994 && x[1]< 0.27386"], "height": 0.41, "width": 1.6, "inflow_peak": 1.48}