{"nodes": 2003, "cells": 3796, "object_boundaries": ["on_boundary && x[0]>0.18894 && x[0]< 0.27925 && x[1]>0.05158 && x[1]< 0.1522"], "height": 0.41, "width": 1.6, "inflow_peak": 0.936}