{"nodes": 2866, "object_boundaries": ["on_boundary && x[0]>0.21333 && x[0]< 0.39891 && x[1]>0.02429 && x[1]< 0.20987", "on_boundary && x[0]>0.76647 && x[0]< 0.90325 && x[1]>0.11344 && x[1]< 0.25022"], "height": 0.41, "width": 1.6, "inflow_peak": 1.26}