{"nodes": 2083, "object_boundaries": ["on_boundary && x[0]>0.09621 && x[0]< 0.34605 && x[1]>0.08964 && x[1]< 0.33948", "on_boundary && x[0]>0.68194 && x[0]< 0.92041 && x[1]>0.08634 && x[1]< 0.32481"], "height": 0.41, "width": 1.6, "inflow_peak": 2.04}