{"nodes": 2042, "object_boundaries": ["on_boundary && x[0]>0.195 && x[0]< 0.40447 && x[1]>0.05019 && x[1]< 0.25966"], "height": 0.41, "width": 1.6, "inflow_peak": 1.14}