{"nodes": 2207, "object_boundaries": ["on_boundary && x[0]>0.2899 && x[0]< 0.46692 && x[1]>0.10833 && x[1]< 0.28536"], "height": 0.41, "width": 1.6, "inflow_peak": 1.043}