{"nodes": 2190, "object_boundaries": ["on_boundary && x[0]>0.21822 && x[0]< 0.38797 && x[1]>0.18418 && x[1]< 0.35394"], "height": 0.41, "width": 1.6, "inflow_peak": 1.726}