{"nodes": 2306, "object_boundaries": ["on_boundary && x[0]>0.17052 && x[0]< 0.40568 && x[1]>0.04995 && x[1]< 0.28511"], "height": 0.41, "width": 1.6, "inflow_peak": 1.051}