{"nodes": 2103, "cells": 3979, "object_boundaries": ["on_boundary && x[0]>0.31663 && x[0]< 0.46917 && x[1]>0.11549 && x[1]< 0.26803"], "height": 0.41, "width": 1.6, "inflow_peak": 0.575}