{"nodes": 2044, "cells": 3863, "object_boundaries": ["on_boundary && x[0]>0.23698 && x[0]< 0.47438 && x[1]>0.17732 && x[1]< 0.41472"], "height": 0.41, "width": 1.6, "inflow_peak": 2.13}