{"nodes": 2067, "object_boundaries": ["on_boundary && x[0]>0.06788 && x[0]< 0.23852 && x[1]>0.18394 && x[1]< 0.35458"], "height": 0.41, "width": 1.6, "inflow_peak": 1.598}