{"nodes": 1993, "cells": 3780, "object_boundaries": ["on_boundary && x[0]>0.45227 && x[0]< 0.53931 && x[1]>0.08706 && x[1]< 0.17411"], "height": 0.41, "width": 1.6, "inflow_peak": 0.286}