{"nodes": 1796, "object_boundaries": ["on_boundary && x[0]>0.28796 && x[0]< 0.55047 && x[1]>0.08655 && x[1]< 0.34906"], "height": 0.41, "width": 1.6, "inflow_peak": 1.699}