{"nodes": 2142, "object_boundaries": ["on_boundary && x[0]>0.32137 && x[0]< 0.50266 && x[1]>0.16807 && x[1]< 0.34936"], "height": 0.41, "width": 1.6, "inflow_peak": 0.178}