{"nodes": 1886, "object_boundaries": ["on_boundary && x[0]>0.37326 && x[0]< 0.60907 && x[1]>0.00239 && x[1]< 0.2382"], "height": 0.41, "width": 1.6, "inflow_peak": 2.079}