{"nodes": 2113, "object_boundaries": ["on_boundary && x[0]>0.1481 && x[0]< 0.3321 && x[1]>0.12729 && x[1]< 0.31129"], "height": 0.41, "width": 1.6, "inflow_peak": 0.457}