{"nodes": 2000, "object_boundaries": ["on_boundary && x[0]>0.06524 && x[0]< 0.31201 && x[1]>0.08036 && x[1]< 0.26559"], "height": 0.41, "width": 1.6, "inflow_peak": 1.86}