{"nodes": 2091, "cells": 3959, "object_boundaries": ["on_boundary && x[0]>0.38556 && x[0]< 0.50571 && x[1]>0.14131 && x[1]< 0.29916"], "height": 0.41, "width": 1.6, "inflow_peak": 2.009}