{"nodes": 2104, "cells": 3971, "object_boundaries": ["on_boundary && x[0]>0.05048 && x[0]< 0.3335 && x[1]>0.07998 && x[1]< 0.34808"], "height": 0.41, "width": 1.6, "inflow_peak": 0.51}