{"nodes": 1829, "object_boundaries": ["on_boundary && x[0]>0.17036 && x[0]< 0.42049 && x[1]>0.1166 && x[1]< 0.36609"], "height": 0.41, "width": 1.6, "inflow_peak": 1.23}