{"nodes": 1706, "object_boundaries": ["on_boundary && x[0]>0.12446 && x[0]< 0.35017 && x[1]>-0.00796 && x[1]< 0.23169"], "height": 0.41, "width": 1.6, "inflow_peak": 1.16}