{"nodes": 2036, "cells": 3867, "object_boundaries": ["on_boundary && x[0]>0.41004 && x[0]< 0.58376 && x[1]>0.08936 && x[1]< 0.26308"], "height": 0.41, "width": 1.6, "inflow_peak": 2.226}