{"nodes": 1815, "object_boundaries": ["on_boundary && x[0]>0.12564 && x[0]< 0.37355 && x[1]>0.17186 && x[1]< 0.41977"], "height": 0.41, "width": 1.6, "inflow_peak": 0.285}