{"nodes": 1947, "object_boundaries": ["on_boundary && x[0]>0.12751 && x[0]< 0.34097 && x[1]>0.19327 && x[1]< 0.40673"], "height": 0.41, "width": 1.6, "inflow_peak": 1.862}