{"nodes": 2388, "object_boundaries": ["on_boundary && x[0]>0.27098 && x[0]< 0.4225 && x[1]>0.18577 && x[1]< 0.32939"], "height": 0.41, "width": 1.6, "inflow_peak": 2.03}