{"nodes": 2122, "object_boundaries": ["on_boundary && x[0]>0.17905 && x[0]< 0.34229 && x[1]>0.16285 && x[1]< 0.36894"], "height": 0.41, "width": 1.6, "inflow_peak": 0.66}