{"nodes": 2036, "cells": 3851, "object_boundaries": ["on_boundary && x[0]>0.26689 && x[0]< 0.37116 && x[1]>0.20909 && x[1]< 0.36612"], "height": 0.41, "width": 1.6, "inflow_peak": 2.03}