{"nodes": 2023, "object_boundaries": ["on_boundary && x[0]>0.0942 && x[0]< 0.33336 && x[1]>0.11332 && x[1]< 0.29511"], "height": 0.41, "width": 1.6, "inflow_peak": 1.95}