{"nodes": 2124, "cells": 4014, "object_boundaries": ["on_boundary && x[0]>0.14905 && x[0]< 0.39956 && x[1]>0.04087 && x[1]< 0.29505"], "height": 0.41, "width": 1.6, "inflow_peak": 0.42}