{"nodes": 1711, "object_boundaries": ["on_boundary && x[0]>0.09645 && x[0]< 0.26704 && x[1]>0.09726 && x[1]< 0.30807"], "height": 0.41, "width": 1.6, "inflow_peak": 0.58}