{"nodes": 2562, "object_boundaries": ["on_boundary && x[0]>0.27198 && x[0]< 0.46335 && x[1]>0.13955 && x[1]< 0.25955"], "height": 0.41, "width": 1.6, "inflow_peak": 1.33}