{"nodes": 1791, "object_boundaries": ["on_boundary && x[0]>0.25864 && x[0]< 0.44083 && x[1]>0.14007 && x[1]< 0.32123"], "height": 0.41, "width": 1.6, "inflow_peak": 1.21}