{"nodes": 2341, "cells": 4428, "object_boundaries": ["on_boundary && x[0]>0.10795 && x[0]< 0.20863 && x[1]>0.23488 && x[1]< 0.33555", "on_boundary && x[0]>0.69933 && x[0]< 0.85088 && x[1]>0.21262 && x[1]< 0.36417"], "height": 0.41, "width": 1.6, "inflow_peak": 1.386}