{"nodes": 2114, "object_boundaries": ["on_boundary && x[0]>0.25859 && x[0]< 0.45454 && x[1]>0.11183 && x[1]< 0.30779"], "height": 0.41, "width": 1.6, "inflow_peak": 1.09}