{"nodes": 2097, "cells": 3964, "object_boundaries": ["on_boundary && x[0]>0.24313 && x[0]< 0.49352 && x[1]>0.04296 && x[1]< 0.29336"], "height": 0.41, "width": 1.6, "inflow_peak": 0.26}