{"nodes": 2867, "object_boundaries": ["on_boundary && x[0]>0.33319 && x[0]< 0.47614 && x[1]>0.10944 && x[1]< 0.25239", "on_boundary && x[0]>0.69547 && x[0]< 0.8905 && x[1]>0.02712 && x[1]< 0.22214"], "height": 0.41, "width": 1.6, "inflow_peak": 1.07}