{"nodes": 2023, "cells": 3835, "object_boundaries": ["on_boundary && x[0]>0.17032 && x[0]< 0.36948 && x[1]>0.10012 && x[1]< 0.28699"], "height": 0.41, "width": 1.6, "inflow_peak": 1.72}