{"nodes": 2330, "object_boundaries": ["on_boundary && x[0]>0.28226 && x[0]< 0.49181 && x[1]>0.16839 && x[1]< 0.31382"], "height": 0.41, "width": 1.6, "inflow_peak": 0.83}