{"nodes": 2217, "object_boundaries": ["on_boundary && x[0]>0.24831 && x[0]< 0.39328 && x[1]>0.14693 && x[1]< 0.37615", "on_boundary && x[0]>0.82694 && x[0]< 1.01984 && x[1]>0.02882 && x[1]< 0.19513"], "height": 0.41, "width": 1.6, "inflow_peak": 1.6}