{"nodes": 1736, "object_boundaries": ["on_boundary && x[0]>0.23428 && x[0]< 0.44579 && x[1]>0.18016 && x[1]< 0.39102"], "height": 0.41, "width": 1.6, "inflow_peak": 0.68}