{"nodes": 2130, "object_boundaries": ["on_boundary && x[0]>0.27875 && x[0]< 0.46277 && x[1]>0.04183 && x[1]< 0.22585"], "height": 0.41, "width": 1.6, "inflow_peak": 1.42}