{"nodes": 1954, "cells": 3700, "object_boundaries": ["on_boundary && x[0]>0.14379 && x[0]< 0.23553 && x[1]>0.23542 && x[1]< 0.32716"], "height": 0.41, "width": 1.6, "inflow_peak": 1.769}