{"nodes": 2307, "object_boundaries": ["on_boundary && x[0]>0.34822 && x[0]< 0.49809 && x[1]>0.21384 && x[1]< 0.36371"], "height": 0.41, "width": 1.6, "inflow_peak": 1.821}