{"nodes": 2350, "object_boundaries": ["on_boundary && x[0]>0.35926 && x[0]< 0.50761 && x[1]>0.06336 && x[1]< 0.21171"], "height": 0.41, "width": 1.6, "inflow_peak": 1.702}