{"nodes": 1993, "cells": 3768, "object_boundaries": ["on_boundary && x[0]>0.09964 && x[0]< 0.22297 && x[1]>0.12059 && x[1]< 0.24391"], "height": 0.41, "width": 1.6, "inflow_peak": 2.094}