{"nodes": 2120, "object_boundaries": ["on_boundary && x[0]>0.10648 && x[0]< 0.27977 && x[1]>0.0884 && x[1]< 0.26169"], "height": 0.41, "width": 1.6, "inflow_peak": 1.94}