{"nodes": 2244, "object_boundaries": ["on_boundary && x[0]>0.26989 && x[0]< 0.51878 && x[1]>0.08962 && x[1]< 0.33851"], "height": 0.41, "width": 1.6, "inflow_peak": 0.96}