{"nodes": 2195, "object_boundaries": ["on_boundary && x[0]>0.23368 && x[0]< 0.45058 && x[1]>0.14024 && x[1]< 0.30769"], "height": 0.41, "width": 1.6, "inflow_peak": 1.49}