{"nodes": 1983, "cells": 3763, "object_boundaries": ["on_boundary && x[0]>0.13436 && x[0]< 0.28279 && x[1]>0.10092 && x[1]< 0.28411"], "height": 0.41, "width": 1.6, "inflow_peak": 1.38}