{"nodes": 2343, "object_boundaries": ["on_boundary && x[0]>0.09329 && x[0]< 0.30082 && x[1]>0.13744 && x[1]< 0.25744"], "height": 0.41, "width": 1.6, "inflow_peak": 1.27}