{"nodes": 2041, "object_boundaries": ["on_boundary && x[0]>0.15659 && x[0]< 0.31065 && x[1]>0.06178 && x[1]< 0.24624"], "height": 0.41, "width": 1.6, "inflow_peak": 0.71}