{"nodes": 1885, "object_boundaries": ["on_boundary && x[0]>0.28308 && x[0]< 0.44383 && x[1]>0.17807 && x[1]< 0.33882"], "height": 0.41, "width": 1.6, "inflow_peak": 1.7}