{"nodes": 1952, "cells": 3701, "object_boundaries": ["on_boundary && x[0]>0.18848 && x[0]< 0.26548 && x[1]>0.25792 && x[1]< 0.33492"], "height": 0.41, "width": 1.6, "inflow_peak": 1.314}