{"nodes": 1842, "object_boundaries": ["on_boundary && x[0]>0.29426 && x[0]< 0.54877 && x[1]>0.1086 && x[1]< 0.36311"], "height": 0.41, "width": 1.6, "inflow_peak": 0.15}