{"nodes": 2007, "cells": 3802, "object_boundaries": ["on_boundary && x[0]>0.19159 && x[0]< 0.38784 && x[1]>0.13813 && x[1]< 0.33438"], "height": 0.41, "width": 1.6, "inflow_peak": 1.35}