{"nodes": 2067, "cells": 3906, "object_boundaries": ["on_boundary && x[0]>0.19658 && x[0]< 0.35122 && x[1]>0.09124 && x[1]< 0.24587"], "height": 0.41, "width": 1.6, "inflow_peak": 0.831}