{"nodes": 2099, "cells": 3972, "object_boundaries": ["on_boundary && x[0]>0.30417 && x[0]< 0.54337 && x[1]>0.14512 && x[1]< 0.38431"], "height": 0.41, "width": 1.6, "inflow_peak": 0.35}