{"nodes": 1954, "object_boundaries": ["on_boundary && x[0]>0.16278 && x[0]< 0.37941 && x[1]>0.10367 && x[1]< 0.32031"], "height": 0.41, "width": 1.6, "inflow_peak": 1.072}