{"nodes": 1936, "object_boundaries": ["on_boundary && x[0]>0.0888 && x[0]< 0.3013 && x[1]>0.13535 && x[1]< 0.34786"], "height": 0.41, "width": 1.6, "inflow_peak": 1.494}