{"nodes": 2052, "object_boundaries": ["on_boundary && x[0]>0.17175 && x[0]< 0.37581 && x[1]>0.14462 && x[1]< 0.34869"], "height": 0.41, "width": 1.6, "inflow_peak": 1.858}