{"nodes": 1943, "object_boundaries": ["on_boundary && x[0]>0.09338 && x[0]< 0.30843 && x[1]>0.07295 && x[1]< 0.288"], "height": 0.41, "width": 1.6, "inflow_peak": 2.161}