{"nodes": 2128, "cells": 4030, "object_boundaries": ["on_boundary && x[0]>0.42044 && x[0]< 0.56942 && x[1]>0.0805 && x[1]< 0.22949"], "height": 0.41, "width": 1.6, "inflow_peak": 0.762}