{"nodes": 2109, "object_boundaries": ["on_boundary && x[0]>0.16977 && x[0]< 0.33413 && x[1]>0.04745 && x[1]< 0.25041"], "height": 0.41, "width": 1.6, "inflow_peak": 0.38}