{"nodes": 1948, "cells": 3700, "object_boundaries": ["on_boundary && x[0]>0.13243 && x[0]< 0.2762 && x[1]>0.07885 && x[1]< 0.22261"], "height": 0.41, "width": 1.6, "inflow_peak": 1.45}