{"nodes": 2261, "object_boundaries": ["on_boundary && x[0]>0.14164 && x[0]< 0.39487 && x[1]>0.01392 && x[1]< 0.26716", "on_boundary && x[0]>0.66895 && x[0]< 0.86049 && x[1]>0.01981 && x[1]< 0.21136"], "height": 0.41, "width": 1.6, "inflow_peak": 1.5}