{"nodes": 2486, "cells": 4719, "object_boundaries": ["on_boundary && x[0]>0.40629 && x[0]< 0.53753 && x[1]>0.21132 && x[1]< 0.34256", "on_boundary && x[0]>0.79962 && x[0]< 0.92155 && x[1]>0.20721 && x[1]< 0.32914"], "height": 0.41, "width": 1.6, "inflow_peak": 0.749}