{"nodes": 2312, "object_boundaries": ["on_boundary && x[0]>0.3915 && x[0]< 0.54933 && x[1]>0.07344 && x[1]< 0.23128"], "height": 0.41, "width": 1.6, "inflow_peak": 1.24}