{"nodes": 2254, "object_boundaries": ["on_boundary && x[0]>0.13831 && x[0]< 0.37931 && x[1]>0.12392 && x[1]< 0.36492"], "height": 0.41, "width": 1.6, "inflow_peak": 0.88}