{"nodes": 2064, "object_boundaries": ["on_boundary && x[0]>0.33004 && x[0]< 0.52539 && x[1]>0.11749 && x[1]< 0.31284"], "height": 0.41, "width": 1.6, "inflow_peak": 1.33}