{"nodes": 2160, "object_boundaries": ["on_boundary && x[0]>0.22991 && x[0]< 0.3989 && x[1]>0.15187 && x[1]< 0.33963"], "height": 0.41, "width": 1.6, "inflow_peak": 0.28}