{"nodes": 2141, "object_boundaries": ["on_boundary && x[0]>0.13337 && x[0]< 0.37699 && x[1]>0.08881 && x[1]< 0.29957"], "height": 0.41, "width": 1.6, "inflow_peak": 1.02}