{"nodes": 2111, "cells": 4010, "object_boundaries": ["on_boundary && x[0]>0.32533 && x[0]< 0.45533 && x[1]>0.16774 && x[1]< 0.24479"], "height": 0.41, "width": 1.6, "inflow_peak": 1.805}