{"nodes": 2103, "cells": 3979, "object_boundaries": ["on_boundary && x[0]>0.17356 && x[0]< 0.40648 && x[1]>-0.00379 && x[1]< 0.23518"], "height": 0.41, "width": 1.6, "inflow_peak": 1.53}