{"nodes": 2062, "object_boundaries": ["on_boundary && x[0]>0.2817 && x[0]< 0.48925 && x[1]>0.1153 && x[1]< 0.32285"], "height": 0.41, "width": 1.6, "inflow_peak": 1.612}