{"nodes": 2108, "object_boundaries": ["on_boundary && x[0]>0.34159 && x[0]< 0.53794 && x[1]>0.1194 && x[1]< 0.31575"], "height": 0.41, "width": 1.6, "inflow_peak": 1.208}