{"nodes": 2159, "object_boundaries": ["on_boundary && x[0]>0.21031 && x[0]< 0.38797 && x[1]>0.09123 && x[1]< 0.26889"], "height": 0.41, "width": 1.6, "inflow_peak": 0.611}