{"nodes": 2037, "object_boundaries": ["on_boundary && x[0]>0.14852 && x[0]< 0.35042 && x[1]>0.11831 && x[1]< 0.3202"], "height": 0.41, "width": 1.6, "inflow_peak": 1.442}