{"nodes": 2077, "object_boundaries": ["on_boundary && x[0]>0.22389 && x[0]< 0.42856 && x[1]>0.08741 && x[1]< 0.28946"], "height": 0.41, "width": 1.6, "inflow_peak": 0.62}