{"nodes": 2013, "cells": 3823, "object_boundaries": ["on_boundary && x[0]>0.44377 && x[0]< 0.49505 && x[1]>0.24535 && x[1]< 0.34617"], "height": 0.41, "width": 1.6, "inflow_peak": 1.893}