{"nodes": 1969, "object_boundaries": ["on_boundary && x[0]>0.18162 && x[0]< 0.44008 && x[1]>0.1554 && x[1]< 0.37598", "on_boundary && x[0]>0.58093 && x[0]< 0.74718 && x[1]>0.04748 && x[1]< 0.21434"], "height": 0.41, "width": 1.6, "inflow_peak": 2.14}