{"nodes": 2533, "object_boundaries": ["on_boundary && x[0]>0.39592 && x[0]< 0.58533 && x[1]>0.08565 && x[1]< 0.27506", "on_boundary && x[0]>0.75283 && x[0]< 0.95385 && x[1]>0.15392 && x[1]< 0.35494"], "height": 0.41, "width": 1.6, "inflow_peak": 2.03}