{"nodes": 2582, "object_boundaries": ["on_boundary && x[0]>0.14439 && x[0]< 0.30299 && x[1]>0.13061 && x[1]< 0.28921", "on_boundary && x[0]>0.78148 && x[0]< 1.00292 && x[1]>0.09445 && x[1]< 0.31589"], "height": 0.41, "width": 1.6, "inflow_peak": 2.0}