{"nodes": 1964, "cells": 3730, "object_boundaries": ["on_boundary && x[0]>0.12704 && x[0]< 0.27899 && x[1]>0.13973 && x[1]< 0.29168"], "height": 0.41, "width": 1.6, "inflow_peak": 1.05}