{"nodes": 1746, "object_boundaries": ["on_boundary && x[0]>0.20144 && x[0]< 0.48144 && x[1]>0.13621 && x[1]< 0.41621"], "height": 0.41, "width": 1.6, "inflow_peak": 0.15}