{"nodes": 2134, "object_boundaries": ["on_boundary && x[0]>0.20477 && x[0]< 0.3646 && x[1]>0.1574 && x[1]< 0.34804"], "height": 0.41, "width": 1.6, "inflow_peak": 1.95}