{"nodes": 2114, "object_boundaries": ["on_boundary && x[0]>0.1455 && x[0]< 0.42721 && x[1]>0.02366 && x[1]< 0.22863"], "height": 0.41, "width": 1.6, "inflow_peak": 1.02}