{"nodes": 2188, "object_boundaries": ["on_boundary && x[0]>0.2614 && x[0]< 0.4294 && x[1]>0.11594 && x[1]< 0.29186"], "height": 0.41, "width": 1.6, "inflow_peak": 0.55}