{"nodes": 2069, "cells": 3922, "object_boundaries": ["on_boundary && x[0]>0.08451 && x[0]< 0.27713 && x[1]>0.057 && x[1]< 0.26361"], "height": 0.41, "width": 1.6, "inflow_peak": 0.38}