{"nodes": 1766, "object_boundaries": ["on_boundary && x[0]>0.01578 && x[0]< 0.24422 && x[1]>0.14117 && x[1]< 0.42117"], "height": 0.41, "width": 1.6, "inflow_peak": 1.51}