{"nodes": 2132, "object_boundaries": ["on_boundary && x[0]>0.38147 && x[0]< 0.53538 && x[1]>0.18299 && x[1]< 0.38719"], "height": 0.41, "width": 1.6, "inflow_peak": 0.85}