{"nodes": 2030, "cells": 3845, "object_boundaries": ["on_boundary && x[0]>0.0549 && x[0]< 0.29353 && x[1]>0.18119 && x[1]< 0.34238"], "height": 0.41, "width": 1.6, "inflow_peak": 2.23}