{"nodes": 2014, "cells": 3810, "object_boundaries": ["on_boundary && x[0]>0.22744 && x[0]< 0.31915 && x[1]>0.06203 && x[1]< 0.21666"], "height": 0.41, "width": 1.6, "inflow_peak": 2.131}