{"nodes": 2036, "object_boundaries": ["on_boundary && x[0]>0.0552 && x[0]< 0.23865 && x[1]>0.087 && x[1]< 0.27112"], "height": 0.41, "width": 1.6, "inflow_peak": 1.69}