{"nodes": 1976, "object_boundaries": ["on_boundary && x[0]>0.31236 && x[0]< 0.56265 && x[1]>0.05274 && x[1]< 0.26344"], "height": 0.41, "width": 1.6, "inflow_peak": 1.65}