{"nodes": 2355, "object_boundaries": ["on_boundary && x[0]>0.37597 && x[0]< 0.52521 && x[1]>0.20189 && x[1]< 0.34641"], "height": 0.41, "width": 1.6, "inflow_peak": 1.79}