{"nodes": 2696, "object_boundaries": ["on_boundary && x[0]>0.325 && x[0]< 0.52376 && x[1]>0.1211 && x[1]< 0.31986", "on_boundary && x[0]>0.77551 && x[0]< 0.95725 && x[1]>0.06331 && x[1]< 0.24506"], "height": 0.41, "width": 1.6, "inflow_peak": 1.6}