{"nodes": 2545, "object_boundaries": ["on_boundary && x[0]>0.06907 && x[0]< 0.32271 && x[1]>0.07771 && x[1]< 0.33135", "on_boundary && x[0]>0.82881 && x[0]< 0.97637 && x[1]>0.05423 && x[1]< 0.20179"], "height": 0.41, "width": 1.6, "inflow_peak": 0.26}