{"nodes": 2097, "object_boundaries": ["on_boundary && x[0]>0.32224 && x[0]< 0.55076 && x[1]>0.14148 && x[1]< 0.36988"], "height": 0.41, "width": 1.6, "inflow_peak": 2.09}