{"nodes": 2196, "object_boundaries": ["on_boundary && x[0]>0.2202 && x[0]< 0.3957 && x[1]>0.14029 && x[1]< 0.31579"], "height": 0.41, "width": 1.6, "inflow_peak": 0.86}