{"nodes": 2305, "object_boundaries": ["on_boundary && x[0]>0.37169 && x[0]< 0.52764 && x[1]>0.16475 && x[1]< 0.3207"], "height": 0.41, "width": 1.6, "inflow_peak": 2.044}