{"nodes": 2185, "object_boundaries": ["on_boundary && x[0]>0.27379 && x[0]< 0.4559 && x[1]>0.07918 && x[1]< 0.26129"], "height": 0.41, "width": 1.6, "inflow_peak": 1.702}