{"nodes": 2058, "object_boundaries": ["on_boundary && x[0]>0.18366 && x[0]< 0.38921 && x[1]>0.11989 && x[1]< 0.32543"], "height": 0.41, "width": 1.6, "inflow_peak": 1.18}