{"nodes": 2175, "object_boundaries": ["on_boundary && x[0]>0.08691 && x[0]< 0.24678 && x[1]>0.17326 && x[1]< 0.33313"], "height": 0.41, "width": 1.6, "inflow_peak": 1.405}