{"nodes": 1988, "object_boundaries": ["on_boundary && x[0]>0.26329 && x[0]< 0.48227 && x[1]>0.04253 && x[1]< 0.26151"], "height": 0.41, "width": 1.6, "inflow_peak": 1.324}