{"nodes": 2314, "object_boundaries": ["on_boundary && x[0]>0.20089 && x[0]< 0.35446 && x[1]>0.07476 && x[1]< 0.22833"], "height": 0.41, "width": 1.6, "inflow_peak": 0.247}