{"nodes": 1696, "object_boundaries": ["on_boundary && x[0]>0.16423 && x[0]< 0.34658 && x[1]>0.11651 && x[1]< 0.3174"], "height": 0.41, "width": 1.6, "inflow_peak": 0.95}