{"nodes": 1985, "object_boundaries": ["on_boundary && x[0]>0.03184 && x[0]< 0.24017 && x[1]>0.11942 && x[1]< 0.31484", "on_boundary && x[0]>0.69444 && x[0]< 0.90585 && x[1]>0.0783 && x[1]< 0.25797"], "height": 0.41, "width": 1.6, "inflow_peak": 1.99}