{"nodes": 1734, "object_boundaries": ["on_boundary && x[0]>0.28525 && x[0]< 0.48507 && x[1]>0.15046 && x[1]< 0.34513"], "height": 0.41, "width": 1.6, "inflow_peak": 0.72}