{"nodes": 1972, "cells": 3732, "object_boundaries": ["on_boundary && x[0]>0.07425 && x[0]< 0.29422 && x[1]>0.0491 && x[1]< 0.21863"], "height": 0.41, "width": 1.6, "inflow_peak": 2.06}