{"nodes": 2169, "object_boundaries": ["on_boundary && x[0]>0.22659 && x[0]< 0.39664 && x[1]>0.07767 && x[1]< 0.26626"], "height": 0.41, "width": 1.6, "inflow_peak": 1.58}