{"nodes": 2058, "cells": 3897, "object_boundaries": ["on_boundary && x[0]>0.31059 && x[0]< 0.47408 && x[1]>0.0579 && x[1]< 0.1446"], "height": 0.41, "width": 1.6, "inflow_peak": 0.955}