{"nodes": 2352, "object_boundaries": ["on_boundary && x[0]>0.28805 && x[0]< 0.43259 && x[1]>0.08359 && x[1]< 0.23549"], "height": 0.41, "width": 1.6, "inflow_peak": 2.35}