{"nodes": 2076, "cells": 3938, "object_boundaries": ["on_boundary && x[0]>0.20747 && x[0]< 0.42564 && x[1]>0.0835 && x[1]< 0.2658"], "height": 0.41, "width": 1.6, "inflow_peak": 1.62}