{"nodes": 2291, "object_boundaries": ["on_boundary && x[0]>0.24653 && x[0]< 0.41194 && x[1]>0.04398 && x[1]< 0.18725"], "height": 0.41, "width": 1.6, "inflow_peak": 0.84}