{"nodes": 1766, "object_boundaries": ["on_boundary && x[0]>0.15431 && x[0]< 0.4154 && x[1]>0.10075 && x[1]< 0.37051"], "height": 0.41, "width": 1.6, "inflow_peak": 0.85}