{"nodes": 1954, "object_boundaries": ["on_boundary && x[0]>0.24547 && x[0]< 0.46818 && x[1]>-0.00521 && x[1]< 0.2175"], "height": 0.41, "width": 1.6, "inflow_peak": 0.91}