{"nodes": 2121, "object_boundaries": ["on_boundary && x[0]>0.19035 && x[0]< 0.42513 && x[1]>0.08354 && x[1]< 0.33037"], "height": 0.41, "width": 1.6, "inflow_peak": 0.9}