{"nodes": 2277, "object_boundaries": ["on_boundary && x[0]>0.24864 && x[0]< 0.43705 && x[1]>0.12554 && x[1]< 0.28177"], "height": 0.41, "width": 1.6, "inflow_peak": 0.65}