{"nodes": 2142, "object_boundaries": ["on_boundary && x[0]>0.0944 && x[0]< 0.25157 && x[1]>0.02262 && x[1]< 0.18267"], "height": 0.41, "width": 1.6, "inflow_peak": 1.0}