{"nodes": 2057, "cells": 3903, "object_boundaries": ["on_boundary && x[0]>0.27106 && x[0]< 0.42316 && x[1]>0.04756 && x[1]< 0.27405"], "height": 0.41, "width": 1.6, "inflow_peak": 1.44}