{"nodes": 2051, "object_boundaries": ["on_boundary && x[0]>0.27912 && x[0]< 0.47275 && x[1]>0.04314 && x[1]< 0.24823"], "height": 0.41, "width": 1.6, "inflow_peak": 0.63}