{"nodes": 2148, "object_boundaries": ["on_boundary && x[0]>0.27865 && x[0]< 0.43674 && x[1]>0.12646 && x[1]< 0.33403"], "height": 0.41, "width": 1.6, "inflow_peak": 0.82}