{"nodes": 2071, "cells": 3934, "object_boundaries": ["on_boundary && x[0]>0.29993 && x[0]< 0.39333 && x[1]>0.21993 && x[1]< 0.30873"], "height": 0.41, "width": 1.6, "inflow_peak": 1.141}