{"nodes": 1842, "object_boundaries": ["on_boundary && x[0]>0.30734 && x[0]< 0.56134 && x[1]>0.15931 && x[1]< 0.41331"], "height": 0.41, "width": 1.6, "inflow_peak": 1.117}