{"nodes": 1914, "object_boundaries": ["on_boundary && x[0]>0.19001 && x[0]< 0.42052 && x[1]>0.07129 && x[1]< 0.30179"], "height": 0.41, "width": 1.6, "inflow_peak": 1.396}