{"nodes": 2101, "cells": 3975, "object_boundaries": ["on_boundary && x[0]>0.28389 && x[0]< 0.52618 && x[1]>0.04242 && x[1]< 0.28471"], "height": 0.41, "width": 1.6, "inflow_peak": 1.493}