{"nodes": 1986, "cells": 3769, "object_boundaries": ["on_boundary && x[0]>0.4289 && x[0]< 0.50682 && x[1]>0.205 && x[1]< 0.28292"], "height": 0.41, "width": 1.6, "inflow_peak": 1.083}