{"nodes": 1959, "object_boundaries": ["on_boundary && x[0]>0.04601 && x[0]< 0.22806 && x[1]>0.20223 && x[1]< 0.38428"], "height": 0.41, "width": 1.6, "inflow_peak": 1.32}