{"nodes": 1996, "object_boundaries": ["on_boundary && x[0]>0.40826 && x[0]< 0.57897 && x[1]>0.10995 && x[1]< 0.35979"], "height": 0.41, "width": 1.6, "inflow_peak": 0.57}