{"nodes": 1994, "cells": 3786, "object_boundaries": ["on_boundary && x[0]>0.20772 && x[0]< 0.34923 && x[1]>0.17869 && x[1]< 0.36195"], "height": 0.41, "width": 1.6, "inflow_peak": 1.84}