{"nodes": 1994, "object_boundaries": ["on_boundary && x[0]>0.12316 && x[0]< 0.32831 && x[1]>0.11369 && x[1]< 0.33333"], "height": 0.41, "width": 1.6, "inflow_peak": 2.0}