{"nodes": 2161, "object_boundaries": ["on_boundary && x[0]>0.31962 && x[0]< 0.49684 && x[1]>0.199 && x[1]< 0.37623"], "height": 0.41, "width": 1.6, "inflow_peak": 1.97}