{"nodes": 1705, "object_boundaries": ["on_boundary && x[0]>0.233 && x[0]< 0.39159 && x[1]>0.05291 && x[1]< 0.2115"], "height": 0.41, "width": 1.6, "inflow_peak": 0.73}