{"nodes": 2052, "cells": 3902, "object_boundaries": ["on_boundary && x[0]>0.31046 && x[0]< 0.38301 && x[1]>0.12185 && x[1]< 0.1944"], "height": 0.41, "width": 1.6, "inflow_peak": 0.696}