{"nodes": 2130, "cells": 4030, "object_boundaries": ["on_boundary && x[0]>0.16548 && x[0]< 0.41863 && x[1]>0.15203 && x[1]< 0.38647"], "height": 0.41, "width": 1.6, "inflow_peak": 1.61}