{"nodes": 2045, "object_boundaries": ["on_boundary && x[0]>0.29756 && x[0]< 0.41756 && x[1]>0.17279 && x[1]< 0.29279"], "height": 0.41, "width": 1.6, "inflow_peak": 1.64}