{"nodes": 2418, "cells": 4606, "object_boundaries": ["on_boundary && x[0]>0.37256 && x[0]< 0.46055 && x[1]>0.17423 && x[1]< 0.26222", "on_boundary && x[0]>0.78371 && x[0]< 0.87624 && x[1]>0.09861 && x[1]< 0.19114"], "height": 0.41, "width": 1.6, "inflow_peak": 0.354}