{"nodes": 1949, "object_boundaries": ["on_boundary && x[0]>0.30473 && x[0]< 0.53106 && x[1]>0.17466 && x[1]< 0.40098"], "height": 0.41, "width": 1.6, "inflow_peak": 0.61}