{"nodes": 1942, "object_boundaries": ["on_boundary && x[0]>0.07362 && x[0]< 0.28517 && x[1]>0.16315 && x[1]< 0.37469"], "height": 0.41, "width": 1.6, "inflow_peak": 1.49}