{"nodes": 1805, "object_boundaries": ["on_boundary && x[0]>0.12158 && x[0]< 0.27618 && x[1]>0.01957 && x[1]< 0.1941"], "height": 0.41, "width": 1.6, "inflow_peak": 1.69}