{"nodes": 1702, "object_boundaries": ["on_boundary && x[0]>0.07484 && x[0]< 0.31788 && x[1]>0.12469 && x[1]< 0.38195"], "height": 0.41, "width": 1.6, "inflow_peak": 0.59}