{"nodes": 2051, "cells": 3889, "object_boundaries": ["on_boundary && x[0]>0.14673 && x[0]< 0.36912 && x[1]>0.10726 && x[1]< 0.27691"], "height": 0.41, "width": 1.6, "inflow_peak": 1.98}