{"nodes": 1751, "object_boundaries": ["on_boundary && x[0]>0.38316 && x[0]< 0.55757 && x[1]>0.11523 && x[1]< 0.29992"], "height": 0.41, "width": 1.6, "inflow_peak": 1.5}