{"nodes": 2077, "cells": 3932, "object_boundaries": ["on_boundary && x[0]>0.32775 && x[0]< 0.42946 && x[1]>0.15157 && x[1]< 0.31865"], "height": 0.41, "width": 1.6, "inflow_peak": 1.602}