{"nodes": 2136, "object_boundaries": ["on_boundary && x[0]>0.15563 && x[0]< 0.43563 && x[1]>0.04763 && x[1]< 0.32763"], "height": 0.41, "width": 1.6, "inflow_peak": 0.728}