{"nodes": 2021, "object_boundaries": ["on_boundary && x[0]>0.27676 && x[0]< 0.48383 && x[1]>0.13257 && x[1]< 0.33965"], "height": 0.41, "width": 1.6, "inflow_peak": 1.006}