{"nodes": 2124, "object_boundaries": ["on_boundary && x[0]>0.14389 && x[0]< 0.31905 && x[1]>0.0942 && x[1]< 0.26935"], "height": 0.41, "width": 1.6, "inflow_peak": 1.278}