{"nodes": 1965, "cells": 3730, "object_boundaries": ["on_boundary && x[0]>0.13331 && x[0]< 0.29052 && x[1]>0.0672 && x[1]< 0.2244"], "height": 0.41, "width": 1.6, "inflow_peak": 0.731}