{"nodes": 2149, "cells": 4071, "object_boundaries": ["on_boundary && x[0]>0.35407 && x[0]< 0.59483 && x[1]>0.10827 && x[1]< 0.34004"], "height": 0.41, "width": 1.6, "inflow_peak": 0.32}