{"nodes": 2018, "cells": 3804, "object_boundaries": ["on_boundary && x[0]>0.13991 && x[0]< 0.30867 && x[1]>0.05468 && x[1]< 0.22345"], "height": 0.41, "width": 1.6, "inflow_peak": 1.206}