{"nodes": 1799, "object_boundaries": ["on_boundary && x[0]>0.34185 && x[0]< 0.51464 && x[1]>0.14345 && x[1]< 0.31624"], "height": 0.41, "width": 1.6, "inflow_peak": 0.93}