{"nodes": 1713, "object_boundaries": ["on_boundary && x[0]>0.11359 && x[0]< 0.32801 && x[1]>0.01324 && x[1]< 0.22444"], "height": 0.41, "width": 1.6, "inflow_peak": 1.12}