{"nodes": 1714, "object_boundaries": ["on_boundary && x[0]>0.1896 && x[0]< 0.40964 && x[1]>0.06173 && x[1]< 0.27482"], "height": 0.41, "width": 1.6, "inflow_peak": 1.32}