{"nodes": 1936, "object_boundaries": ["on_boundary && x[0]>0.1647 && x[0]< 0.38339 && x[1]>0.18123 && x[1]< 0.39991"], "height": 0.41, "width": 1.6, "inflow_peak": 1.962}