{"nodes": 2101, "cells": 3973, "object_boundaries": ["on_boundary && x[0]>0.30077 && x[0]< 0.54887 && x[1]>0.00207 && x[1]< 0.25017"], "height": 0.41, "width": 1.6, "inflow_peak": 0.397}