{"nodes": 2355, "object_boundaries": ["on_boundary && x[0]>0.28449 && x[0]< 0.42491 && x[1]>0.08924 && x[1]< 0.22967"], "height": 0.41, "width": 1.6, "inflow_peak": 0.562}