{"nodes": 2013, "object_boundaries": ["on_boundary && x[0]>0.39282 && x[0]< 0.60549 && x[1]>0.08259 && x[1]< 0.29525"], "height": 0.41, "width": 1.6, "inflow_peak": 1.657}