{"nodes": 2325, "object_boundaries": ["on_boundary && x[0]>0.40537 && x[0]< 0.55465 && x[1]>0.16914 && x[1]< 0.31842"], "height": 0.41, "width": 1.6, "inflow_peak": 1.554}