{"nodes": 1991, "object_boundaries": ["on_boundary && x[0]>0.11295 && x[0]< 0.31153 && x[1]>0.07038 && x[1]< 0.26896"], "height": 0.41, "width": 1.6, "inflow_peak": 1.675}