{"nodes": 1763, "object_boundaries": ["on_boundary && x[0]>0.43009 && x[0]< 0.60892 && x[1]>0.09394 && x[1]< 0.27277"], "height": 0.41, "width": 1.6, "inflow_peak": 2.12}