{"nodes": 2071, "cells": 3927, "object_boundaries": ["on_boundary && x[0]>0.10613 && x[0]< 0.30419 && x[1]>0.07081 && x[1]< 0.25988"], "height": 0.41, "width": 1.6, "inflow_peak": 2.0}