{"nodes": 2235, "object_boundaries": ["on_boundary && x[0]>0.21297 && x[0]< 0.377 && x[1]>0.12414 && x[1]< 0.28817"], "height": 0.41, "width": 1.6, "inflow_peak": 1.45}