{"nodes": 2528, "cells": 4785, "object_boundaries": ["on_boundary && x[0]>0.15541 && x[0]< 0.31554 && x[1]>0.18651 && x[1]< 0.34664", "on_boundary && x[0]>0.6493 && x[0]< 0.79637 && x[1]>0.21081 && x[1]< 0.35788"], "height": 0.41, "width": 1.6, "inflow_peak": 2.209}