{"nodes": 2790, "object_boundaries": ["on_boundary && x[0]>0.09496 && x[0]< 0.29666 && x[1]>0.09265 && x[1]< 0.29434", "on_boundary && x[0]>0.73356 && x[0]< 0.8799 && x[1]>0.16056 && x[1]< 0.30691"], "height": 0.41, "width": 1.6, "inflow_peak": 2.19}