{"nodes": 2237, "object_boundaries": ["on_boundary && x[0]>0.18906 && x[0]< 0.34621 && x[1]>0.03287 && x[1]< 0.19002"], "height": 0.41, "width": 1.6, "inflow_peak": 1.967}