{"nodes": 1983, "cells": 3750, "object_boundaries": ["on_boundary && x[0]>0.1428 && x[0]< 0.25921 && x[1]>0.221 && x[1]< 0.33741"], "height": 0.41, "width": 1.6, "inflow_peak": 1.375}