{"nodes": 1821, "object_boundaries": ["on_boundary && x[0]>0.19933 && x[0]< 0.45654 && x[1]>0.06662 && x[1]< 0.32383"], "height": 0.41, "width": 1.6, "inflow_peak": 0.733}