{"nodes": 1963, "object_boundaries": ["on_boundary && x[0]>0.11171 && x[0]< 0.31745 && x[1]>0.19133 && x[1]< 0.39706"], "height": 0.41, "width": 1.6, "inflow_peak": 1.556}