{"nodes": 2349, "object_boundaries": ["on_boundary && x[0]>0.21509 && x[0]< 0.44803 && x[1]>0.10721 && x[1]< 0.34015"], "height": 0.41, "width": 1.6, "inflow_peak": 1.27}