{"nodes": 2083, "cells": 3950, "object_boundaries": ["on_boundary && x[0]>0.32837 && x[0]< 0.44479 && x[1]>0.18546 && x[1]< 0.30188"], "height": 0.41, "width": 1.6, "inflow_peak": 1.191}