{"nodes": 2425, "object_boundaries": ["on_boundary && x[0]>0.13907 && x[0]< 0.38507 && x[1]>0.09369 && x[1]< 0.33969", "on_boundary && x[0]>0.64867 && x[0]< 0.8249 && x[1]>0.02662 && x[1]< 0.20285"], "height": 0.41, "width": 1.6, "inflow_peak": 2.03}