{"nodes": 2850, "object_boundaries": ["on_boundary && x[0]>0.2986 && x[0]< 0.4801 && x[1]>0.11839 && x[1]< 0.2999", "on_boundary && x[0]>0.79304 && x[0]< 0.96074 && x[1]>0.1498 && x[1]< 0.31749"], "height": 0.41, "width": 1.6, "inflow_peak": 0.75}