{"nodes": 2303, "object_boundaries": ["on_boundary && x[0]>0.15983 && x[0]< 0.32818 && x[1]>0.02842 && x[1]< 0.19677", "on_boundary && x[0]>0.72453 && x[0]< 0.98158 && x[1]>0.04453 && x[1]< 0.30158"], "height": 0.41, "width": 1.6, "inflow_peak": 1.92}