{"nodes": 1943, "object_boundaries": ["on_boundary && x[0]>0.34316 && x[0]< 0.4895 && x[1]>0.15614 && x[1]< 0.30248"], "height": 0.41, "width": 1.6, "inflow_peak": 1.701}