{"nodes": 1971, "cells": 3743, "object_boundaries": ["on_boundary && x[0]>0.39196 && x[0]< 0.45522 && x[1]>0.07936 && x[1]< 0.14262"], "height": 0.41, "width": 1.6, "inflow_peak": 1.545}