{"nodes": 1984, "object_boundaries": ["on_boundary && x[0]>0.24999 && x[0]< 0.46671 && x[1]>0.02686 && x[1]< 0.24358"], "height": 0.41, "width": 1.6, "inflow_peak": 0.604}