{"nodes": 2107, "object_boundaries": ["on_boundary && x[0]>0.24176 && x[0]< 0.43107 && x[1]>0.1287 && x[1]< 0.31801"], "height": 0.41, "width": 1.6, "inflow_peak": 1.695}