{"nodes": 1910, "object_boundaries": ["on_boundary && x[0]>0.0626 && x[0]< 0.27869 && x[1]>0.11677 && x[1]< 0.31695"], "height": 0.41, "width": 1.6, "inflow_peak": 2.08}