{"nodes": 1724, "object_boundaries": ["on_boundary && x[0]>0.30691 && x[0]< 0.50384 && x[1]>0.1003 && x[1]< 0.32645"], "height": 0.41, "width": 1.6, "inflow_peak": 0.52}