{"nodes": 1724, "object_boundaries": ["on_boundary && x[0]>0.11837 && x[0]< 0.30255 && x[1]>0.18964 && x[1]< 0.35495", "on_boundary && x[0]>0.56028 && x[0]< 0.78493 && x[1]>0.02855 && x[1]< 0.25424"], "height": 0.41, "width": 1.6, "inflow_peak": 1.98}