{"nodes": 1723, "object_boundaries": ["on_boundary && x[0]>0.21662 && x[0]< 0.42966 && x[1]>0.17783 && x[1]< 0.39002"], "height": 0.41, "width": 1.6, "inflow_peak": 2.02}