{"nodes": 1870, "object_boundaries": ["on_boundary && x[0]>0.10667 && x[0]< 0.33045 && x[1]>0.09188 && x[1]< 0.33988"], "height": 0.41, "width": 1.6, "inflow_peak": 0.86}