{"nodes": 2057, "object_boundaries": ["on_boundary && x[0]>0.1865 && x[0]< 0.43868 && x[1]>0.02649 && x[1]< 0.2056"], "height": 0.41, "width": 1.6, "inflow_peak": 1.99}