{"nodes": 1892, "object_boundaries": ["on_boundary && x[0]>0.11709 && x[0]< 0.32887 && x[1]>0.08003 && x[1]< 0.32598"], "height": 0.41, "width": 1.6, "inflow_peak": 1.58}