{"nodes": 2217, "object_boundaries": ["on_boundary && x[0]>0.15912 && x[0]< 0.3258 && x[1]>0.20337 && x[1]< 0.36607"], "height": 0.41, "width": 1.6, "inflow_peak": 2.35}