{"nodes": 2083, "cells": 3935, "object_boundaries": ["on_boundary && x[0]>0.2364 && x[0]< 0.40255 && x[1]>0.10677 && x[1]< 0.27293"], "height": 0.41, "width": 1.6, "inflow_peak": 0.675}