{"nodes": 2109, "object_boundaries": ["on_boundary && x[0]>0.24486 && x[0]< 0.42414 && x[1]>0.04812 && x[1]< 0.2274"], "height": 0.41, "width": 1.6, "inflow_peak": 0.706}