{"nodes": 2315, "object_boundaries": ["on_boundary && x[0]>0.35462 && x[0]< 0.50147 && x[1]>0.16768 && x[1]< 0.31452"], "height": 0.41, "width": 1.6, "inflow_peak": 0.355}