{"nodes": 2218, "object_boundaries": ["on_boundary && x[0]>0.30198 && x[0]< 0.47684 && x[1]>0.13552 && x[1]< 0.31038"], "height": 0.41, "width": 1.6, "inflow_peak": 0.848}