{"nodes": 1866, "object_boundaries": ["on_boundary && x[0]>0.28519 && x[0]< 0.5279 && x[1]>0.15594 && x[1]< 0.39864"], "height": 0.41, "width": 1.6, "inflow_peak": 1.733}