{"nodes": 2039, "object_boundaries": ["on_boundary && x[0]>0.12838 && x[0]< 0.34208 && x[1]>0.11988 && x[1]< 0.31445"], "height": 0.41, "width": 1.6, "inflow_peak": 1.08}