{"nodes": 2564, "cells": 4871, "object_boundaries": ["on_boundary && x[0]>0.22277 && x[0]< 0.36095 && x[1]>0.09583 && x[1]< 0.23844", "on_boundary && x[0]>0.92873 && x[0]< 0.99577 && x[1]>0.05709 && x[1]< 0.20961"], "height": 0.41, "width": 1.6, "inflow_peak": 0.963}