{"nodes": 2500, "object_boundaries": ["on_boundary && x[0]>0.33402 && x[0]< 0.52799 && x[1]>0.12532 && x[1]< 0.25065"], "height": 0.41, "width": 1.6, "inflow_peak": 1.24}