{"nodes": 1799, "object_boundaries": ["on_boundary && x[0]>0.36994 && x[0]< 0.54611 && x[1]>0.03701 && x[1]< 0.21047"], "height": 0.41, "width": 1.6, "inflow_peak": 2.16}