{"nodes": 2074, "object_boundaries": ["on_boundary && x[0]>0.12891 && x[0]< 0.29385 && x[1]>0.07095 && x[1]< 0.26309"], "height": 0.41, "width": 1.6, "inflow_peak": 1.88}