{"nodes": 1731, "object_boundaries": ["on_boundary && x[0]>0.32695 && x[0]< 0.56456 && x[1]>0.05889 && x[1]< 0.2965"], "height": 0.41, "width": 1.6, "inflow_peak": 2.2}