{"nodes": 1725, "object_boundaries": ["on_boundary && x[0]>0.11473 && x[0]< 0.29936 && x[1]>0.12478 && x[1]< 0.30941"], "height": 0.41, "width": 1.6, "inflow_peak": 0.89}