{"nodes": 2118, "cells": 4006, "object_boundaries": ["on_boundary && x[0]>0.08447 && x[0]< 0.33391 && x[1]>0.06092 && x[1]< 0.29349"], "height": 0.41, "width": 1.6, "inflow_peak": 2.01}