{"nodes": 1713, "object_boundaries": ["on_boundary && x[0]>0.16833 && x[0]< 0.36085 && x[1]>0.12394 && x[1]< 0.32513"], "height": 0.41, "width": 1.6, "inflow_peak": 1.61}