{"nodes": 1960, "object_boundaries": ["on_boundary && x[0]>0.1805 && x[0]< 0.39725 && x[1]>0.08195 && x[1]< 0.29871"], "height": 0.41, "width": 1.6, "inflow_peak": 0.62}