{"nodes": 2076, "object_boundaries": ["on_boundary && x[0]>0.29459 && x[0]< 0.50676 && x[1]>0.08802 && x[1]< 0.30019"], "height": 0.41, "width": 1.6, "inflow_peak": 0.986}