{"nodes": 1987, "object_boundaries": ["on_boundary && x[0]>0.31556 && x[0]< 0.53654 && x[1]>0.10763 && x[1]< 0.32861"], "height": 0.41, "width": 1.6, "inflow_peak": 1.079}