{"nodes": 2074, "object_boundaries": ["on_boundary && x[0]>0.34059 && x[0]< 0.52971 && x[1]>0.18421 && x[1]< 0.37333"], "height": 0.41, "width": 1.6, "inflow_peak": 0.83}