{"nodes": 2081, "cells": 3948, "object_boundaries": ["on_boundary && x[0]>0.34418 && x[0]< 0.54433 && x[1]>0.10736 && x[1]< 0.31011"], "height": 0.41, "width": 1.6, "inflow_peak": 0.55}