{"nodes": 2162, "object_boundaries": ["on_boundary && x[0]>0.18299 && x[0]< 0.34909 && x[1]>0.09261 && x[1]< 0.32662"], "height": 0.41, "width": 1.6, "inflow_peak": 0.8}