{"nodes": 2012, "cells": 3803, "object_boundaries": ["on_boundary && x[0]>0.11583 && x[0]< 0.25949 && x[1]>0.21241 && x[1]< 0.33366"], "height": 0.41, "width": 1.6, "inflow_peak": 1.695}