{"nodes": 2165, "object_boundaries": ["on_boundary && x[0]>0.39288 && x[0]< 0.58133 && x[1]>0.15913 && x[1]< 0.34758"], "height": 0.41, "width": 1.6, "inflow_peak": 0.63}