{"nodes": 1951, "object_boundaries": ["on_boundary && x[0]>0.07335 && x[0]< 0.28558 && x[1]>0.08589 && x[1]< 0.29812"], "height": 0.41, "width": 1.6, "inflow_peak": 0.87}