{"nodes": 1917, "object_boundaries": ["on_boundary && x[0]>0.35838 && x[0]< 0.5944 && x[1]>0.12186 && x[1]< 0.35788"], "height": 0.41, "width": 1.6, "inflow_peak": 2.195}