{"nodes": 2080, "object_boundaries": ["on_boundary && x[0]>0.25385 && x[0]< 0.46205 && x[1]>0.08384 && x[1]< 0.29203"], "height": 0.41, "width": 1.6, "inflow_peak": 1.544}