{"nodes": 2047, "cells": 3868, "object_boundaries": ["on_boundary && x[0]>0.22729 && x[0]< 0.46755 && x[1]>0.17827 && x[1]< 0.41854"], "height": 0.41, "width": 1.6, "inflow_peak": 1.777}