{"nodes": 2059, "object_boundaries": ["on_boundary && x[0]>0.20599 && x[0]< 0.43585 && x[1]>0.13668 && x[1]< 0.35729"], "height": 0.41, "width": 1.6, "inflow_peak": 1.5}