{"nodes": 1698, "object_boundaries": ["on_boundary && x[0]>0.05453 && x[0]< 0.27786 && x[1]>0.20703 && x[1]< 0.41711"], "height": 0.41, "width": 1.6, "inflow_peak": 1.69}