{"nodes": 2029, "object_boundaries": ["on_boundary && x[0]>0.38524 && x[0]< 0.59321 && x[1]>0.16302 && x[1]< 0.371"], "height": 0.41, "width": 1.6, "inflow_peak": 0.45}