{"nodes": 2357, "object_boundaries": ["on_boundary && x[0]>0.39045 && x[0]< 0.54327 && x[1]>0.11495 && x[1]< 0.26777"], "height": 0.41, "width": 1.6, "inflow_peak": 0.29}