{"nodes": 2925, "object_boundaries": ["on_boundary && x[0]>0.30381 && x[0]< 0.44161 && x[1]>0.17808 && x[1]< 0.31589", "on_boundary && x[0]>0.75453 && x[0]< 0.92171 && x[1]>0.1263 && x[1]< 0.29348"], "height": 0.41, "width": 1.6, "inflow_peak": 1.51}