{"nodes": 2032, "cells": 3845, "object_boundaries": ["on_boundary && x[0]>0.19933 && x[0]< 0.32533 && x[1]>0.1063 && x[1]< 0.2323"], "height": 0.41, "width": 1.6, "inflow_peak": 1.076}