{"nodes": 2132, "object_boundaries": ["on_boundary && x[0]>0.29685 && x[0]< 0.48476 && x[1]>0.05673 && x[1]< 0.24464"], "height": 0.41, "width": 1.6, "inflow_peak": 1.04}