{"nodes": 1871, "object_boundaries": ["on_boundary && x[0]>0.18715 && x[0]< 0.42763 && x[1]>0.13829 && x[1]< 0.37877"], "height": 0.41, "width": 1.6, "inflow_peak": 0.28}