{"nodes": 2120, "cells": 4008, "object_boundaries": ["on_boundary && x[0]>0.28209 && x[0]< 0.53951 && x[1]>0.05144 && x[1]< 0.30886"], "height": 0.41, "width": 1.6, "inflow_peak": 0.42}