{"nodes": 1991, "cells": 3776, "object_boundaries": ["on_boundary && x[0]>0.21804 && x[0]< 0.31069 && x[1]>0.06946 && x[1]< 0.16211"], "height": 0.41, "width": 1.6, "inflow_peak": 0.381}