{"nodes": 1761, "object_boundaries": ["on_boundary && x[0]>0.1001 && x[0]< 0.28119 && x[1]>0.0385 && x[1]< 0.21959"], "height": 0.41, "width": 1.6, "inflow_peak": 0.41}