{"nodes": 2079, "object_boundaries": ["on_boundary && x[0]>0.17641 && x[0]< 0.37349 && x[1]>0.10661 && x[1]< 0.30369"], "height": 0.41, "width": 1.6, "inflow_peak": 1.37}