{"nodes": 2083, "cells": 3946, "object_boundaries": ["on_boundary && x[0]>0.18647 && x[0]< 0.41999 && x[1]>0.14742 && x[1]< 0.35571"], "height": 0.41, "width": 1.6, "inflow_peak": 0.31}