{"nodes": 2182, "object_boundaries": ["on_boundary && x[0]>0.46443 && x[0]< 0.59557 && x[1]>0.08297 && x[1]< 0.30267"], "height": 0.41, "width": 1.6, "inflow_peak": 2.11}