{"nodes": 2047, "cells": 3880, "object_boundaries": ["on_boundary && x[0]>0.15042 && x[0]< 0.29631 && x[1]>0.16051 && x[1]< 0.23026"], "height": 0.41, "width": 1.6, "inflow_peak": 1.551}