{"nodes": 2530, "object_boundaries": ["on_boundary && x[0]>0.33813 && x[0]< 0.49496 && x[1]>0.13102 && x[1]< 0.28785", "on_boundary && x[0]>0.53702 && x[0]< 0.76666 && x[1]>0.02264 && x[1]< 0.25228"], "height": 0.41, "width": 1.6, "inflow_peak": 0.67}