{"nodes": 1970, "object_boundaries": ["on_boundary && x[0]>0.18373 && x[0]< 0.40065 && x[1]>0.15846 && x[1]< 0.37537"], "height": 0.41, "width": 1.6, "inflow_peak": 1.6}