{"nodes": 2184, "object_boundaries": ["on_boundary && x[0]>0.36767 && x[0]< 0.59647 && x[1]>-0.00668 && x[1]< 0.22212", "on_boundary && x[0]>0.6091 && x[0]< 0.82756 && x[1]>0.11027 && x[1]< 0.32874"], "height": 0.41, "width": 1.6, "inflow_peak": 1.78}