{"nodes": 1870, "object_boundaries": ["on_boundary && x[0]>0.33627 && x[0]< 0.49096 && x[1]>0.03163 && x[1]< 0.18633"], "height": 0.41, "width": 1.6, "inflow_peak": 1.27}