{"nodes": 2224, "object_boundaries": ["on_boundary && x[0]>0.12913 && x[0]< 0.28518 && x[1]>0.20997 && x[1]< 0.36601"], "height": 0.41, "width": 1.6, "inflow_peak": 1.79}