{"nodes": 2031, "cells": 3860, "object_boundaries": ["on_boundary && x[0]>0.35837 && x[0]< 0.51537 && x[1]>0.02801 && x[1]< 0.18501"], "height": 0.41, "width": 1.6, "inflow_peak": 1.42}