{"nodes": 1672, "object_boundaries": ["on_boundary && x[0]>0.24456 && x[0]< 0.45104 && x[1]>0.08294 && x[1]< 0.28905"], "height": 0.41, "width": 1.6, "inflow_peak": 1.25}