{"nodes": 1731, "object_boundaries": ["on_boundary && x[0]>0.10525 && x[0]< 0.31225 && x[1]>0.07444 && x[1]< 0.28144"], "height": 0.41, "width": 1.6, "inflow_peak": 1.29}