{"nodes": 2364, "object_boundaries": ["on_boundary && x[0]>0.33848 && x[0]< 0.56519 && x[1]>0.09869 && x[1]< 0.22996"], "height": 0.41, "width": 1.6, "inflow_peak": 0.83}