{"nodes": 2237, "object_boundaries": ["on_boundary && x[0]>0.28903 && x[0]< 0.49297 && x[1]>0.16893 && x[1]< 0.28893"], "height": 0.41, "width": 1.6, "inflow_peak": 1.36}