{"nodes": 2170, "cells": 4126, "object_boundaries": ["on_boundary && x[0]>0.31387 && x[0]< 0.50226 && x[1]>0.14612 && x[1]< 0.33451"], "height": 0.41, "width": 1.6, "inflow_peak": 0.41}