{"nodes": 2093, "cells": 3974, "object_boundaries": ["on_boundary && x[0]>0.36443 && x[0]< 0.46695 && x[1]>0.15956 && x[1]< 0.25115"], "height": 0.41, "width": 1.6, "inflow_peak": 2.178}