{"nodes": 2006, "cells": 3815, "object_boundaries": ["on_boundary && x[0]>0.32654 && x[0]< 0.47602 && x[1]>0.2147 && x[1]< 0.36418"], "height": 0.41, "width": 1.6, "inflow_peak": 0.644}