{"nodes": 1962, "object_boundaries": ["on_boundary && x[0]>0.38424 && x[0]< 0.60093 && x[1]>0.17795 && x[1]< 0.39464"], "height": 0.41, "width": 1.6, "inflow_peak": 0.94}