{"nodes": 2178, "object_boundaries": ["on_boundary && x[0]>0.09317 && x[0]< 0.24577 && x[1]>0.20936 && x[1]< 0.36196"], "height": 0.41, "width": 1.6, "inflow_peak": 1.307}