{"nodes": 1924, "object_boundaries": ["on_boundary && x[0]>0.11632 && x[0]< 0.3402 && x[1]>0.06657 && x[1]< 0.29046"], "height": 0.41, "width": 1.6, "inflow_peak": 1.962}