{"nodes": 1686, "object_boundaries": ["on_boundary && x[0]>0.04028 && x[0]< 0.26011 && x[1]>0.10788 && x[1]< 0.33203"], "height": 0.41, "width": 1.6, "inflow_peak": 0.58}