{"nodes": 2038, "cells": 3845, "object_boundaries": ["on_boundary && x[0]>0.05977 && x[0]< 0.23812 && x[1]>0.07526 && x[1]< 0.22041"], "height": 0.41, "width": 1.6, "inflow_peak": 1.847}