{"nodes": 1978, "cells": 3741, "object_boundaries": ["on_boundary && x[0]>0.10157 && x[0]< 0.21693 && x[1]>0.15378 && x[1]< 0.26914"], "height": 0.41, "width": 1.6, "inflow_peak": 0.981}