{"nodes": 2083, "cells": 3937, "object_boundaries": ["on_boundary && x[0]>0.17157 && x[0]< 0.41954 && x[1]>0.12758 && x[1]< 0.37555"], "height": 0.41, "width": 1.6, "inflow_peak": 1.437}