{"nodes": 2205, "object_boundaries": ["on_boundary && x[0]>0.36121 && x[0]< 0.61678 && x[1]>0.01639 && x[1]< 0.27196"], "height": 0.41, "width": 1.6, "inflow_peak": 0.15}