{"nodes": 2001, "object_boundaries": ["on_boundary && x[0]>0.29041 && x[0]< 0.50525 && x[1]>0.00362 && x[1]< 0.21846"], "height": 0.41, "width": 1.6, "inflow_peak": 1.54}