{"nodes": 2237, "object_boundaries": ["on_boundary && x[0]>0.18955 && x[0]< 0.42253 && x[1]>0.15829 && x[1]< 0.31571"], "height": 0.41, "width": 1.6, "inflow_peak": 1.71}