{"nodes": 2217, "object_boundaries": ["on_boundary && x[0]>0.30898 && x[0]< 0.52792 && x[1]>0.17976 && x[1]< 0.33922"], "height": 0.41, "width": 1.6, "inflow_peak": 1.88}