{"nodes": 1962, "cells": 3713, "object_boundaries": ["on_boundary && x[0]>0.10241 && x[0]< 0.28384 && x[1]>0.16078 && x[1]< 0.36525"], "height": 0.41, "width": 1.6, "inflow_peak": 0.69}