{"nodes": 2189, "cells": 4139, "object_boundaries": ["on_boundary && x[0]>0.24223 && x[0]< 0.50828 && x[1]>0.14586 && x[1]< 0.42214"], "height": 0.41, "width": 1.6, "inflow_peak": 2.09}