{"nodes": 1690, "object_boundaries": ["on_boundary && x[0]>0.35772 && x[0]< 0.51589 && x[1]>0.18027 && x[1]< 0.33844"], "height": 0.41, "width": 1.6, "inflow_peak": 1.87}