{"nodes": 1677, "object_boundaries": ["on_boundary && x[0]>0.29086 && x[0]< 0.49857 && x[1]>0.13415 && x[1]< 0.33967"], "height": 0.41, "width": 1.6, "inflow_peak": 1.93}