{"nodes": 1730, "object_boundaries": ["on_boundary && x[0]>0.1764 && x[0]< 0.41095 && x[1]>0.00271 && x[1]< 0.23726"], "height": 0.41, "width": 1.6, "inflow_peak": 2.13}