{"nodes": 1686, "object_boundaries": ["on_boundary && x[0]>0.18278 && x[0]< 0.43298 && x[1]>0.09937 && x[1]< 0.35086", "on_boundary && x[0]>0.70095 && x[0]< 0.90922 && x[1]>0.01278 && x[1]< 0.22385"], "height": 0.41, "width": 1.6, "inflow_peak": 0.73}