{"nodes": 2040, "cells": 3868, "object_boundaries": ["on_boundary && x[0]>0.22954 && x[0]< 0.41271 && x[1]>0.08567 && x[1]< 0.29181"], "height": 0.41, "width": 1.6, "inflow_peak": 1.31}