{"nodes": 1968, "cells": 3725, "object_boundaries": ["on_boundary && x[0]>0.12291 && x[0]< 0.18195 && x[1]>0.21379 && x[1]< 0.34908"], "height": 0.41, "width": 1.6, "inflow_peak": 1.572}