{"nodes": 2088, "cells": 3949, "object_boundaries": ["on_boundary && x[0]>0.18598 && x[0]< 0.33835 && x[1]>0.06086 && x[1]< 0.20711"], "height": 0.41, "width": 1.6, "inflow_peak": 0.937}