{"nodes": 1982, "cells": 3762, "object_boundaries": ["on_boundary && x[0]>0.08874 && x[0]< 0.25191 && x[1]>0.10608 && x[1]< 0.26926"], "height": 0.41, "width": 1.6, "inflow_peak": 0.79}