{"nodes": 2002, "cells": 3794, "object_boundaries": ["on_boundary && x[0]>0.25789 && x[0]< 0.35651 && x[1]>0.16044 && x[1]< 0.25907"], "height": 0.41, "width": 1.6, "inflow_peak": 2.136}