{"nodes": 2078, "cells": 3950, "object_boundaries": ["on_boundary && x[0]>0.37681 && x[0]< 0.49042 && x[1]>0.19401 && x[1]< 0.24937"], "height": 0.41, "width": 1.6, "inflow_peak": 2.138}