{"nodes": 2162, "object_boundaries": ["on_boundary && x[0]>0.22261 && x[0]< 0.3976 && x[1]>0.12041 && x[1]< 0.30456"], "height": 0.41, "width": 1.6, "inflow_peak": 1.28}