{"nodes": 2110, "object_boundaries": ["on_boundary && x[0]>0.29807 && x[0]< 0.46664 && x[1]>0.02992 && x[1]< 0.23145"], "height": 0.41, "width": 1.6, "inflow_peak": 1.28}