{"nodes": 2106, "object_boundaries": ["on_boundary && x[0]>0.07518 && x[0]< 0.25611 && x[1]>0.16427 && x[1]< 0.33538"], "height": 0.41, "width": 1.6, "inflow_peak": 0.62}