{"nodes": 1852, "object_boundaries": ["on_boundary && x[0]>0.11416 && x[0]< 0.33429 && x[1]>-0.00249 && x[1]< 0.24898"], "height": 0.41, "width": 1.6, "inflow_peak": 1.71}