{"nodes": 2054, "cells": 3891, "object_boundaries": ["on_boundary && x[0]>0.21411 && x[0]< 0.37535 && x[1]>0.0838 && x[1]< 0.33543"], "height": 0.41, "width": 1.6, "inflow_peak": 1.56}