{"nodes": 2097, "cells": 3978, "object_boundaries": ["on_boundary && x[0]>0.36135 && x[0]< 0.48049 && x[1]>0.11221 && x[1]< 0.23136"], "height": 0.41, "width": 1.6, "inflow_peak": 1.17}