{"nodes": 2105, "object_boundaries": ["on_boundary && x[0]>0.18672 && x[0]< 0.37587 && x[1]>0.13108 && x[1]< 0.32023"], "height": 0.41, "width": 1.6, "inflow_peak": 2.35}