{"nodes": 1915, "object_boundaries": ["on_boundary && x[0]>0.02563 && x[0]< 0.23437 && x[1]>0.06103 && x[1]< 0.26978"], "height": 0.41, "width": 1.6, "inflow_peak": 1.587}