{"nodes": 2040, "cells": 3880, "object_boundaries": ["on_boundary && x[0]>0.28484 && x[0]< 0.44148 && x[1]>0.12547 && x[1]< 0.28211"], "height": 0.41, "width": 1.6, "inflow_peak": 1.618}