{"nodes": 1991, "cells": 3785, "object_boundaries": ["on_boundary && x[0]>0.40689 && x[0]< 0.55475 && x[1]>0.206 && x[1]< 0.35386"], "height": 0.41, "width": 1.6, "inflow_peak": 0.541}