{"nodes": 2145, "object_boundaries": ["on_boundary && x[0]>0.38796 && x[0]< 0.58709 && x[1]>0.10482 && x[1]< 0.29377"], "height": 0.41, "width": 1.6, "inflow_peak": 0.48}