{"nodes": 2055, "cells": 3895, "object_boundaries": ["on_boundary && x[0]>0.32872 && x[0]< 0.40034 && x[1]>0.17689 && x[1]< 0.32646"], "height": 0.41, "width": 1.6, "inflow_peak": 1.374}