{"nodes": 2033, "object_boundaries": ["on_boundary && x[0]>0.29782 && x[0]< 0.49538 && x[1]>0.05225 && x[1]< 0.26146"], "height": 0.41, "width": 1.6, "inflow_peak": 1.55}