{"nodes": 1998, "object_boundaries": ["on_boundary && x[0]>0.34133 && x[0]< 0.56963 && x[1]>0.00604 && x[1]< 0.21872"], "height": 0.41, "width": 1.6, "inflow_peak": 1.92}