{"nodes": 2846, "object_boundaries": ["on_boundary && x[0]>0.22462 && x[0]< 0.47325 && x[1]>0.11512 && x[1]< 0.28915", "on_boundary && x[0]>0.72119 && x[0]< 0.86035 && x[1]>0.11572 && x[1]< 0.27012"], "height": 0.41, "width": 1.6, "inflow_peak": 0.62}