{"nodes": 2082, "cells": 3952, "object_boundaries": ["on_boundary && x[0]>0.16854 && x[0]< 0.36173 && x[1]>0.12107 && x[1]< 0.32101"], "height": 0.41, "width": 1.6, "inflow_peak": 0.29}