{"nodes": 1706, "object_boundaries": ["on_boundary && x[0]>0.11161 && x[0]< 0.32635 && x[1]>0.02176 && x[1]< 0.22516"], "height": 0.41, "width": 1.6, "inflow_peak": 0.43}