{"nodes": 1733, "object_boundaries": ["on_boundary && x[0]>0.2037 && x[0]< 0.38733 && x[1]>0.11116 && x[1]< 0.30176"], "height": 0.41, "width": 1.6, "inflow_peak": 1.91}