{"nodes": 2171, "object_boundaries": ["on_boundary && x[0]>0.21631 && x[0]< 0.39265 && x[1]>0.13171 && x[1]< 0.30805"], "height": 0.41, "width": 1.6, "inflow_peak": 1.36}