{"nodes": 2016, "object_boundaries": ["on_boundary && x[0]>0.25848 && x[0]< 0.45377 && x[1]>0.17249 && x[1]< 0.36777"], "height": 0.41, "width": 1.6, "inflow_peak": 1.09}