{"nodes": 1995, "object_boundaries": ["on_boundary && x[0]>0.14584 && x[0]< 0.35329 && x[1]>0.17379 && x[1]< 0.38125"], "height": 0.41, "width": 1.6, "inflow_peak": 0.8}