{"nodes": 1714, "object_boundaries": ["on_boundary && x[0]>0.24759 && x[0]< 0.46127 && x[1]>0.1319 && x[1]< 0.34558"], "height": 0.41, "width": 1.6, "inflow_peak": 0.43}