{"nodes": 1663, "object_boundaries": ["on_boundary && x[0]>0.0171 && x[0]< 0.28751 && x[1]>0.09116 && x[1]< 0.35449"], "height": 0.41, "width": 1.6, "inflow_peak": 1.87}