{"nodes": 1666, "object_boundaries": ["on_boundary && x[0]>0.32373 && x[0]< 0.51153 && x[1]>0.01768 && x[1]< 0.20075"], "height": 0.41, "width": 1.6, "inflow_peak": 2.02}