{"nodes": 3016, "object_boundaries": ["on_boundary && x[0]>0.13003 && x[0]< 0.31745 && x[1]>0.15262 && x[1]< 0.34005", "on_boundary && x[0]>0.83803 && x[0]< 1.09758 && x[1]>0.0624 && x[1]< 0.32195"], "height": 0.41, "width": 1.6, "inflow_peak": 1.82}