{"nodes": 2591, "object_boundaries": ["on_boundary && x[0]>0.24345 && x[0]< 0.47702 && x[1]>0.09129 && x[1]< 0.32486", "on_boundary && x[0]>0.72074 && x[0]< 0.88786 && x[1]>0.16369 && x[1]< 0.3308"], "height": 0.41, "width": 1.6, "inflow_peak": 0.4}