{"nodes": 2240, "object_boundaries": ["on_boundary && x[0]>0.29371 && x[0]< 0.46246 && x[1]>0.07597 && x[1]< 0.24471"], "height": 0.41, "width": 1.6, "inflow_peak": 1.261}