{"nodes": 2116, "object_boundaries": ["on_boundary && x[0]>0.06669 && x[0]< 0.23716 && x[1]>0.10395 && x[1]< 0.27442"], "height": 0.41, "width": 1.6, "inflow_peak": 1.071}