{"nodes": 1799, "object_boundaries": ["on_boundary && x[0]>0.07443 && x[0]< 0.33194 && x[1]>0.04739 && x[1]< 0.3049"], "height": 0.41, "width": 1.6, "inflow_peak": 1.407}