{"nodes": 2241, "object_boundaries": ["on_boundary && x[0]>0.40325 && x[0]< 0.57278 && x[1]>0.08294 && x[1]< 0.25247"], "height": 0.41, "width": 1.6, "inflow_peak": 0.394}