{"nodes": 2246, "object_boundaries": ["on_boundary && x[0]>0.31636 && x[0]< 0.48509 && x[1]>0.05831 && x[1]< 0.22704"], "height": 0.41, "width": 1.6, "inflow_peak": 1.579}