{"nodes": 2045, "cells": 3862, "object_boundaries": ["on_boundary && x[0]>0.11861 && x[0]< 0.27412 && x[1]>0.13893 && x[1]< 0.29444"], "height": 0.41, "width": 1.6, "inflow_peak": 0.839}