{"nodes": 2333, "object_boundaries": ["on_boundary && x[0]>0.35762 && x[0]< 0.54483 && x[1]>0.09634 && x[1]< 0.24199"], "height": 0.41, "width": 1.6, "inflow_peak": 2.35}