{"nodes": 1803, "object_boundaries": ["on_boundary && x[0]>0.18443 && x[0]< 0.45488 && x[1]>-0.02586 && x[1]< 0.22586"], "height": 0.41, "width": 1.6, "inflow_peak": 0.15}