{"nodes": 2122, "object_boundaries": ["on_boundary && x[0]>0.32607 && x[0]< 0.56603 && x[1]>0.05856 && x[1]< 0.23222"], "height": 0.41, "width": 1.6, "inflow_peak": 0.94}