{"nodes": 2083, "cells": 3955, "object_boundaries": ["on_boundary && x[0]>0.39704 && x[0]< 0.51722 && x[1]>0.10746 && x[1]< 0.18853"], "height": 0.41, "width": 1.6, "inflow_peak": 1.218}