{"nodes": 2040, "object_boundaries": ["on_boundary && x[0]>0.19072 && x[0]< 0.3497 && x[1]>0.04071 && x[1]< 0.2815"], "height": 0.41, "width": 1.6, "inflow_peak": 1.73}