{"nodes": 2091, "object_boundaries": ["on_boundary && x[0]>0.11219 && x[0]< 0.35274 && x[1]>0.16739 && x[1]< 0.43261"], "height": 0.41, "width": 1.6, "inflow_peak": 2.26}