{"nodes": 2227, "object_boundaries": ["on_boundary && x[0]>0.28236 && x[0]< 0.47403 && x[1]>0.15252 && x[1]< 0.32113"], "height": 0.41, "width": 1.6, "inflow_peak": 1.92}