{"nodes": 2278, "object_boundaries": ["on_boundary && x[0]>0.29566 && x[0]< 0.47989 && x[1]>0.13787 && x[1]< 0.29697"], "height": 0.41, "width": 1.6, "inflow_peak": 0.63}