{"nodes": 2130, "object_boundaries": ["on_boundary && x[0]>0.36812 && x[0]< 0.55511 && x[1]>0.17241 && x[1]< 0.35427"], "height": 0.41, "width": 1.6, "inflow_peak": 1.69}