{"nodes": 2073, "object_boundaries": ["on_boundary && x[0]>0.37003 && x[0]< 0.54823 && x[1]>0.17983 && x[1]< 0.3822"], "height": 0.41, "width": 1.6, "inflow_peak": 1.71}