{"nodes": 2116, "object_boundaries": ["on_boundary && x[0]>0.38081 && x[0]< 0.54897 && x[1]>0.09414 && x[1]< 0.26229"], "height": 0.41, "width": 1.6, "inflow_peak": 1.62}