{"nodes": 1701, "object_boundaries": ["on_boundary && x[0]>0.1816 && x[0]< 0.42879 && x[1]>0.13055 && x[1]< 0.39376"], "height": 0.41, "width": 1.6, "inflow_peak": 1.18}