{"nodes": 1704, "object_boundaries": ["on_boundary && x[0]>0.12906 && x[0]< 0.34166 && x[1]>0.18071 && x[1]< 0.39331"], "height": 0.41, "width": 1.6, "inflow_peak": 2.01}