{"nodes": 2090, "cells": 3962, "object_boundaries": ["on_boundary && x[0]>0.40275 && x[0]< 0.53246 && x[1]>0.2001 && x[1]< 0.32981"], "height": 0.41, "width": 1.6, "inflow_peak": 1.37}