{"nodes": 2075, "cells": 3944, "object_boundaries": ["on_boundary && x[0]>0.4078 && x[0]< 0.56899 && x[1]>0.21037 && x[1]< 0.37156"], "height": 0.41, "width": 1.6, "inflow_peak": 0.73}