{"nodes": 1828, "object_boundaries": ["on_boundary && x[0]>0.25224 && x[0]< 0.50885 && x[1]>0.05126 && x[1]< 0.30786"], "height": 0.41, "width": 1.6, "inflow_peak": 1.05}