{"nodes": 2160, "object_boundaries": ["on_boundary && x[0]>0.30129 && x[0]< 0.47716 && x[1]>0.03595 && x[1]< 0.21181"], "height": 0.41, "width": 1.6, "inflow_peak": 1.37}