{"nodes": 2136, "object_boundaries": ["on_boundary && x[0]>0.38741 && x[0]< 0.58155 && x[1]>0.09901 && x[1]< 0.29315"], "height": 0.41, "width": 1.6, "inflow_peak": 1.69}