{"nodes": 2291, "object_boundaries": ["on_boundary && x[0]>0.30176 && x[0]< 0.5402 && x[1]>0.13611 && x[1]< 0.37455", "on_boundary && x[0]>0.80197 && x[0]< 1.01091 && x[1]>0.029 && x[1]< 0.23794"], "height": 0.41, "width": 1.6, "inflow_peak": 0.97}