{"nodes": 3158, "object_boundaries": ["on_boundary && x[0]>0.28286 && x[0]< 0.51182 && x[1]>0.08786 && x[1]< 0.31683", "on_boundary && x[0]>0.6999 && x[0]< 0.90134 && x[1]>-0.00072 && x[1]< 0.20072"], "height": 0.41, "width": 1.6, "inflow_peak": 2.35}