{"nodes": 1881, "object_boundaries": ["on_boundary && x[0]>0.25663 && x[0]< 0.44531 && x[1]>0.06787 && x[1]< 0.34787"], "height": 0.41, "width": 1.6, "inflow_peak": 0.15}