{"nodes": 2051, "cells": 3885, "object_boundaries": ["on_boundary && x[0]>0.21684 && x[0]< 0.44533 && x[1]>0.02764 && x[1]< 0.21662"], "height": 0.41, "width": 1.6, "inflow_peak": 0.27}