{"nodes": 2238, "object_boundaries": ["on_boundary && x[0]>0.18466 && x[0]< 0.41978 && x[1]>0.10926 && x[1]< 0.36878"], "height": 0.41, "width": 1.6, "inflow_peak": 1.9}