{"nodes": 2098, "object_boundaries": ["on_boundary && x[0]>0.33144 && x[0]< 0.52687 && x[1]>0.16663 && x[1]< 0.36206"], "height": 0.41, "width": 1.6, "inflow_peak": 1.82}