{"nodes": 2048, "object_boundaries": ["on_boundary && x[0]>0.11086 && x[0]< 0.30314 && x[1]>0.09001 && x[1]< 0.28228"], "height": 0.41, "width": 1.6, "inflow_peak": 0.87}