{"nodes": 1953, "object_boundaries": ["on_boundary && x[0]>0.13314 && x[0]< 0.33802 && x[1]>0.13847 && x[1]< 0.34361"], "height": 0.41, "width": 1.6, "inflow_peak": 1.69}