{"nodes": 2265, "object_boundaries": ["on_boundary && x[0]>0.34243 && x[0]< 0.49548 && x[1]>0.02474 && x[1]< 0.17778"], "height": 0.41, "width": 1.6, "inflow_peak": 0.32}