{"nodes": 1691, "object_boundaries": ["on_boundary && x[0]>0.14078 && x[0]< 0.29558 && x[1]>0.15796 && x[1]< 0.31276"], "height": 0.41, "width": 1.6, "inflow_peak": 0.71}