{"nodes": 1803, "object_boundaries": ["on_boundary && x[0]>0.15785 && x[0]< 0.32356 && x[1]>0.16773 && x[1]< 0.33344"], "height": 0.41, "width": 1.6, "inflow_peak": 0.86}