{"nodes": 2018, "cells": 3807, "object_boundaries": ["on_boundary && x[0]>0.04333 && x[0]< 0.2919 && x[1]>0.12594 && x[1]< 0.37451"], "height": 0.41, "width": 1.6, "inflow_peak": 0.63}