{"nodes": 2146, "object_boundaries": ["on_boundary && x[0]>0.15847 && x[0]< 0.33395 && x[1]>0.05464 && x[1]< 0.23012"], "height": 0.41, "width": 1.6, "inflow_peak": 0.81}