{"nodes": 1705, "object_boundaries": ["on_boundary && x[0]>0.11452 && x[0]< 0.35952 && x[1]>0.08695 && x[1]< 0.31366"], "height": 0.41, "width": 1.6, "inflow_peak": 1.79}