{"nodes": 2066, "object_boundaries": ["on_boundary && x[0]>0.25542 && x[0]< 0.41122 && x[1]>-0.00323 && x[1]< 0.23106"], "height": 0.41, "width": 1.6, "inflow_peak": 1.61}