{"nodes": 1682, "object_boundaries": ["on_boundary && x[0]>0.02407 && x[0]< 0.2584 && x[1]>0.01894 && x[1]< 0.34206"], "height": 0.41, "width": 1.6, "inflow_peak": 0.51}