{"nodes": 2696, "object_boundaries": ["on_boundary && x[0]>0.28574 && x[0]< 0.47265 && x[1]>0.1024 && x[1]< 0.34319", "on_boundary && x[0]>0.78158 && x[0]< 0.94274 && x[1]>0.0819 && x[1]< 0.28726"], "height": 0.41, "width": 1.6, "inflow_peak": 1.27}