{"nodes": 2300, "object_boundaries": ["on_boundary && x[0]>0.22163 && x[0]< 0.48009 && x[1]>0.10507 && x[1]< 0.31189", "on_boundary && x[0]>0.65218 && x[0]< 0.90845 && x[1]>0.04698 && x[1]< 0.25106"], "height": 0.41, "width": 1.6, "inflow_peak": 0.91}