{"nodes": 2085, "cells": 3961, "object_boundaries": ["on_boundary && x[0]>0.28743 && x[0]< 0.50074 && x[1]>0.16339 && x[1]< 0.31667"], "height": 0.41, "width": 1.6, "inflow_peak": 1.65}