{"nodes": 2393, "cells": 4543, "object_boundaries": ["on_boundary && x[0]>0.19824 && x[0]< 0.27615 && x[1]>0.08456 && x[1]< 0.1671", "on_boundary && x[0]>0.77436 && x[0]< 0.93234 && x[1]>0.15469 && x[1]< 0.2745"], "height": 0.41, "width": 1.6, "inflow_peak": 1.549}