{"nodes": 2098, "cells": 3972, "object_boundaries": ["on_boundary && x[0]>0.38793 && x[0]< 0.52983 && x[1]>0.05638 && x[1]< 0.19828"], "height": 0.41, "width": 1.6, "inflow_peak": 0.645}