{"nodes": 2031, "object_boundaries": ["on_boundary && x[0]>0.37938 && x[0]< 0.59215 && x[1]>0.08529 && x[1]< 0.29807"], "height": 0.41, "width": 1.6, "inflow_peak": 1.3}