{"nodes": 1979, "object_boundaries": ["on_boundary && x[0]>0.21138 && x[0]< 0.40233 && x[1]>0.13043 && x[1]< 0.32075"], "height": 0.41, "width": 1.6, "inflow_peak": 2.35}