{"nodes": 1948, "object_boundaries": ["on_boundary && x[0]>0.25225 && x[0]< 0.45768 && x[1]>0.05517 && x[1]< 0.29905"], "height": 0.41, "width": 1.6, "inflow_peak": 0.35}