{"nodes": 1977, "cells": 3752, "object_boundaries": ["on_boundary && x[0]>0.11057 && x[0]< 0.28539 && x[1]>0.12639 && x[1]< 0.27788"], "height": 0.41, "width": 1.6, "inflow_peak": 1.16}