{"nodes": 2138, "object_boundaries": ["on_boundary && x[0]>0.37929 && x[0]< 0.61932 && x[1]>0.02405 && x[1]< 0.18064"], "height": 0.41, "width": 1.6, "inflow_peak": 1.78}