{"nodes": 2049, "cells": 3892, "object_boundaries": ["on_boundary && x[0]>0.14848 && x[0]< 0.31122 && x[1]>0.06301 && x[1]< 0.22576"], "height": 0.41, "width": 1.6, "inflow_peak": 0.86}