{"nodes": 2116, "cells": 4014, "object_boundaries": ["on_boundary && x[0]>0.33315 && x[0]< 0.45242 && x[1]>0.12607 && x[1]< 0.25166"], "height": 0.41, "width": 1.6, "inflow_peak": 1.029}