{"nodes": 1753, "object_boundaries": ["on_boundary && x[0]>0.37901 && x[0]< 0.57543 && x[1]>0.06539 && x[1]< 0.2504"], "height": 0.41, "width": 1.6, "inflow_peak": 1.89}