{"nodes": 1693, "object_boundaries": ["on_boundary && x[0]>0.08457 && x[0]< 0.28722 && x[1]>0.00338 && x[1]< 0.20603"], "height": 0.41, "width": 1.6, "inflow_peak": 0.66}