{"nodes": 1669, "object_boundaries": ["on_boundary && x[0]>0.07884 && x[0]< 0.34817 && x[1]>0.03131 && x[1]< 0.29769"], "height": 0.41, "width": 1.6, "inflow_peak": 0.63}