{"nodes": 2831, "object_boundaries": ["on_boundary && x[0]>0.17925 && x[0]< 0.39986 && x[1]>0.19299 && x[1]< 0.35492", "on_boundary && x[0]>0.59381 && x[0]< 0.73578 && x[1]>0.08496 && x[1]< 0.26681"], "height": 0.41, "width": 1.6, "inflow_peak": 1.65}