{"nodes": 1933, "object_boundaries": ["on_boundary && x[0]>0.29029 && x[0]< 0.42675 && x[1]>0.09646 && x[1]< 0.23291"], "height": 0.41, "width": 1.6, "inflow_peak": 0.73}