{"nodes": 2150, "object_boundaries": ["on_boundary && x[0]>0.41148 && x[0]< 0.54277 && x[1]>0.10933 && x[1]< 0.33291"], "height": 0.41, "width": 1.6, "inflow_peak": 1.91}