{"nodes": 2092, "object_boundaries": ["on_boundary && x[0]>0.23462 && x[0]< 0.3955 && x[1]>0.05721 && x[1]< 0.28264"], "height": 0.41, "width": 1.6, "inflow_peak": 0.55}