{"nodes": 2062, "cells": 3917, "object_boundaries": ["on_boundary && x[0]>0.25207 && x[0]< 0.45442 && x[1]>0.15911 && x[1]< 0.31309"], "height": 0.41, "width": 1.6, "inflow_peak": 0.88}