{"nodes": 2137, "object_boundaries": ["on_boundary && x[0]>0.14048 && x[0]< 0.35739 && x[1]>0.07336 && x[1]< 0.24519"], "height": 0.41, "width": 1.6, "inflow_peak": 2.23}