{"nodes": 2252, "object_boundaries": ["on_boundary && x[0]>0.23843 && x[0]< 0.50772 && x[1]>0.06395 && x[1]< 0.24574"], "height": 0.41, "width": 1.6, "inflow_peak": 1.1}