{"nodes": 1997, "object_boundaries": ["on_boundary && x[0]>0.39632 && x[0]< 0.6033 && x[1]>0.01928 && x[1]< 0.23023"], "height": 0.41, "width": 1.6, "inflow_peak": 1.45}