{"nodes": 1950, "cells": 3696, "object_boundaries": ["on_boundary && x[0]>0.16861 && x[0]< 0.22616 && x[1]>0.21765 && x[1]< 0.31694"], "height": 0.41, "width": 1.6, "inflow_peak": 1.673}