{"nodes": 2239, "object_boundaries": ["on_boundary && x[0]>0.25744 && x[0]< 0.53744 && x[1]>0.06636 && x[1]< 0.34636"], "height": 0.41, "width": 1.6, "inflow_peak": 1.32}