{"nodes": 2001, "cells": 3802, "object_boundaries": ["on_boundary && x[0]>0.2224 && x[0]< 0.38475 && x[1]>0.1906 && x[1]< 0.34134"], "height": 0.41, "width": 1.6, "inflow_peak": 1.33}