{"nodes": 2338, "object_boundaries": ["on_boundary && x[0]>0.26108 && x[0]< 0.46617 && x[1]>0.09898 && x[1]< 0.24067"], "height": 0.41, "width": 1.6, "inflow_peak": 0.59}