{"nodes": 2137, "cells": 4060, "object_boundaries": ["on_boundary && x[0]>0.37829 && x[0]< 0.52924 && x[1]>0.22491 && x[1]< 0.28324"], "height": 0.41, "width": 1.6, "inflow_peak": 0.6}