{"nodes": 2057, "object_boundaries": ["on_boundary && x[0]>0.18511 && x[0]< 0.39839 && x[1]>0.07489 && x[1]< 0.27071"], "height": 0.41, "width": 1.6, "inflow_peak": 0.75}