{"nodes": 2185, "object_boundaries": ["on_boundary && x[0]>0.22586 && x[0]< 0.38258 && x[1]>0.15305 && x[1]< 0.34126"], "height": 0.41, "width": 1.6, "inflow_peak": 1.38}