{"nodes": 2051, "cells": 3887, "object_boundaries": ["on_boundary && x[0]>0.109 && x[0]< 0.31252 && x[1]>0.00098 && x[1]< 0.19265"], "height": 0.41, "width": 1.6, "inflow_peak": 1.97}