{"nodes": 2184, "object_boundaries": ["on_boundary && x[0]>0.31685 && x[0]< 0.48957 && x[1]>0.11339 && x[1]< 0.28611"], "height": 0.41, "width": 1.6, "inflow_peak": 1.26}