{"nodes": 2235, "object_boundaries": ["on_boundary && x[0]>0.2726 && x[0]< 0.4331 && x[1]>0.19517 && x[1]< 0.35567"], "height": 0.41, "width": 1.6, "inflow_peak": 1.638}