{"nodes": 2014, "object_boundaries": ["on_boundary && x[0]>0.24711 && x[0]< 0.45923 && x[1]>0.14157 && x[1]< 0.35369"], "height": 0.41, "width": 1.6, "inflow_peak": 1.115}