{"nodes": 1847, "object_boundaries": ["on_boundary && x[0]>0.2444 && x[0]< 0.4984 && x[1]>0.11733 && x[1]< 0.37134"], "height": 0.41, "width": 1.6, "inflow_peak": 2.242}