{"nodes": 1988, "cells": 3774, "object_boundaries": ["on_boundary && x[0]>0.15508 && x[0]< 0.22836 && x[1]>0.16502 && x[1]< 0.2383"], "height": 0.41, "width": 1.6, "inflow_peak": 2.037}