{"nodes": 2160, "object_boundaries": ["on_boundary && x[0]>0.36583 && x[0]< 0.54114 && x[1]>0.07603 && x[1]< 0.25134"], "height": 0.41, "width": 1.6, "inflow_peak": 0.872}