{"nodes": 2126, "object_boundaries": ["on_boundary && x[0]>0.0719 && x[0]< 0.24536 && x[1]>0.0956 && x[1]< 0.26906"], "height": 0.41, "width": 1.6, "inflow_peak": 1.92}