{"nodes": 2082, "cells": 3934, "object_boundaries": ["on_boundary && x[0]>0.23893 && x[0]< 0.39938 && x[1]>0.17671 && x[1]< 0.33716"], "height": 0.41, "width": 1.6, "inflow_peak": 0.304}