{"nodes": 2047, "cells": 3889, "object_boundaries": ["on_boundary && x[0]>0.40647 && x[0]< 0.57971 && x[1]>0.17185 && x[1]< 0.34508"], "height": 0.41, "width": 1.6, "inflow_peak": 0.879}