{"nodes": 1970, "cells": 3734, "object_boundaries": ["on_boundary && x[0]>0.13073 && x[0]< 0.20082 && x[1]>0.0967 && x[1]< 0.16678"], "height": 0.41, "width": 1.6, "inflow_peak": 1.06}