{"nodes": 1694, "object_boundaries": ["on_boundary && x[0]>0.28802 && x[0]< 0.47863 && x[1]>0.06477 && x[1]< 0.25538"], "height": 0.41, "width": 1.6, "inflow_peak": 1.03}