{"nodes": 1704, "object_boundaries": ["on_boundary && x[0]>0.28233 && x[0]< 0.46227 && x[1]>0.119 && x[1]< 0.29868"], "height": 0.41, "width": 1.6, "inflow_peak": 0.47}