{"nodes": 1687, "object_boundaries": ["on_boundary && x[0]>0.28055 && x[0]< 0.42841 && x[1]>0.18445 && x[1]< 0.3323"], "height": 0.41, "width": 1.6, "inflow_peak": 0.79}