{"nodes": 1674, "object_boundaries": ["on_boundary && x[0]>0.09301 && x[0]< 0.30212 && x[1]>0.17765 && x[1]< 0.38181"], "height": 0.41, "width": 1.6, "inflow_peak": 1.24}