{"nodes": 1977, "object_boundaries": ["on_boundary && x[0]>0.04521 && x[0]< 0.29437 && x[1]>0.12326 && x[1]< 0.34404", "on_boundary && x[0]>0.67656 && x[0]< 0.85758 && x[1]>0.04397 && x[1]< 0.20642"], "height": 0.41, "width": 1.6, "inflow_peak": 0.43}