{"nodes": 2207, "object_boundaries": ["on_boundary && x[0]>0.25137 && x[0]< 0.4441 && x[1]>0.03473 && x[1]< 0.31473", "on_boundary && x[0]>0.61522 && x[0]< 0.8139 && x[1]>-0.00748 && x[1]< 0.20748"], "height": 0.41, "width": 1.6, "inflow_peak": 1.36}