{"nodes": 2152, "object_boundaries": ["on_boundary && x[0]>0.1932 && x[0]< 0.34271 && x[1]>0.06154 && x[1]< 0.30992"], "height": 0.41, "width": 1.6, "inflow_peak": 1.44}