{"nodes": 2016, "object_boundaries": ["on_boundary && x[0]>0.16266 && x[0]< 0.35319 && x[1]>0.14006 && x[1]< 0.32759", "on_boundary && x[0]>0.66233 && x[0]< 0.8625 && x[1]>0.16904 && x[1]< 0.4183"], "height": 0.41, "width": 1.6, "inflow_peak": 0.58}