{"nodes": 2054, "cells": 3897, "object_boundaries": ["on_boundary && x[0]>0.39325 && x[0]< 0.47082 && x[1]>0.17677 && x[1]< 0.2996"], "height": 0.41, "width": 1.6, "inflow_peak": 0.588}