{"nodes": 2132, "object_boundaries": ["on_boundary && x[0]>0.30088 && x[0]< 0.5246 && x[1]>0.06451 && x[1]< 0.28822", "on_boundary && x[0]>0.57333 && x[0]< 0.81644 && x[1]>0.09413 && x[1]< 0.33724"], "height": 0.41, "width": 1.6, "inflow_peak": 1.67}