{"nodes": 1955, "object_boundaries": ["on_boundary && x[0]>0.35041 && x[0]< 0.58058 && x[1]>0.07481 && x[1]< 0.30498"], "height": 0.41, "width": 1.6, "inflow_peak": 2.14}