{"nodes": 2385, "cells": 4543, "object_boundaries": ["on_boundary && x[0]>0.15858 && x[0]< 0.34487 && x[1]>0.02334 && x[1]< 0.20963", "on_boundary && x[0]>0.72295 && x[0]< 0.88653 && x[1]>0.12763 && x[1]< 0.29121"], "height": 0.41, "width": 1.6, "inflow_peak": 1.43}