{"nodes": 2088, "cells": 3958, "object_boundaries": ["on_boundary && x[0]>0.23316 && x[0]< 0.39136 && x[1]>0.25043 && x[1]< 0.33021"], "height": 0.41, "width": 1.6, "inflow_peak": 0.847}