{"nodes": 2108, "object_boundaries": ["on_boundary && x[0]>0.37142 && x[0]< 0.55322 && x[1]>0.03548 && x[1]< 0.22047"], "height": 0.41, "width": 1.6, "inflow_peak": 1.63}