{"nodes": 2048, "object_boundaries": ["on_boundary && x[0]>0.09066 && x[0]< 0.2794 && x[1]>0.08317 && x[1]< 0.27461"], "height": 0.41, "width": 1.6, "inflow_peak": 0.7}