{"nodes": 2113, "cells": 4004, "object_boundaries": ["on_boundary && x[0]>0.31029 && x[0]< 0.55305 && x[1]>0.07202 && x[1]< 0.27839"], "height": 0.41, "width": 1.6, "inflow_peak": 1.67}