{"nodes": 2082, "object_boundaries": ["on_boundary && x[0]>0.16339 && x[0]< 0.39117 && x[1]>0.10848 && x[1]< 0.33626"], "height": 0.41, "width": 1.6, "inflow_peak": 0.38}