{"nodes": 1702, "object_boundaries": ["on_boundary && x[0]>0.15553 && x[0]< 0.29945 && x[1]>0.04527 && x[1]< 0.18919"], "height": 0.41, "width": 1.6, "inflow_peak": 0.93}