{"nodes": 1910, "object_boundaries": ["on_boundary && x[0]>0.05149 && x[0]< 0.27198 && x[1]>0.11632 && x[1]< 0.33681"], "height": 0.41, "width": 1.6, "inflow_peak": 2.09}