{"nodes": 1742, "object_boundaries": ["on_boundary && x[0]>0.22703 && x[0]< 0.41474 && x[1]>0.10399 && x[1]< 0.29773"], "height": 0.41, "width": 1.6, "inflow_peak": 1.17}