{"nodes": 2031, "cells": 3839, "object_boundaries": ["on_boundary && x[0]>0.12695 && x[0]< 0.3554 && x[1]>0.15574 && x[1]< 0.3842"], "height": 0.41, "width": 1.6, "inflow_peak": 0.97}