{"nodes": 1953, "object_boundaries": ["on_boundary && x[0]>0.23648 && x[0]< 0.45913 && x[1]>0.03403 && x[1]< 0.25668"], "height": 0.41, "width": 1.6, "inflow_peak": 1.51}