{"nodes": 2202, "object_boundaries": ["on_boundary && x[0]>0.29293 && x[0]< 0.46968 && x[1]>0.10557 && x[1]< 0.28232"], "height": 0.41, "width": 1.6, "inflow_peak": 1.57}