{"nodes": 1960, "cells": 3710, "object_boundaries": ["on_boundary && x[0]>0.11921 && x[0]< 0.30691 && x[1]>0.20557 && x[1]< 0.39327"], "height": 0.41, "width": 1.6, "inflow_peak": 2.143}