{"nodes": 1738, "object_boundaries": ["on_boundary && x[0]>0.23819 && x[0]< 0.41556 && x[1]>-0.00649 && x[1]< 0.20465"], "height": 0.41, "width": 1.6, "inflow_peak": 2.06}