{"nodes": 2160, "cells": 4090, "object_boundaries": ["on_boundary && x[0]>0.33972 && x[0]< 0.5876 && x[1]>-0.01184 && x[1]< 0.23072"], "height": 0.41, "width": 1.6, "inflow_peak": 1.84}