{"nodes": 1806, "object_boundaries": ["on_boundary && x[0]>0.25468 && x[0]< 0.41917 && x[1]>0.10999 && x[1]< 0.27853"], "height": 0.41, "width": 1.6, "inflow_peak": 1.64}