{"nodes": 1695, "object_boundaries": ["on_boundary && x[0]>0.18665 && x[0]< 0.37885 && x[1]>0.16425 && x[1]< 0.35644"], "height": 0.41, "width": 1.6, "inflow_peak": 1.25}