{"nodes": 1691, "object_boundaries": ["on_boundary && x[0]>0.23329 && x[0]< 0.48895 && x[1]>0.02069 && x[1]< 0.28409"], "height": 0.41, "width": 1.6, "inflow_peak": 0.69}