{"nodes": 2132, "cells": 4046, "object_boundaries": ["on_boundary && x[0]>0.26997 && x[0]< 0.36895 && x[1]>0.22867 && x[1]< 0.32765"], "height": 0.41, "width": 1.6, "inflow_peak": 0.801}