{"nodes": 2211, "object_boundaries": ["on_boundary && x[0]>0.31721 && x[0]< 0.49805 && x[1]>0.09907 && x[1]< 0.27991"], "height": 0.41, "width": 1.6, "inflow_peak": 0.89}