{"nodes": 2122, "cells": 4022, "object_boundaries": ["on_boundary && x[0]>0.12229 && x[0]< 0.3489 && x[1]>0.02716 && x[1]< 0.25377"], "height": 0.41, "width": 1.6, "inflow_peak": 1.29}