{"nodes": 2249, "object_boundaries": ["on_boundary && x[0]>0.29087 && x[0]< 0.57087 && x[1]>0.05583 && x[1]< 0.26835"], "height": 0.41, "width": 1.6, "inflow_peak": 0.94}