{"nodes": 2058, "cells": 3902, "object_boundaries": ["on_boundary && x[0]>0.2898 && x[0]< 0.45415 && x[1]>0.02309 && x[1]< 0.25751"], "height": 0.41, "width": 1.6, "inflow_peak": 1.29}