{"nodes": 1878, "object_boundaries": ["on_boundary && x[0]>0.09317 && x[0]< 0.32629 && x[1]>0.1171 && x[1]< 0.3493"], "height": 0.41, "width": 1.6, "inflow_peak": 1.45}