{"nodes": 2444, "object_boundaries": ["on_boundary && x[0]>0.38769 && x[0]< 0.58762 && x[1]>0.11158 && x[1]< 0.23563"], "height": 0.41, "width": 1.6, "inflow_peak": 0.2}