{"nodes": 2570, "object_boundaries": ["on_boundary && x[0]>0.34591 && x[0]< 0.52444 && x[1]>0.16296 && x[1]< 0.28296"], "height": 0.41, "width": 1.6, "inflow_peak": 1.13}