{"nodes": 2214, "object_boundaries": ["on_boundary && x[0]>0.26508 && x[0]< 0.53813 && x[1]>0.04914 && x[1]< 0.32664"], "height": 0.41, "width": 1.6, "inflow_peak": 1.03}