{"nodes": 2082, "cells": 3946, "object_boundaries": ["on_boundary && x[0]>0.26826 && x[0]< 0.48391 && x[1]>-0.0003 && x[1]< 0.20831"], "height": 0.41, "width": 1.6, "inflow_peak": 1.83}