{"nodes": 1708, "object_boundaries": ["on_boundary && x[0]>0.14845 && x[0]< 0.30146 && x[1]>0.14936 && x[1]< 0.30998"], "height": 0.41, "width": 1.6, "inflow_peak": 1.42}