{"nodes": 1721, "object_boundaries": ["on_boundary && x[0]>0.22634 && x[0]< 0.42919 && x[1]>0.06727 && x[1]< 0.27012"], "height": 0.41, "width": 1.6, "inflow_peak": 1.56}