{"nodes": 2049, "object_boundaries": ["on_boundary && x[0]>0.3889 && x[0]< 0.59733 && x[1]>0.09096 && x[1]< 0.29938"], "height": 0.41, "width": 1.6, "inflow_peak": 0.92}