{"nodes": 1782, "object_boundaries": ["on_boundary && x[0]>0.10247 && x[0]< 0.25698 && x[1]>0.18801 && x[1]< 0.34252"], "height": 0.41, "width": 1.6, "inflow_peak": 0.68}