{"nodes": 2152, "cells": 4074, "object_boundaries": ["on_boundary && x[0]>0.32214 && x[0]< 0.56747 && x[1]>0.08655 && x[1]< 0.32856"], "height": 0.41, "width": 1.6, "inflow_peak": 0.38}