{"nodes": 2110, "cells": 4008, "object_boundaries": ["on_boundary && x[0]>0.24573 && x[0]< 0.33946 && x[1]>0.10778 && x[1]< 0.20719"], "height": 0.41, "width": 1.6, "inflow_peak": 2.026}