{"nodes": 1771, "object_boundaries": ["on_boundary && x[0]>0.29678 && x[0]< 0.49064 && x[1]>0.152 && x[1]< 0.34292"], "height": 0.41, "width": 1.6, "inflow_peak": 0.89}