{"nodes": 1982, "object_boundaries": ["on_boundary && x[0]>0.16647 && x[0]< 0.37501 && x[1]>0.10289 && x[1]< 0.30901"], "height": 0.41, "width": 1.6, "inflow_peak": 1.86}