{"nodes": 2029, "cells": 3853, "object_boundaries": ["on_boundary && x[0]>0.34831 && x[0]< 0.50954 && x[1]>0.16069 && x[1]< 0.348"], "height": 0.41, "width": 1.6, "inflow_peak": 0.65}