{"nodes": 2067, "cells": 3906, "object_boundaries": ["on_boundary && x[0]>0.26269 && x[0]< 0.41415 && x[1]>0.16001 && x[1]< 0.32072"], "height": 0.41, "width": 1.6, "inflow_peak": 1.67}