{"nodes": 2227, "object_boundaries": ["on_boundary && x[0]>0.33866 && x[0]< 0.55556 && x[1]>0.03127 && x[1]< 0.17272"], "height": 0.41, "width": 1.6, "inflow_peak": 1.32}