{"nodes": 2065, "object_boundaries": ["on_boundary && x[0]>0.23096 && x[0]< 0.38064 && x[1]>0.0306 && x[1]< 0.27788"], "height": 0.41, "width": 1.6, "inflow_peak": 1.35}