{"nodes": 2030, "object_boundaries": ["on_boundary && x[0]>0.13198 && x[0]< 0.27854 && x[1]>0.12001 && x[1]< 0.37015"], "height": 0.41, "width": 1.6, "inflow_peak": 2.19}