{"nodes": 2346, "object_boundaries": ["on_boundary && x[0]>0.33705 && x[0]< 0.49765 && x[1]>0.12135 && x[1]< 0.28194"], "height": 0.41, "width": 1.6, "inflow_peak": 0.36}