{"nodes": 2041, "cells": 3867, "object_boundaries": ["on_boundary && x[0]>0.21689 && x[0]< 0.33069 && x[1]>0.08601 && x[1]< 0.19981"], "height": 0.41, "width": 1.6, "inflow_peak": 2.192}