{"nodes": 2334, "object_boundaries": ["on_boundary && x[0]>0.31326 && x[0]< 0.51183 && x[1]>0.14704 && x[1]< 0.29024"], "height": 0.41, "width": 1.6, "inflow_peak": 1.71}