{"nodes": 1935, "object_boundaries": ["on_boundary && x[0]>0.2622 && x[0]< 0.42958 && x[1]>0.03023 && x[1]< 0.30269"], "height": 0.41, "width": 1.6, "inflow_peak": 1.38}