{"nodes": 1695, "object_boundaries": ["on_boundary && x[0]>0.08166 && x[0]< 0.30519 && x[1]>0.1734 && x[1]< 0.36022"], "height": 0.41, "width": 1.6, "inflow_peak": 1.16}