{"nodes": 2375, "cells": 4520, "object_boundaries": ["on_boundary && x[0]>0.24364 && x[0]< 0.35248 && x[1]>0.04817 && x[1]< 0.15701", "on_boundary && x[0]>0.78024 && x[0]< 0.85141 && x[1]>0.16359 && x[1]< 0.23476"], "height": 0.41, "width": 1.6, "inflow_peak": 0.746}