{"nodes": 2036, "object_boundaries": ["on_boundary && x[0]>0.26882 && x[0]< 0.47853 && x[1]>0.16025 && x[1]< 0.36995"], "height": 0.41, "width": 1.6, "inflow_peak": 1.84}