{"nodes": 2160, "object_boundaries": ["on_boundary && x[0]>0.21912 && x[0]< 0.49864 && x[1]>0.11011 && x[1]< 0.38963"], "height": 0.41, "width": 1.6, "inflow_peak": 0.75}