{"nodes": 2147, "object_boundaries": ["on_boundary && x[0]>0.22482 && x[0]< 0.40693 && x[1]>0.0864 && x[1]< 0.26851"], "height": 0.41, "width": 1.6, "inflow_peak": 0.7}