{"nodes": 2182, "object_boundaries": ["on_boundary && x[0]>0.28892 && x[0]< 0.52372 && x[1]>0.10764 && x[1]< 0.34244"], "height": 0.41, "width": 1.6, "inflow_peak": 1.26}