{"nodes": 2083, "object_boundaries": ["on_boundary && x[0]>0.19618 && x[0]< 0.42305 && x[1]>0.10408 && x[1]< 0.2908"], "height": 0.41, "width": 1.6, "inflow_peak": 1.48}