{"nodes": 1741, "object_boundaries": ["on_boundary && x[0]>0.3632 && x[0]< 0.59698 && x[1]>-0.01456 && x[1]< 0.21719"], "height": 0.41, "width": 1.6, "inflow_peak": 2.22}