{"nodes": 1974, "cells": 3728, "object_boundaries": ["on_boundary && x[0]>0.10396 && x[0]< 0.21315 && x[1]>0.06927 && x[1]< 0.21864"], "height": 0.41, "width": 1.6, "inflow_peak": 0.325}