{"nodes": 1742, "object_boundaries": ["on_boundary && x[0]>0.19824 && x[0]< 0.37524 && x[1]>0.19998 && x[1]< 0.36718"], "height": 0.41, "width": 1.6, "inflow_peak": 1.64}