{"nodes": 1675, "object_boundaries": ["on_boundary && x[0]>0.12026 && x[0]< 0.37358 && x[1]>0.13909 && x[1]< 0.39012"], "height": 0.41, "width": 1.6, "inflow_peak": 0.93}