{"nodes": 1878, "object_boundaries": ["on_boundary && x[0]>0.04304 && x[0]< 0.26039 && x[1]>0.17331 && x[1]< 0.39067"], "height": 0.41, "width": 1.6, "inflow_peak": 1.14}