{"nodes": 1740, "object_boundaries": ["on_boundary && x[0]>0.1853 && x[0]< 0.35654 && x[1]>0.16255 && x[1]< 0.3611"], "height": 0.41, "width": 1.6, "inflow_peak": 1.02}