{"nodes": 2157, "object_boundaries": ["on_boundary && x[0]>0.18183 && x[0]< 0.38564 && x[1]>0.09822 && x[1]< 0.27308"], "height": 0.41, "width": 1.6, "inflow_peak": 1.06}