{"nodes": 1965, "object_boundaries": ["on_boundary && x[0]>0.20647 && x[0]< 0.39162 && x[1]>-0.01154 && x[1]< 0.24127"], "height": 0.41, "width": 1.6, "inflow_peak": 0.9}