{"nodes": 2106, "object_boundaries": ["on_boundary && x[0]>0.37841 && x[0]< 0.5746 && x[1]>0.08083 && x[1]< 0.27703"], "height": 0.41, "width": 1.6, "inflow_peak": 1.39}