{"nodes": 2000, "object_boundaries": ["on_boundary && x[0]>0.38173 && x[0]< 0.62928 && x[1]>0.06203 && x[1]< 0.30958", "on_boundary && x[0]>0.61821 && x[0]< 0.85759 && x[1]>0.07347 && x[1]< 0.31285"], "height": 0.41, "width": 1.6, "inflow_peak": 2.24}