{"nodes": 1818, "object_boundaries": ["on_boundary && x[0]>0.17951 && x[0]< 0.43691 && x[1]>0.05307 && x[1]< 0.31047"], "height": 0.41, "width": 1.6, "inflow_peak": 0.15}