{"nodes": 2199, "object_boundaries": ["on_boundary && x[0]>0.28781 && x[0]< 0.45445 && x[1]>0.1932 && x[1]< 0.35984"], "height": 0.41, "width": 1.6, "inflow_peak": 1.97}