{"nodes": 2530, "object_boundaries": ["on_boundary && x[0]>0.14712 && x[0]< 0.34549 && x[1]>0.08449 && x[1]< 0.28286", "on_boundary && x[0]>0.85811 && x[0]< 1.02542 && x[1]>0.05875 && x[1]< 0.22606"], "height": 0.41, "width": 1.6, "inflow_peak": 1.05}