{"nodes": 2029, "object_boundaries": ["on_boundary && x[0]>0.0458 && x[0]< 0.27026 && x[1]>0.21589 && x[1]< 0.38216"], "height": 0.41, "width": 1.6, "inflow_peak": 1.85}