{"nodes": 2017, "cells": 3822, "object_boundaries": ["on_boundary && x[0]>0.18386 && x[0]< 0.28459 && x[1]>0.11248 && x[1]< 0.22331"], "height": 0.41, "width": 1.6, "inflow_peak": 0.584}