{"nodes": 2316, "object_boundaries": ["on_boundary && x[0]>0.21116 && x[0]< 0.37467 && x[1]>0.11367 && x[1]< 0.26373"], "height": 0.41, "width": 1.6, "inflow_peak": 1.09}