{"nodes": 2038, "cells": 3875, "object_boundaries": ["on_boundary && x[0]>0.39061 && x[0]< 0.55071 && x[1]>0.14011 && x[1]< 0.30021"], "height": 0.41, "width": 1.6, "inflow_peak": 0.47}