{"nodes": 2367, "object_boundaries": ["on_boundary && x[0]>0.32704 && x[0]< 0.53342 && x[1]>0.18553 && x[1]< 0.39192", "on_boundary && x[0]>0.60868 && x[0]< 0.81123 && x[1]>0.16313 && x[1]< 0.36568"], "height": 0.41, "width": 1.6, "inflow_peak": 1.12}