{"nodes": 2154, "object_boundaries": ["on_boundary && x[0]>0.24413 && x[0]< 0.42166 && x[1]>0.1569 && x[1]< 0.33443"], "height": 0.41, "width": 1.6, "inflow_peak": 1.4}