{"nodes": 2299, "object_boundaries": ["on_boundary && x[0]>0.09395 && x[0]< 0.27544 && x[1]>0.09662 && x[1]< 0.27811", "on_boundary && x[0]>0.7532 && x[0]< 0.99208 && x[1]>0.05876 && x[1]< 0.29764"], "height": 0.41, "width": 1.6, "inflow_peak": 1.93}