{"nodes": 1712, "object_boundaries": ["on_boundary && x[0]>0.24069 && x[0]< 0.38797 && x[1]>0.10027 && x[1]< 0.24755"], "height": 0.41, "width": 1.6, "inflow_peak": 0.16}