{"nodes": 1794, "object_boundaries": ["on_boundary && x[0]>0.22092 && x[0]< 0.38151 && x[1]>0.0711 && x[1]< 0.23169"], "height": 0.41, "width": 1.6, "inflow_peak": 0.66}