{"nodes": 2115, "object_boundaries": ["on_boundary && x[0]>0.13556 && x[0]< 0.31764 && x[1]>0.18331 && x[1]< 0.36539"], "height": 0.41, "width": 1.6, "inflow_peak": 1.9}