{"nodes": 2102, "cells": 3992, "object_boundaries": ["on_boundary && x[0]>0.25487 && x[0]< 0.43726 && x[1]>0.04215 && x[1]< 0.23108"], "height": 0.41, "width": 1.6, "inflow_peak": 0.94}