{"nodes": 2085, "cells": 3946, "object_boundaries": ["on_boundary && x[0]>0.43376 && x[0]< 0.56435 && x[1]>0.12272 && x[1]< 0.27519"], "height": 0.41, "width": 1.6, "inflow_peak": 0.762}