{"nodes": 2054, "object_boundaries": ["on_boundary && x[0]>0.365 && x[0]< 0.56783 && x[1]>0.15181 && x[1]< 0.35464"], "height": 0.41, "width": 1.6, "inflow_peak": 1.45}