{"nodes": 2057, "object_boundaries": ["on_boundary && x[0]>0.08094 && x[0]< 0.25229 && x[1]>0.05252 && x[1]< 0.22387"], "height": 0.41, "width": 1.6, "inflow_peak": 1.76}