{"nodes": 2012, "cells": 3814, "object_boundaries": ["on_boundary && x[0]>0.23038 && x[0]< 0.33035 && x[1]>0.20787 && x[1]< 0.30783"], "height": 0.41, "width": 1.6, "inflow_peak": 1.157}