{"nodes": 2003, "object_boundaries": ["on_boundary && x[0]>0.04288 && x[0]< 0.31342 && x[1]>-0.00292 && x[1]< 0.26762"], "height": 0.41, "width": 1.6, "inflow_peak": 1.207}