{"nodes": 2186, "object_boundaries": ["on_boundary && x[0]>0.28235 && x[0]< 0.45767 && x[1]>0.05329 && x[1]< 0.22861"], "height": 0.41, "width": 1.6, "inflow_peak": 0.95}