{"nodes": 2064, "object_boundaries": ["on_boundary && x[0]>0.26572 && x[0]< 0.46319 && x[1]>0.02441 && x[1]< 0.22188"], "height": 0.41, "width": 1.6, "inflow_peak": 1.47}