{"nodes": 2307, "object_boundaries": ["on_boundary && x[0]>0.20704 && x[0]< 0.35369 && x[1]>0.06169 && x[1]< 0.20834"], "height": 0.41, "width": 1.6, "inflow_peak": 0.92}