{"nodes": 1981, "cells": 3758, "object_boundaries": ["on_boundary && x[0]>0.11226 && x[0]< 0.28125 && x[1]>0.16489 && x[1]< 0.33388"], "height": 0.41, "width": 1.6, "inflow_peak": 0.782}