{"nodes": 2320, "object_boundaries": ["on_boundary && x[0]>0.17708 && x[0]< 0.32393 && x[1]>0.10632 && x[1]< 0.25318"], "height": 0.41, "width": 1.6, "inflow_peak": 1.728}