{"nodes": 1962, "object_boundaries": ["on_boundary && x[0]>0.05087 && x[0]< 0.25794 && x[1]>0.16685 && x[1]< 0.37391"], "height": 0.41, "width": 1.6, "inflow_peak": 1.43}