{"nodes": 1996, "object_boundaries": ["on_boundary && x[0]>0.11217 && x[0]< 0.32059 && x[1]>0.10419 && x[1]< 0.31261"], "height": 0.41, "width": 1.6, "inflow_peak": 0.73}