{"nodes": 2045, "cells": 3871, "object_boundaries": ["on_boundary && x[0]>0.24579 && x[0]< 0.37256 && x[1]>0.05726 && x[1]< 0.18402"], "height": 0.41, "width": 1.6, "inflow_peak": 0.644}