{"nodes": 1805, "object_boundaries": ["on_boundary && x[0]>0.16172 && x[0]< 0.39072 && x[1]>0.09433 && x[1]< 0.37226"], "height": 0.41, "width": 1.6, "inflow_peak": 1.29}