{"nodes": 2173, "object_boundaries": ["on_boundary && x[0]>0.37977 && x[0]< 0.56739 && x[1]>0.07228 && x[1]< 0.33397"], "height": 0.41, "width": 1.6, "inflow_peak": 0.51}