{"nodes": 2024, "cells": 3831, "object_boundaries": ["on_boundary && x[0]>0.16017 && x[0]< 0.22152 && x[1]>0.19317 && x[1]< 0.36203"], "height": 0.41, "width": 1.6, "inflow_peak": 0.276}