{"nodes": 2156, "object_boundaries": ["on_boundary && x[0]>0.24142 && x[0]< 0.43665 && x[1]>0.1324 && x[1]< 0.32762"], "height": 0.41, "width": 1.6, "inflow_peak": 1.87}