{"nodes": 2073, "cells": 3926, "object_boundaries": ["on_boundary && x[0]>0.33297 && x[0]< 0.55324 && x[1]>0.16405 && x[1]< 0.38433"], "height": 0.41, "width": 1.6, "inflow_peak": 0.851}