{"nodes": 2270, "object_boundaries": ["on_boundary && x[0]>0.15261 && x[0]< 0.39155 && x[1]>0.11953 && x[1]< 0.35847"], "height": 0.41, "width": 1.6, "inflow_peak": 1.421}