{"nodes": 2185, "object_boundaries": ["on_boundary && x[0]>0.26632 && x[0]< 0.44037 && x[1]>0.2022 && x[1]< 0.37626"], "height": 0.41, "width": 1.6, "inflow_peak": 1.926}