{"nodes": 2264, "object_boundaries": ["on_boundary && x[0]>0.052 && x[0]< 0.26523 && x[1]>0.06304 && x[1]< 0.27025", "on_boundary && x[0]>0.67515 && x[0]< 0.83152 && x[1]>0.11804 && x[1]< 0.36383"], "height": 0.41, "width": 1.6, "inflow_peak": 1.81}