{"nodes": 1749, "object_boundaries": ["on_boundary && x[0]>0.2691 && x[0]< 0.43036 && x[1]>0.12584 && x[1]< 0.30986"], "height": 0.41, "width": 1.6, "inflow_peak": 1.28}