{"nodes": 1944, "object_boundaries": ["on_boundary && x[0]>0.09069 && x[0]< 0.27424 && x[1]>0.04356 && x[1]< 0.2828"], "height": 0.41, "width": 1.6, "inflow_peak": 0.95}