{"nodes": 2095, "cells": 3984, "object_boundaries": ["on_boundary && x[0]>0.31688 && x[0]< 0.46778 && x[1]>0.06784 && x[1]< 0.23431"], "height": 0.41, "width": 1.6, "inflow_peak": 1.97}