{"nodes": 2198, "object_boundaries": ["on_boundary && x[0]>0.27657 && x[0]< 0.46195 && x[1]>0.13533 && x[1]< 0.32072"], "height": 0.41, "width": 1.6, "inflow_peak": 0.57}