{"nodes": 1990, "cells": 3763, "object_boundaries": ["on_boundary && x[0]>0.07437 && x[0]< 0.28474 && x[1]>0.04684 && x[1]< 0.25721"], "height": 0.41, "width": 1.6, "inflow_peak": 1.22}