{"nodes": 2383, "object_boundaries": ["on_boundary && x[0]>0.12009 && x[0]< 0.24009 && x[1]>0.0683 && x[1]< 0.1883"], "height": 0.41, "width": 1.6, "inflow_peak": 1.6}