{"nodes": 1998, "cells": 3796, "object_boundaries": ["on_boundary && x[0]>0.1945 && x[0]< 0.26088 && x[1]>0.19393 && x[1]< 0.26031"], "height": 0.41, "width": 1.6, "inflow_peak": 1.734}