{"nodes": 2052, "object_boundaries": ["on_boundary && x[0]>0.22297 && x[0]< 0.43717 && x[1]>0.13093 && x[1]< 0.34513"], "height": 0.41, "width": 1.6, "inflow_peak": 1.53}