{"nodes": 1809, "object_boundaries": ["on_boundary && x[0]>0.0857 && x[0]< 0.24458 && x[1]>0.12336 && x[1]< 0.28224"], "height": 0.41, "width": 1.6, "inflow_peak": 1.53}