{"nodes": 1988, "cells": 3780, "object_boundaries": ["on_boundary && x[0]>0.22574 && x[0]< 0.3713 && x[1]>0.12611 && x[1]< 0.27167"], "height": 0.41, "width": 1.6, "inflow_peak": 1.32}