{"nodes": 2051, "object_boundaries": ["on_boundary && x[0]>0.07641 && x[0]< 0.32336 && x[1]>0.02522 && x[1]< 0.27217", "on_boundary && x[0]>0.73846 && x[0]< 0.96925 && x[1]>-0.00084 && x[1]< 0.22994"], "height": 0.41, "width": 1.6, "inflow_peak": 2.08}