{"nodes": 1985, "object_boundaries": ["on_boundary && x[0]>0.27119 && x[0]< 0.48895 && x[1]>0.02982 && x[1]< 0.24759"], "height": 0.41, "width": 1.6, "inflow_peak": 0.87}