{"nodes": 2194, "object_boundaries": ["on_boundary && x[0]>0.34576 && x[0]< 0.52953 && x[1]>0.11176 && x[1]< 0.29552"], "height": 0.41, "width": 1.6, "inflow_peak": 1.81}