{"nodes": 2548, "cells": 4825, "object_boundaries": ["on_boundary && x[0]>0.22075 && x[0]< 0.36124 && x[1]>0.17043 && x[1]< 0.31092", "on_boundary && x[0]>0.89256 && x[0]< 1.05968 && x[1]>0.06096 && x[1]< 0.22808"], "height": 0.41, "width": 1.6, "inflow_peak": 1.692}