{"nodes": 2027, "cells": 3854, "object_boundaries": ["on_boundary && x[0]>0.41782 && x[0]< 0.57888 && x[1]>0.17185 && x[1]< 0.32549"], "height": 0.41, "width": 1.6, "inflow_peak": 0.58}