{"nodes": 2279, "object_boundaries": ["on_boundary && x[0]>0.24957 && x[0]< 0.37879 && x[1]>0.13543 && x[1]< 0.33621"], "height": 0.41, "width": 1.6, "inflow_peak": 1.19}