{"nodes": 2010, "cells": 3805, "object_boundaries": ["on_boundary && x[0]>0.08225 && x[0]< 0.23934 && x[1]>0.22838 && x[1]< 0.28841"], "height": 0.41, "width": 1.6, "inflow_peak": 1.603}