{"nodes": 1997, "cells": 3791, "object_boundaries": ["on_boundary && x[0]>0.15014 && x[0]< 0.29794 && x[1]>0.09211 && x[1]< 0.27406"], "height": 0.41, "width": 1.6, "inflow_peak": 0.26}