{"nodes": 1838, "object_boundaries": ["on_boundary && x[0]>0.09376 && x[0]< 0.3354 && x[1]>0.03391 && x[1]< 0.27554"], "height": 0.41, "width": 1.6, "inflow_peak": 1.56}