{"nodes": 1736, "object_boundaries": ["on_boundary && x[0]>0.13779 && x[0]< 0.33556 && x[1]>0.07858 && x[1]< 0.27635"], "height": 0.41, "width": 1.6, "inflow_peak": 1.89}