{"nodes": 1726, "object_boundaries": ["on_boundary && x[0]>0.22365 && x[0]< 0.40287 && x[1]>0.1049 && x[1]< 0.27942"], "height": 0.41, "width": 1.6, "inflow_peak": 0.4}