{"nodes": 2142, "cells": 4056, "object_boundaries": ["on_boundary && x[0]>0.35718 && x[0]< 0.60159 && x[1]>0.05412 && x[1]< 0.29853"], "height": 0.41, "width": 1.6, "inflow_peak": 2.25}