{"nodes": 2092, "cells": 3978, "object_boundaries": ["on_boundary && x[0]>0.29358 && x[0]< 0.37506 && x[1]>0.12707 && x[1]< 0.20855"], "height": 0.41, "width": 1.6, "inflow_peak": 1.59}