{"nodes": 1725, "object_boundaries": ["on_boundary && x[0]>0.35051 && x[0]< 0.52806 && x[1]>0.12232 && x[1]< 0.30006"], "height": 0.41, "width": 1.6, "inflow_peak": 1.64}