{"nodes": 2022, "cells": 3844, "object_boundaries": ["on_boundary && x[0]>0.34673 && x[0]< 0.40828 && x[1]>0.13664 && x[1]< 0.20752"], "height": 0.41, "width": 1.6, "inflow_peak": 1.54}