{"nodes": 1689, "object_boundaries": ["on_boundary && x[0]>0.0944 && x[0]< 0.31588 && x[1]>0.04795 && x[1]< 0.26738"], "height": 0.41, "width": 1.6, "inflow_peak": 1.68}