{"nodes": 1737, "object_boundaries": ["on_boundary && x[0]>0.12935 && x[0]< 0.32461 && x[1]>0.13263 && x[1]< 0.32362"], "height": 0.41, "width": 1.6, "inflow_peak": 1.35}