{"nodes": 2018, "object_boundaries": ["on_boundary && x[0]>0.33215 && x[0]< 0.54204 && x[1]>0.02589 && x[1]< 0.21203"], "height": 0.41, "width": 1.6, "inflow_peak": 0.55}