{"nodes": 1740, "object_boundaries": ["on_boundary && x[0]>0.38249 && x[0]< 0.58313 && x[1]>0.09069 && x[1]< 0.30882", "on_boundary && x[0]>0.56465 && x[0]< 0.76226 && x[1]>0.0955 && x[1]< 0.29292"], "height": 0.41, "width": 1.6, "inflow_peak": 0.93}