{"nodes": 1661, "object_boundaries": ["on_boundary && x[0]>0.15949 && x[0]< 0.42419 && x[1]>0.09478 && x[1]< 0.36237"], "height": 0.41, "width": 1.6, "inflow_peak": 1.48}