{"nodes": 2676, "object_boundaries": ["on_boundary && x[0]>0.1994 && x[0]< 0.33219 && x[1]>0.15359 && x[1]< 0.33979", "on_boundary && x[0]>0.60303 && x[0]< 0.83118 && x[1]>0.13599 && x[1]< 0.33182"], "height": 0.41, "width": 1.6, "inflow_peak": 1.42}