{"nodes": 2076, "cells": 3931, "object_boundaries": ["on_boundary && x[0]>0.17971 && x[0]< 0.42883 && x[1]>0.14214 && x[1]< 0.33399"], "height": 0.41, "width": 1.6, "inflow_peak": 1.83}