{"nodes": 2026, "object_boundaries": ["on_boundary && x[0]>0.26352 && x[0]< 0.47761 && x[1]>0.09408 && x[1]< 0.30211"], "height": 0.41, "width": 1.6, "inflow_peak": 2.24}