{"nodes": 2281, "object_boundaries": ["on_boundary && x[0]>0.26043 && x[0]< 0.49551 && x[1]>0.03172 && x[1]< 0.26681"], "height": 0.41, "width": 1.6, "inflow_peak": 2.35}