{"nodes": 2084, "cells": 3945, "object_boundaries": ["on_boundary && x[0]>0.36278 && x[0]< 0.50134 && x[1]>0.05294 && x[1]< 0.1915"], "height": 0.41, "width": 1.6, "inflow_peak": 0.79}