{"nodes": 2324, "object_boundaries": ["on_boundary && x[0]>0.26964 && x[0]< 0.42512 && x[1]>0.08654 && x[1]< 0.24202"], "height": 0.41, "width": 1.6, "inflow_peak": 1.06}