{"nodes": 2065, "cells": 3901, "object_boundaries": ["on_boundary && x[0]>0.12124 && x[0]< 0.36831 && x[1]>0.13016 && x[1]< 0.37723"], "height": 0.41, "width": 1.6, "inflow_peak": 2.155}