{"nodes": 1900, "object_boundaries": ["on_boundary && x[0]>0.06781 && x[0]< 0.28992 && x[1]>0.16802 && x[1]< 0.39013"], "height": 0.41, "width": 1.6, "inflow_peak": 1.658}