{"nodes": 1969, "object_boundaries": ["on_boundary && x[0]>0.08754 && x[0]< 0.29019 && x[1]>0.19868 && x[1]< 0.40132"], "height": 0.41, "width": 1.6, "inflow_peak": 1.565}