{"nodes": 2483, "cells": 4708, "object_boundaries": ["on_boundary && x[0]>0.18295 && x[0]< 0.43099 && x[1]>-0.00135 && x[1]< 0.24669", "on_boundary && x[0]>0.60084 && x[0]< 0.79816 && x[1]>0.19981 && x[1]< 0.39712"], "height": 0.41, "width": 1.6, "inflow_peak": 1.18}