{"nodes": 2262, "object_boundaries": ["on_boundary && x[0]>0.34081 && x[0]< 0.51191 && x[1]>0.07881 && x[1]< 0.24991"], "height": 0.41, "width": 1.6, "inflow_peak": 1.53}