{"nodes": 2068, "object_boundaries": ["on_boundary && x[0]>0.29851 && x[0]< 0.50014 && x[1]>0.13283 && x[1]< 0.33445"], "height": 0.41, "width": 1.6, "inflow_peak": 1.34}