{"nodes": 1791, "object_boundaries": ["on_boundary && x[0]>0.06952 && x[0]< 0.32559 && x[1]>0.01924 && x[1]< 0.27531"], "height": 0.41, "width": 1.6, "inflow_peak": 0.47}