{"nodes": 1696, "object_boundaries": ["on_boundary && x[0]>0.2434 && x[0]< 0.43435 && x[1]>0.12311 && x[1]< 0.31406"], "height": 0.41, "width": 1.6, "inflow_peak": 1.59}