{"nodes": 1795, "object_boundaries": ["on_boundary && x[0]>0.20499 && x[0]< 0.37316 && x[1]>0.05967 && x[1]< 0.22784"], "height": 0.41, "width": 1.6, "inflow_peak": 1.53}