{"nodes": 2095, "cells": 3966, "object_boundaries": ["on_boundary && x[0]>0.26543 && x[0]< 0.49767 && x[1]>0.12698 && x[1]< 0.35923"], "height": 0.41, "width": 1.6, "inflow_peak": 1.21}