{"nodes": 1908, "object_boundaries": ["on_boundary && x[0]>0.07798 && x[0]< 0.30388 && x[1]>0.05872 && x[1]< 0.28462"], "height": 0.41, "width": 1.6, "inflow_peak": 0.47}