{"nodes": 1975, "object_boundaries": ["on_boundary && x[0]>0.08835 && x[0]< 0.28886 && x[1]>0.0254 && x[1]< 0.22591"], "height": 0.41, "width": 1.6, "inflow_peak": 1.323}