{"nodes": 1953, "object_boundaries": ["on_boundary && x[0]>0.41847 && x[0]< 0.64153 && x[1]>0.13213 && x[1]< 0.35519"], "height": 0.41, "width": 1.6, "inflow_peak": 0.846}