{"nodes": 2055, "object_boundaries": ["on_boundary && x[0]>0.4273 && x[0]< 0.6327 && x[1]>0.14402 && x[1]< 0.34943"], "height": 0.41, "width": 1.6, "inflow_peak": 1.07}