{"nodes": 2291, "object_boundaries": ["on_boundary && x[0]>0.22288 && x[0]< 0.36574 && x[1]>0.22315 && x[1]< 0.36601"], "height": 0.41, "width": 1.6, "inflow_peak": 1.55}