{"nodes": 2073, "cells": 3922, "object_boundaries": ["on_boundary && x[0]>0.29317 && x[0]< 0.43593 && x[1]>0.05069 && x[1]< 0.19345"], "height": 0.41, "width": 1.6, "inflow_peak": 1.08}