{"nodes": 2387, "object_boundaries": ["on_boundary && x[0]>0.24417 && x[0]< 0.39136 && x[1]>0.09997 && x[1]< 0.24717"], "height": 0.41, "width": 1.6, "inflow_peak": 0.78}