{"nodes": 2146, "object_boundaries": ["on_boundary && x[0]>0.24324 && x[0]< 0.45779 && x[1]>0.04747 && x[1]< 0.26201"], "height": 0.41, "width": 1.6, "inflow_peak": 1.33}