{"nodes": 1682, "object_boundaries": ["on_boundary && x[0]>0.14452 && x[0]< 0.33929 && x[1]>0.07485 && x[1]< 0.28226"], "height": 0.41, "width": 1.6, "inflow_peak": 1.47}