{"nodes": 1721, "object_boundaries": ["on_boundary && x[0]>0.25257 && x[0]< 0.4504 && x[1]>0.06454 && x[1]< 0.26197"], "height": 0.41, "width": 1.6, "inflow_peak": 0.44}