{"nodes": 1783, "object_boundaries": ["on_boundary && x[0]>0.37893 && x[0]< 0.64847 && x[1]>0.10358 && x[1]< 0.37311"], "height": 0.41, "width": 1.6, "inflow_peak": 0.46}