{"nodes": 2023, "object_boundaries": ["on_boundary && x[0]>0.13025 && x[0]< 0.33492 && x[1]>0.12629 && x[1]< 0.33097"], "height": 0.41, "width": 1.6, "inflow_peak": 1.06}