{"nodes": 2076, "cells": 3926, "object_boundaries": ["on_boundary && x[0]>0.21546 && x[0]< 0.38479 && x[1]>0.18467 && x[1]< 0.3101"], "height": 0.41, "width": 1.6, "inflow_peak": 1.505}