{"nodes": 2046, "object_boundaries": ["on_boundary && x[0]>0.3127 && x[0]< 0.54025 && x[1]>0.18953 && x[1]< 0.33643"], "height": 0.41, "width": 1.6, "inflow_peak": 1.33}