{"nodes": 1749, "object_boundaries": ["on_boundary && x[0]>0.24024 && x[0]< 0.4348 && x[1]>0.1682 && x[1]< 0.36524"], "height": 0.41, "width": 1.6, "inflow_peak": 1.96}