{"nodes": 1794, "object_boundaries": ["on_boundary && x[0]>0.42206 && x[0]< 0.63794 && x[1]>0.06185 && x[1]< 0.28569", "on_boundary && x[0]>0.83339 && x[0]< 1.04197 && x[1]>0.19982 && x[1]< 0.40018"], "height": 0.41, "width": 1.6, "inflow_peak": 1.26}