{"nodes": 2533, "cells": 4828, "object_boundaries": ["on_boundary && x[0]>0.16336 && x[0]< 0.33121 && x[1]>0.08372 && x[1]< 0.2373", "on_boundary && x[0]>0.73799 && x[0]< 0.9229 && x[1]>0.03321 && x[1]< 0.22896"], "height": 0.41, "width": 1.6, "inflow_peak": 1.03}