{"nodes": 2089, "object_boundaries": ["on_boundary && x[0]>0.36657 && x[0]< 0.55145 && x[1]>0.05663 && x[1]< 0.25549"], "height": 0.41, "width": 1.6, "inflow_peak": 2.18}