{"nodes": 2206, "object_boundaries": ["on_boundary && x[0]>0.17139 && x[0]< 0.40585 && x[1]>0.1836 && x[1]< 0.4164"], "height": 0.41, "width": 1.6, "inflow_peak": 1.25}