{"nodes": 2043, "cells": 3884, "object_boundaries": ["on_boundary && x[0]>0.29436 && x[0]< 0.37749 && x[1]>0.23644 && x[1]< 0.29957"], "height": 0.41, "width": 1.6, "inflow_peak": 1.356}