{"nodes": 2117, "object_boundaries": ["on_boundary && x[0]>0.34312 && x[0]< 0.56047 && x[1]>0.09369 && x[1]< 0.31442"], "height": 0.41, "width": 1.6, "inflow_peak": 2.1}