{"nodes": 1969, "object_boundaries": ["on_boundary && x[0]>0.15564 && x[0]< 0.37819 && x[1]>0.07288 && x[1]< 0.29543"], "height": 0.41, "width": 1.6, "inflow_peak": 0.5}