{"nodes": 2177, "object_boundaries": ["on_boundary && x[0]>0.20765 && x[0]< 0.46649 && x[1]>0.06948 && x[1]< 0.32831"], "height": 0.41, "width": 1.6, "inflow_peak": 2.09}