{"nodes": 1760, "object_boundaries": ["on_boundary && x[0]>0.26214 && x[0]< 0.4644 && x[1]>0.06246 && x[1]< 0.26473"], "height": 0.41, "width": 1.6, "inflow_peak": 0.31}