{"nodes": 2145, "cells": 4063, "object_boundaries": ["on_boundary && x[0]>0.35997 && x[0]< 0.50679 && x[1]>0.05715 && x[1]< 0.20816"], "height": 0.41, "width": 1.6, "inflow_peak": 0.985}