{"nodes": 2104, "cells": 3982, "object_boundaries": ["on_boundary && x[0]>0.11385 && x[0]< 0.3299 && x[1]>0.04023 && x[1]< 0.25629"], "height": 0.41, "width": 1.6, "inflow_peak": 2.14}