{"nodes": 2030, "object_boundaries": ["on_boundary && x[0]>0.12423 && x[0]< 0.36202 && x[1]>0.13463 && x[1]< 0.38362"], "height": 0.41, "width": 1.6, "inflow_peak": 0.67}