{"nodes": 2281, "cells": 4322, "object_boundaries": ["on_boundary && x[0]>0.09122 && x[0]< 0.24321 && x[1]>0.06433 && x[1]< 0.21632", "on_boundary && x[0]>0.62472 && x[0]< 0.68347 && x[1]>0.25204 && x[1]< 0.31079"], "height": 0.41, "width": 1.6, "inflow_peak": 1.805}