{"nodes": 1729, "object_boundaries": ["on_boundary && x[0]>0.17995 && x[0]< 0.37753 && x[1]>0.13496 && x[1]< 0.32262"], "height": 0.41, "width": 1.6, "inflow_peak": 1.18}