{"nodes": 1708, "object_boundaries": ["on_boundary && x[0]>0.10152 && x[0]< 0.28681 && x[1]>0.12839 && x[1]< 0.31367"], "height": 0.41, "width": 1.6, "inflow_peak": 0.84}