{"nodes": 2199, "cells": 4172, "object_boundaries": ["on_boundary && x[0]>0.3632 && x[0]< 0.50458 && x[1]>0.1153 && x[1]< 0.25668"], "height": 0.41, "width": 1.6, "inflow_peak": 1.872}