{"nodes": 1678, "object_boundaries": ["on_boundary && x[0]>0.10146 && x[0]< 0.32866 && x[1]>0.05677 && x[1]< 0.27639"], "height": 0.41, "width": 1.6, "inflow_peak": 1.6}