{"nodes": 2124, "object_boundaries": ["on_boundary && x[0]>0.19683 && x[0]< 0.41483 && x[1]>0.11804 && x[1]< 0.26458"], "height": 0.41, "width": 1.6, "inflow_peak": 1.61}