{"nodes": 1726, "object_boundaries": ["on_boundary && x[0]>0.24903 && x[0]< 0.4499 && x[1]>0.07605 && x[1]< 0.29378"], "height": 0.41, "width": 1.6, "inflow_peak": 0.89}