{"nodes": 1687, "object_boundaries": ["on_boundary && x[0]>0.18339 && x[0]< 0.40576 && x[1]>0.17701 && x[1]< 0.43032"], "height": 0.41, "width": 1.6, "inflow_peak": 1.98}