{"nodes": 2000, "cells": 3782, "object_boundaries": ["on_boundary && x[0]>0.04808 && x[0]< 0.28274 && x[1]>0.12409 && x[1]< 0.31597"], "height": 0.41, "width": 1.6, "inflow_peak": 0.84}