{"nodes": 2223, "object_boundaries": ["on_boundary && x[0]>0.30555 && x[0]< 0.54843 && x[1]>0.11886 && x[1]< 0.27446"], "height": 0.41, "width": 1.6, "inflow_peak": 0.43}