{"nodes": 2067, "object_boundaries": ["on_boundary && x[0]>0.26753 && x[0]< 0.46199 && x[1]>0.105 && x[1]< 0.30537"], "height": 0.41, "width": 1.6, "inflow_peak": 2.3}