{"nodes": 1860, "object_boundaries": ["on_boundary && x[0]>0.17566 && x[0]< 0.36597 && x[1]>0.07881 && x[1]< 0.35881"], "height": 0.41, "width": 1.6, "inflow_peak": 0.98}