{"nodes": 2066, "cells": 3912, "object_boundaries": ["on_boundary && x[0]>0.14402 && x[0]< 0.40037 && x[1]>0.20568 && x[1]< 0.38088"], "height": 0.41, "width": 1.6, "inflow_peak": 0.84}