{"nodes": 2001, "cells": 3801, "object_boundaries": ["on_boundary && x[0]>0.34971 && x[0]< 0.41365 && x[1]>0.07384 && x[1]< 0.15238"], "height": 0.41, "width": 1.6, "inflow_peak": 1.388}