{"nodes": 2084, "object_boundaries": ["on_boundary && x[0]>0.27741 && x[0]< 0.46321 && x[1]>0.13973 && x[1]< 0.32552"], "height": 0.41, "width": 1.6, "inflow_peak": 0.57}