{"nodes": 2176, "object_boundaries": ["on_boundary && x[0]>0.40737 && x[0]< 0.58376 && x[1]>0.16474 && x[1]< 0.34112"], "height": 0.41, "width": 1.6, "inflow_peak": 1.962}