{"nodes": 2077, "object_boundaries": ["on_boundary && x[0]>0.23535 && x[0]< 0.42959 && x[1]>0.04466 && x[1]< 0.2389"], "height": 0.41, "width": 1.6, "inflow_peak": 1.344}