{"nodes": 2222, "object_boundaries": ["on_boundary && x[0]>0.23803 && x[0]< 0.47959 && x[1]>0.02281 && x[1]< 0.26437"], "height": 0.41, "width": 1.6, "inflow_peak": 0.904}