{"nodes": 1993, "cells": 3783, "object_boundaries": ["on_boundary && x[0]>0.25644 && x[0]< 0.33493 && x[1]>0.201 && x[1]< 0.27948"], "height": 0.41, "width": 1.6, "inflow_peak": 0.997}