{"nodes": 1966, "cells": 3718, "object_boundaries": ["on_boundary && x[0]>0.0607 && x[0]< 0.26692 && x[1]>0.04736 && x[1]< 0.24348"], "height": 0.41, "width": 1.6, "inflow_peak": 1.83}