{"nodes": 2046, "object_boundaries": ["on_boundary && x[0]>0.24372 && x[0]< 0.4809 && x[1]>0.12583 && x[1]< 0.31795"], "height": 0.41, "width": 1.6, "inflow_peak": 1.78}