{"nodes": 1944, "object_boundaries": ["on_boundary && x[0]>0.10186 && x[0]< 0.33824 && x[1]>0.0132 && x[1]< 0.21591"], "height": 0.41, "width": 1.6, "inflow_peak": 2.12}