{"nodes": 2062, "object_boundaries": ["on_boundary && x[0]>0.35105 && x[0]< 0.50926 && x[1]>0.0777 && x[1]< 0.27527"], "height": 0.41, "width": 1.6, "inflow_peak": 1.96}