{"nodes": 2170, "object_boundaries": ["on_boundary && x[0]>0.23905 && x[0]< 0.49721 && x[1]>0.06684 && x[1]< 0.22112"], "height": 0.41, "width": 1.6, "inflow_peak": 0.45}