{"nodes": 2114, "cells": 4017, "object_boundaries": ["on_boundary && x[0]>0.35315 && x[0]< 0.45468 && x[1]>0.15306 && x[1]< 0.24752"], "height": 0.41, "width": 1.6, "inflow_peak": 1.544}