{"nodes": 2956, "object_boundaries": ["on_boundary && x[0]>0.32762 && x[0]< 0.57462 && x[1]>0.05617 && x[1]< 0.23507", "on_boundary && x[0]>0.8082 && x[0]< 1.03001 && x[1]>0.09888 && x[1]< 0.31318"], "height": 0.41, "width": 1.6, "inflow_peak": 0.15}