{"nodes": 1998, "object_boundaries": ["on_boundary && x[0]>0.21451 && x[0]< 0.41882 && x[1]>0.01906 && x[1]< 0.22221", "on_boundary && x[0]>0.87147 && x[0]< 1.12046 && x[1]>0.06226 && x[1]< 0.27684"], "height": 0.41, "width": 1.6, "inflow_peak": 1.23}