{"nodes": 1842, "object_boundaries": ["on_boundary && x[0]>0.01945 && x[0]< 0.24055 && x[1]>0.06446 && x[1]< 0.3161"], "height": 0.41, "width": 1.6, "inflow_peak": 0.84}