{"nodes": 2156, "object_boundaries": ["on_boundary && x[0]>0.16042 && x[0]< 0.34815 && x[1]>0.2013 && x[1]< 0.38618", "on_boundary && x[0]>0.77958 && x[0]< 0.94869 && x[1]>0.16036 && x[1]< 0.34598"], "height": 0.41, "width": 1.6, "inflow_peak": 2.11}