{"nodes": 1699, "object_boundaries": ["on_boundary && x[0]>0.05487 && x[0]< 0.26219 && x[1]>0.12981 && x[1]< 0.33572", "on_boundary && x[0]>0.65393 && x[0]< 0.89703 && x[1]>0.11987 && x[1]< 0.38674"], "height": 0.41, "width": 1.6, "inflow_peak": 1.52}