{"nodes": 2078, "cells": 3945, "object_boundaries": ["on_boundary && x[0]>0.285 && x[0]< 0.48568 && x[1]>0.18373 && x[1]< 0.36634"], "height": 0.41, "width": 1.6, "inflow_peak": 0.62}