{"nodes": 1993, "cells": 3775, "object_boundaries": ["on_boundary && x[0]>0.1182 && x[0]< 0.22145 && x[1]>0.16331 && x[1]< 0.26395"], "height": 0.41, "width": 1.6, "inflow_peak": 0.751}