{"nodes": 2190, "object_boundaries": ["on_boundary && x[0]>0.26603 && x[0]< 0.48166 && x[1]>0.10484 && x[1]< 0.32046", "on_boundary && x[0]>0.66121 && x[0]< 0.90644 && x[1]>0.17515 && x[1]< 0.42038"], "height": 0.41, "width": 1.6, "inflow_peak": 2.23}