{"nodes": 2099, "cells": 3989, "object_boundaries": ["on_boundary && x[0]>0.30366 && x[0]< 0.39622 && x[1]>0.10759 && x[1]< 0.19529"], "height": 0.41, "width": 1.6, "inflow_peak": 0.689}