{"nodes": 2100, "cells": 3982, "object_boundaries": ["on_boundary && x[0]>0.22635 && x[0]< 0.44144 && x[1]>0.03455 && x[1]< 0.23507"], "height": 0.41, "width": 1.6, "inflow_peak": 1.42}