{"nodes": 1681, "object_boundaries": ["on_boundary && x[0]>0.26893 && x[0]< 0.50084 && x[1]>0.02726 && x[1]< 0.27731"], "height": 0.41, "width": 1.6, "inflow_peak": 1.41}