{"nodes": 1700, "object_boundaries": ["on_boundary && x[0]>0.13774 && x[0]< 0.28541 && x[1]>0.18853 && x[1]< 0.33621"], "height": 0.41, "width": 1.6, "inflow_peak": 2.21}