{"nodes": 1748, "object_boundaries": ["on_boundary && x[0]>0.25343 && x[0]< 0.44342 && x[1]>0.03226 && x[1]< 0.22048"], "height": 0.41, "width": 1.6, "inflow_peak": 1.91}