{"nodes": 1711, "object_boundaries": ["on_boundary && x[0]>0.05881 && x[0]< 0.27023 && x[1]>0.01359 && x[1]< 0.22764"], "height": 0.41, "width": 1.6, "inflow_peak": 0.44}