{"nodes": 2011, "cells": 3804, "object_boundaries": ["on_boundary && x[0]>0.42238 && x[0]< 0.54558 && x[1]>0.04321 && x[1]< 0.16642"], "height": 0.41, "width": 1.6, "inflow_peak": 1.445}