{"nodes": 1935, "object_boundaries": ["on_boundary && x[0]>0.33426 && x[0]< 0.49043 && x[1]>0.15012 && x[1]< 0.30628"], "height": 0.41, "width": 1.6, "inflow_peak": 1.39}