{"nodes": 1813, "object_boundaries": ["on_boundary && x[0]>0.38453 && x[0]< 0.5581 && x[1]>0.14647 && x[1]< 0.34601"], "height": 0.41, "width": 1.6, "inflow_peak": 1.84}