{"nodes": 2158, "cells": 4091, "object_boundaries": ["on_boundary && x[0]>0.23089 && x[0]< 0.43912 && x[1]>0.02343 && x[1]< 0.26967"], "height": 0.41, "width": 1.6, "inflow_peak": 1.37}