{"nodes": 1747, "object_boundaries": ["on_boundary && x[0]>0.34254 && x[0]< 0.50742 && x[1]>0.16715 && x[1]< 0.34811"], "height": 0.41, "width": 1.6, "inflow_peak": 1.11}