{"nodes": 1681, "object_boundaries": ["on_boundary && x[0]>0.25272 && x[0]< 0.51482 && x[1]>-0.01352 && x[1]< 0.27625"], "height": 0.41, "width": 1.6, "inflow_peak": 1.09}