{"nodes": 2817, "object_boundaries": ["on_boundary && x[0]>0.29681 && x[0]< 0.48447 && x[1]>0.08602 && x[1]< 0.29064", "on_boundary && x[0]>0.78051 && x[0]< 0.96595 && x[1]>0.16384 && x[1]< 0.43616"], "height": 0.41, "width": 1.6, "inflow_peak": 2.12}