{"nodes": 2178, "object_boundaries": ["on_boundary && x[0]>0.24821 && x[0]< 0.42879 && x[1]>0.20534 && x[1]< 0.38592"], "height": 0.41, "width": 1.6, "inflow_peak": 0.39}