{"nodes": 2363, "object_boundaries": ["on_boundary && x[0]>0.19379 && x[0]< 0.33938 && x[1]>0.14451 && x[1]< 0.2901"], "height": 0.41, "width": 1.6, "inflow_peak": 2.05}