{"nodes": 1941, "cells": 3686, "object_boundaries": ["on_boundary && x[0]>0.19031 && x[0]< 0.24661 && x[1]>0.19694 && x[1]< 0.25324"], "height": 0.41, "width": 1.6, "inflow_peak": 0.456}