{"nodes": 2056, "object_boundaries": ["on_boundary && x[0]>0.10506 && x[0]< 0.29384 && x[1]>0.16994 && x[1]< 0.35872"], "height": 0.41, "width": 1.6, "inflow_peak": 1.681}