{"nodes": 2101, "cells": 3972, "object_boundaries": ["on_boundary && x[0]>0.26312 && x[0]< 0.51414 && x[1]>0.11981 && x[1]< 0.37083"], "height": 0.41, "width": 1.6, "inflow_peak": 1.327}