{"nodes": 1994, "object_boundaries": ["on_boundary && x[0]>0.19071 && x[0]< 0.4094 && x[1]>0.16882 && x[1]< 0.38751"], "height": 0.41, "width": 1.6, "inflow_peak": 1.925}