{"nodes": 2101, "object_boundaries": ["on_boundary && x[0]>0.30772 && x[0]< 0.4947 && x[1]>0.18924 && x[1]< 0.38791"], "height": 0.41, "width": 1.6, "inflow_peak": 1.13}