{"nodes": 2007, "cells": 3807, "object_boundaries": ["on_boundary && x[0]>0.20506 && x[0]< 0.2558 && x[1]>0.13995 && x[1]< 0.26066"], "height": 0.41, "width": 1.6, "inflow_peak": 0.882}