{"nodes": 2054, "cells": 3892, "object_boundaries": ["on_boundary && x[0]>0.1859 && x[0]< 0.34319 && x[1]>0.08102 && x[1]< 0.32895"], "height": 0.41, "width": 1.6, "inflow_peak": 1.99}