{"nodes": 1702, "object_boundaries": ["on_boundary && x[0]>0.15956 && x[0]< 0.37691 && x[1]>0.14571 && x[1]< 0.3632"], "height": 0.41, "width": 1.6, "inflow_peak": 2.01}