{"nodes": 1722, "object_boundaries": ["on_boundary && x[0]>0.25548 && x[0]< 0.45325 && x[1]>0.08582 && x[1]< 0.28055"], "height": 0.41, "width": 1.6, "inflow_peak": 0.86}