{"nodes": 1746, "object_boundaries": ["on_boundary && x[0]>0.11935 && x[0]< 0.3266 && x[1]>0.07441 && x[1]< 0.28166"], "height": 0.41, "width": 1.6, "inflow_peak": 2.03}