{"nodes": 1693, "object_boundaries": ["on_boundary && x[0]>0.24013 && x[0]< 0.40646 && x[1]>0.14332 && x[1]< 0.30966"], "height": 0.41, "width": 1.6, "inflow_peak": 2.33}