{"nodes": 2176, "object_boundaries": ["on_boundary && x[0]>0.07702 && x[0]< 0.32754 && x[1]>0.10012 && x[1]< 0.35064", "on_boundary && x[0]>0.73161 && x[0]< 0.94271 && x[1]>0.18329 && x[1]< 0.39439"], "height": 0.41, "width": 1.6, "inflow_peak": 1.85}