{"nodes": 2060, "cells": 3896, "object_boundaries": ["on_boundary && x[0]>0.28916 && x[0]< 0.5233 && x[1]>0.01011 && x[1]< 0.24425"], "height": 0.41, "width": 1.6, "inflow_peak": 0.37}