{"nodes": 2095, "object_boundaries": ["on_boundary && x[0]>0.22769 && x[0]< 0.45673 && x[1]>0.05547 && x[1]< 0.28451", "on_boundary && x[0]>0.80152 && x[0]< 1.06015 && x[1]>0.02271 && x[1]< 0.28135"], "height": 0.41, "width": 1.6, "inflow_peak": 1.52}