{"nodes": 2158, "object_boundaries": ["on_boundary && x[0]>0.16042 && x[0]< 0.38504 && x[1]>0.06732 && x[1]< 0.29194", "on_boundary && x[0]>0.7484 && x[0]< 0.99588 && x[1]>0.10591 && x[1]< 0.35339"], "height": 0.41, "width": 1.6, "inflow_peak": 1.73}