{"nodes": 2126, "object_boundaries": ["on_boundary && x[0]>0.2011 && x[0]< 0.39697 && x[1]>0.10243 && x[1]< 0.2983"], "height": 0.41, "width": 1.6, "inflow_peak": 1.22}