{"nodes": 2123, "object_boundaries": ["on_boundary && x[0]>0.40539 && x[0]< 0.5918 && x[1]>0.20489 && x[1]< 0.3913"], "height": 0.41, "width": 1.6, "inflow_peak": 0.89}