{"nodes": 2813, "object_boundaries": ["on_boundary && x[0]>0.31469 && x[0]< 0.46684 && x[1]>0.07405 && x[1]< 0.2262", "on_boundary && x[0]>0.69664 && x[0]< 0.91485 && x[1]>0.05094 && x[1]< 0.26914"], "height": 0.41, "width": 1.6, "inflow_peak": 1.51}