{"nodes": 1930, "object_boundaries": ["on_boundary && x[0]>0.26694 && x[0]< 0.49952 && x[1]>0.05881 && x[1]< 0.29138"], "height": 0.41, "width": 1.6, "inflow_peak": 1.14}