{"nodes": 1952, "object_boundaries": ["on_boundary && x[0]>0.33214 && x[0]< 0.56206 && x[1]>0.07276 && x[1]< 0.30268"], "height": 0.41, "width": 1.6, "inflow_peak": 1.99}