{"nodes": 2335, "object_boundaries": ["on_boundary && x[0]>0.22629 && x[0]< 0.37239 && x[1]>0.06782 && x[1]< 0.21392"], "height": 0.41, "width": 1.6, "inflow_peak": 1.624}