{"nodes": 1983, "cells": 3771, "object_boundaries": ["on_boundary && x[0]>0.43248 && x[0]< 0.48611 && x[1]>0.10768 && x[1]< 0.16131"], "height": 0.41, "width": 1.6, "inflow_peak": 0.584}