{"nodes": 2007, "object_boundaries": ["on_boundary && x[0]>0.22209 && x[0]< 0.43344 && x[1]>0.18 && x[1]< 0.39135"], "height": 0.41, "width": 1.6, "inflow_peak": 0.898}