{"nodes": 2004, "cells": 3778, "object_boundaries": ["on_boundary && x[0]>0.06238 && x[0]< 0.31296 && x[1]>0.13992 && x[1]< 0.3905"], "height": 0.41, "width": 1.6, "inflow_peak": 1.724}