{"nodes": 2098, "object_boundaries": ["on_boundary && x[0]>0.20449 && x[0]< 0.39753 && x[1]>0.06023 && x[1]< 0.25327"], "height": 0.41, "width": 1.6, "inflow_peak": 1.839}