{"nodes": 2035, "cells": 3865, "object_boundaries": ["on_boundary && x[0]>0.29551 && x[0]< 0.46836 && x[1]>0.02576 && x[1]< 0.19861"], "height": 0.41, "width": 1.6, "inflow_peak": 1.739}