{"nodes": 2397, "object_boundaries": ["on_boundary && x[0]>0.36571 && x[0]< 0.51534 && x[1]>0.1392 && x[1]< 0.28883"], "height": 0.41, "width": 1.6, "inflow_peak": 1.95}