{"nodes": 1836, "object_boundaries": ["on_boundary && x[0]>0.13129 && x[0]< 0.37984 && x[1]>0.08612 && x[1]< 0.33466"], "height": 0.41, "width": 1.6, "inflow_peak": 1.04}