{"nodes": 1972, "object_boundaries": ["on_boundary && x[0]>0.05188 && x[0]< 0.25811 && x[1]>0.15724 && x[1]< 0.36347"], "height": 0.41, "width": 1.6, "inflow_peak": 0.298}