{"nodes": 2050, "cells": 3884, "object_boundaries": ["on_boundary && x[0]>0.29041 && x[0]< 0.49955 && x[1]>0.18704 && x[1]< 0.39617"], "height": 0.41, "width": 1.6, "inflow_peak": 1.85}