{"nodes": 2235, "object_boundaries": ["on_boundary && x[0]>0.33321 && x[0]< 0.50629 && x[1]>0.12539 && x[1]< 0.29847"], "height": 0.41, "width": 1.6, "inflow_peak": 1.24}