{"nodes": 2067, "cells": 3904, "object_boundaries": ["on_boundary && x[0]>0.19586 && x[0]< 0.35649 && x[1]>0.09942 && x[1]< 0.26005"], "height": 0.41, "width": 1.6, "inflow_peak": 1.573}