{"nodes": 2114, "object_boundaries": ["on_boundary && x[0]>0.27983 && x[0]< 0.47529 && x[1]>0.11896 && x[1]< 0.31443"], "height": 0.41, "width": 1.6, "inflow_peak": 2.12}