{"nodes": 2079, "object_boundaries": ["on_boundary && x[0]>0.26278 && x[0]< 0.45272 && x[1]>0.02433 && x[1]< 0.21427"], "height": 0.41, "width": 1.6, "inflow_peak": 0.31}