{"nodes": 1930, "cells": 3662, "object_boundaries": ["on_boundary && x[0]>0.16146 && x[0]< 0.22346 && x[1]>0.07596 && x[1]< 0.13796"], "height": 0.41, "width": 1.6, "inflow_peak": 2.224}