{"nodes": 2260, "object_boundaries": ["on_boundary && x[0]>0.33656 && x[0]< 0.58871 && x[1]>0.11736 && x[1]< 0.36952"], "height": 0.41, "width": 1.6, "inflow_peak": 1.18}