{"nodes": 2188, "cells": 4143, "object_boundaries": ["on_boundary && x[0]>0.40834 && x[0]< 0.57753 && x[1]>0.15307 && x[1]< 0.32812"], "height": 0.41, "width": 1.6, "inflow_peak": 1.292}