{"nodes": 2056, "object_boundaries": ["on_boundary && x[0]>0.36865 && x[0]< 0.54957 && x[1]>0.01565 && x[1]< 0.22392"], "height": 0.41, "width": 1.6, "inflow_peak": 1.19}