{"nodes": 2085, "cells": 3958, "object_boundaries": ["on_boundary && x[0]>0.10031 && x[0]< 0.29482 && x[1]>0.08264 && x[1]< 0.28014"], "height": 0.41, "width": 1.6, "inflow_peak": 1.91}