{"nodes": 2065, "object_boundaries": ["on_boundary && x[0]>0.26431 && x[0]< 0.4405 && x[1]>0.13226 && x[1]< 0.35001"], "height": 0.41, "width": 1.6, "inflow_peak": 0.68}