{"nodes": 1736, "object_boundaries": ["on_boundary && x[0]>0.08902 && x[0]< 0.30705 && x[1]>0.16453 && x[1]< 0.37429"], "height": 0.41, "width": 1.6, "inflow_peak": 1.4}