{"nodes": 1915, "object_boundaries": ["on_boundary && x[0]>0.32794 && x[0]< 0.56696 && x[1]>0.08869 && x[1]< 0.32771"], "height": 0.41, "width": 1.6, "inflow_peak": 1.45}