{"nodes": 2158, "object_boundaries": ["on_boundary && x[0]>0.21977 && x[0]< 0.44649 && x[1]>0.00831 && x[1]< 0.23503", "on_boundary && x[0]>0.71979 && x[0]< 0.96312 && x[1]>-0.01083 && x[1]< 0.23251"], "height": 0.41, "width": 1.6, "inflow_peak": 0.51}