{"nodes": 1931, "cells": 3664, "object_boundaries": ["on_boundary && x[0]>0.09248 && x[0]< 0.24332 && x[1]>0.21321 && x[1]< 0.36405"], "height": 0.41, "width": 1.6, "inflow_peak": 0.919}