{"nodes": 1930, "object_boundaries": ["on_boundary && x[0]>0.29595 && x[0]< 0.44611 && x[1]>0.12552 && x[1]< 0.27569"], "height": 0.41, "width": 1.6, "inflow_peak": 1.37}