{"nodes": 2152, "object_boundaries": ["on_boundary && x[0]>0.24764 && x[0]< 0.42046 && x[1]>0.01914 && x[1]< 0.19196"], "height": 0.41, "width": 1.6, "inflow_peak": 0.296}