{"nodes": 2082, "object_boundaries": ["on_boundary && x[0]>0.11976 && x[0]< 0.31136 && x[1]>0.14443 && x[1]< 0.33604"], "height": 0.41, "width": 1.6, "inflow_peak": 1.375}