{"nodes": 2361, "object_boundaries": ["on_boundary && x[0]>0.10966 && x[0]< 0.23641 && x[1]>0.18918 && x[1]< 0.31593"], "height": 0.41, "width": 1.6, "inflow_peak": 2.211}