{"nodes": 2191, "object_boundaries": ["on_boundary && x[0]>0.19306 && x[0]< 0.36052 && x[1]>0.10023 && x[1]< 0.26769"], "height": 0.41, "width": 1.6, "inflow_peak": 1.764}