{"nodes": 2211, "object_boundaries": ["on_boundary && x[0]>0.23452 && x[0]< 0.40824 && x[1]>0.08002 && x[1]< 0.25374"], "height": 0.41, "width": 1.6, "inflow_peak": 1.049}