{"nodes": 1957, "cells": 3716, "object_boundaries": ["on_boundary && x[0]>0.36439 && x[0]< 0.51723 && x[1]>0.0392 && x[1]< 0.19204"], "height": 0.41, "width": 1.6, "inflow_peak": 0.936}