{"nodes": 1840, "object_boundaries": ["on_boundary && x[0]>0.19539 && x[0]< 0.33683 && x[1]>0.1847 && x[1]< 0.32614"], "height": 0.41, "width": 1.6, "inflow_peak": 0.95}