{"nodes": 1824, "object_boundaries": ["on_boundary && x[0]>0.16137 && x[0]< 0.41839 && x[1]>0.10153 && x[1]< 0.35854"], "height": 0.41, "width": 1.6, "inflow_peak": 0.828}