{"nodes": 2011, "object_boundaries": ["on_boundary && x[0]>0.25645 && x[0]< 0.47318 && x[1]>0.15397 && x[1]< 0.3707"], "height": 0.41, "width": 1.6, "inflow_peak": 0.95}