{"nodes": 2180, "object_boundaries": ["on_boundary && x[0]>0.12817 && x[0]< 0.29713 && x[1]>0.13854 && x[1]< 0.30749"], "height": 0.41, "width": 1.6, "inflow_peak": 1.725}