{"nodes": 1962, "object_boundaries": ["on_boundary && x[0]>0.41454 && x[0]< 0.6071 && x[1]>0.18996 && x[1]< 0.38679"], "height": 0.41, "width": 1.6, "inflow_peak": 1.74}