{"nodes": 1892, "object_boundaries": ["on_boundary && x[0]>0.35463 && x[0]< 0.59884 && x[1]>0.08286 && x[1]< 0.32706"], "height": 0.41, "width": 1.6, "inflow_peak": 2.229}