{"nodes": 2267, "object_boundaries": ["on_boundary && x[0]>0.25364 && x[0]< 0.48499 && x[1]>0.0215 && x[1]< 0.25285"], "height": 0.41, "width": 1.6, "inflow_peak": 0.393}