{"nodes": 2258, "object_boundaries": ["on_boundary && x[0]>0.07955 && x[0]< 0.22983 && x[1]>0.15288 && x[1]< 0.30316"], "height": 0.41, "width": 1.6, "inflow_peak": 1.581}