{"nodes": 2197, "object_boundaries": ["on_boundary && x[0]>0.19235 && x[0]< 0.36838 && x[1]>0.09825 && x[1]< 0.27428"], "height": 0.41, "width": 1.6, "inflow_peak": 0.406}