{"nodes": 2281, "object_boundaries": ["on_boundary && x[0]>0.17722 && x[0]< 0.41963 && x[1]>0.07516 && x[1]< 0.31758"], "height": 0.41, "width": 1.6, "inflow_peak": 1.673}