{"nodes": 1940, "object_boundaries": ["on_boundary && x[0]>0.18337 && x[0]< 0.40931 && x[1]>0.06481 && x[1]< 0.29074"], "height": 0.41, "width": 1.6, "inflow_peak": 1.491}