{"nodes": 1896, "object_boundaries": ["on_boundary && x[0]>0.14514 && x[0]< 0.37777 && x[1]>0.0491 && x[1]< 0.28173"], "height": 0.41, "width": 1.6, "inflow_peak": 1.678}