{"nodes": 1982, "cells": 3755, "object_boundaries": ["on_boundary && x[0]>0.2113 && x[0]< 0.39576 && x[1]>0.01082 && x[1]< 0.19527"], "height": 0.41, "width": 1.6, "inflow_peak": 0.601}