{"nodes": 2030, "cells": 3853, "object_boundaries": ["on_boundary && x[0]>0.26197 && x[0]< 0.44395 && x[1]>0.09444 && x[1]< 0.26989"], "height": 0.41, "width": 1.6, "inflow_peak": 1.11}