{"nodes": 1864, "object_boundaries": ["on_boundary && x[0]>0.14139 && x[0]< 0.37461 && x[1]>0.10436 && x[1]< 0.34762"], "height": 0.41, "width": 1.6, "inflow_peak": 0.85}