{"nodes": 1928, "object_boundaries": ["on_boundary && x[0]>0.03001 && x[0]< 0.22999 && x[1]>0.14083 && x[1]< 0.27557"], "height": 0.41, "width": 1.6, "inflow_peak": 1.36}