{"nodes": 1847, "object_boundaries": ["on_boundary && x[0]>0.07707 && x[0]< 0.29034 && x[1]>0.15959 && x[1]< 0.41546"], "height": 0.41, "width": 1.6, "inflow_peak": 0.85}