{"nodes": 2225, "object_boundaries": ["on_boundary && x[0]>0.21548 && x[0]< 0.47325 && x[1]>0.16742 && x[1]< 0.30891"], "height": 0.41, "width": 1.6, "inflow_peak": 2.35}