{"nodes": 1984, "object_boundaries": ["on_boundary && x[0]>0.22103 && x[0]< 0.436 && x[1]>0.01814 && x[1]< 0.23311"], "height": 0.41, "width": 1.6, "inflow_peak": 1.22}