{"nodes": 2105, "cells": 3987, "object_boundaries": ["on_boundary && x[0]>0.32958 && x[0]< 0.46872 && x[1]>0.15609 && x[1]< 0.29522"], "height": 0.41, "width": 1.6, "inflow_peak": 0.844}