{"nodes": 2081, "object_boundaries": ["on_boundary && x[0]>0.30111 && x[0]< 0.50506 && x[1]>0.06347 && x[1]< 0.26742"], "height": 0.41, "width": 1.6, "inflow_peak": 0.71}