{"nodes": 2772, "object_boundaries": ["on_boundary && x[0]>0.33663 && x[0]< 0.51737 && x[1]>0.1319 && x[1]< 0.31265", "on_boundary && x[0]>0.80618 && x[0]< 0.99557 && x[1]>0.09763 && x[1]< 0.28701"], "height": 0.41, "width": 1.6, "inflow_peak": 1.16}