{"nodes": 2116, "object_boundaries": ["on_boundary && x[0]>0.25685 && x[0]< 0.44861 && x[1]>0.09176 && x[1]< 0.28352"], "height": 0.41, "width": 1.6, "inflow_peak": 1.96}