{"nodes": 1963, "object_boundaries": ["on_boundary && x[0]>0.33052 && x[0]< 0.55554 && x[1]>0.03115 && x[1]< 0.25618"], "height": 0.41, "width": 1.6, "inflow_peak": 1.221}