{"nodes": 1936, "object_boundaries": ["on_boundary && x[0]>0.12465 && x[0]< 0.34283 && x[1]>0.05345 && x[1]< 0.27163"], "height": 0.41, "width": 1.6, "inflow_peak": 1.337}