{"nodes": 2057, "cells": 3885, "object_boundaries": ["on_boundary && x[0]>0.27394 && x[0]< 0.52311 && x[1]>-0.0216 && x[1]< 0.22756"], "height": 0.41, "width": 1.6, "inflow_peak": 0.938}