{"nodes": 2385, "object_boundaries": ["on_boundary && x[0]>0.33445 && x[0]< 0.47495 && x[1]>0.20487 && x[1]< 0.34537"], "height": 0.41, "width": 1.6, "inflow_peak": 0.677}