{"nodes": 2312, "object_boundaries": ["on_boundary && x[0]>0.25628 && x[0]< 0.50444 && x[1]>0.13109 && x[1]< 0.37924"], "height": 0.41, "width": 1.6, "inflow_peak": 1.625}