{"nodes": 2436, "cells": 4628, "object_boundaries": ["on_boundary && x[0]>0.12098 && x[0]< 0.27832 && x[1]>0.13862 && x[1]< 0.29596", "on_boundary && x[0]>0.59563 && x[0]< 0.84133 && x[1]>0.14043 && x[1]< 0.38612"], "height": 0.41, "width": 1.6, "inflow_peak": 1.64}