{"nodes": 2256, "object_boundaries": ["on_boundary && x[0]>0.32457 && x[0]< 0.45614 && x[1]>0.06177 && x[1]< 0.25743"], "height": 0.41, "width": 1.6, "inflow_peak": 1.08}