{"nodes": 2371, "object_boundaries": ["on_boundary && x[0]>0.23876 && x[0]< 0.40772 && x[1]>0.08254 && x[1]< 0.22286"], "height": 0.41, "width": 1.6, "inflow_peak": 1.27}