{"nodes": 2091, "object_boundaries": ["on_boundary && x[0]>0.28238 && x[0]< 0.5233 && x[1]>0.20167 && x[1]< 0.37585"], "height": 0.41, "width": 1.6, "inflow_peak": 1.45}