{"nodes": 1985, "object_boundaries": ["on_boundary && x[0]>0.18927 && x[0]< 0.40111 && x[1]>0.2021 && x[1]< 0.3979"], "height": 0.41, "width": 1.6, "inflow_peak": 2.27}