{"nodes": 2266, "object_boundaries": ["on_boundary && x[0]>0.4113 && x[0]< 0.56606 && x[1]>0.14229 && x[1]< 0.3066"], "height": 0.41, "width": 1.6, "inflow_peak": 1.6}