{"nodes": 2021, "cells": 3832, "object_boundaries": ["on_boundary && x[0]>0.2513 && x[0]< 0.33324 && x[1]>0.18791 && x[1]< 0.30109"], "height": 0.41, "width": 1.6, "inflow_peak": 1.52}