{"nodes": 2002, "cells": 3793, "object_boundaries": ["on_boundary && x[0]>0.38841 && x[0]< 0.58025 && x[1]>0.10583 && x[1]< 0.29768"], "height": 0.41, "width": 1.6, "inflow_peak": 1.63}