{"nodes": 2122, "cells": 4017, "object_boundaries": ["on_boundary && x[0]>0.39467 && x[0]< 0.5467 && x[1]>0.17419 && x[1]< 0.32622"], "height": 0.41, "width": 1.6, "inflow_peak": 1.857}