{"nodes": 1777, "object_boundaries": ["on_boundary && x[0]>0.25329 && x[0]< 0.45523 && x[1]>0.15866 && x[1]< 0.3617"], "height": 0.41, "width": 1.6, "inflow_peak": 1.88}