{"nodes": 1683, "object_boundaries": ["on_boundary && x[0]>0.14269 && x[0]< 0.358 && x[1]>0.0938 && x[1]< 0.32531"], "height": 0.41, "width": 1.6, "inflow_peak": 1.06}