{"nodes": 2135, "cells": 4050, "object_boundaries": ["on_boundary && x[0]>0.3587 && x[0]< 0.49176 && x[1]>0.16655 && x[1]< 0.29766"], "height": 0.41, "width": 1.6, "inflow_peak": 1.653}