{"nodes": 1922, "object_boundaries": ["on_boundary && x[0]>0.10609 && x[0]< 0.28528 && x[1]>0.11951 && x[1]< 0.31689"], "height": 0.41, "width": 1.6, "inflow_peak": 1.79}