{"nodes": 1923, "object_boundaries": ["on_boundary && x[0]>0.26475 && x[0]< 0.51061 && x[1]>0.14271 && x[1]< 0.37173"], "height": 0.41, "width": 1.6, "inflow_peak": 0.75}