{"nodes": 1845, "object_boundaries": ["on_boundary && x[0]>0.09488 && x[0]< 0.31652 && x[1]>-0.02413 && x[1]< 0.23358"], "height": 0.41, "width": 1.6, "inflow_peak": 2.09}