{"nodes": 1922, "object_boundaries": ["on_boundary && x[0]>0.26233 && x[0]< 0.46719 && x[1]>0.16878 && x[1]< 0.41666"], "height": 0.41, "width": 1.6, "inflow_peak": 2.13}