{"nodes": 2112, "cells": 4011, "object_boundaries": ["on_boundary && x[0]>0.3793 && x[0]< 0.61903 && x[1]>0.2152 && x[1]< 0.35831"], "height": 0.41, "width": 1.6, "inflow_peak": 1.54}