{"nodes": 2109, "object_boundaries": ["on_boundary && x[0]>0.23825 && x[0]< 0.47828 && x[1]>0.14982 && x[1]< 0.32673"], "height": 0.41, "width": 1.6, "inflow_peak": 2.19}