{"nodes": 1963, "cells": 3706, "object_boundaries": ["on_boundary && x[0]>0.1044 && x[0]< 0.20336 && x[1]>0.07748 && x[1]< 0.23398"], "height": 0.41, "width": 1.6, "inflow_peak": 1.863}