{"nodes": 2094, "object_boundaries": ["on_boundary && x[0]>0.12683 && x[0]< 0.3026 && x[1]>0.01943 && x[1]< 0.1952"], "height": 0.41, "width": 1.6, "inflow_peak": 1.5}