{"nodes": 2495, "cells": 4719, "object_boundaries": ["on_boundary && x[0]>0.33769 && x[0]< 0.50009 && x[1]>0.20907 && x[1]< 0.37147", "on_boundary && x[0]>0.66947 && x[0]< 0.81399 && x[1]>0.07585 && x[1]< 0.22037"], "height": 0.41, "width": 1.6, "inflow_peak": 1.244}