{"nodes": 1959, "object_boundaries": ["on_boundary && x[0]>0.08185 && x[0]< 0.28579 && x[1]>0.00535 && x[1]< 0.20929"], "height": 0.41, "width": 1.6, "inflow_peak": 1.749}