{"nodes": 2109, "object_boundaries": ["on_boundary && x[0]>0.2842 && x[0]< 0.48248 && x[1]>0.11592 && x[1]< 0.31419"], "height": 0.41, "width": 1.6, "inflow_peak": 1.762}