{"nodes": 1994, "object_boundaries": ["on_boundary && x[0]>0.27902 && x[0]< 0.49502 && x[1]>0.05488 && x[1]< 0.27088"], "height": 0.41, "width": 1.6, "inflow_peak": 1.119}