{"nodes": 2060, "object_boundaries": ["on_boundary && x[0]>0.2993 && x[0]< 0.50381 && x[1]>0.04794 && x[1]< 0.25244"], "height": 0.41, "width": 1.6, "inflow_peak": 1.193}