{"nodes": 2335, "object_boundaries": ["on_boundary && x[0]>0.13074 && x[0]< 0.3187 && x[1]>0.05863 && x[1]< 0.24659", "on_boundary && x[0]>0.50916 && x[0]< 0.75084 && x[1]>0.05759 && x[1]< 0.29928"], "height": 0.41, "width": 1.6, "inflow_peak": 0.46}