{"nodes": 2119, "cells": 4008, "object_boundaries": ["on_boundary && x[0]>0.35889 && x[0]< 0.52136 && x[1]>0.1625 && x[1]< 0.32497"], "height": 0.41, "width": 1.6, "inflow_peak": 0.654}