{"nodes": 1995, "object_boundaries": ["on_boundary && x[0]>0.38735 && x[0]< 0.59942 && x[1]>0.14177 && x[1]< 0.35384"], "height": 0.41, "width": 1.6, "inflow_peak": 1.56}