{"nodes": 2808, "object_boundaries": ["on_boundary && x[0]>0.18375 && x[0]< 0.35304 && x[1]>0.12468 && x[1]< 0.29397", "on_boundary && x[0]>0.57852 && x[0]< 0.75974 && x[1]>0.13842 && x[1]< 0.31964"], "height": 0.41, "width": 1.6, "inflow_peak": 1.48}