{"nodes": 2454, "object_boundaries": ["on_boundary && x[0]>0.22808 && x[0]< 0.43497 && x[1]>0.06931 && x[1]< 0.27621", "on_boundary && x[0]>0.76749 && x[0]< 0.96551 && x[1]>0.08495 && x[1]< 0.28297"], "height": 0.41, "width": 1.6, "inflow_peak": 1.47}