{"nodes": 2800, "object_boundaries": ["on_boundary && x[0]>0.4072 && x[0]< 0.58703 && x[1]>0.01009 && x[1]< 0.18991", "on_boundary && x[0]>0.87007 && x[0]< 1.04898 && x[1]>0.14234 && x[1]< 0.32125"], "height": 0.41, "width": 1.6, "inflow_peak": 1.84}