{"nodes": 2450, "cells": 4656, "object_boundaries": ["on_boundary && x[0]>0.17903 && x[0]< 0.42706 && x[1]>-0.0004 && x[1]< 0.24763", "on_boundary && x[0]>0.59031 && x[0]< 0.74377 && x[1]>0.08704 && x[1]< 0.24049"], "height": 0.41, "width": 1.6, "inflow_peak": 1.99}