{"nodes": 2423, "cells": 4606, "object_boundaries": ["on_boundary && x[0]>0.30519 && x[0]< 0.35642 && x[1]>0.25219 && x[1]< 0.30342", "on_boundary && x[0]>0.6763 && x[0]< 0.83498 && x[1]>0.08842 && x[1]< 0.24709"], "height": 0.41, "width": 1.6, "inflow_peak": 0.386}