{"nodes": 2041, "cells": 3872, "object_boundaries": ["on_boundary && x[0]>0.20618 && x[0]< 0.32151 && x[1]>0.19622 && x[1]< 0.27499"], "height": 0.41, "width": 1.6, "inflow_peak": 1.895}