{"nodes": 1934, "object_boundaries": ["on_boundary && x[0]>0.07362 && x[0]< 0.34101 && x[1]>0.09966 && x[1]< 0.30568", "on_boundary && x[0]>0.59131 && x[0]< 0.78901 && x[1]>0.04138 && x[1]< 0.23099"], "height": 0.41, "width": 1.6, "inflow_peak": 1.28}