{"nodes": 2162, "object_boundaries": ["on_boundary && x[0]>0.26568 && x[0]< 0.43813 && x[1]>0.12151 && x[1]< 0.29441", "on_boundary && x[0]>0.87523 && x[0]< 1.08781 && x[1]>0.00102 && x[1]< 0.21151"], "height": 0.41, "width": 1.6, "inflow_peak": 0.47}