{"nodes": 1780, "object_boundaries": ["on_boundary && x[0]>0.26948 && x[0]< 0.48337 && x[1]>0.12223 && x[1]< 0.34003"], "height": 0.41, "width": 1.6, "inflow_peak": 1.47}