{"nodes": 2397, "object_boundaries": ["on_boundary && x[0]>0.266 && x[0]< 0.44681 && x[1]>0.12064 && x[1]< 0.30145", "on_boundary && x[0]>0.73103 && x[0]< 0.98017 && x[1]>0.1747 && x[1]< 0.42384"], "height": 0.41, "width": 1.6, "inflow_peak": 1.87}