{"nodes": 1934, "object_boundaries": ["on_boundary && x[0]>0.26882 && x[0]< 0.49876 && x[1]>0.16751 && x[1]< 0.39744"], "height": 0.41, "width": 1.6, "inflow_peak": 1.62}