{"nodes": 2457, "cells": 4665, "object_boundaries": ["on_boundary && x[0]>0.23808 && x[0]< 0.37021 && x[1]>0.05394 && x[1]< 0.18607", "on_boundary && x[0]>0.68541 && x[0]< 0.79094 && x[1]>0.07443 && x[1]< 0.17996"], "height": 0.41, "width": 1.6, "inflow_peak": 2.046}