{"nodes": 2224, "object_boundaries": ["on_boundary && x[0]>0.08386 && x[0]< 0.31506 && x[1]>0.04185 && x[1]< 0.27305"], "height": 0.41, "width": 1.6, "inflow_peak": 0.86}