{"nodes": 2885, "object_boundaries": ["on_boundary && x[0]>0.12464 && x[0]< 0.29581 && x[1]>0.10002 && x[1]< 0.27119", "on_boundary && x[0]>0.90083 && x[0]< 1.04084 && x[1]>0.18537 && x[1]< 0.32539"], "height": 0.41, "width": 1.6, "inflow_peak": 1.84}