{"nodes": 2073, "cells": 3930, "object_boundaries": ["on_boundary && x[0]>0.10247 && x[0]< 0.29152 && x[1]>0.13117 && x[1]< 0.34263"], "height": 0.41, "width": 1.6, "inflow_peak": 1.61}