{"nodes": 1742, "object_boundaries": ["on_boundary && x[0]>0.24844 && x[0]< 0.47052 && x[1]>0.11099 && x[1]< 0.32803"], "height": 0.41, "width": 1.6, "inflow_peak": 0.26}