{"nodes": 2127, "object_boundaries": ["on_boundary && x[0]>0.36512 && x[0]< 0.53016 && x[1]>0.19215 && x[1]< 0.36873", "on_boundary && x[0]>0.75404 && x[0]< 0.94572 && x[1]>0.10707 && x[1]< 0.3303"], "height": 0.41, "width": 1.6, "inflow_peak": 0.83}