{"nodes": 1855, "object_boundaries": ["on_boundary && x[0]>0.28905 && x[0]< 0.52957 && x[1]>0.02611 && x[1]< 0.28112"], "height": 0.41, "width": 1.6, "inflow_peak": 1.36}