{"nodes": 1954, "cells": 3708, "object_boundaries": ["on_boundary && x[0]>0.19016 && x[0]< 0.24601 && x[1]>0.07453 && x[1]< 0.15337"], "height": 0.41, "width": 1.6, "inflow_peak": 1.28}