{"nodes": 2078, "cells": 3939, "object_boundaries": ["on_boundary && x[0]>0.36899 && x[0]< 0.59749 && x[1]>0.02046 && x[1]< 0.20916"], "height": 0.41, "width": 1.6, "inflow_peak": 0.89}