{"nodes": 1860, "object_boundaries": ["on_boundary && x[0]>0.3586 && x[0]< 0.5809 && x[1]>0.00826 && x[1]< 0.26535"], "height": 0.41, "width": 1.6, "inflow_peak": 1.95}