{"nodes": 1955, "object_boundaries": ["on_boundary && x[0]>0.26234 && x[0]< 0.52547 && x[1]>0.16557 && x[1]< 0.37811"], "height": 0.41, "width": 1.6, "inflow_peak": 2.35}