{"nodes": 2131, "cells": 4033, "object_boundaries": ["on_boundary && x[0]>0.34551 && x[0]< 0.59508 && x[1]>0.04161 && x[1]< 0.28679"], "height": 0.41, "width": 1.6, "inflow_peak": 1.17}