{"nodes": 2109, "cells": 3989, "object_boundaries": ["on_boundary && x[0]>0.28608 && x[0]< 0.53544 && x[1]>0.03767 && x[1]< 0.28702"], "height": 0.41, "width": 1.6, "inflow_peak": 1.18}