{"nodes": 1949, "cells": 3700, "object_boundaries": ["on_boundary && x[0]>0.15214 && x[0]< 0.2141 && x[1]>0.19365 && x[1]< 0.2556"], "height": 0.41, "width": 1.6, "inflow_peak": 1.631}