{"nodes": 2282, "object_boundaries": ["on_boundary && x[0]>0.22717 && x[0]< 0.46911 && x[1]>0.09561 && x[1]< 0.33755"], "height": 0.41, "width": 1.6, "inflow_peak": 0.32}