{"nodes": 2000, "cells": 3801, "object_boundaries": ["on_boundary && x[0]>0.38214 && x[0]< 0.54064 && x[1]>0.18934 && x[1]< 0.34046"], "height": 0.41, "width": 1.6, "inflow_peak": 0.84}