{"nodes": 2313, "object_boundaries": ["on_boundary && x[0]>0.3908 && x[0]< 0.59201 && x[1]>0.11673 && x[1]< 0.26838"], "height": 0.41, "width": 1.6, "inflow_peak": 1.12}