{"nodes": 2008, "object_boundaries": ["on_boundary && x[0]>0.1185 && x[0]< 0.34514 && x[1]>0.08699 && x[1]< 0.27967"], "height": 0.41, "width": 1.6, "inflow_peak": 0.27}