{"nodes": 2078, "cells": 3940, "object_boundaries": ["on_boundary && x[0]>0.38496 && x[0]< 0.5416 && x[1]>0.09144 && x[1]< 0.16265"], "height": 0.41, "width": 1.6, "inflow_peak": 0.359}