{"nodes": 2100, "object_boundaries": ["on_boundary && x[0]>0.37119 && x[0]< 0.55853 && x[1]>0.0969 && x[1]< 0.28621"], "height": 0.41, "width": 1.6, "inflow_peak": 1.16}