{"nodes": 1985, "object_boundaries": ["on_boundary && x[0]>0.33555 && x[0]< 0.47729 && x[1]>0.11956 && x[1]< 0.39435"], "height": 0.41, "width": 1.6, "inflow_peak": 1.21}