{"nodes": 2125, "cells": 4032, "object_boundaries": ["on_boundary && x[0]>0.22235 && x[0]< 0.4186 && x[1]>0.09386 && x[1]< 0.30988"], "height": 0.41, "width": 1.6, "inflow_peak": 1.69}