{"nodes": 1657, "object_boundaries": ["on_boundary && x[0]>0.07494 && x[0]< 0.3079 && x[1]>0.14481 && x[1]< 0.38701"], "height": 0.41, "width": 1.6, "inflow_peak": 0.91}