{"nodes": 2156, "object_boundaries": ["on_boundary && x[0]>0.27233 && x[0]< 0.45832 && x[1]>0.05915 && x[1]< 0.24513"], "height": 0.41, "width": 1.6, "inflow_peak": 1.27}