{"nodes": 2086, "object_boundaries": ["on_boundary && x[0]>0.18164 && x[0]< 0.37633 && x[1]>0.10952 && x[1]< 0.3042"], "height": 0.41, "width": 1.6, "inflow_peak": 1.67}