{"nodes": 2352, "cells": 4483, "object_boundaries": ["on_boundary && x[0]>0.25598 && x[0]< 0.34825 && x[1]>0.25323 && x[1]< 0.3455", "on_boundary && x[0]>0.80111 && x[0]< 0.85881 && x[1]>0.10672 && x[1]< 0.16442"], "height": 0.41, "width": 1.6, "inflow_peak": 2.056}