{"nodes": 2235, "object_boundaries": ["on_boundary && x[0]>0.12979 && x[0]< 0.32911 && x[1]>0.09773 && x[1]< 0.29705", "on_boundary && x[0]>0.87656 && x[0]< 1.11706 && x[1]>0.06027 && x[1]< 0.30077"], "height": 0.41, "width": 1.6, "inflow_peak": 0.84}