{"nodes": 1854, "object_boundaries": ["on_boundary && x[0]>0.35574 && x[0]< 0.52821 && x[1]>0.06943 && x[1]< 0.24028", "on_boundary && x[0]>0.73075 && x[0]< 0.92301 && x[1]>0.01916 && x[1]< 0.20798"], "height": 0.41, "width": 1.6, "inflow_peak": 1.35}