{"nodes": 1695, "object_boundaries": ["on_boundary && x[0]>0.2103 && x[0]< 0.45618 && x[1]>0.10049 && x[1]< 0.33736"], "height": 0.41, "width": 1.6, "inflow_peak": 0.39}