{"nodes": 2040, "object_boundaries": ["on_boundary && x[0]>0.29277 && x[0]< 0.49755 && x[1]>0.18833 && x[1]< 0.3594"], "height": 0.41, "width": 1.6, "inflow_peak": 1.54}