{"nodes": 2578, "object_boundaries": ["on_boundary && x[0]>0.16481 && x[0]< 0.33571 && x[1]>0.20024 && x[1]< 0.35789", "on_boundary && x[0]>0.7146 && x[0]< 0.87183 && x[1]>0.12196 && x[1]< 0.36338"], "height": 0.41, "width": 1.6, "inflow_peak": 2.13}