{"nodes": 1740, "object_boundaries": ["on_boundary && x[0]>0.27637 && x[0]< 0.45211 && x[1]>0.09393 && x[1]< 0.26789"], "height": 0.41, "width": 1.6, "inflow_peak": 1.66}