{"nodes": 2050, "cells": 3887, "object_boundaries": ["on_boundary && x[0]>0.12295 && x[0]< 0.3084 && x[1]>0.03491 && x[1]< 0.23363"], "height": 0.41, "width": 1.6, "inflow_peak": 1.29}