{"nodes": 2052, "object_boundaries": ["on_boundary && x[0]>0.20076 && x[0]< 0.41004 && x[1]>0.11304 && x[1]< 0.31026"], "height": 0.41, "width": 1.6, "inflow_peak": 0.96}