{"nodes": 1942, "object_boundaries": ["on_boundary && x[0]>0.20223 && x[0]< 0.43985 && x[1]>0.0738 && x[1]< 0.29759"], "height": 0.41, "width": 1.6, "inflow_peak": 2.06}