{"nodes": 1953, "cells": 3699, "object_boundaries": ["on_boundary && x[0]>0.10184 && x[0]< 0.28057 && x[1]>0.17914 && x[1]< 0.36257"], "height": 0.41, "width": 1.6, "inflow_peak": 1.65}