{"nodes": 1927, "cells": 3655, "object_boundaries": ["on_boundary && x[0]>0.13238 && x[0]< 0.20833 && x[1]>0.08226 && x[1]< 0.13448"], "height": 0.41, "width": 1.6, "inflow_peak": 1.285}