{"nodes": 2022, "object_boundaries": ["on_boundary && x[0]>0.14114 && x[0]< 0.28684 && x[1]>0.14054 && x[1]< 0.3346"], "height": 0.41, "width": 1.6, "inflow_peak": 1.44}