{"nodes": 1727, "object_boundaries": ["on_boundary && x[0]>0.11513 && x[0]< 0.39513 && x[1]>0.01997 && x[1]< 0.29997"], "height": 0.41, "width": 1.6, "inflow_peak": 1.69}