{"nodes": 2065, "object_boundaries": ["on_boundary && x[0]>0.20919 && x[0]< 0.4062 && x[1]>0.13973 && x[1]< 0.33674"], "height": 0.41, "width": 1.6, "inflow_peak": 1.52}