{"nodes": 2063, "object_boundaries": ["on_boundary && x[0]>0.30902 && x[0]< 0.51137 && x[1]>0.02265 && x[1]< 0.22499"], "height": 0.41, "width": 1.6, "inflow_peak": 1.2}