{"nodes": 2071, "cells": 3920, "object_boundaries": ["on_boundary && x[0]>0.24812 && x[0]< 0.38413 && x[1]>0.15156 && x[1]< 0.28757"], "height": 0.41, "width": 1.6, "inflow_peak": 1.563}