{"nodes": 2202, "object_boundaries": ["on_boundary && x[0]>0.30769 && x[0]< 0.55741 && x[1]>-0.0161 && x[1]< 0.23362"], "height": 0.41, "width": 1.6, "inflow_peak": 2.19}