{"nodes": 2520, "object_boundaries": ["on_boundary && x[0]>0.31755 && x[0]< 0.51335 && x[1]>0.1151 && x[1]< 0.2351"], "height": 0.41, "width": 1.6, "inflow_peak": 1.42}