{"nodes": 2084, "object_boundaries": ["on_boundary && x[0]>0.15063 && x[0]< 0.35757 && x[1]>0.06788 && x[1]< 0.24523"], "height": 0.41, "width": 1.6, "inflow_peak": 1.87}