{"nodes": 2482, "object_boundaries": ["on_boundary && x[0]>0.17805 && x[0]< 0.35983 && x[1]>0.12721 && x[1]< 0.24759"], "height": 0.41, "width": 1.6, "inflow_peak": 0.73}