{"nodes": 2228, "object_boundaries": ["on_boundary && x[0]>0.28629 && x[0]< 0.46635 && x[1]>0.11601 && x[1]< 0.28642"], "height": 0.41, "width": 1.6, "inflow_peak": 2.01}