{"nodes": 2160, "object_boundaries": ["on_boundary && x[0]>0.2609 && x[0]< 0.45628 && x[1]>0.11004 && x[1]< 0.28978"], "height": 0.41, "width": 1.6, "inflow_peak": 0.71}