{"nodes": 2009, "cells": 3818, "object_boundaries": ["on_boundary && x[0]>0.39378 && x[0]< 0.53603 && x[1]>0.18801 && x[1]< 0.36176"], "height": 0.41, "width": 1.6, "inflow_peak": 0.31}