{"nodes": 2069, "object_boundaries": ["on_boundary && x[0]>0.18885 && x[0]< 0.39463 && x[1]>0.09295 && x[1]< 0.29873"], "height": 0.41, "width": 1.6, "inflow_peak": 0.89}