{"nodes": 2067, "cells": 3913, "object_boundaries": ["on_boundary && x[0]>0.17181 && x[0]< 0.32728 && x[1]>0.111 && x[1]< 0.22018"], "height": 0.41, "width": 1.6, "inflow_peak": 1.174}