{"nodes": 1985, "cells": 3766, "object_boundaries": ["on_boundary && x[0]>0.14877 && x[0]< 0.33643 && x[1]>0.16508 && x[1]< 0.31656"], "height": 0.41, "width": 1.6, "inflow_peak": 1.88}