{"nodes": 2249, "object_boundaries": ["on_boundary && x[0]>0.31293 && x[0]< 0.54409 && x[1]>0.06214 && x[1]< 0.21195"], "height": 0.41, "width": 1.6, "inflow_peak": 0.92}