{"nodes": 1716, "object_boundaries": ["on_boundary && x[0]>0.34887 && x[0]< 0.53426 && x[1]>0.12191 && x[1]< 0.3072"], "height": 0.41, "width": 1.6, "inflow_peak": 0.67}