{"nodes": 2060, "cells": 3912, "object_boundaries": ["on_boundary && x[0]>0.14482 && x[0]< 0.31819 && x[1]>0.09116 && x[1]< 0.26839"], "height": 0.41, "width": 1.6, "inflow_peak": 0.65}